# Time (a.u.)              Ex (a.u.),      x =    0.00000 nm,   y =    0.00000 nm,   z = -500.00000 nm
  0.31035647079022260        0.0000000000000000     
  0.65519699389047004        0.0000000000000000     
   1.0000375169907174        0.0000000000000000     
   1.3448780400909648        0.0000000000000000     
   1.6897185631912122        0.0000000000000000     
   2.0345590862914595        0.0000000000000000     
   2.3793996093917067        0.0000000000000000     
   2.7242401324919543        0.0000000000000000     
   3.0690806555922014        0.0000000000000000     
   3.4139211786924490        0.0000000000000000     
   3.7587617017926962        0.0000000000000000     
   4.1036022248929438        0.0000000000000000     
   4.4484427479931909        0.0000000000000000     
   4.7932832710934381        0.0000000000000000     
   5.1381237941936853        0.0000000000000000     
   5.4829643172939333        0.0000000000000000     
   5.8278048403941805        0.0000000000000000     
   6.1726453634944276        0.0000000000000000     
   6.5174858865946748        0.0000000000000000     
   6.8623264096949228        0.0000000000000000     
   7.2071669327951700        0.0000000000000000     
   7.5520074558954171        0.0000000000000000     
   7.8968479789956643        0.0000000000000000     
   8.2416885020959114        0.0000000000000000     
   8.5865290251961586        0.0000000000000000     
   8.9313695482964075        0.0000000000000000     
   9.2762100713966547        0.0000000000000000     
   9.6210505944969018        0.0000000000000000     
   9.9658911175971490        0.0000000000000000     
   10.310731640697396        0.0000000000000000     
   10.655572163797643        0.0000000000000000     
   11.000412686897890        0.0000000000000000     
   11.345253209998138        0.0000000000000000     
   11.690093733098385        0.0000000000000000     
   12.034934256198634        0.0000000000000000     
   12.379774779298881        0.0000000000000000     
   12.724615302399128        0.0000000000000000     
   13.069455825499375        0.0000000000000000     
   13.414296348599622        0.0000000000000000     
   13.759136871699869        0.0000000000000000     
   14.103977394800117        0.0000000000000000     
   14.448817917900364        0.0000000000000000     
   14.793658441000613        0.0000000000000000     
   15.138498964100860        0.0000000000000000     
   15.483339487201107        0.0000000000000000     
   15.828180010301354        0.0000000000000000     
   16.173020533401601        0.0000000000000000     
   16.517861056501850        0.0000000000000000     
   16.862701579602096        0.0000000000000000     
   17.207542102702345        0.0000000000000000     
   17.552382625802590        0.0000000000000000     
   17.897223148902839        0.0000000000000000     
   18.242063672003084        0.0000000000000000     
   18.586904195103333        0.0000000000000000     
   18.931744718203579        0.0000000000000000     
   19.276585241303827        0.0000000000000000     
   19.621425764404076        0.0000000000000000     
   19.966266287504322        0.0000000000000000     
   20.311106810604571        0.0000000000000000     
   20.655947333704816        0.0000000000000000     
   21.000787856805065        0.0000000000000000     
   21.345628379905310        0.0000000000000000     
   21.690468903005559        0.0000000000000000     
   22.035309426105805        0.0000000000000000     
   22.380149949206054        0.0000000000000000     
   22.724990472306303        0.0000000000000000     
   23.069830995406548        0.0000000000000000     
   23.414671518506797        0.0000000000000000     
   23.759512041607042        0.0000000000000000     
   24.104352564707291        0.0000000000000000     
   24.449193087807537        0.0000000000000000     
   24.794033610907785        0.0000000000000000     
   25.138874134008034        0.0000000000000000     
   25.483714657108280        0.0000000000000000     
   25.828555180208529        0.0000000000000000     
   26.173395703308774        0.0000000000000000     
   26.518236226409023        0.0000000000000000     
   26.863076749509268        0.0000000000000000     
   27.207917272609517        0.0000000000000000     
   27.552757795709763        0.0000000000000000     
   27.897598318810012        0.0000000000000000     
   28.242438841910261        0.0000000000000000     
   28.587279365010506        0.0000000000000000     
   28.932119888110755        0.0000000000000000     
   29.276960411211000        0.0000000000000000     
   29.621800934311249        0.0000000000000000     
   29.966641457411495        0.0000000000000000     
   30.311481980511743        0.0000000000000000     
   30.656322503611989        0.0000000000000000     
   31.001163026712238        0.0000000000000000     
   31.346003549812487        0.0000000000000000     
   31.690844072912732        0.0000000000000000     
   32.035684596012977        0.0000000000000000     
   32.380525119113230        0.0000000000000000     
   32.725365642213475        0.0000000000000000     
   33.070206165313721        0.0000000000000000     
   33.415046688413966        0.0000000000000000     
   33.759887211514219        0.0000000000000000     
   34.104727734614464        0.0000000000000000     
   34.449568257714709        0.0000000000000000     
   34.794408780814962        0.0000000000000000     
   35.139249303915207        0.0000000000000000     
   35.484089827015453        0.0000000000000000     
   35.828930350115698        0.0000000000000000     
   36.173770873215950        0.0000000000000000     
   36.518611396316196        0.0000000000000000     
   36.863451919416441        0.0000000000000000     
   37.208292442516694        0.0000000000000000     
   37.553132965616939        0.0000000000000000     
   37.897973488717184        0.0000000000000000     
   38.242814011817430        0.0000000000000000     
   38.587654534917682        0.0000000000000000     
   38.932495058017928        0.0000000000000000     
   39.277335581118173        0.0000000000000000     
   39.622176104218418        0.0000000000000000     
   39.967016627318671        0.0000000000000000     
   40.311857150418916        0.0000000000000000     
   40.656697673519162        0.0000000000000000     
   41.001538196619414        0.0000000000000000     
   41.346378719719660        0.0000000000000000     
   41.691219242819905        0.0000000000000000     
   42.036059765920150        0.0000000000000000     
   42.380900289020403        0.0000000000000000     
   42.725740812120648        0.0000000000000000     
   43.070581335220893        0.0000000000000000     
   43.415421858321146        0.0000000000000000     
   43.760262381421391        0.0000000000000000     
   44.105102904521637        0.0000000000000000     
   44.449943427621882        0.0000000000000000     
   44.794783950722135        0.0000000000000000     
   45.139624473822380        0.0000000000000000     
   45.484464996922625        0.0000000000000000     
   45.829305520022878        0.0000000000000000     
   46.174146043123123        0.0000000000000000     
   46.518986566223369        0.0000000000000000     
   46.863827089323614        0.0000000000000000     
   47.208667612423866        0.0000000000000000     
   47.553508135524112        0.0000000000000000     
   47.898348658624357        0.0000000000000000     
   48.243189181724603        0.0000000000000000     
   48.588029704824855        0.0000000000000000     
   48.932870227925100        0.0000000000000000     
   49.277710751025346        0.0000000000000000     
   49.622551274125598        0.0000000000000000     
   49.967391797225844        0.0000000000000000     
   50.312232320326089        0.0000000000000000     
   50.657072843426334        0.0000000000000000     
   51.001913366526587        0.0000000000000000     
   51.346753889626832        0.0000000000000000     
   51.691594412727078        0.0000000000000000     
   52.036434935827330        0.0000000000000000     
   52.381275458927576        0.0000000000000000     
   52.726115982027821        0.0000000000000000     
   53.070956505128066        0.0000000000000000     
   53.415797028228319        0.0000000000000000     
   53.760637551328564        0.0000000000000000     
   54.105478074428810        0.0000000000000000     
   54.450318597529062        0.0000000000000000     
   54.795159120629307        0.0000000000000000     
   55.139999643729553        0.0000000000000000     
   55.484840166829798        0.0000000000000000     
   55.829680689930051        0.0000000000000000     
   56.174521213030296        0.0000000000000000     
   56.519361736130541        0.0000000000000000     
   56.864202259230787        0.0000000000000000     
   57.209042782331039        0.0000000000000000     
   57.553883305431285        0.0000000000000000     
   57.898723828531530        0.0000000000000000     
   58.243564351631782        0.0000000000000000     
   58.588404874732028        0.0000000000000000     
   58.933245397832273        0.0000000000000000     
   59.278085920932519        0.0000000000000000     
   59.622926444032771        0.0000000000000000     
   59.967766967133016        0.0000000000000000     
   60.312607490233262        0.0000000000000000     
   60.657448013333514        0.0000000000000000     
   61.002288536433760        0.0000000000000000     
   61.347129059534005        0.0000000000000000     
   61.691969582634250        0.0000000000000000     
   62.036810105734503        0.0000000000000000     
   62.381650628834748        0.0000000000000000     
   62.726491151934994        0.0000000000000000     
   63.071331675035239        0.0000000000000000     
   63.416172198135492        0.0000000000000000     
   63.761012721235737        0.0000000000000000     
   64.105853244335989        0.0000000000000000     
   64.450693767436235        0.0000000000000000     
   64.795534290536480        0.0000000000000000     
   65.140374813636726        0.0000000000000000     
   65.485215336736971        0.0000000000000000     
   65.830055859837216        0.0000000000000000     
   66.174896382937462        0.0000000000000000     
   66.519736906037721        0.0000000000000000     
   66.864577429137967        0.0000000000000000     
   67.209417952238212        0.0000000000000000     
   67.554258475338457        0.0000000000000000     
   67.899098998438703        0.0000000000000000     
   68.243939521538948        0.0000000000000000     
   68.588780044639194        0.0000000000000000     
   68.933620567739453        0.0000000000000000     
   69.278461090839698        0.0000000000000000     
   69.623301613939944        0.0000000000000000     
   69.968142137040189        0.0000000000000000     
   70.312982660140435        0.0000000000000000     
   70.657823183240680        0.0000000000000000     
   71.002663706340925        0.0000000000000000     
   71.347504229441185        0.0000000000000000     
   71.692344752541430        0.0000000000000000     
   72.037185275641676        0.0000000000000000     
   72.382025798741921        0.0000000000000000     
   72.726866321842166        0.0000000000000000     
   73.071706844942412        0.0000000000000000     
   73.416547368042657        0.0000000000000000     
   73.761387891142917        0.0000000000000000     
   74.106228414243162        0.0000000000000000     
   74.451068937343408        0.0000000000000000     
   74.795909460443653        0.0000000000000000     
   75.140749983543898        0.0000000000000000     
   75.485590506644144        0.0000000000000000     
   75.830431029744389        0.0000000000000000     
   76.175271552844649        0.0000000000000000     
   76.520112075944894        0.0000000000000000     
   76.864952599045139        0.0000000000000000     
   77.209793122145385        0.0000000000000000     
   77.554633645245630        0.0000000000000000     
   77.899474168345876        0.0000000000000000     
   78.244314691446121        0.0000000000000000     
   78.589155214546381        0.0000000000000000     
   78.933995737646626        0.0000000000000000     
   79.278836260746871        0.0000000000000000     
   79.623676783847117        0.0000000000000000     
   79.968517306947362        0.0000000000000000     
   80.313357830047607        0.0000000000000000     
   80.658198353147853        0.0000000000000000     
   81.003038876248112        0.0000000000000000     
   81.347879399348358        0.0000000000000000     
   81.692719922448603        0.0000000000000000     
   82.037560445548849        0.0000000000000000     
   82.382400968649094        0.0000000000000000     
   82.727241491749339        0.0000000000000000     
   83.072082014849585        0.0000000000000000     
   83.416922537949830        0.0000000000000000     
   83.761763061050090        0.0000000000000000     
   84.106603584150335        0.0000000000000000     
   84.451444107250580        0.0000000000000000     
   84.796284630350826        0.0000000000000000     
   85.141125153451071        0.0000000000000000     
   85.485965676551317        0.0000000000000000     
   85.830806199651562        0.0000000000000000     
   86.175646722751821        0.0000000000000000     
   86.520487245852067        0.0000000000000000     
   86.865327768952312        0.0000000000000000     
   87.210168292052558        0.0000000000000000     
   87.555008815152803        0.0000000000000000     
   87.899849338253048        0.0000000000000000     
   88.244689861353294        0.0000000000000000     
   88.589530384453553        0.0000000000000000     
   88.934370907553799        0.0000000000000000     
   89.279211430654044        0.0000000000000000     
   89.624051953754289        0.0000000000000000     
   89.968892476854535        0.0000000000000000     
   90.313732999954780        0.0000000000000000     
   90.658573523055026        0.0000000000000000     
   91.003414046155285        0.0000000000000000     
   91.348254569255531        0.0000000000000000     
   91.693095092355776        0.0000000000000000     
   92.037935615456021        0.0000000000000000     
   92.382776138556267        0.0000000000000000     
   92.727616661656512        0.0000000000000000     
   93.072457184756757        0.0000000000000000     
   93.417297707857017        0.0000000000000000     
   93.762138230957262        0.0000000000000000     
   94.106978754057508        0.0000000000000000     
   94.451819277157753        0.0000000000000000     
   94.796659800257999        0.0000000000000000     
   95.141500323358244        0.0000000000000000     
   95.486340846458489        0.0000000000000000     
   95.831181369558749        0.0000000000000000     
   96.176021892658994        0.0000000000000000     
   96.520862415759240        0.0000000000000000     
   96.865702938859485        0.0000000000000000     
   97.210543461959730        0.0000000000000000     
   97.555383985059976        0.0000000000000000     
   97.900224508160221        0.0000000000000000     
   98.245065031260467        0.0000000000000000     
   98.589905554360726        0.0000000000000000     
   98.934746077460971        0.0000000000000000     
   99.279586600561217        0.0000000000000000     
   99.624427123661462        0.0000000000000000     
   99.969267646761708        0.0000000000000000     
   100.31410816986195        0.0000000000000000     
   100.65894869296220        0.0000000000000000     
   101.00378921606246        0.0000000000000000     
   101.34862973916270        0.0000000000000000     
   101.69347026226295        0.0000000000000000     
   102.03831078536319        0.0000000000000000     
   102.38315130846344        0.0000000000000000     
   102.72799183156368        0.0000000000000000     
   103.07283235466393        0.0000000000000000     
   103.41767287776419        0.0000000000000000     
   103.76251340086444        0.0000000000000000     
   104.10735392396468        0.0000000000000000     
   104.45219444706493        0.0000000000000000     
   104.79703497016517        0.0000000000000000     
   105.14187549326542        0.0000000000000000     
   105.48671601636566        0.0000000000000000     
   105.83155653946592        0.0000000000000000     
   106.17639706256617        0.0000000000000000     
   106.52123758566641        0.0000000000000000     
   106.86607810876666        0.0000000000000000     
   107.21091863186690        0.0000000000000000     
   107.55575915496715        0.0000000000000000     
   107.90059967806739        0.0000000000000000     
   108.24544020116765        0.0000000000000000     
   108.59028072426790        0.0000000000000000     
   108.93512124736814        0.0000000000000000     
   109.27996177046839        0.0000000000000000     
   109.62480229356864        0.0000000000000000     
   109.96964281666888        0.0000000000000000     
   110.31448333976913        0.0000000000000000     
   110.65932386286939        0.0000000000000000     
   111.00416438596963        0.0000000000000000     
   111.34900490906988        0.0000000000000000     
   111.69384543217012        0.0000000000000000     
   112.03868595527037        0.0000000000000000     
   112.38352647837061        0.0000000000000000     
   112.72836700147086        0.0000000000000000     
   113.07320752457110        0.0000000000000000     
   113.41804804767136        0.0000000000000000     
   113.76288857077161        0.0000000000000000     
   114.10772909387185        0.0000000000000000     
   114.45256961697210        0.0000000000000000     
   114.79741014007234        0.0000000000000000     
   115.14225066317259        0.0000000000000000     
   115.48709118627283        0.0000000000000000     
   115.83193170937309        0.0000000000000000     
   116.17677223247334        0.0000000000000000     
   116.52161275557359        0.0000000000000000     
   116.86645327867383        0.0000000000000000     
   117.21129380177408        0.0000000000000000     
   117.55613432487432        0.0000000000000000     
   117.90097484797457        0.0000000000000000     
   118.24581537107483        0.0000000000000000     
   118.59065589417507        0.0000000000000000     
   118.93549641727532        0.0000000000000000     
   119.28033694037556        0.0000000000000000     
   119.62517746347581        0.0000000000000000     
   119.97001798657605        0.0000000000000000     
   120.31485850967630        0.0000000000000000     
   120.65969903277656        0.0000000000000000     
   121.00453955587680        0.0000000000000000     
   121.34938007897705        0.0000000000000000     
   121.69422060207729        2.6679544875427313E-322
   122.03906112517754        6.8131652561507898E-321
   122.38390164827779        1.5956344098088898E-319
   122.72874217137803        3.5833197909057256E-318
   123.07358269447829        7.7109452809813567E-317
   123.41842321757854        1.5902120245238128E-315
   123.76326374067878        3.1427674974260004E-314
   124.10810426377903        5.9519161342088073E-313
   124.45294478687927        1.0800943924363111E-311
   124.79778530997952        1.8779986940810934E-310
   125.14262583307976        3.1283868604567781E-309
   125.48746635618002        4.9922209487215416E-308
   125.83230687928027        7.6306966434043391E-307
   126.17714740238051        1.1170452951791587E-305
   126.52198792548076        1.5658139171917803E-304
   126.86682844858100        2.1012708387244414E-303
   127.21166897168125        2.6988773597505233E-302
   127.55650949478149        3.3166367676151986E-301
   127.90135001788174        3.8979338153119782E-300
   128.24619054098198        4.3785799980618625E-299
   128.59103106408224        4.6971434767235546E-298
   128.93587158718248        4.8064117024271088E-297
   129.28071211028274        4.6831349974863118E-296
   129.62555263338299        4.3333886084295956E-295
   129.97039315648323        3.7919954976276137E-294
   130.31523367958349        3.1161185192317303E-293
   130.66007420268372        2.3747606871288197E-292
   131.00491472578398        1.6369245871201659E-291
   131.34975524888421        9.6126367314037060E-291
   131.69459577198447        3.8927975661523035E-290
   132.03943629508473       -5.7133916848541017E-290
   132.38427681818496       -3.7424106602087459E-288
   132.72911734128522       -5.7236853627485392E-287
   133.07395786438545       -6.7070403518398295E-286
   133.41879838748571       -6.9230414326050990E-285
   133.76363891058594       -6.6014946785092932E-284
   134.10847943368620       -5.9456552735069387E-283
   134.45331995678646       -5.1193092255903322E-282
   134.79816047988669       -4.2437666108880074E-281
   135.14300100298695       -3.4012191609500877E-280
   135.48784152608718       -2.6413456859735911E-279
   135.83268204918744       -1.9889077544203850E-278
   136.17752257228767       -1.4509539518365280E-277
   136.52236309538793       -1.0229427990691715E-276
   136.86720361848819       -6.9355622362193058E-276
   137.21204414158842       -4.4824207033726487E-275
   137.55688466468868       -2.7165404319902531E-274
   137.90172518778891       -1.4920338915006120E-273
   138.24656571088917       -6.7936162242965829E-273
   138.59140623398940       -1.6926595134866360E-272
   138.93624675708966        1.2655380817347139E-271
   139.28108728018992        2.7678511773043850E-270
   139.62592780329015        3.3294199334940444E-269
   139.97076832639041        3.3225063808327954E-268
   140.31560884949064        3.0055256979386725E-267
   140.66044937259090        2.5496809591875505E-266
   141.00528989569113        2.0618837280362357E-265
   141.35013041879139        1.6035085065560000E-264
   141.69497094189165        1.2050838489683048E-263
   142.03981146499189        8.7734182171073488E-263
   142.38465198809214        6.1919703637004059E-262
   142.72949251119238        4.2326212079386739E-261
   143.07433303429264        2.7947178160692423E-260
   143.41917355739287        1.7731490953867958E-259
   143.76401408049313        1.0708612366004855E-258
   144.10885460359339        6.0479460638252342E-258
   144.45369512669362        3.0766231606655717E-257
   144.79853564979388        1.2730636164323905E-256
   145.14337617289411        2.4818077987735162E-256
   145.48821669599437       -2.7810153139955908E-255
   145.83305721909460       -5.0041388604212893E-254
   146.17789774219486       -5.4911373950372785E-253
   146.52273826529512       -5.0799547718942392E-252
   146.86757878839535       -4.2833234728859340E-251
   147.21241931149561       -3.3952751277604048E-250
   147.55725983459584       -2.5687859010634251E-249
   147.90210035769610       -1.8702642571417613E-248
   148.24694088079633       -1.3163267631195213E-247
   148.59178140389659       -8.9758414936652345E-247
   148.93662192699685       -5.9327175176056238E-246
   149.28146245009708       -3.7968090068581471E-245
   149.62630297319734       -2.3457196414591651E-244
   149.97114349629757       -1.3911217796116772E-243
   150.31598401939783       -7.8385839933533152E-243
   150.66082454249806       -4.1156990110288738E-242
   151.00566506559832       -1.9303777651413337E-241
   151.35050558869855       -7.1662227934875525E-241
   151.69534611179881       -9.3375041340971042E-241
   152.04018663489907        1.8721951730661044E-239
   152.38502715799930        2.8060587363795752E-238
   152.72986768109956        2.8035305155423670E-237
   153.07470820419979        2.4005360143490365E-236
   153.41954872730005        1.8843829290399043E-235
   153.76438925040028        1.3943392116042122E-234
   154.10922977350054        9.8612647660697415E-234
   154.45407029660080        6.7165369740561718E-233
   154.79891081970104        4.4238943727188664E-232
   155.14375134280129        2.8233080923171361E-231
   155.48859186590153        1.7463029508429397E-230
   155.83343238900179        1.0454315997935130E-229
   156.17827291210202        6.0372631202951345E-229
   156.52311343520228        3.3423257809089752E-228
   156.86795395830254        1.7539509634814881E-227
   157.21279448140277        8.5365841359087190E-227
   157.55763500450303        3.6698292973494452E-226
   157.90247552760326        1.1991280533597872E-225
   158.24731605070352        5.7947492434268872E-226
   158.59215657380375       -3.8446064525371486E-224
   158.93699709690401       -4.8646987428941574E-223
   159.28183762000427       -4.4210398448268339E-222
   159.62667814310450       -3.4992769569160657E-221
   159.97151866620476       -2.5545123942067663E-220
   160.31635918930499       -1.7628305777019798E-219
   160.66119971240525       -1.1644688145251356E-218
   161.00604023550548       -7.4138477539000923E-218
   161.35088075860574       -4.5663985125261487E-217
   161.69572128170600       -2.7254179195399663E-216
   162.04056180480623       -1.5762138075359050E-215
   162.38540232790649       -8.8184203881837258E-215
   162.73024285100672       -4.7547206318051636E-214
   163.07508337410698       -2.4535952138387412E-213
   163.41992389720721       -1.1965300902871993E-212
   163.76476442030747       -5.3784102080873004E-212
   164.10960494340773       -2.1022635382237317E-211
   164.45444546650796       -5.8622060023231157E-211
   164.79928598960822        3.8478523872079912E-211
   165.14412651270845        2.4013870573743652E-209
   165.48896703580871        2.5990475284763828E-208
   165.83380755890894        2.1482131620100510E-207
   166.17864808200920        1.5702396808716603E-206
   166.52348860510946        1.0650068218969389E-205
   166.86832912820969        6.8482736974434769E-205
   167.21316965130995        4.2218262420522550E-204
   167.55801017441019        2.5106162123571173E-203
   167.90285069751044        1.4449098384909241E-202
   168.24769122061068        8.0583907927881995E-202
   168.59253174371094        4.3536893059121517E-201
   168.93737226681120        2.2739196362667807E-200
   169.28221278991143        1.1432231901997511E-199
   169.62705331301169        5.4892358417996321E-199
   169.97189383611192        2.4809990390796269E-198
   170.31673435921218        1.0250533676277362E-197
   170.66157488231241        3.6013052156396627E-197
   171.00641540541267        8.1015137297483154E-197
   171.35125592851293       -2.0156022068416034E-196
   171.69609645161316       -4.5527880431303951E-195
   172.04093697471342       -4.2657974651329358E-194
   172.38577749781365       -3.2082330393217414E-193
   172.73061802091391       -2.1642152465642856E-192
   173.07545854401414       -1.3626696473558416E-191
   173.42029906711440       -8.1581972266359772E-191
   173.76513959021466       -4.6899874487485779E-190
   174.10998011331489       -2.6029879145156862E-189
   174.45482063641515       -1.3986446150367166E-188
   174.79966115951538       -7.2824979224963998E-188
   175.14450168261564       -3.6718451165299940E-187
   175.48934220571587       -1.7882497275839456E-186
   175.83418272881613       -8.3704000716099598E-186
   176.17902325191639       -3.7317095050929706E-185
   176.52386377501662       -1.5579597393386430E-184
   176.86870429811688       -5.8784936652382672E-184
   177.21354482121711       -1.8241178723505276E-183
   177.55838534431737       -2.9230504062783494E-183
   177.90322586741760        1.8421665284575711E-182
   178.24806639051786        2.6155074137173497E-181
   178.59290691361812        2.1442497118288205E-180
   178.93774743671835        1.4687469949223294E-179
   179.28258795981861        9.1400702297946790E-179
   179.62742848291884        5.3388222631498023E-178
   179.97226900601910        2.9737023822129739E-177
   180.31710952911934        1.5929268474123954E-176
   180.66195005221959        8.2445363091767697E-176
   181.00679057531985        4.1323986176967098E-175
   181.35163109842009        2.0069025187125661E-174
   181.69647162152035        9.4328804039531654E-174
   182.04131214462058        4.2778281793735050E-173
   182.38615266772084        1.8608968763017929E-172
   182.73099319082107        7.6829291191009060E-172
   183.07583371392133        2.9498936989346281E-171
   183.42067423702156        1.0072678064802230E-170
   183.76551476012182        2.6814637652541855E-170
   184.11035528322208        1.9952698392614906E-170
   184.45519580632231       -4.3251837236557098E-169
   184.80003632942257       -4.5458370407877627E-168
   185.14487685252280       -3.2910498378055904E-167
   185.48971737562306       -2.0556097131269634E-166
   185.83455789872329       -1.1798406801778505E-165
   186.17939842182355       -6.3896266807332725E-165
   186.52423894492381       -3.3088036451581915E-164
   186.86907946802404       -1.6502750588841079E-163
   187.21391999112430       -7.9585785335083641E-163
   187.55876051422453       -3.7176967579227237E-162
   187.90360103732479       -1.6822654159995280E-161
   188.24844156042502       -7.3617834198427852E-161
   188.59328208352528       -3.1038958595446601E-160
   188.93812260662554       -1.2521024528381118E-159
   189.28296312972577       -4.7713543187956053E-159
   189.62780365282603       -1.6748457334131496E-158
   189.97264417592626       -5.1049876286540311E-158
   190.31748469902652       -1.1037455936098995E-157
   190.66232522212675        6.5228858892002981E-158
   191.00716574522701        2.8386339546496332E-156
   191.35200626832727        2.3865139917731321E-155
   191.69684679142750        1.5377985713957555E-154
   192.04168731452776        8.7707066275219760E-154
   192.38652783762799        4.6427730768002363E-153
   192.73136836072825        2.3301027103544023E-152
   193.07620888382849        1.1210507416049035E-151
   193.42104940692874        5.2019071777780576E-151
   193.76588993002900        2.3354630793802411E-150
   194.11073045312924        1.0157416721334502E-149
   194.45557097622950        4.2775283308386587E-149
   194.80041149932973        1.7403042356049181E-148
   195.14525202242999        6.8087893566344562E-148
   195.49009254553022        2.5401304691893231E-147
   195.83493306863048        8.8951547975467207E-147
   196.17977359173074        2.8305900741800263E-146
   196.52461411483097        7.5321181056532964E-146
   196.86945463793123        1.1641727935096803E-145
   197.21429516103146       -3.9156117761646317E-145
   197.55913568413172       -5.3752898940453094E-144
   197.90397620723195       -3.7781614720690413E-143
   198.24881673033221       -2.1812663708852346E-142
   198.59365725343247       -1.1375890321800022E-141
   198.93849777653270       -5.5541023471276915E-141
   199.28333829963296       -2.5821052001855647E-140
   199.62817882273319       -1.1534500625768944E-139
   199.97301934583345       -4.9755947660932120E-139
   200.31785986893368       -2.0777073648177177E-138
   200.66270039203394       -8.4041074882362916E-138
   201.00754091513420       -3.2893649613638574E-137
   201.35238143823443       -1.2420775406603004E-136
   201.69722196133469       -4.4988585571531135E-136
   202.04206248443492       -1.5467585776763677E-135
   202.38690300753518       -4.9477458983314165E-135
   202.73174353063541       -1.4092529766626439E-134
   203.07658405373567       -3.1440848599849653E-134
   203.42142457683593       -2.1244635353757651E-134
   203.76626509993616        3.3638689224367729E-133
   204.11110562303642        2.9798287202658279E-132
   204.45594614613665        1.8004394250437415E-131
   204.80078666923691        9.3649238783492830E-131
   205.14562719233714        4.4721578518382159E-130
   205.49046771543740        2.0140981205014909E-129
   205.83530823853766        8.6703181042699134E-129
   206.18014876163789        3.5937985869152662E-128
   206.52498928473815        1.4399523310595246E-127
   206.86982980783839        5.5869869388844333E-127
   207.21467033093865        2.0991623832431515E-126
   207.55951085403888        7.6243392804255559E-126
   207.90435137713914        2.6665339163488565E-125
   208.24919190023940        8.9151531084364466E-125
   208.59403242333963        2.8115814035666693E-124
   208.93887294643989        8.1443313708923547E-124
   209.28371346954012        2.0334699828942673E-123
   209.62855399264038        3.4837597140270410E-123
   209.97339451574061       -3.0625731755084107E-123
   210.31823503884087       -7.1882140588972164E-122
   210.66307556194113       -4.8707383941510807E-121
   211.00791608504136       -2.5775179068643310E-120
   211.35275660814162       -1.2134398608566979E-119
   211.69759713124185       -5.3127213395715660E-119
   212.04243765434211       -2.2073380126369452E-118
   212.38727817744234       -8.7952969947843688E-118
   212.73211870054260       -3.3804116425539930E-117
   213.07695922364283       -1.2569589445142240E-116
   213.42179974674309       -4.5263586399940255E-116
   213.76664026984335       -1.5774575986304320E-115
   214.11148079294358       -5.3068775086051497E-115
   214.45632131604384       -1.7146358857913537E-114
   214.80116183914407       -5.2710781605461943E-114
   215.14600236224433       -1.5148666147079123E-113
   215.49084288534456       -3.9208932500670497E-113
   215.83568340844482       -8.2589770377887832E-113
   216.18052393154508       -8.2580959072011330E-113
   216.52536445464531        4.6010864818618304E-112
   216.87020497774557        4.2248065021696029E-111
   217.21504550084580        2.3556367891215815E-110
   217.55988602394606        1.1061512991236061E-109
   217.90472654704629        4.7310690225423828E-109
   218.24956707014655        1.9012059094069682E-108
   218.59440759324681        7.2879881965140787E-108
   218.93924811634704        2.6867990580061536E-107
   219.28408863944730        9.5682794788021890E-107
   219.62892916254754        3.2984046681401626E-106
   219.97376968564780        1.1009358802024942E-105
   220.31861020874803        3.5527947494135978E-105
   220.66345073184829        1.1045167486531443E-104
   221.00829125494855        3.2858006230274545E-104
   221.35313177804878        9.2386046289575405E-104
   221.69797230114904        2.3960862124252074E-103
   222.04281282424927        5.4176052964770829E-103
   222.38765334734953        8.8453864687907683E-103
   222.73249387044976       -2.2121724500338297E-103
   223.07733439355002       -1.1224089061893768E-101
   223.42217491665028       -7.0765188083074482E-101
   223.76701543975051       -3.3751835288851352E-100
   224.11185596285077       -1.4196993563820225E-099
   224.45669648595100       -5.5334825413622578E-099
   224.80153700905126       -2.0428923016550278E-098
   225.14637753215149       -7.2253050667626500E-098
   225.49121805525175       -2.4632965446196785E-097
   225.83605857835201       -8.1213509171151362E-097
   226.18089910145224       -2.5924329456842411E-096
   226.52573962455250       -8.0078890625441539E-096
   226.87058014765273       -2.3878744972731770E-095
   227.21542067075299       -6.8398143493742838E-095
   227.56026119385322       -1.8650328885265723E-094
   227.90510171695348       -4.7593507092018457E-094
   228.24994224005374       -1.0966836173513818E-093
   228.59478276315397       -2.0740035759675833E-093
   228.93962328625423       -1.9981455984879662E-093
   229.28446380935446        8.0226831527208670E-093
   229.62930433245472        6.8733803088668966E-092
   229.97414485555495        3.4310997572590750E-091
   230.31898537865521        1.4326448585204141E-090
   230.66382590175547        5.4354546410360484E-090
   231.00866642485570        1.9353334726737955E-089
   231.35350694795596        6.5689300054682349E-089
   231.69834747105619        2.1433445551756973E-088
   232.04318799415645        6.7533773002961954E-088
   232.38802851725669        2.0592485849947502E-087
   232.73286904035695        6.0783278043960046E-087
   233.07770956345720        1.7342435039826085E-086
   233.42255008655744        4.7656223428322738E-086
   233.76739060965770        1.2527243878938219E-085
   234.11223113275793        3.1108514583542904E-085
   234.45707165585819        7.1196291481487872E-085
   234.80191217895842        1.4175652727344744E-084
   235.14675270205868        2.0207700651648162E-084
   235.49159322515894       -6.0087312068461187E-085
   235.83643374825917       -2.0930715961951219E-083
   236.18127427135943       -1.1549262659353612E-082
   236.52611479445966       -4.8509658031865245E-082
   236.87095531755992       -1.7997076427080303E-081
   237.21579584066015       -6.1904826443288042E-081
   237.56063636376041       -2.0173642221268064E-080
   237.90547688686067       -6.2983595467345280E-080
   238.25031740996090       -1.8953737157449780E-079
   238.59515793306116       -5.5150745214238060E-079
   238.93999845616139       -1.5533725674646706E-078
   239.28483897926165       -4.2323591475578591E-078
   239.62967950236188       -1.1126318710623260E-077
   239.97452002546214       -2.8074921212249628E-077
   240.31936054856240       -6.7348519123325510E-077
   240.66420107166263       -1.5083511776287825E-076
   241.00904159476289       -3.0338766597768076E-076
   241.35388211786312       -4.9239275724535018E-076
   241.69872264096338       -3.5106780611111398E-076
   242.04356316406361        1.8595424838603258E-075
   242.38840368716387        1.2763380243877701E-074
   242.73324421026410        5.4986813386396406E-074
   243.07808473336436        2.0062763674411911E-073
   243.42292525646462        6.6796504686852088E-073
   243.76776577956485        2.0909724191060152E-072
   244.11260630266511        6.2453040355048217E-072
   244.45744682576535        1.7938989035532180E-071
   244.80228734886560        4.9764978329262389E-071
   245.14712787196584        1.3358489379719178E-070
   245.49196839506610        3.4699911300688166E-070
   245.83680891816635        8.7071899902090580E-070
   246.18164944126659        2.1021272198211162E-069
   246.52648996436685        4.8462312230395558E-069
   246.87133048746708        1.0521022026347796E-068
   247.21617101056734        2.0912810438502367E-068
   247.56101153366757        3.5540736627573600E-068
   247.90585205676783        3.9879495433267692E-068
   248.25069257986809       -3.6850385508036422E-068
   248.59553310296832       -4.5724397588364185E-067
   248.94037362606858       -2.0816474662140694E-066
   249.28521414916881       -7.5226110431440529E-066
   249.63005467226907       -2.4293190761247582E-065
   249.97489519536930       -7.3082511417697359E-065
   250.31973571846956       -2.0877388363089135E-064
   250.66457624156982       -5.7204275542444567E-064
   251.00941676467005       -1.5116038362321396E-063
   251.35425728777031       -3.8626389215109082E-063
   251.69909781087054       -9.5518634991385624E-063
   252.04393833397080       -2.2834696467592149E-062
   252.38877885707103       -5.2608752425547345E-062
   252.73361938017129       -1.1610485376742781E-061
   253.07845990327155       -2.4274123348402634E-061
   253.42330042637178       -4.7052082147385551E-061
   253.76814094947204       -8.0572266638248354E-061
   254.11298147257227       -1.0512967534146507E-060
   254.45782199567253       -2.2549116826429672E-061
   254.80266251877276        5.1988240733263444E-060
   255.14750304187302        2.6260257223110851E-059
   255.49234356497328        9.4803285953198035E-059
   255.83718408807351        2.9759046022509620E-058
   256.18202461117374        8.6063974386549396E-058
   256.52686513427403        2.3506286324748561E-057
   256.87170565737426        6.1396451985496897E-057
   257.21654618047450        1.5439810163210172E-056
   257.56138670357478        3.7516415169198247E-056
   257.90622722667501        8.8201903904565347E-056
   258.25106774977525        2.0054876067471807E-055
   258.59590827287548        4.3996531505228914E-055
   258.94074879597576        9.2666959316392190E-055
   259.28558931907600        1.8568212508029237E-054
   259.63042984217623        3.4789899508721500E-054
   259.97527036527646        5.8764011592345741E-054
   260.32011088837675        8.1103239791012023E-054
   260.66495141147698        5.5116976120731371E-054
   261.00979193457721       -1.7995766797038588E-053
   261.35463245767750       -1.1018487617778012E-052
   261.69947298077773       -4.0144278433077550E-052
   262.04431350387796       -1.2272673798010397E-051
   262.38915402697819       -3.4122006195212984E-051
   262.73399455007848       -8.9053682450272287E-051
   263.07883507317871       -2.2154475653548683E-050
   263.42367559627894       -5.2969593889282727E-050
   263.76851611937923       -1.2225233341136265E-049
   264.11335664247946       -2.7290495950064324E-049
   264.45819716557969       -5.8928928114599775E-049
   264.80303768867992       -1.2286791650102287E-048
   265.14787821178021       -2.4635232398766401E-048
   265.49271873488044       -4.7133871571779965E-048
   265.83755925798067       -8.4826062470215837E-048
   266.18239978108096       -1.3946811100259600E-047
   266.52724030418119       -1.9492994145375113E-047
   266.87208082728142       -1.7467828470648758E-047
   267.21692135038165        1.7012454533776344E-047
   267.56176187348194        1.5361615816840060E-046
   267.90660239658217        5.7132527874734140E-046
   268.25144291968240        1.7034100259631057E-045
   268.59628344278269        4.5512991388714012E-045
   268.94112396588292        1.1340643418196743E-044
   269.28596448898315        2.6844994281131939E-044
   269.63080501208339        6.0957551450639646E-044
   269.97564553518367        1.3347764659123057E-043
   270.32048605828390        2.8256087724399657E-043
   270.66532658138414        5.7860284514532628E-043
   271.01016710448442        1.1446073291216479E-042
   271.35500762758465        2.1798954659352856E-042
   271.69984815068489        3.9702848327496510E-042
   272.04468867378512        6.8305531815446169E-042
   272.38952919688541        1.0833176628279875E-041
   272.73436971998564        1.4965862161194597E-041
   273.07921024308587        1.4897384955417552E-041
   273.42405076618616       -2.4404782184543966E-042
   273.76889128928639       -7.1209953088067369E-041
   274.11373181238662       -2.7353956343117686E-040
   274.45857233548685       -7.9565179174712377E-040
   274.80341285858714       -2.0408729857214135E-039
   275.14825338168737       -4.8492386220576011E-039
   275.49309390478760       -1.0908979079248985E-038
   275.83793442788789       -2.3497523920321619E-038
   276.18277495098812       -4.8755400389014709E-038
   276.52761547408835       -9.7750703098119254E-038
   276.87245599718858       -1.8955415884670852E-037
   277.21729652028887       -3.5520466011152485E-037
   277.56213704338910       -6.4130908906104358E-037
   277.90697756648933       -1.1090115820563751E-036
   278.25181808958962       -1.8169591480242152E-036
   278.59665861268985       -2.7612780244831367E-036
   278.94149913579008       -3.7130900779127963E-036
   279.28633965889031       -3.8294494998402544E-036
   279.63118018199060       -7.8992427972893369E-037
   279.97602070509083        1.1016692217461158E-035
   280.32086122819106        4.4134669641011813E-035
   280.66570175129135        1.2507788147663078E-034
   281.01054227439158        3.0743692474796740E-034
   281.35538279749181        6.9542438784088121E-034
   281.70022332059204        1.4845808323730760E-033
   282.04506384369233        3.0291723227907045E-033
   282.38990436679256        5.9480581889076907E-033
   282.73474488989280        1.1279607630566971E-032
   283.07958541299308        2.0684716355468046E-032
   283.42442593609331        3.6660260037955730E-032
   283.76926645919355        6.2633391934108984E-032
   284.11410698229378        1.0260232712090931E-031
   284.45894750539406        1.5956587404167982E-031
   284.80378802849430        2.3115556140108910E-031
   285.14862855159453        2.9933531030699919E-031
   285.49346907469481        3.0825289037026545E-031
   285.83830959779505        1.1952587762905349E-031
   286.18315012089528       -5.7372221325454200E-031
   286.52799064399551       -2.4054151747801302E-030
   286.87283116709580       -6.6180980622532604E-030
   287.21767169019603       -1.5544896213443032E-029
   287.56251221329626       -3.3403610139033930E-029
   287.90735273639655       -6.7551196557539999E-029
   288.25219325949678       -1.3036890806920475E-028
   288.59703378259701       -2.4191630094692299E-028
   288.94187430569724       -4.3332266569791319E-028
   289.28671482879753       -7.5041439619805546E-028
   289.63155535189776       -1.2560069323433409E-027
   289.97639587499799       -2.0270951875749170E-027
   290.32123639809828       -3.1389754995520638E-027
   290.66607692119851       -4.6207069290746302E-027
   291.01091744429874       -6.3530867909367659E-027
   291.35575796739897       -7.8582770263895742E-027
   291.70059849049926       -7.8949720962617741E-027
   292.04543901359949       -3.7189844364928217E-027
   292.39027953669972        1.0209744985847537E-026
   292.73512005980001        4.4401169826421486E-026
   293.07996058290024        1.1785492472273914E-025
   293.42480110600047        2.6354203261424616E-025
   293.76964162910070        5.3658657582422208E-025
   294.11448215220099        1.0258788118147553E-024
   294.45932267530122        1.8695193663203215E-024
   294.80416319840145        3.2734756356631764E-024
   295.14900372150174        5.5305015649125869E-024
   295.49384424460197        9.0317028511851344E-024
   295.83868476770220        1.4254506268363659E-023
   296.18352529080244        2.1695787591317267E-023
   296.52836581390272        3.1694052289275984E-023
   296.87320633700296        4.4045139352894470E-023
   297.21804686010319        5.7255995790572595E-023
   297.56288738320347        6.7193918412783553E-023
   297.90772790630371        6.4768030339281024E-023
   298.25256842940394        3.2122633644916796E-023
   298.59740895250417       -6.3366138323419445E-023
   298.94224947560446       -2.7819544099727779E-022
   299.28708999870469       -7.0599765243648447E-022
   299.63193052180492       -1.4960084134975560E-021
   299.97677104490521       -2.8774323331909683E-021
   300.32161156800544       -5.1893596132970667E-021
   300.66645209110567       -8.9136480570371302E-021
   301.01129261420590       -1.4703963030938883E-020
   301.35613313730619       -2.3396840254664929E-020
   301.70097366040642       -3.5978671698916707E-020
   302.04581418350665       -5.3463943183942398E-020
   302.39065470660694       -7.6612519997156155E-020
   302.73549522970717       -1.0537476634148434E-019
   303.08033575280740       -1.3790060986200429E-019
   303.42517627590763       -1.6888140030935204E-019
   303.77001679900792       -1.8691347081686800E-019
   304.11485732210815       -1.7048689332918795E-019
   304.45969784520838       -8.2128144733985850E-020
   304.80453836830867        1.3980865516920072E-019
   305.14937889140890        5.9214994823461129E-019
   305.49421941450913        1.4209303072235494E-018
   305.83905993760936        2.8381431143371924E-018
   306.18390046070965        5.1399494459208544E-018
   306.52874098380988        8.7234407248921958E-018
   306.87358150691011        1.4096466510354792E-017
   307.21842203001040        2.1871190399776705E-017
   307.56326255311063        3.2726586947744829E-017
   307.90810307621086        4.7317741161441055E-017
   308.25294359931110        6.6100393436177531E-017
   308.59778412241138        8.9027802942154050E-017
   308.94262464551161        1.1506429499425552E-016
   309.28746516861185        1.4144721526963692E-016
   309.63230569171213        1.6261899836487039E-016
   309.97714621481236        1.6874783305996345E-016
   310.32198673791260        1.4376521352258103E-016
   310.66682726101283        6.2880279230824882E-017
   311.01166778411311       -1.1040409870045747E-016
   311.35650830721335       -4.2763548977109505E-016
   311.70134883031358       -9.5880031787729961E-016
   312.04618935341387       -1.7951792350081310E-015
   312.39102987651410       -3.0507304358070573E-015
   312.73587039961433       -4.8605871813413523E-015
   313.08071092271456       -7.3746657731573641E-015
   313.42555144581485       -1.0743690091660737E-014
   313.77039196891508       -1.5094190731745127E-014
   314.11523249201531       -2.0488310877499384E-014
   314.46007301511560       -2.6863677492794967E-014
   314.80491353821583       -3.3948366818797634E-014
   315.14975406131606       -4.1146369624138908E-014
   315.49459458441629       -4.7390279842516366E-014
   315.83943510751658       -5.0960593143667069E-014
   316.18427563061681       -4.9275459379468736E-014
   316.52911615371704       -3.8661441578630877E-014
   316.87395667681733       -1.4125194567999983E-014
   317.21879719991756        3.0841758939439044E-014
   317.56363772301779        1.0437782276455998E-013
   317.90847824611802        2.1622074543191757E-013
   318.25331876921831        3.7744764772357323E-013
   318.59815929231854        5.9988287992662746E-013
   318.94299981541877        8.9505511841852820E-013
   319.28784033851906        1.2725759042088826E-012
   319.63268086161929        1.7378138778952889E-012
   319.97752138471952        2.2887578122418251E-012
   320.32236190781975        2.9120032944930867E-012
   320.66720243092004        3.5778687153692578E-012
   321.01204295402027        4.2347514829761544E-012
   321.35688347712050        4.8029787027852999E-012
   321.70172400022074        5.1685884717087350E-012
   322.04656452332102        5.1776944156044380E-012
   322.39140504642126        4.6323271274109345E-012
   322.73624556952149        3.2888943513565910E-012
   323.08108609262177        8.6063141010193953E-013
   323.42592661572201       -2.9744098025088371E-012
   323.77076713882224       -8.5582031213116289E-012
   324.11560766192247       -1.6228852847763750E-011
   324.46044818502276       -2.6286646997919593E-011
   324.80528870812299       -3.8949241544514476E-011
   325.15012923122322       -5.4295934489256085E-011
   325.49496975432351       -7.2202065941506282E-011
   325.83981027742374       -9.2265953575736853E-011
   326.18465080052397       -1.1373240188696618E-010
   326.52949132362420       -1.3541862618704674E-010
   326.87433184672449       -1.5565027858602556E-010
   327.21917236982472       -1.7221697529074625E-010
   327.56401289292495       -1.8235808057812608E-010
   327.90885341602524       -1.8279024805624780E-010
   328.25369393912547       -1.6978808500911032E-010
   328.59853446222570       -1.3932803233907325E-010
   328.94337498532593       -8.7302925223426473E-011
   329.28821550842622       -9.8105813385967409E-012
   329.63305603152645        9.6485866064313137E-011
   329.97789655462668        2.3393518340624896E-010
   330.32273707772697        4.0343017674261718E-010
   330.66757760082720        6.0392078904311346E-010
   331.01241812392743        8.3194272907933070E-010
   331.35725864702766        1.0812037839457004E-009
   331.70209917012795        1.3422756197416950E-009
   332.04693969322818        1.6024416034618007E-009
   332.39178021632841        1.8457500432366809E-009
   332.73662073942870        2.0533164727166562E-009
   333.08146126252893        2.2039077141141822E-009
   333.42630178562916        2.2748243565202706E-009
   333.77114230872940        2.2430773841381083E-009
   334.11598283182968        2.0868299323574708E-009
   334.46082335492991        1.7870480445983387E-009
   334.80566387803015        1.3292768663264951E-009
   335.15050440113043        7.0543336207176989E-010
   335.49534492423066       -8.4513976425654162E-011
   335.84018544733090       -1.0311211962488809E-009
   336.18502597043113       -2.1144469449789658E-009
   336.52986649353142       -3.3035705719983673E-009
   336.87470701663165       -4.5567674483851724E-009
   337.21954753973188       -5.8224251028255619E-009
   337.56438806283217       -7.0407386179634481E-009
   337.90922858593240       -8.1461693753482526E-009
   338.25406910903263       -9.0705911997598837E-009
   338.59890963213286       -9.7469867156289245E-009
   338.94375015523315       -1.0113499411698891E-008
   339.28859067833338       -1.0117598860685030E-008
   339.63343120143361       -9.7200828406961300E-009
   339.97827172453390       -8.8986250616355059E-009
   340.32311224763413       -7.6505838593326775E-009
   340.66795277073436       -5.9948169637753204E-009
   341.01279329383459       -3.9722997151329743E-009
   341.35763381693488       -1.6454162841494968E-009
   341.70247434003511        9.0411901635665358E-010
   342.04731486313534        3.5786566060029786E-009
   342.39215538623563        6.2691706756791359E-009
   342.73699590933586        8.8607384346054302E-009
   343.08183643243609        1.1238617939305804E-008
   343.42667695553632        1.3294546508892716E-008
   343.77151747863661        1.4932852149242343E-008
   344.11635800173684        1.6075970984737206E-008
   344.46119852483707        1.6668995301842246E-008
   344.80603904793736        1.6682937662162264E-008
   345.15087957103759        1.6116482305088752E-008
   345.49572009413782        1.4996099179391721E-008
   345.84056061723805        1.3374510214201249E-008
   346.18540114033834        1.1327612730619111E-008
   346.53024166343857        8.9500719654235631E-009
   346.87508218653880        6.3498850109663589E-009
   347.21992270963909        3.6422850376881461E-009
   347.56476323273932        9.4339252461435430E-010
   347.90960375583956       -1.6359730446053078E-009
   348.25444427893979       -3.9959317035623588E-009
   348.59928480204007       -6.0522945978412040E-009
   348.94412532514031       -7.7401666057796155E-009
   349.28896584824054       -9.0162291271030423E-009
   349.63380637134082       -9.8596315643836198E-009
   349.97864689444106       -1.0271519386578487E-008
   350.32348741754129       -1.0273318218747490E-008
   350.66832794064152       -9.9039704425115705E-009
   351.01316846374181       -9.2163782253798676E-009
   351.35800898684204       -8.2733415901267263E-009
   351.70284950994227       -7.1432910568128895E-009
   352.04769003304256       -5.8961025512182153E-009
   352.39253055614279       -4.5992504847486076E-009
   352.73737107924302       -3.3145073915876149E-009
   353.08221160234325       -2.0953403998086686E-009
   353.42705212544354       -9.8509164695303810E-010
   353.77189264854377       -1.5966934132807646E-011
   354.11673317164400        7.9120072944312863E-010
   354.46157369474429        1.4264946233157324E-009
   354.80641421784452        1.8898836021636108E-009
   355.15125474094475        2.1897595377995665E-009
   355.49609526404498        2.3411955234775914E-009
   355.84093578714527        2.3640752479008266E-009
   356.18577631024550        2.2812311396134313E-009
   356.53061683334573        2.1167079218534661E-009
   356.87545735644602        1.8942418831523576E-009
   357.22029787954625        1.6360172814275599E-009
   357.56513840264648        1.3617324734340834E-009
   357.90997892574671        1.0879818103208321E-009
   358.25481944884700        8.2793674610676147E-010
   358.59965997194723        5.9129205916783439E-010
   358.94450049504746        3.8443108625621920E-010
   359.28934101814775        2.1075737651623883E-010
   359.63418154124798        7.1138709069962985E-011
   359.97902206434821       -3.5587823137795385E-011
   360.32386258744845       -1.1209498157229005E-010
   360.66870311054873       -1.6206600100400392E-010
   361.01354363364896       -1.8974464530207953E-010
   361.35838415674920       -1.9955331456802871E-010
   361.70322467984948       -1.9578904711616154E-010
   362.04806520294972       -1.8239964616121231E-010
   362.39290572604995       -1.6283605079330975E-010
   362.73774624915018       -1.3997261337444557E-010
   363.08258677225047       -1.1608412241382354E-010
   363.42742729535070       -9.2867072612184172E-011
   363.77226781845093       -7.1492594650118701E-011
   364.11710834155122       -5.2679330531171982E-011
   364.46194886465145       -3.6776077244924714E-011
   364.80678938775168       -2.3845939613083980E-011
   365.15162991085191       -1.3745786540366543E-011
   365.49647043395220       -6.1967968526967593E-012
   365.84131095705243       -8.4366902350326719E-013
   366.18615148015266        2.6984359130731409E-012
   366.53099200325295        4.8089888877375962E-012
   366.87583252635318        5.8381730817258747E-012
   367.22067304945341        6.0923875654907344E-012
   367.56551357255364        5.8273674797532478E-012
   367.91035409565393        5.2470806387233596E-012
   368.25519461875416        4.5066805988369225E-012
   368.60003514185439        3.7180155717017581E-012
   368.94487566495468        2.9564639662867015E-012
   369.28971618805491        2.2681530048195298E-012
   369.63455671115514        1.6768889254395846E-012
   369.97939723425537        1.1903674199015861E-012
   370.32423775735566        8.0543114048585653E-013
   370.66907828045589        5.1229403043650637E-013
   371.01391880355612        2.9776152826360754E-013
   371.35875932665641        1.4754628397361100E-013
   371.70359984975664        4.7817622508668320E-014
   372.04844037285687       -1.3863059644208182E-014
   372.39328089595710       -4.8072373625163242E-014
   372.73812141905739       -6.3386756740653778E-014
   373.08296194215762       -6.6463233285010491E-014
   373.42780246525786       -6.2249399055648912E-014
   373.77264298835814       -5.4255344258032249E-014
   374.11748351145837       -4.4840272695312291E-014
   374.46232403455861       -3.5483310152863170E-014
   374.80716455765884       -2.7021136807354457E-014
   375.15200508075912       -1.9844774218891621E-014
   375.49684560385936       -1.4054519126968344E-014
   375.84168612695959       -9.5761817334411105E-015
   376.18652665005988       -6.2440318899394670E-015
   376.53136717316011       -3.8567114081921005E-015
   376.87620769626034       -2.2123059718684985E-015
   377.22104821936057       -1.1281486376258973E-015
   377.56588874246086       -4.5003482887141926E-016
   377.91072926556109       -5.4558735080976522E-017
   378.25556978866132        1.5264195308156948E-016
   378.60041031176161        2.4074924561752224E-016
   378.94525083486184        2.5841024898456483E-016
   379.29009135796207        2.3834339445534654E-016
   379.63493188106230        2.0145404451976528E-016
   379.97977240416259        1.6025901610968568E-016
   380.32461292726282        1.2158267112150265E-016
   380.66945345036305        8.8579548068654781E-017
   381.01429397346328        6.2184040720654087E-017
   381.35913449656357        4.2102402590864926E-017
   381.70397501966380        2.7457271327484209E-017
   382.04881554276403        1.7181150471098949E-017
   382.39365606586432        1.0236375235083411E-017
   382.73849658896455        5.7222093915678849E-018
   383.08333711206478        2.9116496946895360E-018
   383.42817763516501        1.2495756102890675E-018
   383.77301815826530        3.3103705658959836E-019
   384.11785868136553       -1.2726582985283415E-019
   384.46269920446576       -3.1573612558030914E-019
   384.80753972756605       -3.5708782542516395E-019
   385.15238025066628       -3.2668393299471354E-019
   385.49722077376651       -2.6836366868082554E-019
   385.84206129686675       -2.0555572583437649E-019
   386.18690181996703       -1.4944904776524081E-019
   386.53174234306726       -1.0405537321475511E-019
   386.87658286616750       -6.9748587399357332E-020
   387.22142338926778       -4.5075185772997809E-020
   387.56626391236802       -2.8048685353810110E-020
   387.91110443546825       -1.6821859382439299E-020
   388.25594495856848       -9.5967831242342610E-021
   388.60078548166877       -5.2017754331831281E-021
   388.94562600476900       -2.5928510147967137E-021
   389.29046652786923       -1.1323259747025484E-021
   389.63530705096952       -3.6777390288220273E-022
   389.98014757406975       -6.1236250069506634E-024
   390.32498809716998        1.3595081402236293E-022
   390.66982862027021        1.7170509132951399E-022
   391.01466914337050        1.5475803891136488E-022
   391.35950966647073        1.3684384490478816E-022
   391.70435018957096        1.0557227321859466E-022
   392.04919071267125        6.7683274202912958E-023
   392.39403123577148        2.8026638815244274E-023
   392.73887175887171        3.2500098981688786E-023
   393.08371228197194        8.7482988662106137E-024
   393.42855280507223        2.4296231306269432E-023
   393.77339332817246        1.1991855581803066E-023
   394.11823385127269       -4.4676115125185446E-024
   394.46307437437298        3.6932308912014092E-025
   394.80791489747321       -4.2641754954778072E-025
   395.15275542057344        5.7477711551623027E-025
   395.49759594367367        1.5455891991648508E-023
   395.84243646677396       -3.8769144810201797E-024
   396.18727698987419        1.0577430834755803E-024
   396.53211751297442       -1.0985933426210782E-023
   396.87695803607471        2.0345808247059701E-024
   397.22179855917494       -5.4878177156218281E-024
   397.56663908227517       -2.8045758467766340E-024
   397.91147960537540        1.7688481203959271E-023
   398.25632012847569       -5.2855743735875128E-024
   398.60116065157592       -5.4389179205803579E-024
   398.94600117467616        3.3924502668361951E-024
   399.29084169777644        2.1424231410032385E-024
   399.63568222087667        1.2830612813480060E-023
   399.98052274397691       -1.7223418955638289E-024
   400.32536326707714       -1.7494540462210627E-023
   400.67020379017742        6.0576718821151710E-024
   401.01504431327766       -7.9778690701076941E-025
   401.35988483637789        3.4313497727275721E-024
   401.70472535947818        7.5794763245251687E-024
   402.04956588257841       -7.2774332758270341E-024
   402.39440640567864       -5.2604427325555887E-024
   402.73924692877887        2.0186396866243205E-024
   403.08408745187916        1.1523630383287287E-024
   403.42892797497939        1.0894602664670216E-023
   403.77376849807962       -9.1076848880188833E-024
   404.11860902117991        8.5307223072715079E-024
   404.46344954428014       -1.1388510564554688E-024
   404.80829006738037        3.4925351760273710E-024
   405.15313059048060       -6.9453438942328080E-024
   405.49797111358089       -5.4778137644250984E-024
   405.84281163668112        1.1571264461182064E-023
   406.18765215978135        8.5420522260105584E-024
   406.53249268288164       -5.3707020994471070E-024
   406.87733320598187        7.7169062494872485E-024
   407.22217372908210       -3.8925520663592676E-024
   407.56701425218233        2.9456165353619759E-024
   407.91185477528262       -8.5133904495302668E-024
   408.25669529838285        7.0739926071969135E-025
   408.60153582148308        6.3945136422181746E-024
   408.94637634458337        9.8624568099791915E-025
   409.29121686768360       -2.5705051221655664E-024
   409.63605739078383       -8.2736821521796324E-024
   409.98089791388406        8.2200438865457384E-024
   410.32573843698435        3.7059521614390712E-024
   410.67057896008458       -5.2555463200851561E-024
   411.01541948318481       -1.7860861386949337E-023
   411.36026000628510        4.9736375250622189E-024
   411.70510052938533       -2.9589025090255422E-024
   412.04994105248556        7.0059363660722628E-024
   412.39478157558580        1.0440522083925509E-023
   412.73962209868608       -5.3481521818718383E-024
   413.08446262178632        8.9408878849717486E-025
   413.42930314488655       -6.6120253926503864E-024
   413.77414366798683       -1.5821303531553874E-024
   414.11898419108707        7.0979410694624595E-024
   414.46382471418730        2.1615888611045486E-024
   414.80866523728753       -1.0286646098336317E-023
   415.15350576038782        5.1166158506664107E-024
   415.49834628348805        7.2077440247047021E-025
   415.84318680658828       -5.8740627064992569E-024
   416.18802732968857        3.0318927587235988E-024
   416.53286785278880        9.7827688564931334E-024
   416.87770837588903        5.9524567664681113E-024
   417.22254889898926       -7.4126511058613525E-024
   417.56738942208955       -2.8544150413593152E-024
   417.91222994518978        3.7095259640538017E-024
   418.25707046829001        1.2349337250633697E-023
   418.60191099139030        6.1658074870429878E-024
   418.94675151449053       -3.8502147587594038E-025
   419.29159203759076       -1.1447005021212944E-023
   419.63643256069099       -7.0687322316931480E-024
   419.98127308379128        1.0823772201861791E-023
   420.32611360689151        3.9746646840569823E-024
   420.67095412999174        6.8517421828556305E-024
   421.01579465309203       -9.8491683121887032E-024
   421.36063517619226       -1.7190497090267422E-023
   421.70547569929249        1.4539030755640953E-023
   422.05031622239272       -1.5654902045784062E-024
   422.39515674549301        1.4880166913153725E-023
   422.73999726859324        4.8476661752936171E-024
   423.08483779169347       -6.6274991277382432E-024
   423.42967831479376       -4.7270384462790601E-024
   423.77451883789399       -4.1203953185602974E-024
   424.11935936099422        1.2580709805068000E-023
   424.46419988409446        1.3551065852691765E-023
   424.80904040719474       -1.2256960807169715E-023
   425.15388093029497       -6.1583629883613273E-024
   425.49872145339521       -4.4751024084902068E-025
   425.84356197649549       -3.4541837193229280E-024
   426.18840249959572        8.8475497625731438E-024
   426.53324302269596        1.9637229455507188E-024
   426.87808354579619       -7.7801077107517527E-024
   427.22292406889648       -2.7971582254812145E-024
   427.56776459199671        1.1179421538858695E-023
   427.91260511509694       -2.7413754871730868E-024
   428.25744563819723       -1.7905217869889670E-023
   428.60228616129746        1.5365081867220275E-023
   428.94712668439769        6.0724142578147927E-024
   429.29196720749792       -3.2763563813933537E-024
   429.63680773059821       -9.3101580367022820E-024
   429.98164825369844        2.5206434282103841E-024
   430.32648877679867       -6.1075562156502243E-024
   430.67132929989896        3.3803410977491128E-024
   431.01616982299919        2.9713810661556736E-024
   431.36101034609942       -9.0581732748949069E-024
   431.70585086919965       -2.1020030085778518E-024
   432.05069139229994        1.5610010041263158E-024
   432.39553191540017       -2.6693555056922850E-024
   432.74037243850040        5.0608746899321058E-025
   433.08521296160069        9.2848332558759846E-024
   433.43005348470092        2.5999539188931919E-024
   433.77489400780115       -1.1750197712929623E-023
   434.11973453090138        6.2324006177252146E-025
   434.46457505400167        5.0433637710886069E-024
   434.80941557710190        1.2193567489484991E-023
   435.15425610020213       -2.5969110244675440E-025
   435.49909662330242       -4.9260457156256505E-024
   435.84393714640265       -8.3571356409063094E-024
   436.18877766950288        3.3953813760286617E-024
   436.53361819260311        1.5291248962200288E-023
   436.87845871570340       -3.8765895724821649E-025
   437.22329923880363       -1.4769004287942793E-023
   437.56813976190386       -6.7875423410412139E-024
   437.91298028500415       -2.8670315166534244E-024
   438.25782080810438       -2.0744865537974802E-023
   438.60266133120462       -4.5168401293038823E-023
   438.94750185430485       -5.4245474985217364E-023
   439.29234237740513       -9.3321160281841399E-023
   439.63718290050537       -1.5149242626470549E-022
   439.98202342360560       -2.2725281911634958E-022
   440.32686394670588       -3.3031446786552130E-022
   440.67170446980612       -4.5437950210665548E-022
   441.01654499290635       -6.0757970087276049E-022
   441.36138551600658       -7.9317770591050642E-022
   441.70622603910687       -1.0064911605246477E-021
   442.05106656220710       -1.1616649647078683E-021
   442.39590708530733       -1.2414871142178378E-021
   442.74074760840756       -1.0944394168607336E-021
   443.08558813150785       -6.0837483590138044E-022
   443.43042865460808        5.1022895142923220E-022
   443.77526917770831        2.5809224420757641E-021
   444.12010970080860        6.1114303722818329E-021
   444.46495022390883        1.1766569322243729E-020
   444.80979074700906        2.0318256664293031E-020
   445.15463127010929        3.2764748775755591E-020
   445.49947179320958        5.0247550375625428E-020
   445.84431231630981        7.3897563832705095E-020
   446.18915283941004        1.0484550763119105E-019
   446.53399336251033        1.4373922024409458E-019
   446.87883388561056        1.9056826401994381E-019
   447.22367440871079        2.4387616114690515E-019
   447.56851493181102        3.0013762034057830E-019
   447.91335545491131        3.5260930688998788E-019
   448.25819597801154        3.9005760612615996E-019
   448.60303650111177        3.9515287222769883E-019
   448.94787702421206        3.4275984422342018E-019
   449.29271754731229        1.9804239991848920E-019
   449.63755807041252       -8.5246703960426892E-020
   449.98239859351276       -5.6605632229490815E-019
   450.32723911661304       -1.3164687490704215E-018
   450.67207963971327       -2.4206332899025340E-018
   451.01692016281351       -3.9714677328198744E-018
   451.36176068591379       -6.0643902000370196E-018
   451.70660120901402       -8.7867237119134704E-018
   452.05144173211426       -1.2202062122240367E-017
   452.39628225521449       -1.6328499270661775E-017
   452.74112277831478       -2.1110050340125317E-017
   453.08596330141501       -2.6380652037560844E-017
   453.43080382451524       -3.1821462430157824E-017
   453.77564434761553       -3.6912551713720206E-017
   454.12048487071576       -4.0881684730070037E-017
   454.46532539381599       -4.2654453897800831E-017
   454.81016591691622       -4.0811676358565205E-017
   455.15500644001651       -3.3562436014717116E-017
   455.49984696311674       -1.8742653377824953E-017
   455.84468748621697        6.1488499274140449E-018
   456.18952800931726        4.3863407777037438E-017
   456.53436853241749        9.7251638147495062E-017
   456.87920905551772        1.6903579178720688E-016
   457.22404957861795        2.6149568898573180E-016
   457.56889010171824        3.7606327963306627E-016
   457.91373062481847        5.1282804931335372E-016
   458.25857114791870        6.6996543666794576E-016
   458.60341167101899        8.4311227602761892E-016
   458.94825219411922        1.0247273296533168E-015
   459.29309271721945        1.2034909533387808E-015
   459.63793324031968        1.3638123231876606E-015
   459.98277376341997        1.4855267601260910E-015
   460.32761428652020        1.5438759929522747E-015
   460.67245480962043        1.5098682092014272E-015
   461.01729533272072        1.3511116763907054E-015
   461.36213585582095        1.0332015657014490E-015
   461.70697637892118        5.2171480442651930E-016
   462.05181690202141       -2.1517078892704384E-016
   462.39665742512170       -1.2034669371864479E-015
   462.74149794822193       -2.4596712851739759E-015
   463.08633847132216       -3.9867349521729070E-015
   463.43117899442245       -5.7699412361663125E-015
   463.77601951752268       -7.7730054649759339E-015
   464.12086004062292       -9.9347674457028522E-015
   464.46570056372315       -1.2166890342801526E-014
   464.81054108682343       -1.4352996094417408E-014
   465.15538160992367       -1.6349648831963916E-014
   465.50022213302390       -1.7989538912843733E-014
   465.84506265612418       -1.9087116677262762E-014
   466.18990317922442       -1.9446779282691304E-014
   466.53474370232465       -1.8873526227334442E-014
   466.87958422542488       -1.7185783096269233E-014
   467.22442474852517       -1.4229858953811645E-014
   467.56926527162540       -9.8952712846760110E-015
   467.91410579472563       -4.1299616861159537E-015
   468.25894631782592        3.0457383596318512E-015
   468.60378684092615        1.1527629485687619E-014
   468.94862736402638        2.1119900672419809E-014
   469.29346788712661        3.1532274111870044E-014
   469.63830841022690        4.2382990222198214E-014
   469.98314893332713        5.3208273082274302E-014
   470.32798945642736        6.3478510648752710E-014
   470.67282997952765        7.2620902854262876E-014
   471.01767050262788        8.0047808260261268E-014
   471.36251102572811        8.5189495561312523E-014
   471.70735154882834        8.7529524697398924E-014
   472.05219207192863        8.6640589750593059E-014
   472.39703259502886        8.2218394923476309E-014
   472.74187311812909        7.4111041549567341E-014
   473.08671364122938        6.2341502155915856E-014
   473.43155416432961        4.7121056002766376E-014
   473.77639468742984        2.8852050068207900E-014
   474.12123521053007        8.1190072160327269E-015
   474.46607573363036       -1.4332117118974157E-014
   474.81091625673059       -3.7625880670171282E-014
   475.15575677983082       -6.0799004749528067E-014
   475.50059730293111       -8.2849451950724194E-014
   475.84543782603134       -1.0279001067843794E-013
   476.19027834913157       -1.1970301991828807E-013
   476.53511887223181       -1.3279266147733370E-013
   476.87995939533209       -1.4143130792999482E-013
   477.22479991843232       -1.4519674441113616E-013
   477.56964044153256       -1.4389766363006143E-013
   477.91448096463284       -1.3758562090079426E-013
   478.25932148773308       -1.2655257226672159E-013
   478.60416201083331       -1.1131412776269448E-013
   478.94900253393354       -9.2579653613075989E-014
   479.29384305703383       -7.1211270934770971E-014
   479.63868358013406       -4.8174551470316523E-014
   479.98352410323429       -2.4484244657638368E-014
   480.32836462633458       -1.1486452228320875E-015
   480.67320514943481        2.0883790223578662E-014
   481.01804567253504        4.0772238160103518E-014
   481.36288619563527        5.7822883905364470E-014
   481.70772671873556        7.1517746082324044E-014
   482.05256724183579        8.1531645371031205E-014
   482.39740776493602        8.7736896111923513E-014
   482.74224828803631        9.0196168094588542E-014
   483.08708881113654        8.9144750697039215E-014
   483.43192933423677        8.4964096504452674E-014
   483.77676985733700        7.8148985391741787E-014
   484.12161038043729        6.9270907423259947E-014
   484.46645090353752        5.8940310907169815E-014
   484.81129142663775        4.7770210574022546E-014
   485.15613194973804        3.6343331071480144E-014
   485.50097247283827        2.5184510367141803E-014
   485.84581299593850        1.4739554737609591E-014
   486.19065351903873        5.3611705920655433E-015
   486.53549404213902       -2.6979533200553727E-015
   486.88033456523925       -9.2853370158039282E-015
   487.22517508833948       -1.4343004412405674E-014
   487.57001561143977       -1.7897013127112363E-014
   487.91485613454000       -2.0043527551552895E-014
   488.25969665764023       -2.0932804969684481E-014
   488.60453718074046       -2.0752415552739766E-014
   488.94937770384075       -1.9710880812997466E-014
   489.29421822694098       -1.8022709685856393E-014
   489.63905875004122       -1.5895566239510496E-014
   489.98389927314150       -1.3520041031692063E-014
   490.32873979624173       -1.1062242336991883E-014
   490.67358031934197       -8.6591944464916888E-015
   491.01842084244220       -6.4168386000831915E-015
   491.36326136554248       -4.4102891468871346E-015
   491.70810188864272       -2.6859050764516764E-015
   492.05294241174295       -1.2646928077335678E-015
   492.39778293484324       -1.4655649250541689E-016
   492.74262345794347        6.8505264637504035E-016
   493.08746398104370        1.2584747494365920E-015
   493.43230450414393        1.6094761140891384E-015
   493.77714502724422        1.7774036784635492E-015
   494.12198555034445        1.8019990577382008E-015
   494.46682607344468        1.7209345694091476E-015
   494.81166659654497        1.5680694578819317E-015
   495.15650711964520        1.3723736928861192E-015
   495.50134764274543        1.1574319803220148E-015
   495.84618816584566        9.4141956171994702E-016
   496.19102868894595        7.3743407998493363E-016
   496.53586921204618        5.5407085122751588E-016
   496.88070973514641        3.9613890589184779E-016
   497.22555025824670        2.6543173641482040E-016
   497.57039078134693        1.6148466193990147E-016
   497.91523130444716        8.2269442617978739E-017
   498.26007182754739        2.4795262729031099E-017
   498.60491235064768       -1.4400321224914930E-017
   498.94975287374791       -3.8873721185465649E-017
   499.29459339684814       -5.2004960459430873E-017
   499.63943391994843       -5.6822451377578574E-017
   499.98427444304866       -5.5907089115017859E-017
   500.32911496614889       -5.1358230995431124E-017
   500.67395548924912       -4.4805442557757051E-017
   501.01879601234941       -3.7450252463748286E-017
   501.36363653544964       -3.0125568662247679E-017
   501.70847705854987       -2.3362416450999508E-017
   502.05331758165016       -1.7456693123103019E-017
   502.39815810475039       -1.2530627285514538E-017
   502.74299862785062       -8.5860991705898455E-018
   503.08783915095086       -5.5484383417003161E-018
   503.43267967405114       -3.3005150681933928E-018
   503.77752019715138       -1.7078507759735598E-018
   504.12236072025161       -6.3589584769357005E-019
   504.46720124335184        3.9082638555470358E-020
   504.81204176645213        4.2415083727039768E-019
   505.15688228955236        6.0728589236327206E-019
   505.50172281265259        6.5768182852847819E-019
   505.84656333575288        6.2734781809335622E-019
   506.19140385885311        5.5364517053572157E-019
   506.53624438195334        4.6197482284423251E-019
   506.88108490505357        3.6857076297669230E-019
   507.22592542815386        2.8285400712953971E-019
   507.57076595125409        2.0942958381430967E-019
   507.91560647435432        1.4974922454371834E-019
   508.26044699745461        1.0332110707190045E-019
   508.60528752055484        6.8611639478860337E-020
   508.95012804365507        4.3656547492148805E-020
   509.29496856675530        2.6430212880736267E-020
   509.63980908985559        1.5036819903364730E-020
   509.98464961295582        7.8895057574502121E-021
   510.32949013605605        3.7089304067509943E-021
   510.67433065915634        1.5263179989019109E-021
   511.01917118225657        5.9093896770469115E-022
   511.36401170535680        4.1012846578126457E-022
   511.70885222845703        6.2144608467386918E-022
   512.05369275155726        1.0026553816004301E-021
   512.39853327465755        1.4364675171411411E-021
   512.74337379775784        1.8411279766531813E-021
   513.08821432085801        2.1974044890602265E-021
   513.43305484395830        2.4801996393370630E-021
   513.77789536705859        2.6827946767688074E-021
   514.12273589015876        2.8264041698169685E-021
   514.46757641325905        2.9419077325277553E-021
   514.81241693635934        3.0183178798451919E-021
   515.15725745945952        3.0586995210186422E-021
   515.50209798255980        3.0952918064642720E-021
   515.84693850565998        3.1037987929017309E-021
   516.19177902876027        3.1135372398594958E-021
   516.53661955186055        3.1215258824151107E-021
   516.88146007496073        3.1197338445095052E-021
   517.22630059806102        3.1196969673495925E-021
   517.57114112116130        3.1293887613325497E-021
   517.91598164426148        3.1202625305743440E-021
   518.26082216736177        3.1152798850999974E-021
   518.60566269046205        3.1200903643629376E-021
   518.95050321356223        3.1197783884036515E-021
   519.29534373666252        3.1157356307656559E-021
   519.64018425976280        3.1214508097199613E-021
   519.98502478286298        3.1231424835426400E-021
   520.32986530596327        3.1192838393258367E-021
   520.67470582906344        3.1080006189507681E-021
   521.01954635216373        3.1119613108415138E-021
   521.36438687526402        3.1290154216008745E-021
   521.70922739836419        3.1260375891457402E-021
   522.05406792146448        3.1154255776058166E-021
   522.39890844456477        3.1067380148698396E-021
   522.74374896766494        3.1148553923160538E-021
   523.08858949076523        3.1233435480115852E-021
   523.43343001386552        3.1277194357368330E-021
   523.77827053696569        3.1184258172710608E-021
   524.12311106006598        3.1072785714215466E-021
   524.46795158316627        3.1144312167473523E-021
   524.81279210626644        3.1234865407844727E-021
   525.15763262936673        3.1226173643301115E-021
   525.50247315246691        3.1170930607498160E-021
   525.84731367556719        3.1151344105863453E-021
   526.19215419866748        3.1181043099170409E-021
   526.53699472176766        3.1163840188373637E-021
   526.88183524486794        3.1185432878595777E-021
   527.22667576796823        3.1186013473364555E-021
   527.57151629106841        3.1214396869637623E-021
   527.91635681416869        3.1166089739100294E-021
   528.26119733726898        3.1152379558270591E-021
   528.60603786036916        3.1159357991927202E-021
   528.95087838346944        3.1219682564930850E-021
   529.29571890656973        3.1192444330220663E-021
   529.64055942966991        3.1140136366627820E-021
   529.98539995277019        3.1211528701610156E-021
   530.33024047587037        3.1178878467913692E-021
   530.67508099897066        3.1156673407376586E-021
   531.01992152207094        3.1166957021632700E-021
   531.36476204517112        3.1206054465902422E-021
   531.70960256827141        3.1192667585200397E-021
   532.05444309137170        3.1175162146243245E-021
   532.39928361447187        3.1179373292724981E-021
   532.74412413757216        3.1128960215346044E-021
   533.08896466067245        3.1210265985682036E-021
   533.43380518377262        3.1205664278643750E-021
   533.77864570687291        3.1185921395844902E-021
   534.12348622997320        3.1161427131897471E-021
   534.46832675307337        3.1141109665791585E-021
   534.81316727617366        3.1209977911655459E-021
   535.15800779927383        3.1184842098928546E-021
   535.50284832237412        3.1198504925245754E-021
   535.84768884547441        3.1167448962605666E-021
   536.19252936857458        3.1141651435394925E-021
   536.53736989167487        3.1221086911070973E-021
   536.88221041477516        3.1164888127482911E-021
   537.22705093787533        3.1163011308040099E-021
   537.57189146097562        3.1224615408672839E-021
   537.91673198407591        3.1165275403598896E-021
   538.26157250717608        3.1165623064671443E-021
   538.60641303027637        3.1146078457080329E-021
   538.95125355337655        3.1206753453368023E-021
   539.29609407647683        3.1223861290473769E-021
   539.64093459957712        3.1173718304976302E-021
   539.98577512267730        3.1128305589391682E-021
   540.33061564577758        3.1154611031738751E-021
   540.67545616887787        3.1249974164832587E-021
   541.02029669197805        3.1169389681245550E-021
   541.36513721507833        3.1163754975206134E-021
   541.70997773817862        3.1199834266355483E-021
   542.05481826127880        3.1161697692355847E-021
   542.39965878437908        3.1143065854489427E-021
   542.74449930747937        3.1207964090521294E-021
   543.08933983057955        3.1210124582128774E-021
   543.43418035367984        3.1175622340103899E-021
   543.77902087678001        3.1197176862550172E-021
   544.12386139988030        3.1097440539271316E-021
   544.46870192298059        3.1176785849112681E-021
   544.81354244608076        3.1254639861212934E-021
   545.15838296918105        3.1185418504301269E-021
   545.50322349228134        3.1176213645518051E-021
   545.84806401538151        3.1144958071259203E-021
   546.19290453848180        3.1149066480753633E-021
   546.53774506158209        3.1170020923728258E-021
   546.88258558468226        3.1243299993789762E-021
   547.22742610778255        3.1240347259849768E-021
   547.57226663088284        3.1122495527722792E-021
   547.91710715398301        3.1104377866364258E-021
   548.26194767708330        3.1182626255046161E-021
   548.60678820018347        3.1224768604141484E-021
   548.95162872328376        3.1237159936705288E-021
   549.29646924638405        3.1197029044823888E-021
   549.64130976948422        3.1080276985642002E-021
   549.98615029258451        3.1130800221958864E-021
   550.33099081568480        3.1260238331140925E-021
   550.67583133878497        3.1220788999557463E-021
   551.02067186188526        3.1155479448220675E-021
   551.36551238498555        3.1164496207887622E-021
   551.71035290808572        3.1157572743883096E-021
   552.05519343118601        3.1176941438915586E-021
   552.40003395428630        3.1218090018490128E-021
   552.74487447738647        3.1170773077740806E-021
   553.08971500048676        3.1141459075587943E-021
   553.43455552358694        3.1216393845560089E-021
   553.77939604668722        3.1231308246156135E-021
   554.12423656978751        3.1125002463609752E-021
   554.46907709288769        3.1098979142231192E-021
   554.81391761598798        3.1215420291145723E-021
   555.15875813908826        3.1276270947110265E-021
   555.50359866218844        3.1192234604270300E-021
   555.84843918528873        3.1120323571085519E-021
   556.19327970838901        3.1108332484818740E-021
   556.53812023148919        3.1157651050799713E-021
   556.88296075458948        3.1288928463173933E-021
   557.22780127768976        3.1261097706694297E-021
   557.57264180078994        3.1090452505041914E-021
   557.91748232389023        3.1098724355663437E-021
   558.26232284699040        3.1198685532095242E-021
   558.60716337009069        3.1216463230738732E-021
   558.95200389319098        3.1220563136778198E-021
   559.29684441629115        3.1186998682991415E-021
   559.64168493939144        3.1136037786716815E-021
   559.98652546249173        3.1158777722316795E-021
   560.33136598559190        3.1183299843706601E-021
   560.67620650869219        3.1174113162741832E-021
   561.02104703179248        3.1206322199443127E-021
   561.36588755489265        3.1226263532280081E-021
   561.71072807799294        3.1166815267493676E-021
   562.05556860109323        3.1125261042934409E-021
   562.40040912419340        3.1118790014217744E-021
   562.74524964729369        3.1218717428659214E-021
   563.09009017039386        3.1308099364195268E-021
   563.43493069349415        3.1153941166248121E-021
   563.77977121659444        3.1069860082410699E-021
   564.12461173969461        3.1176142401400229E-021
   564.46945226279490        3.1211241510689873E-021
   564.81429278589519        3.1219901240708001E-021
   565.15913330899537        3.1194531576667784E-021
   565.50397383209565        3.1146187752685425E-021
   565.84881435519594        3.1166614057531007E-021
   566.19365487829612        3.1159985665272460E-021
   566.53849540139640        3.1186507848172108E-021
   566.88333592449669        3.1230915853808957E-021
   567.22817644759687        3.1169489004893313E-021
   567.57301697069715        3.1146862275689039E-021
   567.91785749379733        3.1189651972200572E-021
   568.26269801689762        3.1173121174513494E-021
   568.60753853999790        3.1180395453151822E-021
   568.95237906309808        3.1207275204730024E-021
   569.29721958619837        3.1155101526189280E-021
   569.64206010929865        3.1158315738948297E-021
   569.98690063239883        3.1228189728218509E-021
   570.33174115549912        3.1183906571854467E-021
   570.67658167859940        3.1132253289184046E-021
   571.02142220169958        3.1169306967682539E-021
   571.36626272479987        3.1197603388176921E-021
   571.71110324790016        3.1213761659896595E-021
   572.05594377100033        3.1200924683920879E-021
   572.40078429410062        3.1138070914349004E-021
   572.74562481720079        3.1126742044978082E-021
   573.09046534030108        3.1197969997370871E-021
   573.43530586340137        3.1232584231753262E-021
   573.78014638650154        3.1194954302391683E-021
   574.12498690960183        3.1166239851047159E-021
   574.46982743270212        3.1147632036802320E-021
   574.81466795580229        3.1136546219311346E-021
   575.15950847890258        3.1196468422330747E-021
   575.50434900200287        3.1251421472831223E-021
   575.84918952510304        3.1201395594068871E-021
   576.19403004820333        3.1125398257286272E-021
   576.53887057130362        3.1123603719208705E-021
   576.88371109440379        3.1186457367518692E-021
   577.22855161750408        3.1236221022295415E-021
   577.57339214060426        3.1215041553354659E-021
   577.91823266370454        3.1148441733098511E-021
   578.26307318680483        3.1125786010660734E-021
   578.60791370990501        3.1183375855450542E-021
   578.95275423300529        3.1217807360553418E-021
   579.29759475610558        3.1170820565715172E-021
   579.64243527920576        3.1153369719446584E-021
   579.98727580230604        3.1194749390209880E-021
   580.33211632540633        3.1191516763587562E-021
   580.67695684850651        3.1145213901612926E-021
   581.02179737160679        3.1135584421656332E-021
   581.36663789470708        3.1184863329074807E-021
   581.71147841780726        3.1220685751152727E-021
   582.05631894090754        3.1193713919100665E-021
   582.40115946400772        3.1163279840072299E-021
   582.74599998710801        3.1148525522399796E-021
   583.09084051020830        3.1191878170609591E-021
   583.43568103330847        3.1312549710249383E-021
   583.78052155640876        3.1331595106170581E-021
   584.12536207950905        3.1279284522470735E-021
   584.47020260260922        3.1344432996371279E-021
   584.81504312570951        3.1449296898880961E-021
   585.15988364880980        3.1588753373297627E-021
   585.50472417190997        3.1747663187985422E-021
   585.84956469501026        3.1740571783274194E-021
   586.19440521811055        3.1768932473431020E-021
   586.53924574121072        3.2011540588109107E-021
   586.88408626431101        3.2136286623982595E-021
   587.22892678741118        3.2045729328386248E-021
   587.57376731051147        3.1936857975598707E-021
   587.91860783361176        3.1747302226526254E-021
   588.26344835671193        3.1381210620728579E-021
   588.60828887981222        3.0817576100196137E-021
   588.95312940291251        2.9908808444238550E-021
   589.29796992601268        2.8583720964637988E-021
   589.64281044911297        2.6886837354675339E-021
   589.98765097221326        2.4816937996692551E-021
   590.33249149531343        2.2324963907886221E-021
   590.67733201841372        1.9307331977781313E-021
   591.02217254151401        1.5768613434466660E-021
   591.36701306461418        1.1947369932590089E-021
   591.71185358771447        8.1381069901561512E-022
   592.05669411081465        4.5734088124788959E-022
   592.40153463391493        1.4147068069815657E-022
   592.74637515701522       -9.2950369928272666E-023
   593.09121568011540       -1.6444704808585549E-022
   593.43605620321568       -9.4188872158645696E-024
   593.78089672631597        4.2403921434665683E-022
   594.12573724941615        1.2235164650839904E-021
   594.47057777251644        2.4610024966817405E-021
   594.81541829561672        4.1817342056549196E-021
   595.16025881871690        6.4510622198079140E-021
   595.50509934181719        9.3126844829843688E-021
   595.84993986491736        1.2750940354900681E-020
   596.19478038801765        1.6716589743466611E-020
   596.53962091111794        2.1121754485932391E-020
   596.88446143421811        2.5817911085416286E-020
   597.22930195731840        3.0602070142977142E-020
   597.57414248041869        3.5217224816661681E-020
   597.91898300351886        3.9341794813377821E-020
   598.26382352661915        4.2595624340673838E-020
   598.60866404971944        4.4564046566628808E-020
   598.95350457281961        4.4825769813946729E-020
   599.29834509591990        4.2978834762024402E-020
   599.64318561902019        3.8650634933065976E-020
   599.98802614212036        3.1512939038941004E-020
   600.33286666522065        2.1339805452523163E-020
   600.67770718832082        8.0687969029584614E-021
   601.02254771142111       -8.1968721711396614E-021
   601.36738823452140       -2.7199826544169931E-020
   601.71222875762157       -4.8481089894069039E-020
   602.05706928072186       -7.1348182979445442E-020
   602.40190980382215       -9.4921499941335112E-020
   602.74675032692232       -1.1816827646396849E-019
   603.09159085002261       -1.3991404819005790E-019
   603.43643137312290       -1.5889965020867439E-019
   603.78127189622307       -1.7384877151187806E-019
   604.12611241932336       -1.8353434397068816E-019
   604.47095294242365       -1.8687350103738674E-019
   604.81579346552383       -1.8300656727857848E-019
   605.16063398862411       -1.7134699068446647E-019
   605.50547451172429       -1.5164195408620109E-019
   605.85031503482458       -1.2403045097267216E-019
   606.19515555792486       -8.9072757198754198E-020
   606.53999608102504       -4.7754517435109712E-020
   606.88483660412533       -1.4528596960563078E-021
   607.22967712722561        4.8129527644986407E-020
   607.57451765032579        9.9035117116237412E-020
   607.91935817342608        1.4913386038080986E-019
   608.26419869652636        1.9622305943021953E-019
   608.60903921962654        2.3814842336373155E-019
   608.95387974272683        2.7295520901717457E-019
   609.29872026582711        2.9900556979050841E-019
   609.64356078892729        3.1503175337740624E-019
   609.98840131202758        3.2021346896137053E-019
   610.33324183512775        3.1426810053016473E-019
   610.67808235822804        2.9745587330346697E-019
   611.02292288132833        2.7054399777103679E-019
   611.36776340442850        2.3478505524114232E-019
   611.71260392752879        1.9184557325397868E-019
   612.05744445062908        1.4369284806510871E-019
   612.40228497372925        9.2494280778815329E-020
   612.74712549682954        4.0501505764509232E-020
   613.09196601992983       -1.0091288588713596E-020
   613.43680654303000       -5.7258727929532838E-020
   613.78164706613029       -9.9219960045017359E-020
   614.12648758923058       -1.3452727295537146E-019
   614.47132811233075       -1.6215737544812384E-019
   614.81616863543104       -1.8153980447990200E-019
   615.16100915853121       -1.9252522222447803E-019
   615.50584968163150       -1.9535176739119745E-019
   615.85069020473179       -1.9063037422533536E-019
   616.19553072783197       -1.7930574997993267E-019
   616.54037125093225       -1.6255125425557934E-019
   616.88521177403254       -1.4166386711815777E-019
   617.23005229713272       -1.1800745315745766E-019
   617.57489282023300       -9.2936334039669657E-020
   617.91973334333329       -6.7705248132770111E-020
   618.26457386643347       -4.3426972241446107E-020
   618.60941438953375       -2.1039235587714863E-020
   618.95425491263404       -1.2578859123211969E-021
   619.29909543573422        1.5437590654926354E-020
   619.64393595883450        2.8785068715312743E-020
   619.98877648193468        3.8719456680036412E-020
   620.33361700503497        4.5357976510179574E-020
   620.67845752813525        4.8970487545079728E-020
   621.02329805123543        4.9927769902300245E-020
   621.36813857433572        4.8660717056634684E-020
   621.71297909743600        4.5649371271605266E-020
   622.05781962053618        4.1390492754618242E-020
   622.40266014363647        3.6336095046316726E-020
   622.74750066673676        3.0876144504329372E-020
   623.09234118983693        2.5363407609027003E-020
   623.43718171293722        2.0094317872038907E-020
   623.78202223603751        1.5274580643491388E-020
   624.12686275913768        1.1035514196616185E-020
   624.47170328223797        7.4597237513517344E-021
   624.81654380533814        4.5798099715509606E-021
   625.16138432843843        2.3786794985738092E-021
   625.50622485153872        7.9923898791076395E-022
   625.85106537463889       -2.3829450510671863E-022
   626.19590589773918       -8.1679827265263404E-022
   626.54074642083947       -1.0176176614752315E-021
   626.88558694393964       -9.2627432301853215E-022
   627.23042746703993       -6.3406519657870576E-022
   627.57526799014022       -2.2483336652339464E-022
   627.92010851324039        2.4558833982692568E-022
   628.26494903634068        7.4358092713745999E-022
   628.60978955944097        1.2344609496559981E-021
   628.95463008254114        1.6846639048630313E-021
   629.29947060564143        2.0765467834553496E-021
   629.64431112874161        2.4025047618347001E-021
   629.98915165184189        2.6608774913236209E-021
   630.33399217494218        2.8623560709071323E-021
   630.67883269804236        3.0185865441683784E-021
   631.02367322114264        3.1318541336747997E-021
   631.36851374424293        3.2024579833960549E-021
   631.71335426734311        3.2361448833114239E-021
   632.05819479044339        3.2449320084178929E-021
   632.40303531354368        3.2450842748212524E-021
   632.74787583664386        3.2439334892577474E-021
   633.09271635974414        3.2362073303155212E-021
   633.43755688284443        3.2174232772939095E-021
   633.78239740594461        3.1928548813784038E-021
   634.12723792904490        3.1717761538948791E-021
   634.47207845214507        3.1588193682558221E-021
   634.81691897524536        3.1514278253981359E-021
   635.16175949834565        3.1454009107340539E-021
   635.50660002144582        3.1373262421474646E-021
   635.85144054454611        3.1256653368237100E-021
   636.19628106764640        3.1161246831841247E-021
   636.54112159074657        3.1165968276311986E-021
   636.88596211384686        3.1210605559533724E-021
   637.23080263694715        3.1206098119558814E-021
   637.57564316004732        3.1181092766267833E-021
   637.92048368314761        3.1165431792239185E-021
   638.26532420624790        3.1130179576251268E-021
   638.61016472934807        3.1115233693812448E-021
   638.95500525244836        3.1169495920283294E-021
   639.29984577554853        3.1234455590940022E-021
   639.64468629864882        3.1219402622043181E-021
   639.98952682174911        3.1135399798858352E-021
   640.33436734484928        3.1102166632344928E-021
   640.67920786794957        3.1172369661225678E-021
   641.02404839104986        3.1234618239060318E-021
   641.36888891415003        3.1205728211870078E-021
   641.71372943725032        3.1161640179632279E-021
   642.05856996035061        3.1157080138064458E-021
   642.40341048345078        3.1165244463537950E-021
   642.74825100655107        3.1177905173382594E-021
   643.09309152965136        3.1198924308742301E-021
   643.43793205275153        3.1197355836597679E-021
   643.78277257585182        3.1168546166753788E-021
   644.12761309895200        3.1156565856586234E-021
   644.47245362205229        3.1183645727938236E-021
   644.81729414515257        3.1199756901636220E-021
   645.16213466825275        3.1174094456336137E-021
   645.50697519135304        3.1158493879809320E-021
   645.85181571445332        3.1181479081441278E-021
   646.19665623755350        3.1195417151675538E-021
   646.54149676065379        3.1190602642120595E-021
   646.88633728375407        3.1179332602538846E-021
   647.23117780685425        3.1153452864665358E-021
   647.57601832995454        3.1151873385127865E-021
   647.92085885305482        3.1199632867406696E-021
   648.26569937615500        3.1224261311767412E-021
   648.61053989925529        3.1184313356531599E-021
   648.95538042235546        3.1147955559806533E-021
   649.30022094545575        3.1147281877630180E-021
   649.64506146855604        3.1165046587634656E-021
   649.98990199165621        3.1210626625968093E-021
   650.33474251475650        3.1237933092496642E-021
   650.67958303785679        3.1177967516238923E-021
   651.02442356095696        3.1116060257420290E-021
   651.36926408405725        3.1139957626305646E-021
   651.71410460715754        3.1201361832036235E-021
   652.05894513025771        3.1232350291567860E-021
   652.40378565335800        3.1207803933570809E-021
   652.74862617645829        3.1149409082448775E-021
   653.09346669955846        3.1132066974270596E-021
   653.43830722265875        3.1171248985225316E-021
   653.78314774575892        3.1200555476526120E-021
   654.12798826885921        3.1197954112432417E-021
   654.47282879195950        3.1196155527288084E-021
   654.81766931505967        3.1187328574890763E-021
   655.16250983815996        3.1151623751883277E-021
   655.50735036126025        3.1137084689378091E-021
   655.85219088436043        3.1174957454174550E-021
   656.19703140746071        3.1217564097091634E-021
   656.54187193056100        3.1224400191683551E-021
   656.88671245366118        3.1188176160988097E-021
   657.23155297676146        3.1129790984531136E-021
   657.57639349986164        3.1119217763515963E-021
   657.92123402296193        3.1180887493106306E-021
   658.26607454606221        3.1238523982907715E-021
   658.61091506916239        3.1236345167237714E-021
   658.95575559226268        3.1180227988983439E-021
   659.30059611536296        3.1111354030442749E-021
   659.64543663846314        3.1105189067099710E-021
   659.99027716156343        3.1186635313959002E-021
   660.33511768466371        3.1270771457002360E-021
   660.67995820776389        3.1252625563482105E-021
   661.02479873086418        3.1151398354930362E-021
   661.36963925396446        3.1075833315338894E-021
   661.71447977706464        3.1107298244200656E-021
   662.05932030016493        3.1226678139804454E-021
   662.40416082326510        3.1304273933491454E-021
   662.74900134636539        3.1225407801922763E-021
   663.09384186946568        3.1091989518513755E-021
   663.43868239256585        3.1085044668098448E-021
   663.78352291566614        3.1168269130034736E-021
   664.12836343876643        3.1228538335494845E-021
   664.47320396186660        3.1257360452636898E-021
   664.81804448496689        3.1235223504585756E-021
   665.16288500806718        3.1118063496370375E-021
   665.50772553116735        3.1048024946995600E-021
   665.85256605426764        3.1155247453352268E-021
   666.19740657736793        3.1292725254804499E-021
   666.54224710046810        3.1268267330695932E-021
   666.88708762356839        3.1159880268527605E-021
   667.23192814666857        3.1105934759991263E-021
   667.57676866976885        3.1111026382013615E-021
   667.92160919286914        3.1166746124605675E-021
   668.26644971596932        3.1251655720611128E-021
   668.61129023906960        3.1267499257821175E-021
   668.95613076216989        3.1179539719726486E-021
   669.30097128527007        3.1094221068339854E-021
   669.64581180837035        3.1100896562235674E-021
   669.99065233147064        3.1185318210451593E-021
   670.33549285457082        3.1262691412861014E-021
   670.68033337767110        3.1251332415045745E-021
   671.02517390077139        3.1163375358794401E-021
   671.37001442387157        3.1104357751996651E-021
   671.71485494697185        3.1121836746092307E-021
   672.05969547007203        3.1175083701974015E-021
   672.40453599317232        3.1236640178942466E-021
   672.74937651627260        3.1269309511130818E-021
   673.09421703937278        3.1201085831592365E-021
   673.43905756247307        3.1078861548029507E-021
   673.78389808557336        3.1064306427441993E-021
   674.12873860867353        3.1192699521250683E-021
   674.47357913177382        3.1318368875300757E-021
   674.81841965487411        3.1275967767631772E-021
   675.16326017797428        3.1113165317307019E-021
   675.50810070107457        3.1031196407729252E-021
   675.85294122417486        3.1133266970115405E-021
   676.19778174727503        3.1277393829545004E-021
   676.54262227037532        3.1290562831254864E-021
   676.88746279347549        3.1181651415097447E-021
   677.23230331657578        3.1089243030556315E-021
   677.57714383967607        3.1106225733259624E-021
   677.92198436277624        3.1188692980513339E-021
   678.26682488587653        3.1249323884946325E-021
   678.61166540897682        3.1230583296242831E-021
   678.95650593207699        3.1163571320034249E-021
   679.30134645517728        3.1123419912688364E-021
   679.64618697827757        3.1153122490514571E-021
   679.99102750137774        3.1190848706568746E-021
   680.33586802447803        3.1199286592537603E-021
   680.68070854757832        3.1205123236854776E-021
   681.02554907067849        3.1191156197665323E-021
   681.37038959377878        3.1158360210747418E-021
   681.71523011687896        3.1145397998909730E-021
   682.06007063997924        3.1168620755132580E-021
   682.40491116307953        3.1194323236339030E-021
   682.74975168617971        3.1209095424217668E-021
   683.09459220927999        3.1199965292994737E-021
   683.43943273238028        3.1161341550889905E-021
   683.78427325548046        3.1140255795087418E-021
   684.12911377858075        3.1165042714877280E-021
   684.47395430168103        3.1208144901120170E-021
   684.81879482478121        3.1205368024460699E-021
   685.16363534788150        3.1167283007038612E-021
   685.50847587098178        3.1163741464829891E-021
   685.85331639408196        3.1195883996183616E-021
   686.19815691718225        3.1188840284922448E-021
   686.54299744028242        3.1123574304374486E-021
   686.88783796338271        3.1149563947502928E-021
   687.23267848648300        3.1257128655512190E-021
   687.57751900958317        3.1259383883421116E-021
   687.92235953268346        3.1123690292114308E-021
   688.26720005578375        3.1055554722910592E-021
   688.61204057888392        3.1174754668787092E-021
   688.95688110198421        3.1287477864157911E-021
   689.30172162508450        3.1239458674834375E-021
   689.64656214818467        3.1133366606946870E-021
   689.99140267128496        3.1115350589400487E-021
   690.33624319438525        3.1165226309823639E-021
   690.68108371748542        3.1183117548428606E-021
   691.02592424058571        3.1202053025817624E-021
   691.37076476368588        3.1241514442681505E-021
   691.71560528678617        3.1200882407498066E-021
   692.06044580988646        3.1103843055432285E-021
   692.40528633298663        3.1097786663244035E-021
   692.75012685608692        3.1208466369666950E-021
   693.09496737918721        3.1269177728232647E-021
   693.43980790228738        3.1209684132935831E-021
   693.78464842538767        3.1138202051241210E-021
   694.12948894848796        3.1133539045828820E-021
   694.47432947158813        3.1157788705275386E-021
   694.81916999468842        3.1172997249477555E-021
   695.16401051778871        3.1220731977615926E-021
   695.50885104088889        3.1247326887581834E-021
   695.85369156398917        3.1182572447982416E-021
   696.19853208708935        3.1092847232026452E-021
   696.54337261018964        3.1109882339594235E-021
   696.88821313328992        3.1214222667032044E-021
   697.23305365639010        3.1270058943099155E-021
   697.57789417949039        3.1222032824778353E-021
   697.92273470259067        3.1126599069330167E-021
   698.26757522569085        3.1104365851193722E-021
   698.61241574879114        3.1157808434399767E-021
   698.95725627189142        3.1215252335564312E-021
   699.30209679499160        3.1240359041482185E-021
   699.64693731809189        3.1217896785815704E-021
   699.99177784119217        3.1140851825491808E-021
   700.33661836429235        3.1088216898885691E-021
   700.68145888739264        3.1158391549074456E-021
   701.02629941049281        3.1259137200351195E-021
   701.37113993359310        3.1239258324906910E-021
   701.71598045669339        3.1147750899395157E-021
   702.06082097979356        3.1125869104067926E-021
   702.40566150289385        3.1179435679532375E-021
   702.75050202599414        3.1188914686743545E-021
   703.09534254909431        3.1164592705010773E-021
   703.44018307219460        3.1200695879400282E-021
   703.78502359529489        3.1227176269576762E-021
   704.12986411839506        3.1168050496700442E-021
   704.47470464149535        3.1113681781121833E-021
   704.81954516459564        3.1158106819776627E-021
   705.16438568769581        3.1217298886750114E-021
   705.50922621079610        3.1212764665454861E-021
   705.85406673389627        3.1190450163567474E-021
   706.19890725699656        3.1164776732681738E-021
   706.54374778009685        3.1138956909289319E-021
   706.88858830319703        3.1156926154964558E-021
   707.23342882629731        3.1209827937920948E-021
   707.57826934939760        3.1212836640211068E-021
   707.92310987249778        3.1172080426632358E-021
   708.26795039559806        3.1169296100739219E-021
   708.61279091869835        3.1181163529548823E-021
   708.95763144179853        3.1155579242703368E-021
   709.30247196489881        3.1147554685377778E-021
   709.64731248799910        3.1208243301719525E-021
   709.99215301109928        3.1238127635364750E-021
   710.33699353419956        3.1182479204835505E-021
   710.68183405729974        3.1128690009199624E-021
   711.02667458040003        3.1133485534112594E-021
   711.37151510350031        3.1180527182126923E-021
   711.71635562660049        3.1227106992207874E-021
   712.06119614970078        3.1231193261233725E-021
   712.40603667280106        3.1170238482863863E-021
   712.75087719590124        3.1115079498587806E-021
   713.09571771900153        3.1139647704821204E-021
   713.44055824210182        3.1203607381129261E-021
   713.78539876520199        3.1225075238591513E-021
   714.13023928830228        3.1204011767816037E-021
   714.47507981140257        3.1178494523270551E-021
   714.81992033450274        3.1134149447261771E-021
   715.16476085760303        3.1127488872058337E-021
   715.50960138070320        3.1193730223200397E-021
   715.85444190380349        3.1241452864874011E-021
   716.19928242690378        3.1203691037438933E-021
   716.54412295000395        3.1151618827448940E-021
   716.88896347310424        3.1155785736422019E-021
   717.23380399620453        3.1162001685195929E-021
   717.57864451930470        3.1152142670969598E-021
   717.92348504240499        3.1196528535200532E-021
   718.26832556550528        3.1253820517796625E-021
   718.61316608860545        3.1214889945424312E-021
   718.95800661170574        3.1104914726241692E-021
   719.30284713480592        3.1091194782401395E-021
   719.64768765790620        3.1187196954594004E-021
   719.99252818100649        3.1257525456395554E-021
   720.33736870410667        3.1243236145075690E-021
   720.68220922720695        3.1181421961192712E-021
   721.02704975030724        3.1105505760783281E-021
   721.37189027340742        3.1070574993915681E-021
   721.71673079650770        3.1189342566319445E-021
   722.06157131960799        3.1324709280251544E-021
   722.40641184270817        3.1259591331164742E-021
   722.75125236580845        3.1087003574688616E-021
   723.09609288890874        3.1057888812003531E-021
   723.44093341200892        3.1175969396612002E-021
   723.78577393510921        3.1243252945105941E-021
   724.13061445820938        3.1241317619411532E-021
   724.47545498130967        3.1223059072582958E-021
   724.82029550440996        3.1133194883582937E-021
   725.16513602751013        3.1061036792715451E-021
   725.50997655061042        3.1152504554154379E-021
   725.85481707371071        3.1285879763501329E-021
   726.19965759681088        3.1264737050351679E-021
   726.54449811991117        3.1135041608000320E-021
   726.88933864301146        3.1097442260623276E-021
   727.23417916611163        3.1171999833489534E-021
   727.57901968921192        3.1206241990967622E-021
   727.92386021231221        3.1180469114000800E-021
   728.26870073541238        3.1192768823772919E-021
   728.61354125851267        3.1219910456486268E-021
   728.95838178161284        3.1174479185475229E-021
   729.30322230471313        3.1112300092702544E-021
   729.64806282781342        3.1143918018680339E-021
   729.99290335091359        3.1213181721923960E-021
   730.33774387401388        3.1228429290842592E-021
   730.68258439711417        3.1208683419712180E-021
   731.02742492021434        3.1171968281820029E-021
   731.37226544331463        3.1106972085123552E-021
   731.71710596641492        3.1117945043107165E-021
   732.06194648951509        3.1226558136854663E-021
   732.40678701261538        3.1273650135498317E-021
   732.75162753571567        3.1195581958849458E-021
   733.09646805881584        3.1114287424632135E-021
   733.44130858191613        3.1123605591878493E-021
   733.78614910501631        3.1172506728670249E-021
   734.13098962811659        3.1204099977102992E-021
   734.47583015121688        3.1235332815278425E-021
   734.82067067431706        3.1221126983453980E-021
   735.16551119741735        3.1135987766611528E-021
   735.51035172051763        3.1094997633591183E-021
   735.85519224361781        3.1162800056268570E-021
   736.20003276671810        3.1236019114604596E-021
   736.54487328981838        3.1235183620166357E-021
   736.88971381291856        3.1189651821639061E-021
   737.23455433601885        3.1144755496555064E-021
   737.57939485911913        3.1124391065474589E-021
   737.92423538221931        3.1141565088738792E-021
   738.26907590531960        3.1210795668820785E-021
   738.61391642841977        3.1269211651112155E-021
   738.95875695152006        3.1214069111294539E-021
   739.30359747462035        3.1098118629606829E-021
   739.64843799772052        3.1098193999138198E-021
   739.99327852082081        3.1198565441784008E-021
   740.33811904392110        3.1235045513300592E-021
   740.68295956702127        3.1211518229738762E-021
   741.02780009012156        3.1189192129444158E-021
   741.37264061322185        3.1157597887199973E-021
   741.71748113632202        3.1120204054880286E-021
   742.06232165942231        3.1131560682843231E-021
   742.40716218252260        3.1230058192598928E-021
   742.75200270562277        3.1272548162741532E-021
   743.09684322872306        3.1181466707961317E-021
   743.44168375182323        3.1113462700121354E-021
   743.78652427492352        3.1126733920026107E-021
   744.13136479802381        3.1164020281987550E-021
   744.47620532112398        3.1221169494528772E-021
   744.82104584422427        3.1249120280799378E-021
   745.16588636732456        3.1204825341584961E-021
   745.51072689042473        3.1123149165464406E-021
   745.85556741352502        3.1086521236491868E-021
   746.20040793662531        3.1172092146064205E-021
   746.54524845972549        3.1258841837609840E-021
   746.89008898282577        3.1241533479303484E-021
   747.23492950592606        3.1176844687957531E-021
   747.57977002902624        3.1120643511601565E-021
   747.92461055212652        3.1105890153009310E-021
   748.26945107522670        3.1175097427190770E-021
   748.61429159832699        3.1252001219243500E-021
   748.95913212142727        3.1244392399593585E-021
   749.30397264452745        3.1176990618355935E-021
   749.64881316762774        3.1104049128420981E-021
   749.99365369072802        3.1112808899836301E-021
   750.33849421382820        3.1194955956583791E-021
   750.68333473692849        3.1245834724070556E-021
   751.02817526002877        3.1229379334607070E-021
   751.37301578312895        3.1175873096631348E-021
   751.71785630622924        3.1122797702539068E-021
   752.06269682932952        3.1105804286024596E-021
   752.40753735242970        3.1175594662018212E-021
   752.75237787552999        3.1262932852539882E-021
   753.09721839863016        3.1250074989849119E-021
   753.44205892173045        3.1157980796262605E-021
   753.78689944483074        3.1095319913635204E-021
   754.13173996793091        3.1123618734396918E-021
   754.47658049103120        3.1193978909042049E-021
   754.82142101413149        3.1254710838037959E-021
   755.16626153723166        3.1251052967419297E-021
   755.51110206033195        3.1160205809541899E-021
   755.85594258343224        3.1072257793770076E-021
   756.20078310653241        3.1108485601860395E-021
   756.54562362963270        3.1242783137006296E-021
   756.89046415273299        3.1284208279056433E-021
   757.23530467583316        3.1197475566424119E-021
   757.58014519893345        3.1113856494800356E-021
   757.92498572203363        3.1116502616409699E-021
   758.26982624513391        3.1161407672044280E-021
   758.61466676823420        3.1207587190362135E-021
   758.95950729133438        3.1246108764459357E-021
   759.30434781443466        3.1224079447215231E-021
   759.64918833753495        3.1138088518941557E-021
   759.99402886063513        3.1082812070530806E-021
   760.33886938373541        3.1141799373803421E-021
   760.68370990683570        3.1255639494192731E-021
   761.02855042993588        3.1275205900154912E-021
   761.37339095303616        3.1171534696808024E-021
   761.71823147613645        3.1088168748799218E-021
   762.06307199923663        3.1123247875148171E-021
   762.40791252233691        3.1207455281886839E-021
   762.75275304543709        3.1239293382439799E-021
   763.09759356853738        3.1215133870081683E-021
   763.44243409163767        3.1161930369060799E-021
   763.78727461473784        3.1122713321184398E-021
   764.13211513783813        3.1146769935278241E-021
   764.47695566093842        3.1202237020427146E-021
   764.82179618403859        3.1225810420847295E-021
   765.16663670713888        3.1193728037372308E-021
   765.51147723023917        3.1156640479323649E-021
   765.85631775333934        3.1157785527922969E-021
   766.20115827643963        3.1161117625936075E-021
   766.54599879953992        3.1172874577429153E-021
   766.89083932264009        3.1208135794256710E-021
   767.23567984574038        3.1217848176823323E-021
   767.58052036884055        3.1174059230977031E-021
   767.92536089194084        3.1121466697097218E-021
   768.27020141504113        3.1149431947528724E-021
   768.61504193814130        3.1227948612616959E-021
   768.95988246124159        3.1220519946500001E-021
   769.30472298434188        3.1152028270526945E-021
   769.64956350744205        3.1143033085758064E-021
   769.99440403054234        3.1190335451972869E-021
   770.33924455364263        3.1203492390819250E-021
   770.68408507674280        3.1168066184257216E-021
   771.02892559984309        3.1150489250101339E-021
   771.37376612294338        3.1191938316024308E-021
   771.71860664604355        3.1222149604548040E-021
   772.06344716914384        3.1168690121902515E-021
   772.40828769224402        3.1121577470551638E-021
   772.75312821534430        3.1179215023663983E-021
   773.09796873844459        3.1232006002201645E-021
   773.44280926154477        3.1187073592710072E-021
   773.78764978464505        3.1137140220299080E-021
   774.13249030774534        3.1173427616635122E-021
   774.47733083084552        3.1204042314729613E-021
   774.82217135394581        3.1177960818560426E-021
   775.16701187704609        3.1159030676997216E-021
   775.51185240014627        3.1182623159544296E-021
   775.85669292324656        3.1195255669241693E-021
   776.20153344634684        3.1175463188243857E-021
   776.54637396944702        3.1170450267108626E-021
   776.89121449254731        3.1178874391839416E-021
   777.23605501564748        3.1178841779852182E-021
   777.58089553874777        3.1165411990430091E-021
   777.92573606184806        3.1185324768191256E-021
   778.27057658494823        3.1207465559579130E-021
   778.61541710804852        3.1178146449398523E-021
   778.96025763114881        3.1143145084202907E-021
   779.30509815424898        3.1161579274997610E-021
   779.64993867734927        3.1203380384632955E-021
   779.99477920044956        3.1204733794173974E-021
   780.33961972354973        3.1174850512098976E-021
   780.68446024665002        3.1165787367049747E-021
   781.02930076975019        3.1164817732723806E-021
   781.37414129285048        3.1164800891858569E-021
   781.71898181595077        3.1187684307387095E-021
   782.06382233905094        3.1209570853837172E-021
   782.40866286215123        3.1192998654267145E-021
   782.75350338525152        3.1156493699391675E-021
   783.09834390835169        3.1141114734132691E-021
   783.44318443145198        3.1167458588169885E-021
   783.78802495455227        3.1219743495685202E-021
   784.13286547765244        3.1221578789594066E-021
   784.47770600075273        3.1154994411229313E-021
   784.82254652385302        3.1125477210088991E-021
   785.16738704695319        3.1179106221422849E-021
   785.51222757005348        3.1217330285273744E-021
   785.85706809315366        3.1187864277068698E-021
   786.20190861625395        3.1157593375352718E-021
   786.54674913935423        3.1176613338728272E-021
   786.89158966245441        3.1194927003910218E-021
   787.23643018555470        3.1169553039246644E-021
   787.58127070865498        3.1153276082091744E-021
   787.92611123175516        3.1181130847527666E-021
   788.27095175485545        3.1213951542253535E-021
   788.61579227795573        3.1196638931288889E-021
   788.96063280105591        3.1146557273837814E-021
   789.30547332415620        3.1143582214990332E-021
   789.65031384725648        3.1190174633461035E-021
   789.99515437035666        3.1209046614736977E-021
   790.33999489345695        3.1191433591478766E-021
   790.68483541655712        3.1166562013401851E-021
   791.02967593965741        3.1157948993723971E-021
   791.37451646275770        3.1171888136570454E-021
   791.71935698585787        3.1183130528459823E-021
   792.06419750895816        3.1194057466282798E-021
   792.40903803205845        3.1196328941789844E-021
   792.75387855515862        3.1159339458352508E-021
   793.09871907825891        3.1157029986488170E-021
   793.44355960135920        3.1192001598730422E-021
   793.78840012445937        3.1193859104897979E-021
   794.13324064755966        3.1167711626565643E-021
   794.47808117065995        3.1165346866069819E-021
   794.82292169376012        3.1186961116825883E-021
   795.16776221686041        3.1200837067474036E-021
   795.51260273996058        3.1178862917218314E-021
   795.85744326306087        3.1144745575268914E-021
   796.20228378616116        3.1161082164724985E-021
   796.54712430926133        3.1206182084545708E-021
   796.89196483236162        3.1209062087530610E-021
   797.23680535546191        3.1178622737987511E-021
   797.58164587856209        3.1153507695835726E-021
   797.92648640166237        3.1148947557601314E-021
   798.27132692476266        3.1174817773778204E-021
   798.61616744786284        3.1206853979140099E-021
   798.96100797096312        3.1218201221274420E-021
   799.30584849406341        3.1188066710036164E-021
   799.65068901716359        3.1125692308452095E-021
   799.99552954026387        3.1117631186756052E-021
   800.34037006336405        3.1201551356276383E-021
   800.68521058646434        3.1266951842840718E-021
   801.03005110956462        3.1210141140175730E-021
   801.37489163266480        3.1107794534077258E-021
   801.71973215576509        3.1107538765561704E-021
   802.06457267886537        3.1192352194006561E-021
   802.40941320196555        3.1249507630753064E-021
   802.75425372506584        3.1214925308274390E-021
   803.09909424816612        3.1146404390731165E-021
   803.44393477126630        3.1129963812012425E-021
   803.78877529436659        3.1161858242548558E-021
   804.13361581746688        3.1201910195043504E-021
   804.47845634056705        3.1213243160858954E-021
   804.82329686366734        3.1198038865757815E-021
   805.16813738676751        3.1154703897695533E-021
   805.51297790986780        3.1133018932673197E-021
   805.85781843296809        3.1179580669659841E-021
   806.20265895606826        3.1216144278473873E-021
   806.54749947916855        3.1199901015507432E-021
   806.89234000226884        3.1154773064785251E-021
   807.23718052536901        3.1146974405742783E-021
   807.58202104846930        3.1200192682017977E-021
   807.92686157156959        3.1208752161954489E-021
   808.27170209466976        3.1156953832647030E-021
   808.61654261777005        3.1138716725767736E-021
   808.96138314087034        3.1191484134320113E-021
   809.30622366397051        3.1233993067964614E-021
   809.65106418707080        3.1183801094836665E-021
   809.99590471017098        3.1125341483649602E-021
   810.34074523327126        3.1150792185218807E-021
   810.68558575637155        3.1197947468897317E-021
   811.03042627947173        3.1213549785655428E-021
   811.37526680257201        3.1206283978143499E-021
   811.72010732567230        3.1159964735336235E-021
   812.06494784877248        3.1126798107450191E-021
   812.40978837187276        3.1159281925000850E-021
   812.75462889497305        3.1214678468032148E-021
   813.09946941807323        3.1225075469251972E-021
   813.44430994117351        3.1182904140016396E-021
   813.78915046427380        3.1140202462722914E-021
   814.13399098737398        3.1133282783910372E-021
   814.47883151047427        3.1187055770247033E-021
   814.82367203357444        3.1227116541028524E-021
   815.16851255667473        3.1195938905950850E-021
   815.51335307977502        3.1159526043869328E-021
   815.85819360287519        3.1162178502299183E-021
   816.20303412597548        3.1162744266440000E-021
   816.54787464907577        3.1164464907737906E-021
   816.89271517217594        3.1206338294411242E-021
   817.23755569527623        3.1222966190311372E-021
   817.58239621837652        3.1164812741784699E-021
   817.92723674147669        3.1132456868181644E-021
   818.27207726457698        3.1161736140331922E-021
   818.61691778767727        3.1199992703399672E-021
   818.96175831077744        3.1213663986742274E-021
   819.30659883387773        3.1184404971181306E-021
   819.65143935697790        3.1149879455324822E-021
   819.99627988007819        3.1152970716824279E-021
   820.34112040317848        3.1193676094215849E-021
   820.68596092627865        3.1204025938750790E-021
   821.03080144937894        3.1170090044665439E-021
   821.37564197247923        3.1163219483684644E-021
   821.72048249557940        3.1179472119067675E-021
   822.06532301867969        3.1189568752701798E-021
   822.41016354177998        3.1187080865060994E-021
   822.75500406488015        3.1167928923972142E-021
   823.09984458798044        3.1157580579780266E-021
   823.44468511108073        3.1177396375223937E-021
   823.78952563418090        3.1200739873466481E-021
   824.13436615728119        3.1201441739945142E-021
   824.47920668038137        3.1179261746577101E-021
   824.82404720348165        3.1138091839931762E-021
   825.16888772658194        3.1137707383892892E-021
   825.51372824968212        3.1203671319751258E-021
   825.85856877278241        3.1246758433731467E-021
   826.20340929588269        3.1201485535970335E-021
   826.54824981898287        3.1121490888692322E-021
