# Time (a.u.)              Ex (a.u.),      x =    0.00000 nm,   y =    0.00000 nm,   z = -500.00000 nm
  0.31035647079022260        0.0000000000000000     
  0.65519699389047004        0.0000000000000000     
   1.0000375169907174        0.0000000000000000     
   1.3448780400909648        0.0000000000000000     
   1.6897185631912122        0.0000000000000000     
   2.0345590862914595        0.0000000000000000     
   2.3793996093917067        0.0000000000000000     
   2.7242401324919543        0.0000000000000000     
   3.0690806555922014        0.0000000000000000     
   3.4139211786924490        0.0000000000000000     
   3.7587617017926962        0.0000000000000000     
   4.1036022248929438        0.0000000000000000     
   4.4484427479931909        0.0000000000000000     
   4.7932832710934381        0.0000000000000000     
   5.1381237941936853        0.0000000000000000     
   5.4829643172939333        0.0000000000000000     
   5.8278048403941805        0.0000000000000000     
   6.1726453634944276        0.0000000000000000     
   6.5174858865946748        0.0000000000000000     
   6.8623264096949228        0.0000000000000000     
   7.2071669327951700        0.0000000000000000     
   7.5520074558954171        0.0000000000000000     
   7.8968479789956643        0.0000000000000000     
   8.2416885020959114        0.0000000000000000     
   8.5865290251961586        0.0000000000000000     
   8.9313695482964075        0.0000000000000000     
   9.2762100713966547        0.0000000000000000     
   9.6210505944969018        0.0000000000000000     
   9.9658911175971490        0.0000000000000000     
   10.310731640697396        0.0000000000000000     
   10.655572163797643        0.0000000000000000     
   11.000412686897890        0.0000000000000000     
   11.345253209998138        0.0000000000000000     
   11.690093733098385        0.0000000000000000     
   12.034934256198634        0.0000000000000000     
   12.379774779298881        0.0000000000000000     
   12.724615302399128        0.0000000000000000     
   13.069455825499375        0.0000000000000000     
   13.414296348599622        0.0000000000000000     
   13.759136871699869        0.0000000000000000     
   14.103977394800117        0.0000000000000000     
   14.448817917900364        0.0000000000000000     
   14.793658441000613        0.0000000000000000     
   15.138498964100860        0.0000000000000000     
   15.483339487201107        0.0000000000000000     
   15.828180010301354        0.0000000000000000     
   16.173020533401601        0.0000000000000000     
   16.517861056501850        0.0000000000000000     
   16.862701579602096        0.0000000000000000     
   17.207542102702345        0.0000000000000000     
   17.552382625802590        0.0000000000000000     
   17.897223148902839        0.0000000000000000     
   18.242063672003084        0.0000000000000000     
   18.586904195103333        0.0000000000000000     
   18.931744718203579        0.0000000000000000     
   19.276585241303827        0.0000000000000000     
   19.621425764404076        0.0000000000000000     
   19.966266287504322        0.0000000000000000     
   20.311106810604571        0.0000000000000000     
   20.655947333704816        0.0000000000000000     
   21.000787856805065        0.0000000000000000     
   21.345628379905310        0.0000000000000000     
   21.690468903005559        0.0000000000000000     
   22.035309426105805        0.0000000000000000     
   22.380149949206054        0.0000000000000000     
   22.724990472306303        0.0000000000000000     
   23.069830995406548        0.0000000000000000     
   23.414671518506797        0.0000000000000000     
   23.759512041607042        0.0000000000000000     
   24.104352564707291        0.0000000000000000     
   24.449193087807537        0.0000000000000000     
   24.794033610907785        0.0000000000000000     
   25.138874134008034        0.0000000000000000     
   25.483714657108280        0.0000000000000000     
   25.828555180208529        0.0000000000000000     
   26.173395703308774        0.0000000000000000     
   26.518236226409023        0.0000000000000000     
   26.863076749509268        0.0000000000000000     
   27.207917272609517        0.0000000000000000     
   27.552757795709763        0.0000000000000000     
   27.897598318810012        0.0000000000000000     
   28.242438841910261        0.0000000000000000     
   28.587279365010506        0.0000000000000000     
   28.932119888110755        0.0000000000000000     
   29.276960411211000        0.0000000000000000     
   29.621800934311249        0.0000000000000000     
   29.966641457411495        0.0000000000000000     
   30.311481980511743        0.0000000000000000     
   30.656322503611989        0.0000000000000000     
   31.001163026712238        0.0000000000000000     
   31.346003549812487        0.0000000000000000     
   31.690844072912732        0.0000000000000000     
   32.035684596012977        0.0000000000000000     
   32.380525119113230        0.0000000000000000     
   32.725365642213475        0.0000000000000000     
   33.070206165313721        0.0000000000000000     
   33.415046688413966        0.0000000000000000     
   33.759887211514219        0.0000000000000000     
   34.104727734614464        0.0000000000000000     
   34.449568257714709        0.0000000000000000     
   34.794408780814962       -4.0616593272398453E-318
   35.139249303915207       -1.3498471911905689E-306
   35.484089827015453       -5.8736425389542227E-297
   35.828930350115698       -2.7247859108430597E-288
   36.173770873215950       -2.7343162603077712E-280
   36.518611396316196       -8.5521493863572914E-273
   36.863451919416441       -1.0431431222864503E-265
   37.208292442516694       -5.7753726398104060E-259
   37.553132965616939       -1.6196527581036555E-252
   37.897973488717184       -2.4998311786911436E-246
   38.242814011817430       -2.2660315693524056E-240
   38.587654534917682       -1.2711031171810755E-234
   38.932495058017928       -4.6057200759484085E-229
   39.277335581118173       -1.1173794846837791E-223
   39.622176104218418       -1.8711531219533511E-218
   39.967016627318671       -2.2201126575916891E-213
   40.311857150418916       -1.9091892074162547E-208
   40.656697673519162       -1.2138326583108472E-203
   41.001538196619414       -5.8065892234170440E-199
   41.346378719719660       -2.1227910773715555E-194
   41.691219242819905       -6.0141606851071387E-190
   42.036059765920150       -1.3371311490548200E-185
   42.380900289020403       -2.3595610511153724E-181
   42.725740812120648       -3.3390380895479259E-177
   43.070581335220893       -3.8249432807822702E-173
   43.415421858321146       -3.5774782147834876E-169
   43.760262381421391       -2.7536420837479549E-165
   44.105102904521637       -1.7570189331450401E-161
   44.449943427621882       -9.3562795255088942E-158
   44.794783950722135       -4.1840010324201224E-154
   45.139624473822380       -1.5803484711416018E-150
   45.484464996922625       -5.0690036657585654E-147
   45.829305520022878       -1.3876478919817034E-143
   46.174146043123123       -3.2572995308314879E-140
   46.518986566223369       -6.5850932806690314E-137
   46.863827089323614       -1.1512683005714662E-133
   47.208667612423866       -1.7473364145779479E-130
   47.553508135524112       -2.3106603216566611E-127
   47.898348658624357       -2.6713859058536046E-124
   48.243189181724603       -2.7087790850322887E-121
   48.588029704824855       -2.4163670684701295E-118
   48.932870227925100       -1.9017202034646331E-115
   49.277710751025346       -1.3240303530732725E-112
   49.622551274125598       -8.1757174092157969E-110
   49.967391797225844       -4.4882738367979007E-107
   50.312232320326089       -2.1955887060721040E-104
   50.657072843426334       -9.5913671645315899E-102
   51.001913366526587       -3.7493659616379136E-099
   51.346753889626832       -1.3140921635492899E-096
   51.691594412727078       -4.1369752413287757E-094
   52.036434935827330       -1.1718860929217414E-091
   52.381275458927576       -2.9919167025311958E-089
   52.726115982027821       -6.8953024719957825E-087
   53.070956505128066       -1.4366089976415114E-084
   53.415797028228319       -2.7096435607175634E-082
   53.760637551328564       -4.6328426885496187E-080
   54.105478074428810       -7.1892916580437005E-078
   54.450318597529062       -1.0137670904432407E-075
   54.795159120629307       -1.3004217691124785E-073
   55.139999643729553       -1.5190623272869232E-071
   55.484840166829798       -1.6174667982377708E-069
   55.829680689930051       -1.5712999172976414E-067
   56.174521213030296       -1.3938474066770926E-065
   56.519361736130541       -1.1299149576048521E-063
   56.864202259230787       -8.3765740661027552E-062
   57.209042782331039       -5.6828617683045823E-060
   57.553883305431285       -3.5303014263763288E-058
   57.898723828531530       -2.0092724319167180E-056
   58.243564351631782       -1.0482398879369131E-054
   58.588404874732028       -5.0149176059946832E-053
   58.933245397832273       -2.2009403207785325E-051
   59.278085920932519       -8.8639502885133620E-050
   59.622926444032771       -3.2766246722936668E-048
   59.967766967133016       -1.1119465210175642E-046
   60.312607490233262       -3.4645522754607412E-045
   60.657448013333514       -9.9113782616098520E-044
   61.002288536433760       -2.6033372504324503E-042
   61.347129059534005       -6.2775225330320827E-041
   61.691969582634250       -1.3893888320936629E-039
   62.036810105734503       -2.8217265359956845E-038
   62.381650628834748       -5.2565199252110095E-037
   62.726491151934994       -8.9777169338594696E-036
   63.071331675035239       -1.4049494074478145E-034
   63.416172198135492       -2.0131292875679507E-033
   63.761012721235737       -2.6389299286638541E-032
   64.105853244335989       -3.1614834504714066E-031
   64.450693767436235       -3.4573723682648862E-030
   64.795534290536480       -3.4466050141994324E-029
   65.140374813636726       -3.1269697943251518E-028
   65.485215336736971       -2.5770370124809669E-027
   65.830055859837216       -1.9249491601693070E-026
   66.174896382937462       -1.2998279873120010E-025
   66.519736906037721       -7.9100154871213503E-025
   66.864577429137967       -4.3220268229876089E-024
   67.209417952238212       -2.1109210097469654E-023
   67.554258475338457       -9.1651385855693144E-023
   67.899098998438703       -3.5130362340216601E-022
   68.243939521538948       -1.1781901377312083E-021
   68.588780044639194       -3.4159305271129675E-021
   68.933620567739453       -8.4164582032497114E-021
   69.278461090839698       -1.7162908305876908E-020
   69.623301613939944       -2.7645481815256284E-020
   69.968142137040189       -3.1674969061879608E-020
   70.312982660140435       -1.6922056643439503E-020
   70.657823183240680        1.9302654548878700E-020
   71.002663706340925        5.3007377065994561E-020
   71.347504229441185        4.4211598303526599E-020
   71.692344752541430       -1.1842979467392123E-020
   72.037185275641676       -5.6085542921345721E-020
   72.382025798741921       -3.4167780309253687E-020
   72.726866321842166        1.8779127604687896E-020
   73.071706844942412        3.4195086690190576E-020
   73.416547368042657        1.5145739435110821E-020
   73.761387891142917       -9.9654915136593520E-021
   74.106228414243162       -3.6785519643945644E-020
   74.451068937343408       -2.0663945610155186E-020
   74.795909460443653        3.7788216532743686E-020
   75.140749983543898        3.0963051571185328E-020
   75.485590506644144       -2.7315303549514412E-020
   75.830431029744389       -4.3667381502595551E-020
   76.175271552844649       -4.3833832260991940E-020
   76.520112075944894       -6.3724385225707211E-021
   76.864952599045139        5.2732844435614874E-020
   77.209793122145385        3.0542109547173301E-020
   77.554633645245630       -1.5570982573948916E-020
   77.899474168345876       -6.1424931555133372E-020
   78.244314691446121       -6.9099837600862983E-020
   78.589155214546381        9.6997334549666367E-022
   78.933995737646626        2.5441435181813776E-020
   79.278836260746871        3.4863699143311174E-020
   79.623676783847117        3.2269352711340619E-020
   79.968517306947362       -7.0909784410535820E-021
   80.313357830047607       -3.9193775426422017E-020
   80.658198353147853       -2.6520385439977325E-020
   81.003038876248112        7.1053040201605550E-021
   81.347879399348358        3.1773719873875415E-020
   81.692719922448603        6.4764891318005201E-020
   82.037560445548849        2.4166319169121551E-020
   82.382400968649094       -1.0132019357251853E-020
   82.727241491749339       -4.3506895256199345E-020
   83.072082014849585       -8.8207654478696269E-021
   83.416922537949830        1.5943104189275216E-020
   83.761763061050090        3.9832344084535969E-020
   84.106603584150335       -8.7451320237739403E-022
   84.451444107250580       -4.2593247943469565E-020
   84.796284630350826       -1.8045559073114946E-020
   85.141125153451071        1.5335894305729513E-020
   85.485965676551317        3.7120895300387142E-020
   85.830806199651562        3.8570246987674533E-020
   86.175646722751821       -2.4278743242695159E-020
   86.520487245852067       -7.5824397458171418E-020
   86.865327768952312       -2.3407077096271143E-020
   87.210168292052558        2.0724688248024232E-021
   87.555008815152803        6.8368994784026849E-020
   87.899849338253048        4.3421958403923697E-020
   88.244689861353294       -1.5119889584550517E-020
   88.589530384453553       -5.4519734741384290E-020
   88.934370907553799       -6.4491564658967709E-020
   89.279211430654044       -2.3110725887319962E-020
   89.624051953754289        6.4014370943429280E-020
   89.968892476854535        5.1688249238561829E-020
   90.313732999954780        5.1316198589449502E-020
   90.658573523055026       -4.1446051279206512E-020
   91.003414046155285       -7.9434895896033584E-020
   91.348254569255531       -6.0086329197265068E-021
   91.693095092355776        1.3558494680503907E-020
   92.037935615456021        5.6506167439164840E-020
   92.382776138556267        2.1610324152891280E-020
   92.727616661656512       -1.9097545354626632E-020
   93.072457184756757       -5.4558097859073047E-020
   93.417297707857017       -1.3668888276160444E-020
   93.762138230957262        3.1356141660621629E-020
   94.106978754057508        3.6296670358496378E-020
   94.451819277157753        8.1800702693311865E-021
   94.796659800257999       -4.5323868834882636E-020
   95.141500323358244       -4.9286276379032606E-020
   95.486340846458489       -9.6938629329634643E-021
   95.831181369558749        6.6342643652850599E-020
   96.176021892658994        7.1625232899610022E-020
   96.520862415759240       -5.5640530676299294E-021
   96.865702938859485       -3.7326692433004063E-020
   97.210543461959730       -6.6283228593406610E-020
   97.555383985059976       -7.7886652538307599E-021
   97.900224508160221        3.9715773256449733E-020
   98.245065031260467        6.1990847152694042E-020
   98.589905554360726        4.7906499349860055E-020
   98.934746077460971       -2.5865500078081192E-020
   99.279586600561217       -4.5992666867866985E-020
   99.624427123661462        2.0778220622349189E-021
   99.969267646761708       -3.4397833911424047E-021
   100.31410816986195        2.4978103908594337E-020
   100.65894869296220        1.4845153435937662E-020
   101.00378921606246       -3.5759808226017502E-020
   101.34862973916270       -2.4518134998712926E-020
   101.69347026226295        3.1156462590924598E-021
   102.03831078536319        1.0078926719829859E-021
   102.38315130846344       -5.8711280313101857E-021
   102.72799183156368       -5.4926611273238366E-022
   103.07283235466393       -1.3545240340418300E-020
   103.41767287776419        3.3645545724848217E-021
   103.76251340086444        1.1996460650304814E-020
   104.10735392396468        3.9876841123280393E-021
   104.45219444706493        3.1488724952877538E-020
   104.79703497016517       -7.8547076418811382E-021
   105.14187549326542        2.7816392368084249E-020
   105.48671601636566       -5.3408844927831185E-020
   105.83155653946592       -2.0647172004054470E-020
   106.17639706256617        7.3670405611587055E-021
   106.52123758566641       -9.5891520353493430E-021
   106.86607810876666        4.4848266259427439E-020
   107.21091863186690       -9.8240510803882207E-021
   107.55575915496715       -6.9850520802572397E-021
   107.90059967806739       -2.1223606149823378E-020
   108.24544020116765       -9.7623183323655212E-021
   108.59028072426790        3.3823622592238525E-020
   108.93512124736814        4.1433746920323750E-020
   109.27996177046839       -1.7567728559713844E-021
   109.62480229356864        1.7613981280691798E-020
   109.96964281666888       -1.3388280047225896E-020
   110.31448333976913       -3.3116161175347571E-020
   110.65932386286939        1.5758307582708429E-020
   111.00416438596963        7.5485354004012899E-021
   111.34900490906988       -2.5713822105882914E-021
   111.69384543217012        1.7271994821676500E-020
   112.03868595527037       -4.5003932462066716E-020
   112.38352647837061        2.9683664861601708E-021
   112.72836700147086       -9.8652262989767755E-022
   113.07320752457110       -4.3273752921532295E-021
   113.41804804767136       -1.7122033871829824E-021
   113.76288857077161        5.6815266778837656E-021
   114.10772909387185        5.1361124606106899E-021
   114.45256961697210       -6.9416407703350545E-021
   114.79741014007234        1.1842484525080480E-020
   115.14225066317259        3.2274774815240807E-020
   115.48709118627283        1.7653540125331032E-020
   115.83193170937309       -4.7855472998334089E-021
   116.17677223247334       -2.0753590487790575E-020
   116.52161275557359       -3.2061344967293727E-020
   116.86645327867383        6.3025749824344950E-020
   117.21129380177408        5.1229121255086351E-020
   117.55613432487432       -2.8261056220580525E-021
   117.90097484797457       -8.9115894039721982E-021
   118.24581537107483       -6.1389613275176569E-020
   118.59065589417507       -2.6885028370157325E-020
   118.93549641727532        2.0438289168196204E-020
   119.28033694037556        2.5980889267666467E-020
   119.62517746347581       -2.3002422414380604E-020
   119.97001798657605       -1.5023856440433538E-020
   120.31485850967630        1.7289078530328468E-020
   120.65969903277656        6.0660049138831314E-021
   121.00453955587680        1.7456460831226681E-020
   121.34938007897705       -2.9168337771578370E-020
   121.69422060207729       -1.5812983196482273E-020
   122.03906112517754       -1.6243158252023862E-020
   122.38390164827779       -1.6187287761317261E-020
   122.72874217137803        1.4010798078000488E-020
   123.07358269447829        5.6874779943341580E-021
   123.41842321757854       -2.4352457209221906E-020
   123.76326374067878       -6.5214408260304475E-021
   124.10810426377903        5.1465837040504016E-021
   124.45294478687927       -1.7944556566165903E-020
   124.79778530997952        1.9570979909867507E-020
   125.14262583307976        2.9121962238615474E-020
   125.48746635618002        1.9996494305292096E-020
   125.83230687928027        2.3668152854324094E-020
   126.17714740238051        4.1686735387460125E-021
   126.52198792548076       -1.7953801044584605E-020
   126.86682844858100       -1.5133774401630411E-020
   127.21166897168125       -1.1927126622738569E-020
   127.55650949478149        1.1350101849141369E-020
   127.90135001788174        1.8677324985806935E-020
   128.24619054098198       -1.5178472786934392E-020
   128.59103106408224       -2.2314364864133068E-020
   128.93587158718248        3.6277556689061586E-021
   129.28071211028274       -2.4643868632404225E-020
   129.62555263338299        1.7402784331040056E-020
   129.97039315648323        1.6048729744417290E-020
   130.31523367958349        2.3794956601985730E-020
   130.66007420268372       -1.5509170986387753E-020
   131.00491472578398        1.9055849513492840E-020
   131.34975524888421        3.1335062276630233E-020
   131.69459577198447        8.5684231312452765E-021
   132.03943629508473       -2.4141835276271685E-020
   132.38427681818496       -2.8510975527195600E-020
   132.72911734128522       -3.6400387380867890E-020
   133.07395786438545       -1.8053113079899110E-020
   133.41879838748571        2.2474372049129399E-020
   133.76363891058594        4.8271251508428804E-020
   134.10847943368620       -8.0843389942143898E-021
   134.45331995678646       -6.6495361445841964E-020
   134.79816047988669       -1.7920875112431980E-020
   135.14300100298695       -2.9072841310846795E-020
   135.48784152608718        6.0063937966998883E-020
   135.83268204918744        2.6776755189671915E-020
   136.17752257228767       -6.7576745839873843E-021
   136.52236309538793       -6.7358025977057373E-020
   136.86720361848819       -2.4358712012724710E-020
   137.21204414158842       -2.7012726058882492E-020
   137.55688466468868        4.2769441839755596E-020
   137.90172518778891       -7.8357986063205939E-021
   138.24656571088917       -2.9671842770538618E-020
   138.59140623398940        2.1519729861980795E-020
   138.93624675708966        7.7239668332289825E-021
   139.28108728018992        9.1740215773919213E-021
   139.62592780329015        2.6390212145321775E-020
   139.97076832639041        1.4091078471091850E-020
   140.31560884949064       -9.0189263701010371E-021
   140.66044937259090       -1.0360293425050600E-020
   141.00528989569113        4.7186939065891591E-021
   141.35013041879139        1.3978998797319762E-020
   141.69497094189165        2.6687554512248110E-020
   142.03981146499189        2.4155245855358913E-020
   142.38465198809214        3.3922482379685909E-020
   142.72949251119238       -2.1066790674129130E-021
   143.07433303429264       -2.4524904319109028E-020
   143.41917355739287       -4.5844219329804754E-020
   143.76401408049313       -1.9797392323537372E-021
   144.10885460359339        3.6449692282230630E-020
   144.45369512669362        3.6135620586746798E-020
   144.79853564979388        1.3674718606572333E-020
   145.14337617289411       -4.6646629850813705E-021
   145.48821669599437       -6.1641611027545649E-020
   145.83305721909460       -2.8425289129188209E-020
   146.17789774219486        1.7130632757127261E-020
   146.52273826529512        2.7558826519366360E-020
   146.86757878839535        2.2017900673704544E-020
   147.21241931149561       -5.1527270460844565E-021
   147.55725983459584       -5.4328828645285600E-020
   147.90210035769610       -5.1979322652724482E-020
   148.24694088079633        4.5920332613818813E-020
   148.59178140389659        5.5020460188523390E-021
   148.93662192699685       -3.1288531082441386E-020
   149.28146245009708       -3.8044368030398038E-020
   149.62630297319734       -3.9524020358169562E-021
   149.97114349629757       -3.4505717481527700E-020
   150.31598401939783        6.9336898531999853E-020
   150.66082454249806        3.9424376699589218E-020
   151.00566506559832       -3.4676096854640051E-021
   151.35050558869855       -1.7731499813892241E-020
   151.69534611179881       -8.7549456549721376E-020
   152.04018663489907        3.1194504016671642E-021
   152.38502715799930        6.0381354151001555E-020
   152.72986768109956        5.7739295388213010E-020
   153.07470820419979        1.4271788094683648E-020
   153.41954872730005       -6.4033708577074943E-020
   153.76438925040028       -4.5733993562151040E-020
   154.10922977350054       -1.1580217496390349E-020
   154.45407029660080        3.6058732754755946E-020
   154.79891081970104        1.0404360081702326E-019
   155.14375134280129        3.5979237260853319E-020
   155.48859186590153       -4.2265913158659447E-020
   155.83343238900179       -2.9758197535994916E-020
   156.17827291210202       -2.7339258438356431E-020
   156.52311343520228        2.8716709139253564E-020
   156.86795395830254        8.9650022095835695E-020
   157.21279448140277        2.2950517332618754E-020
   157.55763500450303       -1.5799878111679573E-020
   157.90247552760326       -6.1293650065486616E-020
   158.24731605070352       -1.9271529579592770E-020
   158.59215657380375        1.3964249507995259E-020
   158.93699709690401        4.6861961699457808E-020
   159.28183762000427        2.0201315946116869E-020
   159.62667814310450        3.3277586645071054E-021
   159.97151866620476       -5.1017837161400437E-020
   160.31635918930499       -4.9372985936871099E-020
   160.66119971240525        3.1093023838366107E-020
   161.00604023550548        4.3958229420442310E-020
   161.35088075860574        1.8766130650964352E-020
   161.69572128170600       -3.7786985479618000E-020
   162.04056180480623       -1.0498393227177901E-019
   162.38540232790649       -7.1636535058844627E-020
   162.73024285100672        1.5603318782357402E-020
   163.07508337410698        7.8431894110515054E-020
   163.41992389720721        5.5033542606583072E-020
   163.76476442030747       -6.8677028764575614E-021
   164.10960494340773       -5.3099006155625823E-020
   164.45444546650796       -8.0559853382180020E-020
   164.79928598960822        1.2136580766327550E-020
   165.14412651270845        7.8265663476606755E-020
   165.48896703580871        5.8479938001561702E-020
   165.83380755890894        2.0899003305293224E-020
   166.17864808200920       -2.8745537720527341E-020
   166.52348860510946       -8.7870074077045752E-020
   166.86832912820969       -1.3128597346397008E-020
   167.21316965130995        8.2577523777140820E-020
   167.55801017441019        7.2253174605556327E-020
   167.90285069751044        5.6175657256213779E-020
   168.24769122061068       -4.1325354164289218E-020
   168.59253174371094       -3.2053824487501159E-020
   168.93737226681120       -1.4481729263245276E-020
   169.28221278991143        4.4968792787998878E-020
   169.62705331301169        7.4083037673489680E-020
   169.97189383611192        7.5901876623424661E-021
   170.31673435921218       -1.0682582281383773E-019
   170.66157488231241       -8.4690011640030842E-020
   171.00641540541267        2.2994935393148152E-020
   171.35125592851293        7.8004963163344818E-020
   171.69609645161316        6.4500428811214375E-020
   172.04093697471342        5.3857253925407151E-021
   172.38577749781365       -6.8526479037862996E-020
   172.73061802091391       -1.1151408142358543E-019
   173.07545854401414       -3.5278005418691807E-020
   173.42029906711440        8.6170848442596731E-020
   173.76513959021466        6.4321073432785201E-020
   174.10998011331489        1.2298628472581686E-020
   174.45482063641515       -8.9845956729900876E-020
   174.79966115951538       -1.2353680691624508E-019
   175.14450168261564       -6.9404017043335550E-020
   175.48934220571587        1.6539105318005637E-020
   175.83418272881613        8.2677212474606034E-020
   176.17902325191639        3.4142732645122506E-020
   176.52386377501662       -3.5624230371233149E-020
   176.86870429811688       -5.9947278036068061E-020
   177.21354482121711       -5.1201826870303574E-020
   177.55838534431737        4.6086208027103826E-020
   177.90322586741760        7.3774162552010145E-020
   178.24806639051786        1.0470217939429514E-020
   178.59290691361812       -4.8084699465403760E-020
   178.93774743671835       -6.1440345948161335E-020
   179.28258795981861       -8.2033289125850204E-022
   179.62742848291884        4.3505284230791371E-020
   179.97226900601910        8.8371978947163483E-020
   180.31710952911934        8.1167257030002318E-020
   180.66195005221959        1.3575602210350337E-020
   181.00679057531985       -8.8582440106466037E-020
   181.35163109842009        6.7781934965713857E-021
   181.69647162152035        1.0071808684789134E-019
   182.04131214462058        1.2516005462537880E-019
   182.38615266772084        5.2982804532196615E-020
   182.73099319082107       -9.1133025903428115E-020
   183.07583371392133       -1.0661481722940645E-019
   183.42067423702156       -3.5121928117998713E-020
   183.76551476012182        6.0305290915841377E-020
   184.11035528322208        9.1337587814845381E-020
   184.45519580632231        2.5878409075874706E-020
   184.80003632942257       -4.5647393853511077E-020
   185.14487685252280       -6.9283957184838439E-020
   185.48971737562306       -7.3754653107357476E-020
   185.83455789872329        1.3464097194342890E-020
   186.17939842182355        4.6371455504671260E-020
   186.52423894492381        3.5771238320454215E-020
   186.86907946802404       -8.0906759102735805E-020
   187.21391999112430       -1.0088688704224049E-019
   187.55876051422453       -2.8599851684466452E-020
   187.90360103732479        2.0720237008443537E-020
   188.24844156042502        3.5850612341044693E-020
   188.59328208352528        1.2500186336358136E-020
   188.93812260662554       -1.0114449002188228E-019
   189.28296312972577       -6.9623899533357144E-020
   189.62780365282603       -2.0989909850479767E-020
   189.97264417592626        8.2133495769037049E-020
   190.31748469902652        3.5249837452794674E-020
   190.66232522212675        2.1020861687586302E-020
   191.00716574522701       -3.5512513283809772E-020
   191.35200626832727       -5.6194345663939579E-020
   191.69684679142750       -9.1210738096134444E-021
   192.04168731452776        4.4993320784284743E-020
   192.38652783762799        8.4986235867672560E-020
   192.73136836072825        9.1912387565927854E-020
   193.07620888382849        2.8145154942628440E-020
   193.42104940692874       -6.1445074574280300E-020
   193.76588993002900       -3.6432555486163980E-020
   194.11073045312924        5.3587028438897388E-020
   194.45557097622950        7.0856100155097057E-020
   194.80041149932973        4.8646032641257698E-020
   195.14525202242999        7.0453573202789392E-021
   195.49009254553022       -5.8900533019320687E-020
   195.83493306863048       -3.8798948779929620E-020
   196.17977359173074       -3.7508599299518106E-020
   196.52461411483097        7.5152791549385739E-020
   196.86945463793123        1.5697736272722247E-020
   197.21429516103146        8.7069618131874987E-021
   197.55913568413172       -8.5497716271065709E-020
   197.90397620723195       -5.2075854822469112E-020
   198.24881673033221       -1.4650977609547773E-020
   198.59365725343247        3.6347324233209771E-020
   198.93849777653270        3.7405643441356997E-020
   199.28333829963296       -4.4015790095019198E-020
   199.62817882273319       -8.2156346278595605E-020
   199.97301934583345       -9.4024076335844228E-020
   200.31785986893368        2.7743736057344773E-020
   200.66270039203394        6.5201061816069785E-020
   201.00754091513420        3.7056539689359911E-020
   201.35238143823443        8.6497186931024113E-022
   201.69722196133469       -6.3032970108598055E-020
   202.04206248443492       -4.6482779642009896E-020
   202.38690300753518       -3.7461691747859797E-024
   202.73174353063541        6.0723800137990525E-020
   203.07658405373567        9.5620211022808128E-020
   203.42142457683593        5.8608822612627117E-020
   203.76626509993616       -7.4852483197528064E-020
   204.11110562303642       -3.4401649404229636E-020
   204.45594614613665        7.4147189042532628E-021
   204.80078666923691        6.9133554579903009E-020
   205.14562719233714        8.2327433952408072E-020
   205.49046771543740        3.9502351097621950E-020
   205.83530823853766       -1.6933926347851761E-020
   206.18014876163789       -8.3412335816483695E-020
   206.52498928473815       -1.0865089838516909E-020
   206.86982980783839        8.5597249330665685E-020
   207.21467033093865        7.4234284194786274E-020
   207.55951085403888        5.7835141486376202E-021
   207.90435137713914       -6.1572343458831755E-020
   208.24919190023940       -7.6421990425092122E-020
   208.59403242333963       -3.6036478221831044E-020
   208.93887294643989        3.8922184286930442E-020
   209.28371346954012        5.0437603801060838E-020
   209.62855399264038        8.3711311575310888E-021
   209.97339451574061       -1.0304157865007916E-019
   210.31823503884087       -1.3258652278134476E-019
   210.66307556194113       -5.9125211857217054E-020
   211.00791608504136        5.8619558677861161E-020
   211.35275660814162        1.1466843664640965E-019
   211.69759713124185        1.2097021404147349E-020
   212.04243765434211       -7.7477890095529484E-020
   212.38727817744234       -3.6977244537462735E-020
   212.73211870054260       -5.1690210483593919E-020
   213.07695922364283        3.5496587136372966E-020
   213.42179974674309        1.1375817208243653E-019
   213.76664026984335        7.0381140049147561E-020
   214.11148079294358       -5.7713119529072206E-020
   214.45632131604384       -5.9228355603931610E-020
   214.80116183914407       -2.5512216037951323E-020
   215.14600236224433        5.9415087534429483E-020
   215.49084288534456        1.1008413519643409E-019
   215.83568340844482        5.5197789855813064E-020
   216.18052393154508       -5.5158667199309774E-021
   216.52536445464531       -1.0135738011374602E-019
   216.87020497774557        1.1187746383098921E-020
   217.21504550084580        6.5651212610576022E-020
   217.55988602394606        6.3007973815359368E-020
   217.90472654704629        5.7506518171746665E-020
   218.24956707014655       -6.7231114378849067E-020
   218.59440759324681       -1.2022051857855168E-019
   218.93924811634704       -6.7416987210151770E-020
   219.28408863944730        4.1617540798026954E-020
   219.62892916254754        7.5183852383822446E-020
   219.97376968564780        9.5913851106023592E-020
   220.31861020874803       -4.6490588435551744E-020
   220.66345073184829       -1.3372807935404854E-019
   221.00829125494855       -6.4541039826135333E-020
   221.35313177804878       -2.4107056065189494E-020
   221.69797230114904        9.9915165434114102E-020
   222.04281282424927        6.1701733012874585E-020
   222.38765334734953       -6.8922474074497674E-020
   222.73249387044976       -7.6885908378784747E-020
   223.07733439355002       -9.9045315175842230E-020
   223.42217491665028        1.8112053204205804E-020
   223.76701543975051        7.9293148420840557E-020
   224.11185596285077        5.7968626370253781E-020
   224.45669648595100       -6.1305371491308360E-021
   224.80153700905126       -4.9947600239374302E-020
   225.14637753215149       -1.6315799296090292E-020
   225.49121805525175        6.4824422146306377E-021
   225.83605857835201        6.5745103739133674E-020
   226.18089910145224        1.0012564763295921E-019
   226.52573962455250       -1.2075096523562729E-020
   226.87058014765273       -7.5324882857487238E-020
   227.21542067075299       -4.9435052087113006E-020
   227.56026119385322        7.5359047030420824E-020
   227.90510171695348        1.2271462142481065E-019
   228.24994224005374        8.4462165274052846E-020
   228.59478276315397       -1.3566390766182980E-020
   228.93962328625423       -9.9553090400642703E-020
   229.28446380935446       -5.6102374930660316E-020
   229.62930433245472       -4.0976618042622319E-020
   229.97414485555495        7.9638213098295775E-020
   230.31898537865521        6.5008432329897278E-020
   230.66382590175547       -1.3013605836278155E-020
   231.00866642485570       -1.1091580549234164E-019
   231.35350694795596       -9.9613666280814572E-020
   231.69834747105619       -1.4487500455557916E-020
   232.04318799415645        6.5382222594249174E-020
   232.38802851725669        6.1432467309321352E-020
   232.73286904035695       -1.6237932772869113E-020
   233.07770956345720       -9.6793834427376573E-020
   233.42255008655744       -6.9643142651082097E-020
   233.76739060965770       -1.5515698357013182E-020
   234.11223113275793        6.6703749657175862E-020
   234.45707165585819        2.7903533113784130E-020
   234.80191217895842       -3.1606038435074199E-020
   235.14675270205868       -5.0020205243047890E-020
   235.49159322515894       -5.5195043314545471E-020
   235.83643374825917        3.6057485168820462E-020
   236.18127427135943        9.6357193973602770E-020
   236.52611479445966        8.8415068570876274E-020
   236.87095531755992        1.0166201225594856E-020
   237.21579584066015       -7.7854763008966522E-020
   237.56063636376041       -7.9272958956265416E-020
   237.90547688686067       -2.4884075718485205E-020
   238.25031740996090        8.8577947399451179E-020
   238.59515793306116        1.2289459474194801E-019
   238.93999845616139        4.3945029059760500E-020
   239.28483897926165       -5.8273974241041115E-020
   239.62967950236188       -9.3654571576559262E-020
   239.97452002546214       -1.8816373662344499E-020
   240.31936054856240        8.0941936289321657E-020
   240.66420107166263        1.2866263167148215E-019
   241.00904159476289        3.3240732300608614E-020
   241.35388211786312       -8.7777168881609493E-020
   241.69872264096338       -8.9321701543689015E-020
   242.04356316406361       -3.8822479437344348E-020
   242.38840368716387        3.2684919632661152E-020
   242.73324421026410        9.7544878864674339E-020
   243.07808473336436        3.0696820538469464E-020
   243.42292525646462       -7.6553383281266087E-020
   243.76776577956485       -1.0955424655578085E-019
   244.11260630266511       -4.9413421759006649E-020
   244.45744682576535        7.4920732299411548E-020
   244.80228734886560        8.3949116482215082E-020
   245.14712787196584        1.3429486562860529E-020
   245.49196839506610       -1.0926163638518436E-019
   245.83680891816635       -1.5495822592553655E-019
   246.18164944126659       -4.8595587341546288E-020
   246.52648996436685        8.1127245340422757E-020
   246.87133048746708        1.7613178025030965E-019
   247.21617101056734        6.3222805736304951E-020
   247.56101153366757       -9.1620752885340674E-020
   247.90585205676783       -1.3766867262196406E-019
   248.25069257986809       -7.1100209464523471E-020
   248.59553310296832        1.1227165020287160E-019
   248.94037362606858        1.5046855410414395E-019
   249.28521414916881        8.5354971860276385E-020
   249.63005467226907       -2.6807951963710163E-020
   249.97489519536930       -1.4514135472224427E-019
   250.31973571846956       -8.9141347192669626E-020
   250.66457624156982        8.0635967621024266E-020
   251.00941676467005        1.5362784910912151E-019
   251.35425728777031        7.8020204836417276E-020
   251.69909781087054       -5.8591795773043629E-020
   252.04393833397080       -1.0423991567772428E-019
   252.38877885707103        8.5162194676846120E-021
   252.73361938017129        8.9557095323379058E-020
   253.07845990327155        9.9978517649710592E-020
   253.42330042637178        3.6908576804449714E-020
   253.76814094947204       -1.2214517857372536E-019
   254.11298147257227       -1.0453857980695050E-019
   254.45782199567253       -8.2525299789740217E-020
   254.80266251877276        8.5853969815258969E-020
   255.14750304187302        1.3352847300499653E-019
   255.49234356497328        3.3280351097872599E-020
   255.83718408807351       -7.0922299956057408E-020
   256.18202461117374       -1.6221219064797671E-019
   256.52686513427403       -1.1863527298672793E-019
   256.87170565737426        7.5299182331335232E-020
   257.21654618047450        1.1896959909770215E-019
   257.56138670357478        7.9359095332633245E-020
   257.90622722667501       -5.6282819346745571E-020
   258.25106774977525       -1.9415099258331787E-019
   258.59590827287548       -1.0742567277422426E-019
   258.94074879597576        3.4001844764518024E-020
   259.28558931907600        1.6611116202430284E-019
   259.63042984217623        3.9466479777092150E-020
   259.97527036527646       -6.0248568688531377E-020
   260.32011088837675       -8.1720685498640543E-020
   260.66495141147698       -4.7179881345224663E-020
   261.00979193457721        7.2188281098069555E-020
   261.35463245767750        9.2749762631207808E-020
   261.69947298077773        3.5853993195883829E-020
   262.04431350387796       -3.4289872699180458E-020
   262.38915402697819       -6.9185667373173193E-020
   262.73399455007848       -1.9751251602956852E-020
   263.07883507317871        7.7173690046454872E-020
   263.42367559627894        1.6960397197409275E-019
   263.76851611937923        7.8518422091319047E-020
   264.11335664247946       -7.2108296626153870E-020
   264.45819716557969       -1.3302924034083695E-019
   264.80303768867992       -2.6096255502001379E-020
   265.14787821178021        6.3965295010053820E-020
   265.49271873488044        1.4335585325022485E-019
   265.83755925798067        9.0578545587702695E-020
   266.18239978108096       -4.7868979969763756E-020
   266.52724030418119       -1.1169504665693792E-019
   266.87208082728142       -7.6779260780022355E-020
   267.21692135038165        9.7497084603566441E-021
   267.56176187348194        1.1626246991546352E-019
   267.90660239658217        7.3491083173731166E-020
   268.25144291968240        7.0253942509324599E-021
   268.59628344278269       -1.3609315604158856E-019
   268.94112396588292       -9.7070080205200163E-020
   269.28596448898315        2.8380552996933295E-020
   269.63080501208339        4.5416847764897401E-020
   269.97564553518367        3.1887542571843279E-020
   270.32048605828390       -1.6478912473612426E-020
   270.66532658138414       -7.2601843563438626E-020
   271.01016710448442       -9.3661702825053331E-020
   271.35500762758465       -1.4384300589366650E-020
   271.69984815068489        1.1432480874971039E-019
   272.04468867378512        6.1909252465973593E-021
   272.38952919688541       -3.0901687418327628E-020
   272.73436971998564       -1.2308775373676078E-019
   273.07921024308587       -8.1760108934578899E-020
   273.42405076618616        2.9607491643872862E-020
   273.76889128928639        8.3416163576464585E-020
   274.11373181238662        5.5744761003836171E-020
   274.45857233548685       -3.9637569981297309E-020
   274.80341285858714       -8.8984023205459584E-020
   275.14825338168737       -5.3544957206696196E-020
   275.49309390478760        2.5197087652451531E-020
   275.83793442788789        8.6000270925893882E-020
   276.18277495098812        9.5152087953641295E-020
   276.52761547408835        5.9392206443465009E-020
   276.87245599718858       -3.2029449888647036E-020
   277.21729652028887       -6.9725395756036948E-020
   277.56213704338910       -1.3773461992877295E-020
   277.90697756648933        6.9598129059362879E-020
   278.25181808958962        4.9230125016979334E-020
   278.59665861268985        8.2595471068440180E-020
   278.94149913579008       -3.2754366270816294E-020
   279.28633965889031       -4.8906937386340739E-020
   279.63118018199060       -4.8768724027253842E-020
   279.97602070509083        5.3364804606365443E-020
   280.32086122819106        7.3475877222673801E-020
   280.66570175129135       -5.6011580211809383E-020
   281.01054227439158       -8.0285481327687911E-020
   281.35538279749181       -4.3713769323590324E-020
   281.70022332059204       -2.2172918675513286E-020
   282.04506384369233        8.4663765863449713E-021
   282.38990436679256        4.9492460399583298E-020
   282.73474488989280        6.9589118718776756E-022
   283.07958541299308       -4.3687816204998111E-020
   283.42442593609331       -1.3591007806327553E-019
   283.76926645919355       -3.2127478825980189E-020
   284.11410698229378        8.7132500733452913E-020
   284.45894750539406        1.2941178515638640E-019
   284.80378802849430        6.3520505733100533E-021
   285.14862855159453       -1.1004452156562812E-019
   285.49346907469481       -1.0213655767264647E-019
   285.83830959779505       -3.4595970899216592E-020
   286.18315012089528        5.3198736670858043E-020
   286.52799064399551        1.2344015990272898E-019
   286.87283116709580        2.2353168030407457E-020
   287.21767169019603       -1.5738327735843151E-020
   287.56251221329626       -4.5076048691737118E-020
   287.90735273639655       -3.4251920265913018E-020
   288.25219325949678        6.0633181899435674E-020
   288.59703378259701        3.4417926283402034E-020
   288.94187430569724        6.4123974547171895E-020
   289.28671482879753       -9.6902295032418671E-021
   289.63155535189776       -5.9578508005764446E-020
   289.97639587499799       -8.9446661094866946E-021
   290.32123639809828        5.4478763767035143E-020
   290.66607692119851        2.8845409599701255E-020
   291.01091744429874        5.4269100117103466E-020
   291.35575796739897       -1.5930255957859251E-020
   291.70059849049926       -5.9108641946223470E-020
   292.04543901359949       -3.6358921545237658E-020
   292.39027953669972        6.5062729131581349E-020
   292.73512005980001        9.1832143817755067E-020
   293.07996058290024        6.1535058491286341E-020
   293.42480110600047       -3.3927568729622882E-020
   293.76964162910070       -1.1163222903446808E-019
   294.11448215220099       -8.3175987802521447E-020
   294.45932267530122        1.1028404360331955E-020
   294.80416319840145        8.7943974486267640E-020
   295.14900372150174        9.8156120541290952E-020
   295.49384424460197       -6.7659594428532594E-020
   295.83868476770220       -1.1576569885117250E-019
   296.18352529080244       -7.0643096958498862E-020
   296.52836581390272        3.0962907426012353E-020
   296.87320633700296        1.4714325307113292E-020
   297.21804686010319        3.9276416917781968E-020
   297.56288738320347        1.5283761910699226E-020
   297.90772790630371       -2.4548674020934571E-020
   298.25256842940394       -8.3964263189902326E-020
   298.59740895250417        1.1522564121401494E-020
   298.94224947560446       -1.3433136137387275E-020
   299.28708999870469        8.1455504185043898E-020
   299.63193052180492        4.0280449129507084E-020
   299.97677104490521       -6.8217473062944401E-020
   300.32161156800544       -4.5556078508884086E-020
   300.66645209110567       -7.6696627931824577E-021
   301.01129261420590        7.9050569160859000E-020
   301.35613313730619        8.9939243921572624E-020
   301.70097366040642        1.0127565047426310E-021
   302.04581418350665       -1.3334311255280426E-019
   302.39065470660694       -1.6822627463115752E-019
   302.73549522970717       -7.7809296705343405E-020
   303.08033575280740       -2.2130479702359085E-020
   303.42517627590763       -3.8839348408696351E-020
   303.77001679900792       -1.8230338468213218E-019
   304.11485732210815       -2.7480087298200500E-019
   304.45969784520838       -1.6799496545772085E-019
   304.80453836830867        1.0289794944527591E-019
   305.14937889140890        6.6201525790411721E-019
   305.49421941450913        1.5133825816797142E-018
   305.83905993760936        2.8192123383289529E-018
   306.18390046070965        5.0849375797511374E-018
   306.52874098380988        8.6374610634130086E-018
   306.87358150691011        1.4100139295323776E-017
   307.21842203001040        2.1870334762861186E-017
   307.56326255311063        3.2758901531943025E-017
   307.90810307621086        4.7300977700968764E-017
   308.25294359931110        6.6053351842138196E-017
   308.59778412241138        8.8971875940098571E-017
   308.94262464551161        1.1506502535676052E-016
   309.28746516861185        1.4145605973182561E-016
   309.63230569171213        1.6266630750486028E-016
   309.97714621481236        1.6873472674015544E-016
   310.32198673791260        1.4362130070612393E-016
   310.66682726101283        6.2812869209101940E-017
   311.01166778411311       -1.1037117275583540E-016
   311.35650830721335       -4.2753687431496799E-016
   311.70134883031358       -9.5868894243925751E-016
   312.04618935341387       -1.7951144555084020E-015
   312.39102987651410       -3.0506820475591233E-015
   312.73587039961433       -4.8604452978291498E-015
   313.08071092271456       -7.3744230232325168E-015
   313.42555144581485       -1.0743253122337551E-014
   313.77039196891508       -1.5093534150466004E-014
   314.11523249201531       -2.0487489662050405E-014
   314.46007301511560       -2.6862736223572001E-014
   314.80491353821583       -3.3947184086079996E-014
   315.14975406131606       -4.1144924454686210E-014
   315.49459458441629       -4.7388590776671895E-014
   315.83943510751658       -5.0958762345416177E-014
   316.18427563061681       -4.9273666521537771E-014
   316.52911615371704       -3.8660199989762761E-014
   316.87395667681733       -1.4125011025150392E-014
   317.21879719991756        3.0840348837923129E-014
   317.56363772301779        1.0437370997813153E-013
   317.90847824611802        2.1621249546663304E-013
   318.25331876921831        3.7743335908108230E-013
   318.59815929231854        5.9986035495872748E-013
   318.94299981541877        8.9502185513134820E-013
   319.28784033851906        1.2725290630659310E-012
   319.63268086161929        1.7377503035917316E-012
   319.97752138471952        2.2886745153317474E-012
   320.32236190781975        2.9118978046400608E-012
   320.66720243092004        3.5777397836601181E-012
   321.01204295402027        4.2345997619630524E-012
   321.35688347712050        4.8028080163128057E-012
   321.70172400022074        5.1684065586780223E-012
   322.04656452332102        5.1775147119457919E-012
   322.39140504642126        4.6321703958097165E-012
   322.73624556952149        3.2887900051353099E-012
   323.08108609262177        8.6061935671327360E-013
   323.42592661572201       -2.9742780067290721E-012
   323.77076713882224       -8.5578637043261192E-012
   324.11560766192247       -1.6228230001474095E-011
   324.46044818502276       -2.6285654286202950E-011
   324.80528870812299       -3.8947785054737656E-011
   325.15012923122322       -5.4293917735259463E-011
   325.49496975432351       -7.2199397395346283E-011
   325.83981027742374       -9.2262556689600949E-011
   326.18465080052397       -1.1372822814149992E-010
   326.52949132362420       -1.3541367074582333E-010
   326.87433184672449       -1.5564459836924107E-010
   327.21917236982472       -1.7221070865534975E-010
   327.56401289292495       -1.8235146802314065E-010
   327.90885341602524       -1.8278365170409444E-010
   328.25369393912547       -1.6978200623311050E-010
   328.59853446222570       -1.3932312386396452E-010
   328.94337498532593       -8.7299995927770326E-011
   329.28821550842622       -9.8105911071162202E-012
   329.63305603152645        9.6481824952864999E-011
   329.97789655462668        2.3392591987065026E-010
   330.32273707772697        4.0341445196466369E-010
   330.66757760082720        6.0389738656482429E-010
   331.01241812392743        8.3191054361662286E-010
   331.35725864702766        1.0811619276954179E-009
   331.70209917012795        1.3422235431853836E-009
   332.04693969322818        1.6023792256762778E-009
   332.39178021632841        1.8456778853001162E-009
   332.73662073942870        2.0532357857800164E-009
   333.08146126252893        2.2038205912276625E-009
   333.42630178562916        2.2747338185254047E-009
   333.77114230872940        2.2429874263037582E-009
   334.11598283182968        2.0867455206783753E-009
   334.46082335492991        1.7869750515953343E-009
   334.80566387803015        1.3292219377246646E-009
   335.15050440113043        7.0540370891391573E-010
   335.49534492423066       -8.4510861673983093E-011
   335.84018544733090       -1.0310778957964227E-009
   336.18502597043113       -2.1143565359790391E-009
   336.52986649353142       -3.3034270960423717E-009
   336.87470701663165       -4.5565664108990283E-009
   337.21954753973188       -5.8221639769823430E-009
   337.56438806283217       -7.0404173244979203E-009
   337.90922858593240       -8.1457907060762439E-009
   338.25406910903263       -9.0701611523400348E-009
   338.59890963213286       -9.7465147076338931E-009
   338.94375015523315       -1.0112998344231235E-008
   339.28859067833338       -1.0117085008209262E-008
   339.63343120143361       -9.7195755502661849E-009
   339.97827172453390       -8.8981462542659532E-009
   340.32311224763413       -7.6501573359020684E-009
   340.66795277073436       -5.9944675305584034E-009
   341.01279329383459       -3.9720521543943978E-009
   341.35763381693488       -1.6452942074563490E-009
   341.70247434003511        9.0409438516963088E-010
   342.04731486313534        3.5784676621685134E-009
   342.39215538623563        6.2688046178729894E-009
   342.73699590933586        8.8601883385288504E-009
   343.08183643243609        1.1237883656909495E-008
   343.42667695553632        1.3293635333573464E-008
   343.77151747863661        1.4931779195906574E-008
   344.11635800173684        1.6074759243883456E-008
   344.46119852483707        1.6667675340293934E-008
   344.80603904793736        1.6681546959756434E-008
   345.15087957103759        1.6115064234565065E-008
   345.49572009413782        1.4994701652347636E-008
   345.84056061723805        1.3373184037929383E-008
   346.18540114033834        1.1326409732469711E-008
   346.53024166343857        8.9490429584995613E-009
   346.87508218653880        6.3490776844725083E-009
   347.21992270963909        3.6417418633870547E-009
   347.56476323273932        9.4314877323991146E-010
   347.90960375583956       -1.6358910835283808E-009
   348.25444427893979       -3.9955082124639453E-009
   348.59928480204007       -6.0515253566219459E-009
   348.94412532514031       -7.7390596890601756E-009
   349.28896584824054       -9.0148051293351340E-009
   349.63380637134082       -9.8579233284211384E-009
   349.97864689444106       -1.0269571232980508E-008
   350.32348741754129       -1.0271184694735469E-008
   350.66832794064152       -9.9017146312840187E-009
   351.01316846374181       -9.2140696760249025E-009
   351.35800898684204       -8.2710539448323396E-009
   351.70284950994227       -7.1410994668874691E-009
   352.04769003304256       -5.8940809823551125E-009
   352.39253055614279       -4.5974690168394835E-009
   352.73737107924302       -3.3130296201034497E-009
   353.08221160234325       -2.0942210409652093E-009
   353.42705212544354       -9.8437443985515086E-010
   353.77189264854377       -1.5682922816679281E-011
   354.11673317164400        7.9103446851168894E-010
   354.46157369474429        1.4258757597314405E-009
   354.80641421784452        1.8888248064983722E-009
   355.15125474094475        2.1882882046389028E-009
   355.49609526404498        2.3393529741228448E-009
   355.84093578714527        2.3619154431265897E-009
   356.18577631024550        2.2788189503794280E-009
   356.53061683334573        2.1141170224691392E-009
   356.87545735644602        1.8915523416560700E-009
   357.22029787954625        1.6333129335095979E-009
   357.56513840264648        1.3590981716177921E-009
   357.90997892574671        1.0855006422193433E-009
   358.25481944884700        8.2568731603991616E-010
   358.59965997194723        5.8934592376367474E-010
   358.94450049504746        3.8285042646522060E-010
   359.28934101814775        2.0959298165468092E-010
   359.63418154124798        7.0428335501052983E-011
   359.97902206434821       -3.5820667827117995E-011
   360.32386258744845       -1.1184179402332377E-010
   360.66870311054873       -1.6133355551345517E-010
   361.01354363364896       -1.8855477974166429E-010
   361.35838415674920       -1.9794223962836780E-010
   361.70322467984948       -1.9380620244376158E-010
   362.04806520294972       -1.8010614262653629E-010
   362.39290572604995       -1.6030274918867422E-010
   362.73774624915018       -1.3727790123518737E-010
   363.08258677225047       -1.1331146008493389E-010
   363.42742729535070       -9.0102384898263510E-011
   363.77226781845093       -6.8821590864041436E-011
   364.11710834155122       -5.0184833897213154E-011
   364.46194886465145       -3.4535448528045104E-011
   364.80678938775168       -2.1928673412985064E-011
   365.15162991085191       -1.2211354364045718E-011
   365.49647043395220       -5.0928033694386472E-012
   365.84131095705243       -2.0437746615137064E-013
   366.18615148015266        2.8531632722487692E-012
   366.53099200325295        4.4743040011856955E-012
   366.87583252635318        5.0243895026740858E-012
   367.22067304945341        4.8246587238592325E-012
   367.56551357255364        4.1449052383280292E-012
   367.91035409565393        3.2019392569250660E-012
   368.25519461875416        2.1621434763102189E-012
   368.60003514185439        1.1466347905166320E-012
   368.94487566495468        2.3781359442301021E-013
   369.28971618805491       -5.1363448978910478E-013
   369.63455671115514       -1.0819495597678675E-012
   369.97939723425537       -1.4601466437549535E-012
   370.32423775735566       -1.6547361783310073E-012
   370.66907828045589       -1.6813956999261671E-012
   371.01391880355612       -1.5615670114503729E-012
   371.35875932665641       -1.3198850573601969E-012
   371.70359984975664       -9.8230863410458585E-013
   372.04844037285687       -5.7480949228050795E-013
   372.39328089595710       -1.2248330830524836E-013
   372.73812141905739        3.5103747530390814E-013
   373.08296194215762        8.2396888904837562E-013
   373.42780246525786        1.2766336943339181E-012
   373.77264298835814        1.6916450316310994E-012
   374.11748351145837        2.0540489161199103E-012
   374.46232403455861        2.3514436291310842E-012
   374.80716455765884        2.5740799690876339E-012
   375.15200508075912        2.7149402165236859E-012
   375.49684560385936        2.7697877232455515E-012
   375.84168612695959        2.7371795090586156E-012
   376.18652665005988        2.6184294741417277E-012
   376.53136717316011        2.4175173651848102E-012
   376.87620769626034        2.1409366743415849E-012
   377.22104821936057        1.7974799831712915E-012
   377.56588874246086        1.3979638207991152E-012
   377.91072926556109        9.5489561036328402E-013
   378.25556978866132        4.8209237927729943E-013
   378.60041031176161       -5.7395079449913245E-015
   378.94525083486184       -4.9345294484100081E-013
   379.29009135796207       -9.6592290581877561E-013
   379.63493188106230       -1.4085089163679729E-012
   379.97977240416259       -1.8075046138597974E-012
   380.32461292726282       -2.1505580480469169E-012
   380.66945345036305       -2.4270523368606653E-012
   381.01429397346328       -2.6284322633930639E-012
   381.35913449656357       -2.7484680337419807E-012
   381.70397501966380       -2.7834472123828455E-012
   382.04881554276403       -2.7322897028765877E-012
   382.39365606586432       -2.5965804896510736E-012
   382.73849658896455       -2.3805208098405026E-012
   383.08333711206478       -2.0907979009589579E-012
   383.42817763516501       -1.7363782987271534E-012
   383.77301815826530       -1.3282299120622294E-012
   384.11785868136553       -8.7898340916087766E-013
   384.46269920446576       -4.0254082617186279E-013
   384.80753972756605        8.6354409961104393E-014
   385.15238025066628        5.7257368271573421E-013
   385.49722077376651        1.0410714430266032E-012
   385.84206129686675        1.4773506103378988E-012
   386.18690181996703        1.8679110740714507E-012
   386.53174234306726        2.2006677337448267E-012
   386.87658286616750        2.4653239987914048E-012
   387.22142338926778        2.6536910395142861E-012
   387.56626391236802        2.7599405976417985E-012
   387.91110443546825        2.7807854231523371E-012
   388.25594495856848        2.7155813341878012E-012
   388.60078548166877        2.5663465479576477E-012
   388.94562600476900        2.3376997264869063E-012
   389.29046652786923        2.0367167179523396E-012
   389.63530705096952        1.6727116106166711E-012
   389.98014757406975        1.2569487986628693E-012
   390.32498809716998        8.0229416370577678E-013
   390.66982862027021        3.2281697720011711E-013
   391.01466914337050       -1.6664582350334895E-013
   391.35950966647073       -6.5094817425858457E-013
   391.70435018957096       -1.1151037860591062E-012
   392.04919071267125       -1.5447498098598190E-012
   392.39403123577148       -1.9265916507725676E-012
   392.73887175887171       -2.2488138663520854E-012
   393.08371228197194       -2.5014461397982044E-012
   393.42855280507223       -2.6766714636883057E-012
   393.77339332817246       -2.7690682916695289E-012
   394.11823385127269       -2.7757781088127611E-012
   394.46307437437298       -2.6965939415964878E-012
   394.80791489747321       -2.5339667716565098E-012
   395.15275542057344       -2.2929295738377573E-012
   395.49759594367367       -1.9809417351339743E-012
   395.84243646677396       -1.6076579714755275E-012
   396.18727698987419       -1.1846295450533960E-012
   396.53211751297442       -7.2494705797913744E-013
   396.87695803607471       -2.4283533276127153E-013
   397.22179855917494        2.4678687457098858E-013
   397.56663908227517        7.2876860071902547E-013
   397.91147960537540        1.1881955231194366E-012
   398.25632012847569        1.6108512467713275E-012
   398.60116065157592        1.9836573697558738E-012
   398.94600117467616        2.2950781652326296E-012
   399.29084169777644        2.5354774369647311E-012
   399.63568222087667        2.6974168024395339E-012
   399.98052274397691        2.7758857236632218E-012
   400.32536326707714        2.7684568971458948E-012
   400.67020379017742        2.6753606993629950E-012
   401.01504431327766        2.4994786628370662E-012
   401.35988483637789        2.2462540536786050E-012
   401.70472535947818        1.9235230261801715E-012
   402.04956588257841        1.5412728778244633E-012
   402.39440640567864        1.1113323906564663E-012
   402.73924692877887        6.4700622719389052E-013
   403.08408745187916        1.6266260037031158E-013
   403.42892797497939       -3.2671065663530481E-013
   403.77376849807962       -8.0597036399661879E-013
   404.11860902117991       -1.2602863406410336E-012
   404.46344954428014       -1.6756003968902511E-012
   404.80829006738037       -2.0390611747210328E-012
   405.15313059048060       -2.3394222496713878E-012
   405.49797111358089       -2.5673897443487855E-012
   405.84281163668112       -2.7159099703385504E-012
   406.18765215978135       -2.7803876889921130E-012
   406.53249268288164       -2.7588284098564505E-012
   406.87733320598187       -2.6518997901904360E-012
   407.22217372908210       -2.4629113929710821E-012
   407.56701425218233       -2.1977119459758801E-012
   407.91185477528262       -1.8645084328832445E-012
   408.25669529838285       -1.4736120251893125E-012
   408.60153582148308       -1.0371191115470021E-012
   408.94637634458337       -5.6853692976573997E-013
   409.29121686768360       -8.2365473048794437E-014
   409.63605739078383        4.0635096946893732E-013
   409.98089791388406        8.8248930939782624E-013
   410.32573843698435        1.3313161500133943E-012
   410.67057896008458        1.7389431266016394E-012
   411.01541948318481        2.0927569038026881E-012
   411.36026000628510        2.3818095309303034E-012
   411.70510052938533        2.5971569384815121E-012
   412.04994105248556        2.7321360716212247E-012
   412.39478157558580        2.7825706635929353E-012
   412.73962209868608        2.7469007884300943E-012
   413.08446262178632        2.6262308733967656E-012
   413.42930314488655        2.4242956631243618E-012
   413.77414366798683        2.1473443367285851E-012
   414.11898419108707        1.8039475552615448E-012
   414.46382471418730        1.4047319752481800E-012
   414.80866523728753        9.6205133965902429E-013
   415.15350576038782        4.8960449587423639E-013
   415.49834628348805        2.0109412964753443E-015
   415.84318680658828       -4.8564107186673723E-013
   416.18802732968857       -9.5826162843982303E-013
   416.53286785278880       -1.4012259310950090E-012
   416.87770837588903       -1.8008271068148150E-012
   417.22254889898926       -2.1447001596521008E-012
   417.56738942208955       -2.4222048121274544E-012
   417.91222994518978       -2.6247544036430854E-012
   418.25707046829001       -2.7460817625356570E-012
   418.60191099139030       -2.7824332345633308E-012
   418.94675151449053       -2.7326845481964573E-012
   419.29159203759076       -2.5983757982603488E-012
   419.63643256069099       -2.3836638537386695E-012
   419.98127308379128       -2.0951932329402936E-012
   420.32611360689151       -1.7418910722571916E-012
   420.67095412999174       -1.3346903768081270E-012
   421.01579465309203       -8.8619203514367510E-013
   421.36063517619226       -4.1027491344322585E-013
   421.70547569929249        7.8334037752600306E-014
   422.05031622239272        5.6451524354294775E-013
   422.39515674549301        1.0332242791964092E-012
   422.73999726859324        1.4699574939522411E-012
   423.08483779169347        1.8612007330529856E-012
   423.42967831479376        2.1948478518561231E-012
   423.77451883789399        2.4605748174182263E-012
   424.11935936099422        2.6501594880199636E-012
   424.46419988409446        2.7577358070204086E-012
   424.80904040719474        2.7799756662067279E-012
   425.15388093029497        2.7161917444464024E-012
   425.49872145339521        2.5683582162789503E-012
   425.84356197649549        2.3410502282550657E-012
   426.18840249959572        2.0413024067796135E-012
   426.53324302269596        1.6783908265587871E-012
   426.87808354579619        1.2635456974840400E-012
   427.22292406889648        8.0960454688820198E-013
   427.56776459199671        3.3061449000762676E-013
   427.91260511509694       -1.5860236011837314E-013
   428.25744563819723       -6.4290765130337340E-013
   428.60228616129746       -1.1073149461086969E-012
   428.94712668439769       -1.5374537361103394E-012
   429.29196720749792       -1.9200140638540659E-012
   429.63680773059821       -2.2431583655037559E-012
   429.98164825369844       -2.4968876318295930E-012
   430.32648877679867       -2.6733511341680179E-012
   430.67132929989896       -2.7670888087485608E-012
   431.01616982299919       -2.7752006910179136E-012
   431.36101034609942       -2.6974364393863735E-012
   431.70585086919965       -2.5362031498161137E-012
   432.05069139229994       -2.2964906137319813E-012
   432.39553191540017       -1.9857171218087248E-012
   432.74037243850040       -1.6135000085948758E-012
   433.08521296160069       -1.1913574934884351E-012
   433.43005348470092       -7.3235280393750604E-013
   433.77489400780115       -2.5068950733823024E-013
   434.11973453090138        2.3872724776602151E-013
   434.46457505400167        7.2075299697143475E-013
   434.80941557710190        1.1804718102070097E-012
   435.15425610020213        1.6036584944438985E-012
   435.49909662330242        1.9772181639005449E-012
   435.84393714640265        2.2895917871183429E-012
   436.18877766950288        2.5311135674455381E-012
   436.53361819260311        2.6943104827235634E-012
   436.87845871570340        2.7741331737261889E-012
   437.22329923880363        2.7681122048055038E-012
   437.56813976190386        2.6764345944050614E-012
   437.91298028500415        2.5019379583223661E-012
   438.25782080810438        2.2500225386022872E-012
   438.60266133120462        1.9284840989327207E-012
   438.94750185430485        1.5472728984233364E-012
   439.29234237740513        1.1181858657082363E-012
   439.63718290050537        6.5450102459320008E-013
   439.98202342360560        1.7056688375821858E-013
   440.32686394670588       -3.1864156379661221E-013
   440.67170446980612       -7.9798625818532766E-013
   441.01654499290635       -1.2526342354493907E-012
   441.36138551600658       -1.6685169988171955E-012
   441.70622603910687       -2.0327657240522190E-012
   442.05106656220710       -2.3341094530773604E-012
   442.39590708530733       -2.5632240366513349E-012
   442.74074760840756       -2.7130203323167137E-012
   443.08558813150785       -2.7788634966941397E-012
   443.43042865460808       -2.7587167756510908E-012
   443.77526917770831       -2.6532041589765588E-012
   444.12010970080860       -2.4655914066935001E-012
   444.46495022390883       -2.2016846837606725E-012
   444.80979074700906       -1.8696508637417075E-012
   445.15463127010929       -1.4797651335085909E-012
   445.49947179320958       -1.0440924260996920E-012
   445.84431231630981       -5.7611450591730460E-013
   446.18915283941004       -9.0312977551543092E-014
   446.53399336251033        3.9827941088591340E-013
   446.87883388561056        8.7454358636007330E-013
   447.22367440871079        1.3237421080602514E-012
   447.56851493181102        1.7319751969022665E-012
   447.91335545491131        2.0866107193430985E-012
   448.25819597801154        2.3766751969275475E-012
   448.60303650111177        2.5931934119138902E-012
   448.94787702421206        2.7294658029305209E-012
   449.29271754731229        2.7812762996062450E-012
   449.63755807041252        2.7470220691820176E-012
   449.98239859351276        2.6277639446779579E-012
   450.32723911661304        2.4271928450184852E-012
   450.67207963971327        2.1515156418140967E-012
   451.01692016281351        1.8092632763380004E-012
   451.36176068591379        1.4110268905060338E-012
   451.70660120901402        9.6912982095468052E-013
   452.05144173211426        4.9724645584059568E-013
   452.39628225521449        9.9790755515355174E-015
   452.74112277831478       -4.7759455008815228E-013
   453.08596330141501       -9.5038690473325104E-013
   453.43080382451524       -1.3937677558254856E-012
   453.77564434761553       -1.7940168272159531E-012
   454.12048487071576       -2.1387485634734255E-012
   454.46532539381599       -2.4172950368386192E-012
   454.81016591691622       -2.6210361071066557E-012
   455.15500644001651       -2.7436659140801034E-012
   455.49984696311674       -2.7813880617461951E-012
   455.84468748621697       -2.7330328338605759E-012
   456.18952800931726       -2.6000936827496397E-012
   456.53436853241749       -2.3866811876930578E-012
   456.87920905551772       -2.0993952398857745E-012
   457.22404957861795       -1.7471218138867559E-012
   457.56889010171824       -1.3407578046023638E-012
   457.91373062481847       -8.9287467583859846E-013
   458.25857114791870       -4.1732955777030106E-013
   458.60341167101899        7.1162446232072186E-014
   458.94825219411922        5.5748324539280545E-013
   459.29309271721945        1.0265782319042339E-012
   459.63793324031968        1.4639217125731367E-012
   459.98277376341997        1.8559656584088783E-012
   460.32761428652020        2.1905580928861910E-012
   460.67245480962043        2.4573185659775382E-012
   461.01729533272072        2.6479594914611087E-012
   461.36213585582095        2.7565428323651208E-012
   461.70697637892118        2.7796650116287607E-012
   462.05181690202141        2.7165635553718348E-012
   462.39665742512170        2.5691430250835447E-012
   462.74149794822193        2.3419186652205213E-012
   463.08633847132216        2.0418806707218717E-012
   463.43117899442245        1.6782814511599744E-012
   463.77601951752268        1.2623537047912251E-012
   464.12086004062292        8.0696749543836248E-013
   464.46570056372315        3.2623630299869220E-013
   464.81054108682343       -1.6491673402762224E-013
   465.15538160992367       -6.5121730952744315E-013
   465.50022213302390       -1.1175120652933713E-012
   465.84506265612418       -1.5492371462130465E-012
   466.18990317922442       -1.9328719479184904E-012
   466.53474370232465       -2.2563615181310021E-012
   466.87958422542488       -2.5094971129740723E-012
   467.22442474852517       -2.6842402825693683E-012
   467.56926527162540       -2.7749824456786443E-012
   467.91410579472563       -2.7787300837934625E-012
   468.25894631782592       -2.6952099958658795E-012
   468.60378684092615       -2.5268892395704294E-012
   468.94862736402638       -2.2789103672164888E-012
   469.29346788712661       -1.9589409991329619E-012
   469.63830841022690       -1.5769424732498144E-012
   469.98314893332713       -1.1448638509111112E-012
   470.32798945642736       -6.7627042108663159E-013
   470.67282997952765       -1.8591754892880548E-013
   471.01767050262788        3.1071621679512170E-013
   471.36251102572811        7.9792326900311743E-013
   471.70735154882834        1.2602697734614858E-012
   472.05219207192863        1.6830945031393516E-012
   472.39703259502886        2.0529818426622741E-012
   472.74187311812909        2.3581977287951047E-012
   473.08671364122938        2.5890700093949869E-012
   473.43155416432961        2.7383023883610747E-012
   473.77639468742984        2.8012088977441966E-012
   474.12123521053007        2.7758628959237879E-012
   474.46607573363036        2.6631536436702816E-012
   474.81091625673059        2.4667502445178152E-012
   475.15575677983082        2.1929734402534307E-012
   475.50059730293111        1.8505805127485196E-012
   475.84543782603134        1.4504718589017743E-012
   476.19027834913157        1.0053296083572948E-012
   476.53511887223181        5.2920104504326680E-013
   476.87995939533209        3.7042414524136686E-014
   477.22479991843232       -4.5576185306201727E-013
   477.56964044153256       -9.3388764555065590E-013
   477.91448096463284       -1.3825512133675524E-012
   478.25932148773308       -1.7879659383577940E-012
   478.60416201083331       -2.1377612755853190E-012
   478.94900253393354       -2.4213512111076376E-012
   479.29384305703383       -2.6302433290159156E-012
   479.63868358013406       -2.7582785079404179E-012
   479.98352410323429       -2.8017974324925044E-012
   480.32836462633458       -2.7597292411091828E-012
   480.67320514943481       -2.6336028368886017E-012
   481.01804567253504       -2.4274807463895292E-012
   481.36288619563527       -2.1478202696470576E-012
   481.70772671873556       -1.8032661102959971E-012
   482.05256724183579       -1.4043821058858096E-012
   482.39740776493602       -9.6332960313514283E-013
   482.74224828803631       -4.9350233235471526E-013
   483.08708881113654       -9.1275349275509799E-015
   483.43192933423677        4.7515532966968992E-013
   483.77676985733700        9.4472577010291158E-013
   484.12161038043729        1.3854141527000785E-012
   484.46645090353752        1.7839196839579330E-012
   484.81129142663775        2.1282045960977242E-012
   485.15613194973804        2.4078529678438991E-012
   485.50097247283827        2.6143830417368362E-012
   485.84581299593850        2.7415049786616955E-012
   486.19065351903873        2.7853152274365871E-012
   486.53549404213902        2.7444212443841893E-012
   486.88033456523925        2.6199921864294781E-012
   487.22517508833948        2.4157333450975018E-012
   487.57001561143977        2.1377832850980881E-012
   487.91485613454000        1.7945373719275740E-012
   488.25969665764023        1.3964008827407205E-012
   488.60453718074046        9.5547892247090726E-013
   488.94937770384075        4.8521312126070277E-013
   489.29421822694098       -2.6805607061348113E-017
   489.63905875004122       -4.8538082869762958E-013
   489.98389927314150       -9.5595482069254192E-013
   490.32873979624173       -1.3972801476454354E-012
   490.67358031934197       -1.7957615069884110E-012
   491.01842084244220       -2.1391002550660396E-012
   491.36326136554248       -2.4166780963792878E-012
   491.70810188864272       -2.6198905553563874E-012
   492.05294241174295       -2.7424177063882745E-012
   492.39778293484324       -2.7804244951490722E-012
   492.74262345794347       -2.7326842350510422E-012
   493.08746398104370       -2.6006210159672839E-012
   493.43230450414393       -2.3882685113581772E-012
   493.77714502724422       -2.1021480991338143E-012
   494.12198555034445       -1.7510692984476305E-012
   494.46682607344468       -1.3458578739849545E-012
   494.81166659654497       -8.9902180672389994E-013
   495.15650711964520       -4.2436407737271776E-013
   495.50134764274543        6.3444621403039677E-014
   495.84618816584566        5.4932100529583040E-013
   496.19102868894595        1.0182366090278982E-012
   496.53586921204618        1.4556835529294084E-012
   496.88070973514641        1.8481249258494285E-012
   497.22555025824670        2.1834141587919253E-012
   497.57039078134693        2.4511719088115946E-012
   497.91523130444716        2.6431080336920471E-012
   498.26007182754739        2.7532784675101414E-012
   498.60491235064768        2.7782694881665882E-012
   498.94975287374791        2.7173035666131376E-012
   499.29459339684814        2.5722637415139815E-012
   499.63943391994843        2.3476353267620316E-012
   499.98427444304866        2.0503672406008040E-012
   500.32911496614889        1.6896567351908763E-012
   500.67395548924912        1.2766646585936272E-012
   501.01879601234941        8.2416995391059902E-013
   501.36363653544964        3.4617430899371840E-013
   501.70847705854987       -1.4253114951034902E-013
   502.05331758165016       -6.2682383228230014E-013
   502.39815810475039       -1.0917176843765091E-012
   502.74299862785062       -1.5228270749472812E-012
   503.08783915095086       -1.9068118906771740E-012
   503.43267967405114       -2.2317901567793411E-012
   503.77752019715138       -2.4877058496683952E-012
   504.12236072025161       -2.6666402963298265E-012
   504.46720124335184       -2.7630571541356932E-012
   504.81204176645213       -2.7739732505554316E-012
   505.15688228955236       -2.6990512971017839E-012
   505.50172281265259       -2.5406104463638872E-012
   505.84656333575288       -2.3035540527496325E-012
   506.19140385885311       -1.9952182092690925E-012
   506.53624438195334       -1.6251445515721239E-012
   506.88108490505357       -1.2047850700013778E-012
   507.22592542815386       -7.4714791143323812E-013
   507.57076595125409       -2.6639450294255994E-013
   507.91560647435432        2.2259839817183388E-013
   508.26044699745461        7.0469943261540548E-013
   508.60528752055484        1.1649904397608004E-012
   508.95012804365507        1.5892284087123157E-012
   509.29496856675530        1.9642858547715408E-012
   509.63980908985559        2.2785573221706170E-012
   509.98464961295582        2.5223183627488933E-012
   510.32949013605605        2.6880267379053007E-012
   510.67433065915634        2.7705553000206415E-012
   511.01917118225657        2.7673510327229565E-012
   511.36401170535680        2.6785136379928742E-012
   511.70885222845703        2.5067926795449584E-012
   512.05369275155726        2.2575026774066561E-012
   512.39853327465755        1.9383583374937171E-012
   512.74337379775784        1.5592356627672840E-012
   513.08821432085801        1.1318670194737174E-012
   513.43305484395830        6.6947707643807048E-013
   513.77789536705859        1.8637432233577536E-013
   514.12273589015876       -3.0249193339296068E-013
   514.46757641325905       -7.8199396104866340E-013
   514.81241693635934       -1.2372940918417529E-012
   515.15725745945952       -1.6543037015476231E-012
   515.50209798255980       -2.0201192040033983E-012
   515.84693850565998       -2.3234211515420396E-012
   516.19177902876027       -2.5548246208181808E-012
   516.53661955186055       -2.7071695750974803E-012
   516.88146007496073       -2.7757424084776984E-012
   517.22630059806102       -2.7584218491595919E-012
   517.57114112116130       -2.6557446811759114E-012
   517.91598164426148       -2.4708887414347094E-012
   518.26082216736177       -2.2095748469325391E-012
   518.60566269046205       -1.8798896762172926E-012
   518.95050321356223       -1.4920356483773619E-012
   519.29534373666252       -1.0580150869558977E-012
   519.64018425976280       -5.9125850926330456E-013
   519.98502478286298       -1.0620955882314633E-013
   520.32986530596327        3.8212215339055514E-013
   520.67470582906344        8.5862555257418425E-013
   521.01954635216373        1.3085557982007437E-012
   521.36438687526402        1.7179905129467447E-012
   521.70922739836419        2.0742605303825285E-012
   522.05406792146448        2.3663415921342227E-012
   522.39890844456477        2.5851960839171650E-012
   522.74374896766494        2.7240523016083582E-012
   523.08858949076523        2.7786141671558947E-012
   523.43343001386552        2.7471940084735324E-012
   523.77827053696569        2.6307646722632740E-012
   524.12311106006598        2.4329296673395809E-012
   524.46795158316627        2.1598113775837599E-012
   524.81279210626644        1.8198618087458042E-012
   525.15763262936673        1.4236009642024448E-012
   525.50247315246691        9.8329124293098482E-013
   525.84731367556719        5.1255792845682413E-013
   526.19215419866748        2.5967635044652738E-014
   526.53699472176766       -4.6142245073295096E-013
   526.88183524486794       -9.3453043559586366E-013
   527.22667576796823       -1.3787165002338989E-012
   527.57151629106841       -1.7802359935312717E-012
   527.91635681416869       -2.1266646215492178E-012
   528.26119733726898       -2.4072827832220168E-012
   528.60603786036916       -2.6134076018198851E-012
   528.95087838346944       -2.7386613804854413E-012
   529.29571890656973       -2.7791687634072865E-012
   529.64055942966991       -2.7336770901697517E-012
   529.98539995277019       -2.6035945613236272E-012
   530.33024047587037       -2.3929471974986432E-012
   530.67508099897066       -2.1082539046702685E-012
   531.01992152207094       -1.7583249182917609E-012
   531.36476204517112       -1.3539890171062514E-012
   531.70960256827141       -9.0775811773738511E-013
   532.05444309137170       -4.3344100271753286E-013
   532.39928361447187        5.4284812294756705E-014
   532.74412413757216        5.4032697911932214E-013
   533.08896466067245        1.0096454829923837E-012
   533.43380518377262        1.4477176376108116E-012
   533.77864570687291        1.8409882416881980E-012
   534.12348622997320        2.1772881388438022E-012
   534.46832675307337        2.4462110820525073E-012
   534.81316727617366        2.6394362398582198E-012
   535.15800779927383        2.7509848453774918E-012
   535.50284832237412        2.7774059631826818E-012
   535.84768884547441        2.7178825826794127E-012
   536.19252936857458        2.5742573396708310E-012
   536.53736989167487        2.3509751857060179E-012
   536.88221041477516        2.0549460092245053E-012
   537.22705093787533        1.6953305846357970E-012
   537.57189146097562        1.2832575803880370E-012
   537.91673198407591        8.3147863666768316E-013
   538.26157250717608        3.5397390042507580E-013
   538.60641303027637       -1.3448050473027897E-013
   538.95125355337655       -6.1876987508954485E-013
   539.29609407647683       -1.0839081232081940E-012
   539.64093459957712       -1.5155020983464071E-012
   539.98577512267730       -1.9001970081867251E-012
   540.33061564577758       -2.2260889884824523E-012
   540.67545616887787       -2.4830941188752951E-012
   541.02029669197805       -2.6632602217522860E-012
   541.36513721507833       -2.7610128585787937E-012
   541.70997773817862       -2.7733276518130080E-012
   542.05481826127880       -2.6998242155862994E-012
   542.39965878437908       -2.5427777675945017E-012
   542.74449930747937       -2.3070487081185867E-012
   543.08933983057955       -1.9999319313419956E-012
   543.43418035367984       -1.6309315189610040E-012
   543.77902087678001       -1.2114663516106432E-012
   544.12386139988030       -7.5451669375973978E-013
   544.46870192298059       -2.7422273491157696E-013
   544.81354244608076        2.1455300595529936E-013
   545.15838296918105        6.9668584546041246E-013
   545.50322349228134        1.1572564677162478E-012
   545.84806401538151        1.5820133456385510E-012
   546.19290453848180        1.9578129327391537E-012
   546.53774506158209        2.2730268631679842E-012
   546.88258558468226        2.5179016944046726E-012
   547.22742610778255        2.6848603786389555E-012
   547.57226663088284        2.7687372033652960E-012
   547.91710715398301        2.7669373335329597E-012
   548.26194767708330        2.6795171574811223E-012
   548.60678820018347        2.5091824740683154E-012
   548.95162872328376        2.2612048475709305E-012
   549.29646924638405        1.9432581795120050E-012
   549.64130976948422        1.5651815983178663E-012
   549.98615029258451        1.1386749110917150E-012
   550.33099081568480        6.7693625946452686E-013
   550.67583133878497        1.9425413947389823E-013
   551.02067186188526       -2.9443521597748170E-013
   551.36551238498555       -7.7400977545914070E-013
   551.71035290808572       -1.2296296175062934E-012
   552.05519343118601       -1.6471961743900725E-012
   552.40003395428630       -2.0137884835359166E-012
   552.74487447738647       -2.3180629736078433E-012
   553.08971500048676       -2.5506046960983707E-012
   553.43455552358694       -2.7042186612306631E-012
   553.77939604668722       -2.7741518422073194E-012
   554.12423656978751       -2.7582409407551673E-012
   554.46907709288769       -2.6569788705056579E-012
   554.81391761598798       -2.4734997546338579E-012
   555.15875813908826       -2.2134818744487579E-012
   555.50359866218844       -1.8849718960770924E-012
   555.84843918528873       -1.4981358200668983E-012
   556.19327970838901       -1.0649444278292146E-012
   556.53812023148919       -5.9880249223795651E-013
   556.88296075458948       -1.1413484018898649E-013
   557.22780127768976        3.7406085854176302E-013
   557.57264180078994        8.5067772226244472E-013
   557.91748232389023        1.3009673511527694E-012
   558.26232284699040        1.7109962651861981E-012
   558.60716337009069        2.0680767793914796E-012
   558.95200389319098        2.3611598378927576E-012
   559.29684441629115        2.5811767037078902E-012
   559.64168493939144        2.7213196247519845E-012
   559.98652546249173        2.7772526198683225E-012
   560.33136598559190        2.7472457744941548E-012
   560.67620650869219        2.6322281248513443E-012
   561.02104703179248        2.4357595384998754E-012
   561.36588755489265        2.1639201350457232E-012
   561.71072807799294        1.8251224061402303E-012
   562.05556860109323        1.4298503909271808E-012
   562.40040912419340        9.9033607778773917E-013
   562.74524964729369        5.2018022127745777E-013
   563.09009017039386        3.3931603783362604E-014
   563.43493069349415       -4.5336318448640662E-013
   563.77977121659444       -9.2662536713783449E-013
   564.12461173969461       -1.3712102283379366E-012
   564.46945226279490       -1.7733608275564272E-012
   564.81429278589519       -2.1206333124926563E-012
   565.15913330899537       -2.4022819586762567E-012
   565.50397383209565       -2.6095919442812375E-012
   565.84881435519594       -2.7361487985048193E-012
   566.19365487829612       -2.7780372602004328E-012
   566.53849540139640       -2.7339615720190837E-012
   566.88333592449669       -2.6052862532249724E-012
   567.22817644759687       -2.3959937762870090E-012
   567.57301697069715       -2.1125609515325134E-012
   567.91785749379733       -1.7637590915229768E-012
   568.26269801689762       -1.3603822191978993E-012
   568.60753853999790       -9.1491268922111902E-013
   568.95237906309808       -4.4113553369214471E-013
   569.29721958619837        4.6288603543006525E-014
   569.64206010929865        5.3227660798767371E-013
   569.98690063239883        1.0017898984806779E-012
   570.33174115549912        1.4403000374605906E-012
   570.67658167859940        1.8342379658251519E-012
   571.02142220169958        2.1714139727224872E-012
   571.36626272479987        2.4413950867702050E-012
   571.71110324790016        2.6358273771146390E-012
   572.05594377100033        2.7486948863502667E-012
   572.40078429410062        2.7765055333587947E-012
   572.74562481720079        2.7183995236799812E-012
   573.09046534030108        2.5761756689118222E-012
   573.43530586340137        2.3542355346123510E-012
   573.78014638650154        2.0594475853365866E-012
   574.12498690960183        1.7009342369692248E-012
   574.46982743270212        1.2897896215463463E-012
   574.81466795580229        8.3873694149895193E-013
   575.15950847890258        3.6173382552469878E-013
   575.50434900200287       -1.2645907394291934E-013
   575.84918952510304       -6.1073484468050067E-013
   576.19403004820333       -1.0761083490453659E-012
   576.53887057130362       -1.5081790489578080E-012
   576.88371109440379       -1.8935771503833034E-012
   577.22855161750408       -2.2203772583689998E-012
   577.57339214060426       -2.4784672288750294E-012
   577.91823266370454       -2.6598612464573347E-012
   578.26307318680483       -2.7589468624983023E-012
   578.60791370990501       -2.7726587674849015E-012
   578.95275423300529       -2.7005731727792691E-012
   579.29759475610558       -2.5449213794287735E-012
   579.64243527920576       -2.3105204714767902E-012
   579.98727580230604       -2.0046243747949001E-012
   580.33211632540633       -1.6366994890902206E-012
   580.67695684850651       -1.2181313777984828E-012
   581.02179737160679       -7.6187256143354046E-013
   581.36663789470708       -2.8204195257092989E-013
   581.71147841780726        2.0651260640369195E-013
   582.05631894090754        6.8867303064704013E-013
   582.40115946400772        1.1495192902436080E-012
   582.74599998710801        1.5747911236043941E-012
   583.09084051020830        1.9513291043580089E-012
   583.43568103330847        2.2674820542888126E-012
   583.78052155640876        2.5134674065102829E-012
   584.12536207950905        2.6816739546384529E-012
   584.47020260260922        2.7668972526508221E-012
   584.81504312570951        2.7665008305963818E-012
   585.15988364880980        2.6804975273407587E-012
   585.50472417190997        2.5115491995414347E-012
   585.84956469501026        2.2648847302306805E-012
   586.19440521811055        1.9481374525614689E-012
   586.53924574121072        1.5711094176242797E-012
   586.88408626431101        1.1454677133562392E-012
   587.22892678741118        6.8438372834643337E-013
   587.57376731051147        2.0212578553973246E-013
   587.91860783361176       -2.8638296418346838E-013
   588.26344835671193       -7.6602592686614096E-013
   588.60828887981222       -1.2219612372427310E-012
   588.95312940291251       -1.6400805144095603E-012
   589.29796992601268       -2.0074458401981306E-012
   589.64281044911297       -2.3126897309932319E-012
   589.98765097221326       -2.5463671782219523E-012
   590.33249149531343       -2.7012477292399327E-012
   590.67733201841372       -2.7725392505665612E-012
   591.02217254151401       -2.7580366596967818E-012
   591.36701306461418       -2.6581895302237846E-012
   591.71185358771447       -2.4760878447790716E-012
   592.05669411081465       -2.2173672476348094E-012
   592.40153463391493       -1.8900341718759175E-012
   592.74637515701522       -1.5042182672582083E-012
   593.09121568011540       -1.0718588283168064E-012
   593.43605620321568       -6.0633516139607795E-013
   593.78089672631597       -1.2205255385362160E-013
   594.12573724941615        3.6600304485305074E-013
   594.47057777251644        8.4272924654416143E-013
   594.81541829561672        1.2933742866232263E-012
   595.16025881871690        1.7039934936606650E-012
   595.50509934181719        2.0618809184124546E-012
   595.84993986491736        2.3559625597557951E-012
   596.19478038801765        2.5771388405516815E-012
   596.53962091111794        2.7185661421725276E-012
   596.88446143421811        2.7758689018283734E-012
   597.22930195731840        2.7472743979730088E-012
   597.57414248041869        2.6336683800448266E-012
   597.91898300351886        2.4385666279512042E-012
   598.26382352661915        2.1680071597534943E-012
   598.60866404971944        1.8303629455554584E-012
   598.95350457281961        1.4360825640827896E-012
   599.29834509591990        9.9736691864630885E-013
   599.64318561902019        5.2779201394084449E-013
   599.98802614212036        4.1888741182361333E-014
   600.33286666522065       -4.4530695261728857E-013
   600.67770718832082       -9.1871911417872351E-013
   601.02254771142111       -1.3636986091698754E-012
   601.36738823452140       -1.7664762549287442E-012
   601.71222875762157       -2.1145888075559523E-012
   602.05706928072186       -2.3972646139913263E-012
   602.40190980382215       -2.6057571595850248E-012
   602.74675032692232       -2.7336152077050669E-012
   603.09159085002261       -2.7768829467902463E-012
   603.43643137312290       -2.7342222117287770E-012
   603.78127189622307       -2.6069538844077284E-012
   604.12611241932336       -2.3990169146960335E-012
   604.47095294242365       -2.1168461396286867E-012
   604.81579346552383       -1.7691736441138328E-012
   605.16063398862411       -1.3667584013157731E-012
   605.50547451172429       -9.2205329363916222E-013
   605.85031503482458       -4.4881962341448458E-013
   606.19515555792486        3.8298557975414089E-014
   606.53999608102504        5.2422783380950264E-013
   606.88483660412533        9.9393140158899577E-013
   607.22967712722561        1.4328749984951480E-012
   607.57451765032579        1.8274761773626670E-012
   607.91935817342608        2.1655245844879887E-012
   608.26419869652636        2.4365600430474200E-012
   608.60903921962654        2.6321962038267741E-012
   608.95387974272683        2.7463798966717986E-012
   609.29872026582711        2.7755785521678459E-012
   609.64356078892729        2.7188892679545000E-012
   609.98840131202758        2.5780669048783703E-012
   610.33324183512775        2.3574696282673810E-012
   610.67808235822804        2.0639243305680597E-012
   611.02292288132833        1.7065152996698083E-012
   611.36776340442850        1.2963026789885877E-012
   611.71260392752879        8.4598047701921479E-013
   612.05744445062908        3.6948378475521371E-013
   612.40228497372925       -1.1844234972981251E-013
   612.74712549682954       -6.0269954852978581E-013
   613.09196601992983       -1.0683027654577961E-012
   613.43680654303000       -1.5008444700882307E-012
   613.78164706613029       -1.8869402881501795E-012
   614.12648758923058       -2.2146434711234624E-012
   614.47132811233075       -2.4738137864838552E-012
   614.81616863543104       -2.6564322969117890E-012
   615.16100915853121       -2.7568483127178257E-012
   615.50584968163150       -2.7719554146541621E-012
   615.85069020473179       -2.7012866944526322E-012
   616.19553072783197       -2.5470298000015746E-012
   616.54037125093225       -2.3139587146325080E-012
   616.88521177403254       -2.0092862071844470E-012
   617.23005229713272       -1.6424407170599456E-012
   617.57489282023300       -1.2247743586296542E-012
   617.91973334333329       -7.6921184951242890E-013
   618.26457386643347       -2.8985055883355883E-013
   618.60941438953375        1.9847588719775033E-013
   618.95425491263404        6.8065679137827994E-013
   619.29909543573422        1.1417714779706947E-012
   619.64393595883450        1.5675513376446686E-012
   619.98877648193468        1.9448213056823767E-012
   620.33361700503497        2.2619076807135666E-012
   620.67845752813525        2.5089987139555402E-012
   621.02329805123543        2.6784490666213067E-012
   621.36813857433572        2.7650159077539163E-012
   621.71297909743600        2.7660212412848758E-012
   622.05781962053618        2.6814347045854274E-012
   622.40266014363647        2.5138742914652931E-012
   622.74750066673676        2.2685257721093202E-012
   623.09234118983693        1.9529816833917107E-012
   623.43718171293722        1.5770068033327128E-012
   623.78202223603751        1.1522359948136853E-012
   624.12686275913768        6.9181377168165281E-013
   624.47170328223797        2.0998777070594259E-013
   624.81654380533814       -2.7833232102361195E-013
   625.16138432843843       -7.5803598487387652E-013
   625.50622485153872       -1.2142790628523016E-012
   625.85106537463889       -1.6329436906824795E-012
   626.19590589773918       -2.0010751143752433E-012
   626.54074642083947       -2.3072821415024356E-012
   626.88558694393964       -2.5420900523234701E-012
   627.23042746703993       -2.6982335398723374E-012
   627.57526799014022       -2.7708815459094409E-012
   627.92010851324039       -2.7577864737044410E-012
   628.26494903634068       -2.6593543152864953E-012
   628.60978955944097       -2.4786316488050141E-012
   628.95463008254114       -2.2212114016266066E-012
   629.29947060564143       -1.8950600441152992E-012
   629.64431112874161       -1.5102703575159884E-012
   629.98915165184189       -1.0787496232846962E-012
   630.33399217494218       -6.1385127947330408E-013
   630.67883269804236       -1.2996151380233006E-013
   631.02367322114264        3.5794589537117106E-013
   631.36851374424293        8.3477312691492693E-013
   631.71335426734311        1.2857653028280978E-012
   632.05819479044339        1.6969672906833604E-012
   632.40303531354368        2.0556548848389051E-012
   632.74787583664386        2.3507293791560842E-012
   633.09271635974414        2.5730604461726674E-012
   633.43755688284443        2.7157687107455672E-012
   633.78239740594461        2.7744388208104111E-012
   634.12723792904490        2.7472560442556946E-012
   634.47207845214507        2.6350621787260023E-012
   634.81691897524536        2.4413297578381061E-012
   635.16175949834565        2.1720540381627778E-012
   635.50660002144582        1.8355681307908557E-012
   635.85144054454611        1.4422849133205131E-012
   636.19628106764640        1.0043745980543673E-012
   636.54112159074657        5.3538834041623580E-013
   636.88596211384686        4.9838554642729585E-014
   637.23080263694715       -4.3724961992497256E-013
   637.57564316004732       -9.1080375785349917E-013
   637.92048368314761       -1.3561701898624795E-012
   638.26532420624790       -1.7595676688777019E-012
   638.61016472934807       -2.1085138074768480E-012
   638.95500525244836       -2.3922111782139410E-012
   639.29984577554853       -2.6018814929725694E-012
   639.64468629864882       -2.7310374445955571E-012
   639.98952682174911       -2.7756829957956488E-012
   640.33436734484928       -2.7344371967634650E-012
   640.67920786794957       -2.6085769921811032E-012
   641.02404839104986       -2.4019977083632592E-012
   641.36888891415003       -2.1210924920550744E-012
   641.71372943725032       -1.7745542269312233E-012
   642.05856996035061       -1.3731067066613308E-012
   642.40341048345078       -9.2917285540913476E-013
   642.74825100655107       -4.5649006997996511E-013
   643.09309152965136        3.0314793576773014E-014
   643.43793205275153        5.1617787306463628E-013
   643.78277257585182        9.8606441069124364E-013
   644.12761309895200        1.4254342816516014E-012
   644.47245362205229        1.8206920303474217E-012
   644.81729414515257        2.1596071511240148E-012
   645.16213466825275        2.4316925640876334E-012
   645.50697519135304        2.6285293399028708E-012
   645.85181571445332        2.7440270824694554E-012
   646.19665623755350        2.7746125307108124E-012
   646.54149676065379        2.7193399165643858E-012
   646.88633728375407        2.5799202943879256E-012
   647.23117780685425        2.3606685715137716E-012
   647.57601832995454        2.0683697479598489E-012
   647.92085885305482        1.7120693296872614E-012
   648.26569937615500        1.3027933230257691E-012
   648.61053989925529        8.5320678776051062E-013
   648.95538042235546        3.7722209974587701E-013
   649.30022094545575       -1.1043165748265089E-013
   649.64506146855604       -5.9466441165731463E-013
   649.98990199165621       -1.0604920673952420E-012
   650.33474251475650       -1.4935001544129477E-012
   650.67958303785679       -1.8802898818108991E-012
   651.02442356095696       -2.2088927024942745E-012
   651.36926408405725       -2.4691408205998711E-012
   651.71410460715754       -2.6529815969619421E-012
   652.05894513025771       -2.7547267253562071E-012
   652.40378565335800       -2.7712287386946901E-012
   652.74862617645829       -2.7019774966343999E-012
   653.09346669955846       -2.5491165795797432E-012
   653.43830722265875       -2.3173767905133953E-012
   653.78314774575892       -2.0139296257231338E-012
   654.12798826885921       -1.6481655225707984E-012
   654.47282879195950       -1.2314034652228441E-012
   654.81766931505967       -7.7654014133703148E-013
   655.16250983815996       -2.9765095137745998E-013
   655.50735036126025        1.9044517571168749E-013
   655.85219088436043        6.7264437514371905E-013
   656.19703140746071        1.1340252587564777E-012
   656.54187193056100        1.5603111615186913E-012
   656.88671245366118        1.9383113606593047E-012
   657.23155297676146        2.2563294133699925E-012
   657.57639349986164        2.5045249632522601E-012
   657.92123402296193        2.6752183792640573E-012
   658.26607454606221        2.7631281919194292E-012
   658.61091506916239        2.7655348257499561E-012
   658.95575559226268        2.6823645260155000E-012
   659.30059611536296        2.5161915764719442E-012
   659.64543663846314        2.2721586990647466E-012
   659.99027716156343        1.9578179177368108E-012
   660.33511768466371        1.5828967631807062E-012
   660.67995820776389        1.1589971278438845E-012
   661.02479873086418        6.9923659066432481E-013
   661.36963925396446        2.1784252766969403E-013
   661.71447977706464       -2.7028871299319959E-013
   662.05932030016493       -7.5005220760812664E-013
   662.40416082326510       -1.2066023189165750E-012
   662.74900134636539       -1.6258116740514402E-012
   663.09384186946568       -1.9947086831972610E-012
   663.43868239256585       -2.3018782763394975E-012
   663.78352291566614       -2.5378159280991532E-012
   664.12836343876643       -2.6952212466576521E-012
   664.47320396186660       -2.7692242766751331E-012
   664.81804448496689       -2.7575356377890010E-012
   665.16288500806718       -2.6605178425787945E-012
   665.50772553116735       -2.4811733527840245E-012
   665.85256605426764       -2.2250525659029103E-012
   666.19740657736793       -1.9000815843913198E-012
   666.54224710046810       -1.5163169597929119E-012
   666.88708762356839       -1.0856342693399261E-012
   667.23192814666857       -6.2136108049902240E-013
   667.57676866976885       -1.3786400486878318E-013
   667.92160919286914        3.4989550209228140E-013
   668.26644971596932        8.2682401163136160E-013
   668.61129023906960        1.2781633908450487E-012
   668.95613076216989        1.6899475835400591E-012
   669.30097128527007        2.0494346803176893E-012
   669.64581180837035        2.3455011571102474E-012
   669.99065233147064        2.5689859920799392E-012
   670.33549285457082        2.7129741585375580E-012
   670.68033337767110        2.7730107521246099E-012
   671.02517390077139        2.7472385003756243E-012
   671.37001442387157        2.6364556620763052E-012
   671.71485494697185        2.4440910072441555E-012
   672.05969547007203        2.1760977187680930E-012
   672.40453599317232        1.8407691991550051E-012
   672.74937651627260        1.4484824463214930E-012
   673.09421703937278        1.0113766784786307E-012
   673.43905756247307        5.4297822128854910E-013
   673.78389808557336        5.7781495308962406E-014
   674.12873860867353       -4.2919944099684834E-013
   674.47357913177382       -9.0289539736795995E-013
   674.81841965487411       -1.3486483827662245E-012
   675.16326017797428       -1.7526652344671038E-012
   675.50810070107457       -2.1024443142510163E-012
   675.85294122417486       -2.3871624169865960E-012
   676.19778174727503       -2.5980097588049628E-012
   676.54262227037532       -2.7284623885722147E-012
   676.88746279347549       -2.7744842674324806E-012
   677.23230331657578       -2.7346519507940960E-012
   677.57714383967607       -2.6101986145837212E-012
   677.92198436277624       -2.4049761331729119E-012
   678.26682488587653       -2.1253354030433652E-012
   678.61166540897682       -1.7799302777818884E-012
   678.95650593207699       -1.3794495104258986E-012
   679.30134645517728       -9.3628605159759352E-013
   679.64618697827757       -4.6415374186280635E-013
   679.99102750137774        2.2337747075175482E-014
   680.33586802447803        5.0813426936675697E-013
   680.68070854757832        9.7820340018209763E-013
   681.02554907067849        1.4179991813826760E-012
   681.37038959377878        1.8139126451699577E-012
   681.71523011687896        2.1536932880860596E-012
   682.06007063997924        2.4268272406307854E-012
   682.40491116307953        2.6248631783173493E-012
   682.74975168617971        2.7416734967157638E-012
   683.09459220927999        2.7736443205057294E-012
   683.43943273238028        2.7197870518807603E-012
   683.78427325548046        2.5817688113321304E-012
   684.12911377858075        2.3638612986758179E-012
   684.47395430168103        2.0728079986474288E-012
   684.81879482478121        1.7176158009926863E-012
   685.16363534788150        1.3092762519411440E-012
   685.50847587098178        8.6042550847371062E-013
   685.85331639408196        3.8495323647847359E-013
   686.19815691718225       -1.0242727446696213E-013
   686.54299744028242       -5.8663448244920182E-013
   686.88783796338271       -1.0526850798607726E-012
   687.23267848648300       -1.4861575961146291E-012
   687.57751900958317       -1.8736390543273012E-012
   687.92235953268346       -2.2031394418025354E-012
   688.26720005578375       -2.4644630443361323E-012
   688.61204057888392       -2.6495241235311439E-012
   688.95688110198421       -2.7525966890649275E-012
   689.30172162508450       -2.7704917616901616E-012
   689.64656214818467       -2.7026563829881834E-012
   689.99140267128496       -2.5511903589033036E-012
   690.33624319438525       -2.3207813681040009E-012
   690.68108371748542       -2.0185596172550789E-012
   691.02592424058571       -1.6538777776653809E-012
   691.37076476368588       -1.2380210455919992E-012
   691.71560528678617       -7.8385815922655158E-013
   692.06044580988646       -3.0544297825244868E-013
   692.40528633298663        1.8242007463271155E-013
   692.75012685608692        6.6463445856590560E-013
   693.09496737918721        1.1262785829413860E-012
   693.43980790228738        1.5530674810015955E-012
   693.78464842538767        1.9317948526257655E-012
   694.12948894848796        2.2507415446783879E-012
   694.47432947158813        2.5000386154906282E-012
   694.81916999468842        2.6719723478455202E-012
   695.16401051778871        2.7612230952788537E-012
   695.50885104088889        2.7650296285384199E-012
   695.85369156398917        2.6832748409035179E-012
   696.19853208708935        2.5184890512695990E-012
   696.54337261018964        2.2757722108633139E-012
   696.88821313328992        1.9626357074200352E-012
   697.23305365639010        1.5887697467699237E-012
   697.57789417949039        1.1657436238927411E-012
   697.92273470259067        7.0664796467133240E-013
   698.26757522569085        2.2568925259561051E-013
   698.61241574879114       -2.6224950914308533E-013
   698.95725627189142       -7.4206929584028509E-013
   699.30209679499160       -1.1989226762069258E-012
   699.64693731809189       -1.6186729660757630E-012
   699.99177784119217       -1.9883316019164199E-012
   700.33661836429235       -2.2964602509782350E-012
   700.68145888739264       -2.5335246268957676E-012
   701.02629941049281       -2.6921895866719157E-012
   701.37113993359310       -2.7675460207040140E-012
   701.71598045669339       -2.7572626526071475E-012
   702.06082097979356       -2.6616583567545429E-012
   702.40566150289385       -2.4836923203917994E-012
   702.75050202599414       -2.2288720160549383E-012
   703.09534254909431       -1.9050833015600433E-012
   703.44018307219460       -1.5223461448871995E-012
   703.78502359529489       -1.0925042922449135E-012
   704.12986411839506       -6.2885924290000788E-013
   704.47470464149535       -1.4575839067107196E-013
   704.81954516459564        3.4184898924159785E-013
   705.16438568769581        8.1887442601981813E-013
   705.50922621079610        1.2705568383603639E-012
   705.85406673389627        1.6829195156485618E-012
   706.19890725699656        2.0432025934742509E-012
   706.54374778009685        2.3402578359958556E-012
   706.88858830319703        2.5648935395551456E-012
   707.23342882629731        2.7101592314190651E-012
   707.57826934939760        2.7715602771169879E-012
   707.92310987249778        2.7471977035744487E-012
   708.26795039559806        2.6378258255394259E-012
   708.61279091869835        2.4468296124494303E-012
   708.95763144179853        2.1801198845382961E-012
   709.30247196489881        1.8459504969004623E-012
   709.64731248799910        1.4546624418022643E-012
   709.99215301109928        1.0183642880730453E-012
   710.33699353419956        5.5055731954510302E-013
   710.68183405729974        6.5717401438213360E-014
   711.02667458040003       -4.2115228039352262E-013
   711.37151510350031       -8.9498610083662753E-013
   711.71635562660049       -1.3411216654441335E-012
   712.06119614970078       -1.7457537807442129E-012
   712.40603667280106       -2.0963621102943348E-012
   712.75087719590124       -2.3820976716116469E-012
   713.09571771900153       -2.5941192919526977E-012
   713.44055824210182       -2.7258666096631946E-012
   713.78539876520199       -2.7732633712093901E-012
   714.13023928830228       -2.7348436148016916E-012
   714.47507981140257       -2.6117969385553509E-012
   714.81992033450274       -2.4079316022361749E-012
   715.16476085760303       -2.1295567207947618E-012
   715.50960138070320       -1.7852868840762701E-012
   715.85444190380349       -1.3857756049264596E-012
   716.19928242690378       -9.4338576740096784E-013
   716.54412295000395       -4.7180710830091994E-013
   716.88896347310424        1.4367430973334843E-014
   717.23380399620453        5.0009343277892280E-013
   717.57864451930470        9.7034063710451361E-013
   717.92348504240499        1.4105579893663154E-012
   718.26832556550528        1.8071236406938194E-012
   718.61316608860545        2.1477663989140857E-012
   718.95800661170574        2.4219456895159734E-012
   719.30284713480592        2.6211779901251825E-012
   719.64768765790620        2.7392987483396146E-012
   719.99252818100649        2.7726535024572110E-012
   720.33736870410667        2.7202108680149604E-012
   720.68220922720695        2.5835942386049937E-012
   721.02704975030724        2.3670316500003187E-012
   721.37189027340742        2.0772250877218371E-012
   721.71673079650770        1.7231429690166219E-012
   722.06157131960799        1.3157425875218562E-012
   722.40641184270817        8.6763103862799577E-013
   722.75125236580845        3.9267483468754825E-013
   723.09609288890874       -9.4428614667197164E-014
   723.44093341200892       -5.7860628628095365E-013
   723.78577393510921       -1.0448757728734100E-012
   724.13061445820938       -1.4788088676853111E-012
   724.47545498130967       -1.8669780758020710E-012
   724.82029550440996       -2.1973723432352189E-012
   725.16513602751013       -2.4597684205391786E-012
   725.50997655061042       -2.6460472345329775E-012
   725.85481707371071       -2.7504450587119783E-012
   726.19965759681088       -2.7697321040405933E-012
   726.54449811991117       -2.7033121459269875E-012
   726.88933864301146       -2.5532411084326434E-012
   727.23417916611163       -2.3241635355394168E-012
   727.57901968921192       -2.0231687544390779E-012
   727.92386021231221       -1.6595711688723699E-012
   728.26870073541238       -1.2446226065351561E-012
   728.61354125851267       -7.9116354842961302E-013
   728.95838178161284       -3.1322610333280256E-013
   729.30322230471313        1.7440010773387688E-013
   729.64806282781342        6.5662578774887816E-013
   729.99290335091359        1.1185290155290376E-012
   730.33774387401388        1.5458167271192156E-012
   730.68258439711417        1.9252674065912627E-012
   731.02742492021434        2.2451393388695129E-012
   731.37226544331463        2.4955350129770328E-012
   731.71710596641492        2.6687067538683655E-012
   732.06194648951509        2.7592964134498006E-012
   732.40678701261538        2.7645014794899245E-012
   732.75162753571567        2.6841615712207360E-012
   733.09646805881584        2.5207633141055298E-012
   733.44130858191613        2.2793637396408087E-012
   733.78614910501631        1.9674331744923910E-012
   734.13098962811659        1.5946245699757637E-012
   734.47583015121688        1.1724746656103094E-012
   734.82067067431706        7.1404698717487879E-013
   735.16551119741735        2.3352735254029014E-013
   735.51035172051763       -2.5421478542738515E-013
   735.85519224361781       -7.3408667845487700E-013
   736.20003276671810       -1.1912392291522684E-012
   736.54487328981838       -1.6115264604625066E-012
   736.88971381291856       -1.9819431974966532E-012
   737.23455433601885       -2.2910275910919030E-012
   737.57939485911913       -2.5292157986430134E-012
   737.92423538221931       -2.6891377691641543E-012
   738.26907590531960       -2.7658457049898413E-012
   738.61391642841977       -2.7569665720447367E-012
   738.95875695152006       -2.6627757201164570E-012
   739.30359747462035       -2.4861883382742319E-012
   739.64843799772052       -2.2326695851824849E-012
   739.99327852082081       -1.9100647768944859E-012
   740.33811904392110       -1.5283573792705443E-012
   740.68295956702127       -1.0993593483008760E-012
   741.02780009012156       -6.3634606971836179E-013
   741.37264061322185       -1.5364517545011780E-013
   741.71748113632202        3.3380636347569410E-013
   742.06232165942231        8.1092482663273578E-013
   742.40716218252260        1.2629461548554092E-012
   742.75200270562277        1.6758831270847453E-012
   743.09684322872306        2.0369582978776190E-012
   743.44168375182323        2.3349989926281028E-012
   743.78652427492352        2.5607828500844176E-012
   744.13136479802381        2.7073239177967085E-012
   744.47620532112398        2.7700881823344377E-012
   744.82104584422427        2.7471339720970489E-012
   745.16588636732456        2.6391723702415318E-012
   745.51072689042473        2.4495450268660437E-012
   745.85556741352502        2.1841203206402476E-012
   746.20040793662531        1.8511120558510461E-012
   746.54524845972549        1.4608253756534072E-012
   746.89008898282577        1.0253376353734249E-012
   747.23492950592606        5.5812528321795231E-013
   747.57977002902624        7.3645944250784188E-014
   747.92461055212652       -4.1310840772780808E-013
   748.26945107522670       -8.8707568764754766E-013
   748.61429159832699       -1.3335897012679867E-012
   748.95913212142727       -1.7388335314462670E-012
   749.30397264452745       -2.0902674928067965E-012
   749.64881316762774       -2.3770173067959503E-012
   749.99365369072802       -2.5902102251084756E-012
   750.33849421382820       -2.7232498523195425E-012
   750.68333473692849       -2.7720200141636667E-012
   751.02817526002877       -2.7350121390550152E-012
   751.37301578312895       -2.6133721300529929E-012
   751.71785630622924       -2.4108646163454313E-012
   752.06269682932952       -2.1337567422384768E-012
   752.40753735242970       -1.7906238160289418E-012
   752.75237787552999       -1.3920843672006176E-012
   753.09721839863016       -9.5047133419946802E-013
   753.44205892173045       -4.7945042894753609E-013
   753.78689944483074        6.4030459321994599E-015
   754.13173996793091        4.9205491700934998E-013
   754.47658049103120        9.6247667814779851E-013
   754.82142101413149        1.4031116059586240E-012
   755.16626153723166        1.8003251023453317E-012
   755.51110206033195        2.1418260575858498E-012
   755.85594258343224        2.4170476407845043E-012
   756.20078310653241        2.6174737918468603E-012
   756.54562362963270        2.7369031104527829E-012
   756.89046415273299        2.7716403999728544E-012
   757.23530467583316        2.7206114957015460E-012
   757.58014519893345        2.5853962510185798E-012
   757.92498572203363        2.3701793021029014E-012
   758.26982624513391        2.0816210427513165E-012
   758.61466676823420        1.7286513011698970E-012
   758.95950729133438        1.3221926666366856E-012
   759.30434781443466        8.7482313027371967E-013
   759.64918833753495        4.0038650760020653E-013
   759.99402886063513       -8.6436005732634259E-014
   760.33886938373541       -5.7057988698282523E-013
   760.68370990683570       -1.0370640028590081E-012
   761.02855042993588       -1.4714535329686311E-012
   761.37339095303616       -1.8603069905765158E-012
   761.71823147613645       -2.1915918123710517E-012
   762.06307199923663       -2.4550572205820500E-012
   762.40791252233691       -2.6425510505500885E-012
   762.75275304543709       -2.7482720319470609E-012
   763.09759356853738       -2.7689495005713434E-012
   763.44243409163767       -2.7039444481774521E-012
   763.78727461473784       -2.5552687648755952E-012
   764.13211513783813       -2.3275235752579848E-012
   764.47695566093842       -2.0277570597339530E-012
   764.82179618403859       -1.6652458684087129E-012
   765.16663670713888       -1.2512080902249070E-012
   765.51147723023917       -7.9845604909304215E-013
   765.85631775333934       -3.2100007448627852E-013
   766.20115827643963        1.6638525751002554E-013
   766.54599879953992        6.4861822769210989E-013
   766.89083932264009        1.1107764592596252E-012
   767.23567984574038        1.5385591370137092E-012
   767.58052036884055        1.9187291652004129E-012
   767.92536089194084        2.2395229475868527E-012
   768.27020141504113        2.4910142004268857E-012
   768.61504193814130        2.6654213662506620E-012
   768.95988246124159        2.7573481231368555E-012
   769.30472298434188        2.7639506442798592E-012
   769.64956350744205        2.6850251138140208E-012
   769.99440403054234        2.5230145360211000E-012
   770.33924455364263        2.2829328154116045E-012
   770.68408507674280        1.9722098988182179E-012
   771.02892559984309        1.6004612018390563E-012
   771.37376612294338        1.1791904630222537E-012
   771.71860664604355        7.2143396225279351E-013
   772.06344716914384        2.4135692273496121E-013
   772.40828769224402       -2.4618481273227187E-013
   772.75312821534430       -7.2610469948619976E-013
   773.09796873844459       -1.1835522100670102E-012
   773.44280926154477       -1.6043723030008936E-012
   773.78764978464505       -1.9755433895000478E-012
   774.13249030774534       -2.2855800700215312E-012
   774.47733083084552       -2.5248891867492638E-012
   774.82217135394581       -2.6860660058696662E-012
   775.16701187704609       -2.7641237336266968E-012
   775.51185240014627       -2.7566476471084074E-012
   775.85669292324656       -2.6638696128459705E-012
   776.20153344634684       -2.4886613210058336E-012
   776.54637396944702       -2.2364450181381250E-012
   776.89121449254731       -1.9150260708905182E-012
   777.23605501564748       -1.5343508815044272E-012
   777.58089553874777       -1.1061995146292711E-012
   777.92573606184806       -6.4382114348644163E-013
   778.27057658494823       -1.6152398655535159E-013
   778.61541710804852        3.2576766178632650E-013
   778.96025763114881        8.0297484870218384E-013
   779.30509815424898        1.2553311057466809E-012
   779.64993867734927        1.6688386276475206E-012
   779.99477920044956        2.0307023315272034E-012
   780.33961972354973        2.3297249190593814E-012
   780.68446024665002        2.5566540205376033E-012
   781.02930076975019        2.7044680315644231E-012
   781.37414129285048        2.7685936938167225E-012
   781.71898181595077        2.7470472368941921E-012
   782.06382233905094        2.6404959589312993E-012
   782.40866286215123        2.4522378884479712E-012
   782.75350338525152        2.1880989206927745E-012
   783.09834390835169        1.8562533795937308E-012
   783.44318443145198        1.4669705157138417E-012
   783.78802495455227        1.0322965992285265E-012
   784.13286547765244        5.6568250174935421E-013
   784.47770600075273        8.1567449844697488E-014
   784.82254652385302       -4.0506778476121281E-013
   785.16738704695319       -8.7916472849747176E-013
   785.51222757005348       -1.3260529525840396E-012
   785.85706809315366       -1.7319043074881948E-012
   786.20190861625395       -2.0841603153513813E-012
   786.54674913935423       -2.3719211162420888E-012
   786.89158966245441       -2.5862827528417214E-012
   787.23643018555470       -2.7206125085600453E-012
   787.58127070865498       -2.7707543342143665E-012
   787.92611123175516       -2.7351574268402991E-012
   788.27095175485545       -2.6149239419444182E-012
   788.61579227795573       -2.4137749364786369E-012
   788.96063280105591       -2.1379352588940565E-012
   789.30547332415620       -1.7959413172743032E-012
   789.65031384725648       -1.3983763920161239E-012
   789.99515437035666       -9.5754310431035714E-013
   790.33999489345695       -4.8708302096508033E-013
   790.68483541655712       -1.5542421081692229E-015
   791.02967593965741        4.8401889264301197E-013
   791.37451646275770        9.5461074651207575E-013
   791.71935698585787        1.3956593794250323E-012
   792.06419750895816        1.7935171726625275E-012
   792.40903803205845        2.1358729904792812E-012
   792.75387855515862        2.4121335447041988E-012
   793.09871907825891        2.6137507289269405E-012
   793.44355960135920        2.7344862519210464E-012
   793.78840012445937        2.7706045937837467E-012
   794.13324064755966        2.7209888964193309E-012
   794.47808117065995        2.5871750722138249E-012
   794.82292169376012        2.3733045105333112E-012
   795.16776221686041        2.0859959251527771E-012
   795.51260273996058        1.7341403396287795E-012
   795.85744326306087        1.3286260950576422E-012
   796.20228378616116        8.8200188450207527E-013
   796.54712430926133        4.0808844759526292E-013
   796.89196483236162       -7.8449149814831776E-014
   797.23680535546191       -5.6255548738403679E-013
   797.58164587856209       -1.0292502307171927E-012
   797.92648640166237       -1.4640921307240380E-012
   798.27132692476266       -1.8536256798269708E-012
   798.61616744786284       -2.1857974365536387E-012
   798.96100797096312       -2.4503291203329783E-012
   799.30584849406341       -2.6390355888945881E-012
   799.65068901716359       -2.7460779904673497E-012
   799.99552954026387       -2.7681446368210404E-012
   800.34037006336405       -2.7045534146723970E-012
   800.68521058646434       -2.5572728175954924E-012
   801.03005110956462       -2.3308610049266827E-012
   801.37489163266480       -2.0323245756948828E-012
   801.71973215576509       -1.6709020511970487E-012
   802.06457267886537       -1.2577776846166196E-012
   802.40941320196555       -8.0573581484889937E-013
   802.75425372506584       -3.2876470836574797E-013
   803.09909424816612        1.5837589680776793E-013
   803.44393477126630        6.4061187480206736E-013
   803.78877529436659        1.1030210093885614E-012
   804.13361581746688        1.5312946157628388E-012
   804.47845634056705        1.9121802822008930E-012
   804.82329686366734        2.2338923871439747E-012
   805.16813738676751        2.4864762421570607E-012
   805.51297790986780        2.6621163473239220E-012
   805.85781843296809        2.7553782751835526E-012
   806.20265895606826        2.7633768545209480E-012
   806.54749947916855        2.6858653697804046E-012
   806.89234000226884        2.5252427396370948E-012
   807.23718052536901        2.2864799670105688E-012
   807.58202104846930        1.9769660675854385E-012
   807.92686157156959        1.6062791911483498E-012
   808.27170209466976        1.1858904820494022E-012
   808.61654261777005        7.2880877534178231E-013
   808.96138314087034        2.4917823385233151E-013
   809.30622366397051       -2.3815926890890905E-013
   809.65106418707080       -7.1812326671276143E-013
   809.99590471017098       -1.1758618640739434E-012
   810.34074523327126       -1.5972108751889394E-012
   810.68558575637155       -1.9691322367766740E-012
   811.03042627947173       -2.2801177550164632E-012
   811.37526680257201       -2.5205448518087250E-012
   811.72010732567230       -2.6829741900789410E-012
   812.06494784877248       -2.7623800010134935E-012
   812.40978837187276       -2.7563057568835874E-012
   812.75462889497305       -2.6649402212064018E-012
   813.09946941807323       -2.4911113460865070E-012
   813.44430994117351       -2.2401985827413257E-012
   813.78915046427380       -1.9199670549947143E-012
   814.13399098737398       -1.5403263683219711E-012
   814.47883151047427       -1.1130246085478028E-012
   814.82367203357444       -6.5128467258319555E-013
   815.16851255667473       -1.6939483860339115E-013
   815.51335307977502        3.1773293648098445E-013
   815.85819360287519        7.9502482878875503E-013
   816.20303412597548        1.2477117401018212E-012
   816.54787464907577        1.6617858839782591E-012
   816.89271517217594        2.0244344193644341E-012
   817.23755569527623        2.3244358122715230E-012
   817.58239621837652        2.5525072814941789E-012
   817.92723674147669        2.7015918389240543E-012
   818.27207726457698        2.7670771067086043E-012
   818.61691778767727        2.7469372120515801E-012
   818.96175831077744        2.6417960685415011E-012
   819.30659883387773        2.4549078176872052E-012
   819.65143935697790        2.1920561288112529E-012
   819.99627988007819        1.8613751341545119E-012
   820.34112040317848        1.4730981538260236E-012
   820.68596092627865        1.0392407409454802E-012
   821.03080144937894        5.7322843331199625E-013
   821.37564197247923        8.9481717583316255E-014
   821.72048249557940       -3.9703024788732308E-013
   822.06532301867969       -8.7125278204360400E-013
   822.41016354177998       -1.3185114694748068E-012
   822.75500406488015       -1.7249664409188149E-012
   823.09984458798044       -2.0780407425454555E-012
   823.44468511108073       -2.3668091589035726E-012
   823.78952563418090       -2.5823366128290779E-012
   824.13436615728119       -2.7179544466195244E-012
   824.47920668038137       -2.7694666943160192E-012
   824.82404720348165       -2.7352797369734368E-012
   825.16888772658194       -2.6164523859792418E-012
   825.51372824968212       -2.4166622056770387E-012
   825.85856877278241       -2.1420922091249220E-012
   826.20340929588269       -1.8012393714061706E-012
   826.54824981898287       -1.4046515681819735E-012
