# Time (a.u.)              Hy (a.u.),      x =    0.00000 nm,   y =    0.00000 nm,   z = -500.00000 nm
  0.31035647079022260        0.0000000000000000     
  0.65519699389047004        0.0000000000000000     
   1.0000375169907174        0.0000000000000000     
   1.3448780400909648        0.0000000000000000     
   1.6897185631912122        0.0000000000000000     
   2.0345590862914595        0.0000000000000000     
   2.3793996093917067        0.0000000000000000     
   2.7242401324919543        0.0000000000000000     
   3.0690806555922014        0.0000000000000000     
   3.4139211786924490        0.0000000000000000     
   3.7587617017926962        0.0000000000000000     
   4.1036022248929438        0.0000000000000000     
   4.4484427479931909        0.0000000000000000     
   4.7932832710934381        0.0000000000000000     
   5.1381237941936853        0.0000000000000000     
   5.4829643172939333        0.0000000000000000     
   5.8278048403941805        0.0000000000000000     
   6.1726453634944276        0.0000000000000000     
   6.5174858865946748        0.0000000000000000     
   6.8623264096949228        0.0000000000000000     
   7.2071669327951700        0.0000000000000000     
   7.5520074558954171        0.0000000000000000     
   7.8968479789956643        0.0000000000000000     
   8.2416885020959114        0.0000000000000000     
   8.5865290251961586        0.0000000000000000     
   8.9313695482964075        0.0000000000000000     
   9.2762100713966547        0.0000000000000000     
   9.6210505944969018        0.0000000000000000     
   9.9658911175971490        0.0000000000000000     
   10.310731640697396        0.0000000000000000     
   10.655572163797643        0.0000000000000000     
   11.000412686897890        0.0000000000000000     
   11.345253209998138        0.0000000000000000     
   11.690093733098385        0.0000000000000000     
   12.034934256198634        0.0000000000000000     
   12.379774779298881        0.0000000000000000     
   12.724615302399128        0.0000000000000000     
   13.069455825499375        0.0000000000000000     
   13.414296348599622        0.0000000000000000     
   13.759136871699869        0.0000000000000000     
   14.103977394800117        0.0000000000000000     
   14.448817917900364        0.0000000000000000     
   14.793658441000613        0.0000000000000000     
   15.138498964100860        0.0000000000000000     
   15.483339487201107        0.0000000000000000     
   15.828180010301354        0.0000000000000000     
   16.173020533401601        0.0000000000000000     
   16.517861056501850        0.0000000000000000     
   16.862701579602096        0.0000000000000000     
   17.207542102702345        0.0000000000000000     
   17.552382625802590        0.0000000000000000     
   17.897223148902839        0.0000000000000000     
   18.242063672003084        0.0000000000000000     
   18.586904195103333        0.0000000000000000     
   18.931744718203579        0.0000000000000000     
   19.276585241303827        0.0000000000000000     
   19.621425764404076        0.0000000000000000     
   19.966266287504322        0.0000000000000000     
   20.311106810604571        0.0000000000000000     
   20.655947333704816        0.0000000000000000     
   21.000787856805065        0.0000000000000000     
   21.345628379905310        0.0000000000000000     
   21.690468903005559        0.0000000000000000     
   22.035309426105805        0.0000000000000000     
   22.380149949206054        0.0000000000000000     
   22.724990472306303        0.0000000000000000     
   23.069830995406548        0.0000000000000000     
   23.414671518506797        0.0000000000000000     
   23.759512041607042        0.0000000000000000     
   24.104352564707291        0.0000000000000000     
   24.449193087807537        0.0000000000000000     
   24.794033610907785        0.0000000000000000     
   25.138874134008034        0.0000000000000000     
   25.483714657108280        0.0000000000000000     
   25.828555180208529        0.0000000000000000     
   26.173395703308774        0.0000000000000000     
   26.518236226409023        0.0000000000000000     
   26.863076749509268        0.0000000000000000     
   27.207917272609517        0.0000000000000000     
   27.552757795709763        0.0000000000000000     
   27.897598318810012        0.0000000000000000     
   28.242438841910261        0.0000000000000000     
   28.587279365010506        0.0000000000000000     
   28.932119888110755        0.0000000000000000     
   29.276960411211000        0.0000000000000000     
   29.621800934311249        0.0000000000000000     
   29.966641457411495        0.0000000000000000     
   30.311481980511743        0.0000000000000000     
   30.656322503611989        0.0000000000000000     
   31.001163026712238        0.0000000000000000     
   31.346003549812487        0.0000000000000000     
   31.690844072912732        0.0000000000000000     
   32.035684596012977        0.0000000000000000     
   32.380525119113230        0.0000000000000000     
   32.725365642213475        0.0000000000000000     
   33.070206165313721        0.0000000000000000     
   33.415046688413966        0.0000000000000000     
   33.759887211514219        0.0000000000000000     
   34.104727734614464        0.0000000000000000     
   34.449568257714709        0.0000000000000000     
   34.794408780814962        0.0000000000000000     
   35.139249303915207        0.0000000000000000     
   35.484089827015453        0.0000000000000000     
   35.828930350115698        0.0000000000000000     
   36.173770873215950        0.0000000000000000     
   36.518611396316196        0.0000000000000000     
   36.863451919416441        0.0000000000000000     
   37.208292442516694        0.0000000000000000     
   37.553132965616939        0.0000000000000000     
   37.897973488717184        0.0000000000000000     
   38.242814011817430        0.0000000000000000     
   38.587654534917682        0.0000000000000000     
   38.932495058017928        0.0000000000000000     
   39.277335581118173        0.0000000000000000     
   39.622176104218418        0.0000000000000000     
   39.967016627318671        0.0000000000000000     
   40.311857150418916        0.0000000000000000     
   40.656697673519162        0.0000000000000000     
   41.001538196619414        0.0000000000000000     
   41.346378719719660        0.0000000000000000     
   41.691219242819905        0.0000000000000000     
   42.036059765920150        0.0000000000000000     
   42.380900289020403        0.0000000000000000     
   42.725740812120648        0.0000000000000000     
   43.070581335220893        0.0000000000000000     
   43.415421858321146        0.0000000000000000     
   43.760262381421391        0.0000000000000000     
   44.105102904521637        0.0000000000000000     
   44.449943427621882        0.0000000000000000     
   44.794783950722135        0.0000000000000000     
   45.139624473822380        0.0000000000000000     
   45.484464996922625        0.0000000000000000     
   45.829305520022878        0.0000000000000000     
   46.174146043123123        0.0000000000000000     
   46.518986566223369        0.0000000000000000     
   46.863827089323614        0.0000000000000000     
   47.208667612423866        0.0000000000000000     
   47.553508135524112        0.0000000000000000     
   47.898348658624357        0.0000000000000000     
   48.243189181724603        0.0000000000000000     
   48.588029704824855        0.0000000000000000     
   48.932870227925100        0.0000000000000000     
   49.277710751025346        0.0000000000000000     
   49.622551274125598        0.0000000000000000     
   49.967391797225844        0.0000000000000000     
   50.312232320326089        0.0000000000000000     
   50.657072843426334        0.0000000000000000     
   51.001913366526587        0.0000000000000000     
   51.346753889626832        0.0000000000000000     
   51.691594412727078        0.0000000000000000     
   52.036434935827330        0.0000000000000000     
   52.381275458927576        0.0000000000000000     
   52.726115982027821        0.0000000000000000     
   53.070956505128066        0.0000000000000000     
   53.415797028228319        0.0000000000000000     
   53.760637551328564        0.0000000000000000     
   54.105478074428810        0.0000000000000000     
   54.450318597529062        0.0000000000000000     
   54.795159120629307        0.0000000000000000     
   55.139999643729553        0.0000000000000000     
   55.484840166829798        0.0000000000000000     
   55.829680689930051        0.0000000000000000     
   56.174521213030296        0.0000000000000000     
   56.519361736130541        0.0000000000000000     
   56.864202259230787        0.0000000000000000     
   57.209042782331039        0.0000000000000000     
   57.553883305431285        0.0000000000000000     
   57.898723828531530        0.0000000000000000     
   58.243564351631782        0.0000000000000000     
   58.588404874732028        0.0000000000000000     
   58.933245397832273        0.0000000000000000     
   59.278085920932519        0.0000000000000000     
   59.622926444032771        0.0000000000000000     
   59.967766967133016        0.0000000000000000     
   60.312607490233262        0.0000000000000000     
   60.657448013333514        0.0000000000000000     
   61.002288536433760        0.0000000000000000     
   61.347129059534005        0.0000000000000000     
   61.691969582634250        0.0000000000000000     
   62.036810105734503        0.0000000000000000     
   62.381650628834748        0.0000000000000000     
   62.726491151934994        0.0000000000000000     
   63.071331675035239        0.0000000000000000     
   63.416172198135492        0.0000000000000000     
   63.761012721235737        0.0000000000000000     
   64.105853244335989        0.0000000000000000     
   64.450693767436235        0.0000000000000000     
   64.795534290536480        0.0000000000000000     
   65.140374813636726        0.0000000000000000     
   65.485215336736971        0.0000000000000000     
   65.830055859837216        0.0000000000000000     
   66.174896382937462        0.0000000000000000     
   66.519736906037721        0.0000000000000000     
   66.864577429137967        0.0000000000000000     
   67.209417952238212        0.0000000000000000     
   67.554258475338457        0.0000000000000000     
   67.899098998438703        0.0000000000000000     
   68.243939521538948        0.0000000000000000     
   68.588780044639194        0.0000000000000000     
   68.933620567739453        0.0000000000000000     
   69.278461090839698        0.0000000000000000     
   69.623301613939944        0.0000000000000000     
   69.968142137040189        0.0000000000000000     
   70.312982660140435        0.0000000000000000     
   70.657823183240680        0.0000000000000000     
   71.002663706340925        0.0000000000000000     
   71.347504229441185        0.0000000000000000     
   71.692344752541430        0.0000000000000000     
   72.037185275641676        0.0000000000000000     
   72.382025798741921        0.0000000000000000     
   72.726866321842166        0.0000000000000000     
   73.071706844942412        0.0000000000000000     
   73.416547368042657        0.0000000000000000     
   73.761387891142917        0.0000000000000000     
   74.106228414243162        0.0000000000000000     
   74.451068937343408        0.0000000000000000     
   74.795909460443653        0.0000000000000000     
   75.140749983543898        0.0000000000000000     
   75.485590506644144        0.0000000000000000     
   75.830431029744389        0.0000000000000000     
   76.175271552844649        0.0000000000000000     
   76.520112075944894        0.0000000000000000     
   76.864952599045139        0.0000000000000000     
   77.209793122145385        0.0000000000000000     
   77.554633645245630        0.0000000000000000     
   77.899474168345876        0.0000000000000000     
   78.244314691446121        0.0000000000000000     
   78.589155214546381        0.0000000000000000     
   78.933995737646626        0.0000000000000000     
   79.278836260746871        0.0000000000000000     
   79.623676783847117        0.0000000000000000     
   79.968517306947362        0.0000000000000000     
   80.313357830047607        0.0000000000000000     
   80.658198353147853        0.0000000000000000     
   81.003038876248112        0.0000000000000000     
   81.347879399348358        0.0000000000000000     
   81.692719922448603        0.0000000000000000     
   82.037560445548849        0.0000000000000000     
   82.382400968649094        0.0000000000000000     
   82.727241491749339        0.0000000000000000     
   83.072082014849585        0.0000000000000000     
   83.416922537949830        0.0000000000000000     
   83.761763061050090        0.0000000000000000     
   84.106603584150335        0.0000000000000000     
   84.451444107250580        0.0000000000000000     
   84.796284630350826        0.0000000000000000     
   85.141125153451071        0.0000000000000000     
   85.485965676551317        0.0000000000000000     
   85.830806199651562        0.0000000000000000     
   86.175646722751821        0.0000000000000000     
   86.520487245852067        0.0000000000000000     
   86.865327768952312        0.0000000000000000     
   87.210168292052558        0.0000000000000000     
   87.555008815152803        0.0000000000000000     
   87.899849338253048        0.0000000000000000     
   88.244689861353294        0.0000000000000000     
   88.589530384453553        0.0000000000000000     
   88.934370907553799        0.0000000000000000     
   89.279211430654044        0.0000000000000000     
   89.624051953754289        0.0000000000000000     
   89.968892476854535        0.0000000000000000     
   90.313732999954780        0.0000000000000000     
   90.658573523055026        0.0000000000000000     
   91.003414046155285        0.0000000000000000     
   91.348254569255531        0.0000000000000000     
   91.693095092355776        0.0000000000000000     
   92.037935615456021        0.0000000000000000     
   92.382776138556267        0.0000000000000000     
   92.727616661656512        0.0000000000000000     
   93.072457184756757        0.0000000000000000     
   93.417297707857017        0.0000000000000000     
   93.762138230957262        0.0000000000000000     
   94.106978754057508        0.0000000000000000     
   94.451819277157753        0.0000000000000000     
   94.796659800257999        0.0000000000000000     
   95.141500323358244        0.0000000000000000     
   95.486340846458489        0.0000000000000000     
   95.831181369558749        0.0000000000000000     
   96.176021892658994        0.0000000000000000     
   96.520862415759240        0.0000000000000000     
   96.865702938859485        0.0000000000000000     
   97.210543461959730        0.0000000000000000     
   97.555383985059976        0.0000000000000000     
   97.900224508160221        0.0000000000000000     
   98.245065031260467        0.0000000000000000     
   98.589905554360726        0.0000000000000000     
   98.934746077460971        0.0000000000000000     
   99.279586600561217        0.0000000000000000     
   99.624427123661462        0.0000000000000000     
   99.969267646761708        0.0000000000000000     
   100.31410816986195        0.0000000000000000     
   100.65894869296220        0.0000000000000000     
   101.00378921606246        0.0000000000000000     
   101.34862973916270        0.0000000000000000     
   101.69347026226295        0.0000000000000000     
   102.03831078536319        0.0000000000000000     
   102.38315130846344        0.0000000000000000     
   102.72799183156368        0.0000000000000000     
   103.07283235466393        0.0000000000000000     
   103.41767287776419        0.0000000000000000     
   103.76251340086444        0.0000000000000000     
   104.10735392396468        0.0000000000000000     
   104.45219444706493        0.0000000000000000     
   104.79703497016517        0.0000000000000000     
   105.14187549326542        0.0000000000000000     
   105.48671601636566        0.0000000000000000     
   105.83155653946592        0.0000000000000000     
   106.17639706256617        0.0000000000000000     
   106.52123758566641        0.0000000000000000     
   106.86607810876666        0.0000000000000000     
   107.21091863186690        0.0000000000000000     
   107.55575915496715        0.0000000000000000     
   107.90059967806739        0.0000000000000000     
   108.24544020116765        0.0000000000000000     
   108.59028072426790        0.0000000000000000     
   108.93512124736814        0.0000000000000000     
   109.27996177046839        0.0000000000000000     
   109.62480229356864        0.0000000000000000     
   109.96964281666888        0.0000000000000000     
   110.31448333976913        0.0000000000000000     
   110.65932386286939        0.0000000000000000     
   111.00416438596963        0.0000000000000000     
   111.34900490906988        0.0000000000000000     
   111.69384543217012        0.0000000000000000     
   112.03868595527037        0.0000000000000000     
   112.38352647837061        0.0000000000000000     
   112.72836700147086        0.0000000000000000     
   113.07320752457110        0.0000000000000000     
   113.41804804767136        0.0000000000000000     
   113.76288857077161        0.0000000000000000     
   114.10772909387185        0.0000000000000000     
   114.45256961697210        0.0000000000000000     
   114.79741014007234        0.0000000000000000     
   115.14225066317259        0.0000000000000000     
   115.48709118627283        0.0000000000000000     
   115.83193170937309        0.0000000000000000     
   116.17677223247334        0.0000000000000000     
   116.52161275557359        0.0000000000000000     
   116.86645327867383        0.0000000000000000     
   117.21129380177408        0.0000000000000000     
   117.55613432487432        0.0000000000000000     
   117.90097484797457        0.0000000000000000     
   118.24581537107483        0.0000000000000000     
   118.59065589417507        0.0000000000000000     
   118.93549641727532        0.0000000000000000     
   119.28033694037556        0.0000000000000000     
   119.62517746347581        0.0000000000000000     
   119.97001798657605        0.0000000000000000     
   120.31485850967630        0.0000000000000000     
   120.65969903277656        0.0000000000000000     
   121.00453955587680        0.0000000000000000     
   121.34938007897705       -9.8813129168249309E-324
   121.69422060207729       -2.4900908550398826E-321
   122.03906112517754       -6.4258177898112526E-320
   122.38390164827779       -1.5072263031420572E-318
   122.72874217137803       -3.3854336540395145E-317
   123.07358269447829       -7.2868967410192774E-316
   123.41842321757854       -1.5031745690995766E-314
   123.76326374067878       -2.9716639366992428E-313
   124.10810426377903       -5.6297789406914811E-312
   124.45294478687927       -1.0220162404756115E-310
   124.79778530997952       -1.7777381539920911E-309
   125.14262583307976       -2.9626797673301267E-308
   125.48746635618002       -4.7300488489285866E-307
   125.83230687928027       -7.2336907187819602E-306
   126.17714740238051       -1.0595156965436806E-304
   126.52198792548076       -1.4860562271103789E-303
   126.86682844858100       -1.9955105001422791E-302
   127.21166897168125       -2.5647875418302009E-301
   127.55650949478149       -3.1541548087204356E-300
   127.90135001788174       -3.7098692016534412E-299
   128.24619054098198       -4.1708145616511288E-298
   128.59103106408224       -4.4782927674282720E-297
   128.93587158718248       -4.5869405089762648E-296
   129.28071211028274       -4.4740649729536474E-295
   129.62555263338299       -4.1448536007968862E-294
   129.97039315648323       -3.6319479935357363E-293
   130.31523367958349       -2.9894503808971529E-292
   130.66007420268372       -2.2829875003323515E-291
   131.00491472578398       -1.5784360962588653E-290
   131.34975524888421       -9.3201214643271808E-290
   131.69459577198447       -3.8370139819477293E-289
   132.03943629508473        4.5178784585995825E-289
   132.38427681818496        3.5067692637835273E-287
   132.72911734128522        5.4235532143876799E-286
   133.07395786438545        6.3834683192269843E-285
   133.41879838748571        6.6058421017605719E-284
   133.76363891058594        6.3101129977688061E-283
   134.10847943368620        5.6909142607953226E-282
   134.45331995678646        4.9054659165813665E-281
   134.79816047988669        4.0704937451249428E-280
   135.14300100298695        3.2653006955315149E-279
   135.48784152608718        2.5380056246152736E-278
   135.83268204918744        1.9127753267717243E-277
   136.17752257228767        1.3967119158265831E-276
   136.52236309538793        9.8572213984078701E-276
   136.86720361848819        6.6914109394929626E-275
   137.21204414158842        4.3314149549028593E-274
   137.55688466468868        2.6308660627523330E-273
   137.90172518778891        1.4503049105403555E-272
   138.24656571088917        6.6569815907358979E-272
   138.59140623398940        1.7229604892035571E-271
   138.93624675708966       -1.1465456486390746E-270
   139.28108728018992       -2.6115097364617463E-269
   139.62592780329015       -3.1674125868798236E-268
   139.97076832639041       -3.1727028962535642E-267
   140.31560884949064       -2.8765140995763830E-266
   140.66044937259090       -2.4441468176644259E-265
   141.00528989569113       -1.9790324709796864E-264
   141.35013041879139       -1.5407283254194114E-263
   141.69497094189165       -1.1590305016764941E-262
   142.03981146499189       -8.4460090503202177E-262
   142.38465198809214       -5.9665037574057869E-261
   142.72949251119238       -4.0825677902391352E-260
   143.07433303429264       -2.6986508429977066E-259
   143.41917355739287       -1.7144786056701752E-258
   143.76401408049313       -1.0372085704813648E-257
   144.10885460359339       -5.8723665607136850E-257
   144.45369512669362       -2.9998252629327022E-256
   144.79853564979388       -1.2532547563220925E-255
   145.14337617289411       -2.5835558358197333E-255
   145.48821669599437        2.5458924810559242E-254
   145.83305721909460        4.7321401587858353E-253
   146.17789774219486        5.2333741044424279E-252
   146.52273826529512        4.8594584561445502E-251
   146.86757878839535        4.1067848428079164E-250
   147.21241931149561        3.2606859482548121E-249
   147.55725983459584        2.4701809297997448E-248
   147.90210035769610        1.8004887668680354E-247
   148.24694088079633        1.2685149531587101E-246
   148.59178140389659        8.6583580939080272E-246
   148.93662192699685        5.7286011711767586E-245
   149.28146245009708        3.6700959126672349E-244
   149.62630297319734        2.2701673107125645E-243
   149.97114349629757        1.3482688920210246E-242
   150.31598401939783        7.6115231316903857E-242
   150.66082454249806        4.0075703329424595E-241
   151.00566506559832        1.8887746524287008E-240
   151.35050558869855        7.0952722154713466E-240
   151.69534611179881        1.0209796393334244E-239
   152.04018663489907       -1.7296849614548823E-238
   152.38502715799930       -2.6603284438615723E-237
   152.72986768109956       -2.6773378282609364E-236
   153.07470820419979       -2.3007970658551225E-235
   153.41954872730005       -1.8102333727882811E-234
   153.76438925040028       -1.3417144388179890E-233
   154.10922977350054       -9.5018590465041654E-233
   154.45407029660080       -6.4792936632664158E-232
   154.79891081970104       -4.2722155273659944E-231
   155.14375134280129       -2.7293512243891287E-230
   155.48859186590153       -1.6899866233570770E-229
   155.83343238900179       -1.0128772122502123E-228
   156.17827291210202       -5.8568968366058785E-228
   156.52311343520228       -3.2476228308679352E-227
   156.86795395830254       -1.7078457975206516E-226
   157.21279448140277       -8.3384165215062163E-226
   157.55763500450303       -3.6051754196624455E-225
   157.90247552760326       -1.1961458361458236E-224
   158.24731605070352       -7.8857349199028534E-225
   158.59215657380375        3.5806699780657922E-223
   158.93699709690401        4.6250599275467362E-222
   159.28183762000427        4.2314998798269308E-221
   159.62667814310450        3.3610113401408638E-220
   159.97151866620476        2.4591770595496160E-219
   160.31635918930499        1.6999180444157184E-218
   160.66119971240525        1.1244627347129586E-217
   161.00604023550548        7.1678046265285758E-217
   161.35088075860574        4.4198185230397863E-216
   161.69572128170600        2.6408389904934519E-215
   162.04056180480623        1.5290324247508406E-214
   162.38540232790649        8.5649998014730516E-214
   162.73024285100672        4.6246324622195191E-213
   163.07508337410698        2.3906440604220787E-212
   163.41992389720721        1.1685907957527992E-211
   163.76476442030747        5.2719711957443270E-211
   164.10960494340773        2.0750006580477387E-210
   164.45444546650796        5.9093240589038938E-210
   164.79928598960822       -2.3986669272715766E-210
   165.14412651270845       -2.2525533615398077E-208
   165.48896703580871       -2.4785311413234677E-207
   165.83380755890894       -2.0611543544180801E-206
   166.17864808200920       -1.5116804382179674E-205
   166.52348860510946       -1.0276022746177155E-204
   166.86832912820969       -6.6190442919247260E-204
   167.21316965130995       -4.0862798099208249E-203
   167.55801017441019       -2.4330548467103322E-202
   167.90285069751044       -1.4019192285645238E-201
   168.24769122061068       -7.8277294178176466E-201
   168.59253174371094       -4.2341943815474880E-200
   168.93737226681120       -2.2144493879236734E-199
   169.28221278991143       -1.1150509727122587E-198
   169.62705331301169       -5.3643867598659588E-198
   169.97189383611192       -2.4310985199467289E-197
   170.31673435921218       -1.0087517208501307E-196
   170.66157488231241       -3.5750941765173613E-196
   171.00641540541267       -8.3047796511320571E-196
   171.35125592851293        1.7207986520430373E-195
   171.69609645161316        4.2981395764212825E-194
   172.04093697471342        4.0811342982939227E-193
   172.38577749781365        3.0863889422734435E-192
   172.73061802091391        2.0887119374932495E-191
   173.07545854401414        1.3180468831556599E-190
   173.42029906711440        7.9045838244896683E-190
   173.76513959021466        4.5507450787937037E-189
   174.10998011331489        2.5289789697423678E-188
   174.45482063641515        1.3605504222485410E-187
   174.79966115951538        7.0928717801469973E-187
   175.14450168261564        3.5808727998538574E-186
   175.48934220571587        1.7464596637222307E-185
   175.83418272881613        8.1887509791988220E-185
   176.17902325191639        3.6587093302649625E-184
   176.52386377501662        1.5322358991491762E-183
   176.86870429811688        5.8114658145708185E-183
   177.21354482121711        1.8242296217785519E-182
   177.55838534431737        3.0998723825661733E-182
   177.90322586741760       -1.6648741742115868E-181
   178.24806639051786       -2.4837807808522727E-180
   178.59290691361812       -2.0583891034516995E-179
   178.93774743671835       -1.4169966554219113E-178
   179.28258795981861       -8.8449205312798382E-178
   179.62742848291884       -5.1776435272843949E-177
   179.97226900601910       -2.8888809220579688E-176
   180.31710952911934       -1.5497642526714238E-175
   180.66195005221959       -8.0318772432272279E-175
   181.00679057531985       -4.0309955022042314E-174
   181.35163109842009       -1.9602122246384581E-173
   181.69647162152035       -9.2262642474020877E-173
   182.04131214462058       -4.1907101070277858E-172
   182.38615266772084       -1.8264593151705503E-171
   182.73099319082107       -7.5595240171454572E-171
   183.07583371392133       -2.9131636227016261E-170
   183.42067423702156       -1.0011876658691599E-169
   183.76551476012182       -2.7091964284505643E-169
   184.11035528322208       -2.3981123799839444E-169
   184.45519580632231        4.0090318456569940E-168
   184.80003632942257        4.3406101092892215E-167
   185.14487685252280        3.1704543172683349E-166
   185.48971737562306        1.9892186579473952E-165
   185.83455789872329        1.1450299304819296E-164
   186.17939842182355        6.2142597650984680E-164
   186.52423894492381        3.2235178116786636E-163
   186.86907946802404        1.6101434924593167E-162
   187.21391999112430        7.7757906048919860E-162
   187.55876051422453        3.6372211461671487E-161
   187.90360103732479        1.6481369315207025E-160
   188.24844156042502        7.2232929059539591E-160
   188.59328208352528        3.0507746854761237E-159
   188.93812260662554        1.2332992974357160E-158
   189.28296312972577        4.7132526576458443E-158
   189.62780365282603        1.6618011846215036E-157
   189.97264417592626        5.1082921157469751E-157
   190.31748469902652        1.1334297716149117E-156
   190.66232522212675       -3.9545885666995503E-157
   191.00716574522701       -2.6714065634765692E-155
   191.35200626832727       -2.2906320371929195E-154
   191.69684679142750       -1.4868952368139673E-153
   192.04168731452776       -8.5148596255556960E-153
   192.38652783762799       -4.5196352339719261E-152
   192.73136836072825       -2.2729985279195474E-151
   193.07620888382849       -1.0954535704782025E-150
   193.42104940692874       -5.0908770922594346E-150
   193.76588993002900       -2.2888927280021121E-149
   194.11073045312924       -9.9690365358191268E-149
   194.45557097622950       -4.2044360600314640E-148
   194.80041149932973       -1.7133703494469566E-147
   195.14525202242999       -6.7163033009356921E-147
   195.49009254553022       -2.5117274810015959E-146
   195.83493306863048       -8.8257121113643853E-146
   196.17977359173074       -2.8241287155001975E-145
   196.52461411483097       -7.6041614812655005E-145
   196.86945463793123       -1.2360642965142452E-144
   197.21429516103146        3.4458824011249507E-144
   197.55913568413172        5.1133461010974663E-143
   197.90397620723195        3.6445235803144633E-142
   198.24881673033221        2.1170955387107434E-141
   198.59365725343247        1.1081772746416701E-140
   198.93849777653270        5.4244606009227354E-140
   199.28333829963296        2.5269314602208102E-139
   199.62817882273319        1.1307411659117329E-138
   199.97301934583345        4.8852237003601249E-138
   200.31785986893368        2.0430112445670581E-137
   200.66270039203394        8.2762009953092251E-137
   201.00754091513420        3.2444869470674885E-136
   201.35238143823443        1.2273382894237289E-135
   201.69722196133469        4.4551013615750542E-135
   202.04206248443492        1.5360520624944789E-134
   202.38690300753518        4.9339234649936624E-134
   202.73174353063541        1.4155943947057087E-133
   203.07658405373567        3.2161105478161800E-133
   203.42142457683593        2.5884654748383508E-133
   203.76626509993616       -3.1149792135255283E-132
   204.11110562303642       -2.8587557094150586E-131
   204.45594614613665       -1.7452356500664386E-130
   204.80078666923691       -9.1252313176229385E-130
   205.14562719233714       -4.3722157330450160E-129
   205.49046771543740       -1.9739026346999725E-128
   205.83530823853766       -8.5140852539816659E-128
   206.18014876163789       -3.5351169627767555E-127
   206.52498928473815       -1.4186971659837666E-126
   206.86982980783839       -5.5130882932287892E-126
   207.21467033093865       -2.0747159821136808E-125
   207.55951085403888       -7.5486562028563403E-125
   207.90435137713914       -2.6453569848297603E-124
   208.24919190023940       -8.8663067699538951E-124
   208.59403242333963       -2.8056189090709300E-123
   208.93887294643989       -8.1698067775686863E-123
   209.28371346954012       -2.0607971074317511E-122
   209.62855399264038       -3.6495431979471989E-122
   209.97339451574061        2.2257227825689953E-122
   210.31823503884087        6.8052896536012198E-121
   210.66307556194113        4.7065743744652014E-120
   211.00791608504136        2.5105274868283303E-119
   211.35275660814162        1.1872018403809288E-118
   211.69759713124185        5.2136583557484979E-118
   212.04243765434211        2.1712210283792744E-117
   212.38727817744234        8.6681855889792931E-117
   212.73211870054260        3.3373351062960451E-116
   213.07695922364283        1.2429782000719695E-115
   213.42179974674309        4.4833432264052476E-115
   213.76664026984335        1.5651563245413120E-114
   214.11148079294358        5.2755682802674046E-114
   214.45632131604384        1.7083845888329748E-113
   214.80116183914407        5.2671421808121055E-113
   215.14600236224433        1.5200342098018255E-112
   215.49084288534456        3.9618692739431957E-112
   215.83568340844482        8.4790441941124741E-112
   216.18052393154508        9.2729406150130690E-112
   216.52536445464531       -4.1722676893479132E-111
   216.87020497774557       -4.0542563058101122E-110
   217.21504550084580       -2.2909387803497663E-109
   217.55988602394606       -1.0825787584582476E-108
   217.90472654704629       -4.6483003167106014E-108
   218.24956707014655       -1.8731736945148365E-107
   218.59440759324681       -7.1965347133550927E-107
   218.93924811634704       -2.6581716778432256E-106
   219.28408863944730       -9.4829701236824295E-106
   219.62892916254754       -3.2745627197885759E-105
   219.97376968564780       -1.0948775751096958E-104
   220.31861020874803       -3.5398563227847895E-104
   220.66345073184829       -1.1028464828644482E-103
   221.00829125494855       -3.2894230445662582E-103
   221.35313177804878       -9.2812799496945080E-103
   221.69797230114904       -2.4200597075413823E-102
   222.04281282424927       -5.5270953401329123E-102
   222.38765334734953       -9.2949824919971192E-102
   222.73249387044976        4.8982859600635663E-103
   223.07733439355002        1.0597855007627786E-100
   223.42217491665028        6.8584973569720532E-100
   223.76701543975051        3.3021863047595416E-099
   224.11185596285077        1.3961600429219084E-098
   224.45669648595100        5.4604475370435285E-098
   224.80153700905126        2.0211706282517788E-097
   225.14637753215149        7.1638557220716167E-097
   225.49121805525175        2.4470077809786423E-096
   225.83605857835201        8.0821385439622917E-096
   226.18089910145224        2.5845174956231522E-095
   226.52573962455250        7.9983416337610097E-095
   226.87058014765273        2.3899539676871699E-094
   227.21542067075299        6.8624468962903375E-094
   227.56026119385322        1.8770211625212081E-093
   227.90510171695348        4.8110808521707195E-093
   228.24994224005374        1.1167592319728293E-092
   228.59478276315397        2.1466746751666713E-092
   228.93962328625423        2.2477084621347581E-092
   229.28446380935446       -7.2026053167964495E-092
   229.62930433245472       -6.6144550108215420E-091
   229.97414485555495       -3.3524645997421783E-090
   230.31898537865521       -1.4097095576013278E-089
   230.66382590175547       -5.3715122735410993E-089
   231.00866642485570       -1.9184561901317934E-088
   231.35350694795596       -6.5275501476555064E-088
   231.69834747105619       -2.1343073238646023E-087
   232.04318799415645       -6.7377974546754754E-087
   232.38802851725669       -2.0583091367864226E-086
   232.73286904035695       -6.0870487630560613E-086
   233.07770956345720       -1.7402678018748470E-085
   233.42255008655744       -4.7932966166149062E-085
   233.76739060965770       -1.2635903113622118E-084
   234.11223113275793       -3.1498470005748322E-084
   234.45707165585819       -7.2510995173090200E-084
   234.80191217895842       -1.4597625766564747E-083
   235.14675270205868       -2.1505813226769547E-083
   235.49159322515894        2.1700437833225231E-084
   235.83643374825917        1.9839421396257575E-082
   236.18127427135943        1.1251805376774239E-081
   236.52611479445966        4.7737220740507085E-081
   236.87095531755992        1.7808374049378172E-080
   237.21579584066015        6.1482197100938539E-080
   237.56063636376041        2.0092077939971383E-079
   237.90547688686067        6.2874747971130860E-079
   238.25031740996090        1.8960091211223824E-078
   238.59515793306116        5.5276822400708138E-078
   238.93999845616139        1.5599468766906314E-077
   239.28483897926165        4.2589372762092809E-077
   239.62967950236188        1.1221550181722596E-076
   239.97452002546214        2.8391264559862432E-076
   240.31936054856240        6.8342579289692505E-076
   240.66420107166263        1.5382024164320452E-075
   241.00904159476289        3.1199819731164711E-075
   241.35388211786312        5.1629590356988364E-075
   241.69872264096338        4.1488813606727969E-075
   242.04356316406361       -1.6962155945731383E-074
   242.38840368716387       -1.2365676656445553E-073
   242.73324421026410       -5.4078505902962376E-073
   243.07808473336436       -1.9873907069115781E-072
   243.42292525646462       -6.6464824472578630E-072
   243.76776577956485       -2.0873391920742273E-071
   244.11260630266511       -6.2506396119338244E-071
   244.45744682576535       -1.7994619253534890E-070
   244.80228734886560       -5.0022505844388917E-070
   245.14712787196584       -1.3454649529450037E-069
   245.49196839506610       -3.5021947485283801E-069
   245.83680891816635       -8.8077044424639673E-069
   246.18164944126659       -2.1318918460823314E-068
   246.52648996436685       -4.9306231174306168E-068
   246.87133048746708       -1.0751193037068233E-067
   247.21617101056734       -2.1517752513676028E-067
   247.56101153366757       -3.7071913748521052E-067
   247.90585205676783       -4.3600092864257528E-067
   248.25069257986809        2.8229503635057975E-067
   248.59553310296832        4.3844158209033667E-066
   248.94037362606858        2.0440485188210440E-065
   249.28521414916881        7.4578984379296831E-065
   249.63005467226907        2.4216789250874258E-064
   249.97489519536930        7.3127836573315109E-064
   250.31973571846956        2.0951234973902647E-063
   250.66457624156982        5.7547310056106953E-063
   251.00941676467005        1.5240217737244904E-062
   251.35425728777031        3.9025609761385130E-062
   251.69909781087054        9.6710135268334477E-062
   252.04393833397080        2.3171517974442588E-061
   252.38877885707103        5.3519913042750838E-061
   252.73361938017129        1.1847631427388871E-060
   253.07845990327155        2.4869373231311485E-060
   253.42330042637178        4.8493173076596775E-060
   253.76814094947204        8.3930103330322007E-060
   254.11298147257227        1.1262196457593553E-059
   254.45782199567253        3.8403345846624634E-060
   254.80266251877276       -4.8865898260101150E-059
   255.14750304187302       -2.5710954598730621E-058
   255.49234356497328       -9.4034998067539269E-058
   255.83718408807351       -2.9718382140059224E-057
   256.18202461117374       -8.6325554824263987E-057
   256.52686513427403       -2.3655102796785023E-056
   256.87170565737426       -6.1950970666586862E-056
   257.21654618047450       -1.5616051767768629E-055
   257.56138670357478       -3.8028478184101713E-055
   257.90622722667501       -8.9600978587316097E-055
   258.25106774977525       -2.0419376856994547E-054
   258.59590827287548       -4.4908734022157067E-054
   258.94074879597576       -9.4868058721843271E-054
   259.28558931907600       -1.9080956259773624E-053
   259.63042984217623       -3.5942083520451376E-053
   259.97527036527646       -6.1253704553183668E-053
   260.32011088837675       -8.6243577050754289E-053
   260.66495141147698       -6.5135724228880982E-053
   261.00979193457721        1.6196119571067396E-052
   261.35463245767750        1.0736734575213788E-051
   261.69947298077773        3.9824905343230956E-051
   262.04431350387796        1.2277364543917506E-050
   262.38915402697819        3.4310959602086725E-050
   262.73399455007848        8.9877593194026338E-050
   263.07883507317871        2.2425208580675652E-049
   263.42367559627894        5.3752766017595986E-049
   263.76851611937923        1.2434873516188224E-048
   264.11335664247946        2.7821324301905384E-048
   264.45819716557969        6.0214733209033406E-048
   264.80303768867992        1.2586526980281574E-047
   265.14787821178021        2.5309611377665677E-047
   265.49271873488044        4.8599321639395217E-047
   265.83755925798067        8.7897581443188683E-047
   266.18239978108096        1.4565423496126484E-046
   266.52724030418119        2.0681433781279387E-046
   266.87208082728142        1.9615760151907265E-046
   267.21692135038165       -1.3461423062887543E-046
   267.56176187348194       -1.4860226421011961E-045
   267.90660239658217       -5.6666238541314027E-045
   268.25144291968240       -1.7070428533922151E-044
   268.59628344278269       -4.5883610464346181E-044
   268.94112396588292       -1.1480389069175076E-043
   269.28596448898315       -2.7263244034828349E-043
   269.63080501208339       -6.2075601380164688E-043
   269.97564553518367       -1.3625993610695652E-042
   270.32048605828390       -2.8913029883206449E-042
   270.66532658138414       -5.9346670217985184E-042
   271.01016710448442       -1.1770041771404284E-041
   271.35500762758465       -2.2480829874048921E-041
   271.69984815068489       -4.1089237637324863E-041
   272.04468867378512       -7.1023931821412968E-041
   272.38952919688541       -1.1345068408080971E-040
   272.73436971998564       -1.5884211503370432E-040
   273.07921024308587       -1.6443526080101759E-040
   273.42405076618616        7.2454190603605528E-043
   273.76889128928639        6.8160856564833705E-040
   274.11373181238662        2.7116956757678541E-039
   274.45857233548685        7.9878914487112764E-039
   274.80341285858714        2.0631123105300488E-038
   275.14825338168737        4.9247537630323958E-038
   275.49309390478760        1.1117712217216712E-037
   275.83793442788789        2.4016842794432148E-037
   276.18277495098812        4.9962238540593743E-037
   276.52761547408835        1.0041631808621621E-036
   276.87245599718858        1.9520151633408424E-036
   277.21729652028887        3.6673646468506265E-036
   277.56213704338910        6.6405471747269662E-036
   277.90697756648933        1.1523525887359261E-035
   278.25181808958962        1.8965884708555814E-035
   278.59665861268985        2.9017151716773503E-035
   278.94149913579008        3.9488377523593779E-035
   279.28633965889031        4.2001328780196317E-035
   279.63118018199060        1.3178851081084273E-035
   279.97602070509083       -1.0392457402537973E-034
   280.32086122819106       -4.3723840779305797E-034
   280.66570175129135       -1.2581628500544445E-033
   281.01054227439158       -3.1169591582661595E-033
   281.35538279749181       -7.0866402572109264E-033
   281.70022332059204       -1.5185902606903015E-032
   282.04506384369233       -3.1081872804173685E-032
   282.38990436679256       -6.1198970997117520E-032
   282.73474488989280       -1.1635195838459372E-031
   283.07958541299308       -2.1390932428851528E-031
   283.42442593609331       -3.8012564133244040E-031
   283.76926645919355       -6.5134996612725740E-031
   284.11410698229378       -1.0707278168936735E-030
   284.45894750539406       -1.6726727219974090E-030
   284.80378802849430       -2.4388558610985465E-030
   285.14862855159453       -3.1934657159124965E-030
   285.49346907469481       -3.3766832668016310E-030
   285.83830959779505       -1.5854265878798650E-030
   286.18315012089528        5.3126312984094869E-030
   286.52799064399551        2.3818168815217820E-029
   286.87283116709580        6.6719483056836731E-029
   287.21767169019603        1.5810374262755098E-028
   287.56251221329626        3.4163924653556146E-028
   287.90735273639655        6.9370561182613014E-028
   288.25219325949678        1.3432110008005196E-027
   288.59703378259701        2.4996592630065846E-027
   288.94187430569724        4.4893596670746110E-027
   289.28671482879753        7.7949310783574825E-027
   289.63155535189776        1.3082343937175942E-026
   289.97639587499799        2.1177217923160866E-026
   290.32123639809828        3.2908772128762830E-026
   290.66607692119851        4.8660887155513012E-026
   291.01091744429874        6.7332282506999212E-026
   291.35575796739897        8.4178150496071923E-026
   291.70059849049926        8.6637076558425763E-026
   292.04543901359949        4.6680297015695639E-026
   292.39027953669972       -9.2610739231003787E-026
   292.73512005980001       -4.3968180949416098E-025
   293.07996058290024       -1.1912679981419588E-024
   293.42480110600047       -2.6898317570650057E-024
   293.76964162910070       -5.5096057132920860E-024
   294.11448215220099       -1.0579272744960668E-023
   294.45932267530122       -1.9346120659992197E-023
   294.80416319840145       -3.3976275753757692E-023
   295.14900372150174       -5.7561855215725453E-023
   295.49384424460197       -9.4257861115452178E-023
   295.83868476770220       -1.4918245659816333E-022
   296.18352529080244       -2.2775841214067742E-022
   296.52836581390272       -3.3391430569444845E-022
   296.87320633700296       -4.6615156622268739E-022
   297.21804686010319       -6.0985426131857901E-022
   297.56288738320347       -7.2329996393841497E-022
   297.90772790630371       -7.1355295538699201E-022
   298.25256842940394       -3.9674803313851519E-022
   298.59740895250417        5.6474772732471211E-022
   298.94224947560446        2.7579499915849081E-021
   299.28708999870469        7.1590090823632165E-021
   299.63193052180492        1.5328603598500650E-020
   299.97677104490521        2.9671029984771798E-020
   300.32161156800544        5.3754572348603885E-020
   300.66645209110567        9.2667805576916024E-020
   301.01129261420590        1.5334286711547661E-019
   301.35613313730619        2.4470058083718735E-019
   301.70097366040642        3.7734739960338939E-019
   302.04581418350665        5.6235945266906417E-019
   302.39065470660694        8.0839927106139041E-019
   302.73549522970717        1.1159986657571117E-018
   303.08033575280740        1.4672823831714565E-018
   303.42517627590763        1.8086898010704427E-018
   303.77001679900792        2.0233932669106026E-018
   304.11485732210815        1.8891836788224107E-018
   304.45969784520838        1.0167614329938024E-018
   304.80453836830867       -1.2370549491682384E-018
   305.14937889140890       -5.8861814701947944E-018
   305.49421941450913       -1.4464886471120849E-017
   305.83905993760936       -2.9207601023084332E-017
   306.18390046070965       -5.3246332981165349E-017
   306.52874098380988       -9.0796018792370058E-017
   306.87358150691011       -1.4727108462970702E-016
   307.21842203001040       -2.2923600233531541E-016
   307.56326255311063       -3.4403504616342702E-016
   307.90810307621086       -4.9886845684442981E-016
   308.25294359931110       -6.9898181247645757E-016
   308.59778412241138       -9.4451350281649671E-016
   308.94262464551161       -1.2254078843234815E-015
   309.28746516861185       -1.5136632986099092E-015
   309.63230569171213       -1.7520712284646482E-015
   309.97714621481236       -1.8385589566645918E-015
   310.32198673791260       -1.6053388332577715E-015
   310.66682726101283       -7.9238543188953809E-016
   311.01166778411311        9.8456885733717591E-016
   311.35650830721335        4.2701535019632669E-015
   311.70134883031358        9.8063633713039993E-015
   312.04618935341387        1.8564462188398617E-014
   312.39102987651410        3.1761972164869727E-014
   312.73587039961433        5.0849886486776404E-014
   313.08071092271456        7.7448933586862453E-014
   313.42555144581485        1.1320630076985075E-013
   313.77039196891508        1.5953611709368803E-013
   314.11523249201531        2.1719903058506265E-013
   314.46007301511560        2.8566975382660617E-013
   314.80491353821583        3.6223851407177749E-013
   315.14975406131606        4.4079570761534586E-013
   315.49459458441629        5.1026230264668918E-013
   315.83943510751658        5.5265598337127993E-013
   316.18427563061681        5.4082954067476904E-013
   316.52911615371704        4.3598857724492176E-013
   316.87395667681733        1.8519465431910928E-013
   317.21879719991756       -2.8080949299629140E-013
   317.56363772301779       -1.0489539396672293E-012
   317.90847824611802       -2.2236864928700507E-012
   318.25331876921831       -3.9244136470526371E-012
   318.59815929231854       -6.2794371818342944E-012
   318.94299981541877       -9.4151095885666959E-012
   319.28784033851906       -1.3438822823892878E-011
   319.63268086161929       -1.8414453602713908E-011
   319.97752138471952       -2.4329074005369646E-011
   320.32236190781975       -3.1050164670717826E-011
   320.66720243092004       -3.8273306452664932E-011
   321.01204295402027       -4.5461435091265026E-011
   321.35688347712050       -5.1778263769993849E-011
   321.70172400022074       -5.6020419827946246E-011
   322.04656452332102       -5.6555166005791516E-011
   322.39140504642126       -5.1273181063676921E-011
   322.73624556952149       -3.7568578229694407E-011
   323.08108609262177       -1.2360871825433037E-011
   323.42592661572201        2.7824401901152507E-011
   323.77076713882224        8.6698695805713128E-011
   324.11560766192247        1.6795987932999424E-010
   324.46044818502276        2.7493342136181643E-010
   324.80528870812299        4.1009580368894245E-010
   325.15012923122322        5.7447878998259007E-010
   325.49496975432351        7.6696458914872649E-010
   325.83981027742374        9.8349660500024716E-010
   326.18465080052397        1.2162479607072789E-009
   326.52949132362420        1.4528094763498881E-009
   326.87433184672449        1.6754788997039576E-009
   327.21917236982472        1.8607520560267296E-009
   327.56401289292495        1.9791318193581800E-009
   327.90885341602524        1.9953796708904307E-009
   328.25369393912547        1.8693341733877794E-009
   328.59853446222570        1.5574081178009701E-009
   328.94337498532593        1.0148489821496845E-009
   329.28821550842622        1.9880409636922940E-010
   329.63305603152645       -9.2782782964713792E-010
   329.97789655462668       -2.3918521355747403E-009
   330.32273707772697       -4.2047209787002819E-009
   330.66757760082720       -6.3572377261615952E-009
   331.01241812392743       -8.8143907123456698E-009
   331.35725864702766       -1.1510768014411900E-008
   331.70209917012795       -1.4347068893098121E-008
   332.04693969322818       -1.7188260751734662E-008
   332.39178021632841       -1.9863922539116192E-008
   332.73662073942870       -2.2171257839472208E-008
   333.08146126252893       -2.3881147829069851E-008
   333.42630178562916       -2.4747444426199790E-008
   333.77114230872940       -2.4519481152927703E-008
   334.11598283182968       -2.2957513205605237E-008
   334.46082335492991       -1.9850504816308151E-008
   334.80566387803015       -1.5035382629372173E-008
   335.15050440113043       -8.4165944719824298E-009
   335.49534492423066        1.5417774361813354E-011
   335.84018544733090        1.0168375525991758E-008
   336.18502597043113        2.1836544342395982E-008
   336.52986649353142        3.4694855493922035E-008
   336.87470701663165        4.8300072021126337E-008
   337.21954753973188        6.2099950688592811E-008
   337.56438806283217        7.5450871135944805E-008
   337.90922858593240        8.7643820179506580E-008
   338.25406910903263        9.7937969793466749E-008
   338.59890963213286        1.0560041966881706E-007
   338.94375015523315        1.0995004465401274E-007
   339.28859067833338        1.1040285198286231E-007
   339.63343120143361        1.0651586882510965E-007
   339.97827172453390        9.8026395293842252E-008
   340.32311224763413        8.4883506326286609E-008
   340.66795277073436        6.7268984790663024E-008
   341.01279329383459        4.5605413826428354E-008
   341.35763381693488        2.0549922604399331E-008
   341.70247434003511       -7.0269813170271288E-009
   342.04731486313534       -3.6077014383181477E-008
   342.39215538623563       -6.5422603540234403E-008
   342.73699590933586       -9.3815694763827180E-008
   343.08183643243609       -1.2000345712935451E-007
   343.42667695553632       -1.4279681639045270E-007
   343.77151747863661       -1.6113739904307995E-007
   344.11635800173684       -1.7415844060618948E-007
   344.46119852483707       -1.8123552265285489E-007
   344.80603904793736       -1.8202363546016191E-007
   345.15087957103759       -1.7647797244334340E-007
   345.49572009413782       -1.6485697965815985E-007
   345.84056061723805       -1.4770742077065218E-007
   346.18540114033834       -1.2583247624363195E-007
   346.53024166343857       -1.0024507422456622E-007
   346.87508218653880       -7.2109655874840650E-008
   347.21992270963909       -4.2676331171325504E-008
   347.56476323273932       -1.3211826320635644E-008
   347.90960375583956        1.5068268386718245E-008
   348.25444427893979        4.1061671361711178E-008
   348.59928480204007        6.3832263499679042E-008
   348.94412532514031        8.2650678675740492E-008
   349.28896584824054        9.7020665300598528E-008
   349.63380637134082        1.0669033006755346E-007
   349.97864689444106        1.1164846055338221E-007
   350.32348741754129        1.1210713202440925E-007
   350.66832794064152        1.0847266119484361E-007
   351.01316846374181        1.0130761838547748E-007
   351.35800898684204        9.1287013166507867E-008
   351.70284950994227        7.9151913589642288E-008
   352.04769003304256        6.5663654360358323E-008
   352.39253055614279        5.1561463534460961E-008
   352.73737107924302        3.7525835127486285E-008
   353.08221160234325        2.4149351583077115E-008
   353.42705212544354        1.1915975393124711E-008
   353.77189264854377        1.1891425186893275E-009
   354.11673317164400       -7.7916450261344858E-009
   354.46157369474429       -1.4906570539724647E-008
   354.80641421784452       -2.0144855859634481E-008
   355.15125474094475       -2.3589246478632361E-008
   355.49609526404498       -2.5397284717631569E-008
   355.84093578714527       -2.5781016335994127E-008
   356.18577631024550       -2.4986647317001595E-008
   356.53061683334573       -2.3275447218198386E-008
   356.87545735644602       -2.0906913452741878E-008
   357.22029787954625       -1.8124897957692523E-008
   357.56513840264648       -1.5147082699008043E-008
   357.90997892574671       -1.2157897971770967E-008
   358.25481944884700       -9.3047264259234583E-009
   358.59965997194723       -6.6970387210468227E-009
   358.94450049504746       -4.4079697653394945E-009
   359.28934101814775       -2.4777677783720935E-009
   359.63418154124798       -9.1852715102755959E-010
   359.97902206434821        2.8035819848579698E-010
   360.32386258744845        1.1465223118841760E-009
   360.66870311054873        1.7191503760534411E-009
   361.01354363364896        2.0440129415354653E-009
   361.35838415674920        2.1692242738821752E-009
   361.70322467984948        2.1418414757535257E-009
   362.04806520294972        2.0053366237521106E-009
   362.39290572604995        1.7979058394335646E-009
   362.73774624915018        1.5515287968077495E-009
   363.08258677225047        1.2916596315345791E-009
   363.42742729535070        1.0374140701868195E-009
   363.77226781845093        8.0211533797876271E-010
   364.11710834155122        5.9406995554650407E-010
   364.46194886465145        4.1746064878007333E-010
   364.80678938775168        2.7326416526775732E-010
   365.15162991085191        1.6012409126841202E-010
   365.49647043395220        7.5130594157667989E-011
   365.84131095705243        1.4478764321542086E-011
   366.18615148015266       -2.6006132829989168E-011
   366.53099200325295       -5.0475165247355331E-011
   366.87583252635318       -6.2783343565324841E-011
   367.22067304945341       -6.6321774064661781E-011
   367.56551357255364       -6.3934857062574247E-011
   367.91035409565393       -5.7902454943968999E-011
   368.25519461875416       -4.9968112359393296E-011
   368.60003514185439       -4.1396708366928176E-011
   368.94487566495468       -3.3047834271330772E-011
   369.28971618805491       -2.5454298846758924E-011
   369.63455671115514       -1.8898150013560275E-011
   369.97939723425537       -1.3479258805151944E-011
   370.32423775735566       -9.1737197036150063E-012
   370.66907828045589       -5.8810381633122731E-012
   371.01391880355612       -3.4603143459825759E-012
   371.35875932665641       -1.7564422250607134E-012
   371.70359984975664       -6.1779692521602995E-013
   372.04844037285687        9.2939891595050838E-014
   372.39328089595710        4.9318870943185211E-013
   372.73812141905739        6.7863830111853807E-013
   373.08296194215762        7.2391563482495254E-013
   373.42780246525786        6.8475606098898462E-013
   373.77264298835814        6.0091619709967511E-013
   374.11748351145837        4.9929342374371070E-013
   374.46232403455861        3.9690211426190290E-013
   374.80716455765884        3.0350393526432742E-013
   375.15200508075912        2.2379894418668551E-013
   375.49684560385936        1.5915999518285721E-013
   375.84168612695959        1.0894095844779179E-013
   376.18652665005988        7.1415668621025419E-014
   376.53136717316011        4.4415219748650832E-014
   376.87620769626034        2.5731405845763027E-014
   377.22104821936057        1.3347839131006008E-014
   377.56588874246086        5.5507926029744221E-015
   377.91072926556109        9.6127011382793090E-016
   378.25556978866132       -1.4803285035910704E-015
   378.60041031176161       -2.5544826181390858E-015
   378.94525083486184       -2.8126397196221758E-015
   379.29009135796207       -2.6276487221181778E-015
   379.63493188106230       -2.2392523309685751E-015
   379.97977240416259       -1.7922063198564579E-015
   380.32461292726282       -1.3664638565522359E-015
   380.66945345036305       -9.9993743747822912E-016
   381.01429397346328       -7.0489817448382229E-016
   381.35913449656357       -4.7925786279858515E-016
   381.70397501966380       -3.1394566205707245E-016
   382.04881554276403       -1.9744751869801267E-016
   382.39365606586432       -1.1837384521482589E-016
   382.73849658896455       -6.6736508046820495E-017
   383.08333711206478       -3.4415543724886960E-017
   383.42817763516501       -1.5175990862401787E-017
   383.77301815826530       -4.4462032984994757E-018
   384.11785868136553        9.8694095067680483E-019
   384.46269920446576        3.2929695512134689E-018
   384.80753972756605        3.8772267850961121E-018
   385.15238025066628        3.6078995086819675E-018
   385.49722077376651        2.9933816857600958E-018
   385.84206129686675        2.3088208171005154E-018
   386.18690181996703        1.6879373376276040E-018
   386.53174234306726        1.1808238929032953E-018
   386.87658286616750        7.9502449932468960E-019
   387.22142338926778        5.1581181391371953E-019
   387.56626391236802        3.2256908396569843E-019
   387.91110443546825        1.9416077807505588E-019
   388.25594495856848        1.1155739435114459E-019
   388.60078548166877        6.0866988459174285E-020
   388.94562600476900        3.0618948786673953E-020
   389.29046652786923        1.3724501275354726E-020
   389.63530705096952        4.6941378964942125E-021
   389.98014757406975        4.5547941959293990E-022
   390.32498809716998       -1.4716326872775303E-021
   390.66982862027021       -1.8701345741258475E-021
   391.01466914337050       -1.7356088394470010E-021
   391.35950966647073       -1.5308418669460544E-021
   391.70435018957096       -1.1159898889970248E-021
   392.04919071267125       -7.5562381526724061E-022
   392.39403123577148       -4.6620151673251785E-022
   392.73887175887171       -4.4041499820112747E-022
   393.08371228197194       -5.8787476660060955E-023
   393.42855280507223       -1.6117614809066608E-022
   393.77339332817246       -4.9763386659672101E-023
   394.11823385127269       -4.3517869570084728E-023
   394.46307437437298       -1.8527968435763254E-023
   394.80791489747321        7.6409875563181568E-024
   395.15275542057344       -3.6460398364619408E-023
   395.49759594367367        2.0131062502108870E-023
   395.84243646677396        4.8962497933356789E-023
   396.18727698987419       -8.6689504549114757E-023
   396.53211751297442        1.0576915061353670E-022
   396.87695803607471       -1.1009507195397629E-022
   397.22179855917494       -3.0270042145564451E-023
   397.56663908227517       -3.2139152275305029E-023
   397.91147960537540       -4.4173413013344820E-023
   398.25632012847569        7.7796968559151994E-023
   398.60116065157592       -6.9650625563295219E-023
   398.94600117467616       -6.5193545520498339E-023
   399.29084169777644        4.8122452860809890E-023
   399.63568222087667        3.4688797116094992E-023
   399.98052274397691       -6.6812613020523687E-023
   400.32536326707714       -2.3447126865189879E-023
   400.67020379017742       -4.2469648562032054E-023
   401.01504431327766        9.7210397383784683E-023
   401.35988483637789       -2.4503689868317721E-023
   401.70472535947818        3.1824296980320705E-023
   402.04956588257841       -4.2403781373922946E-023
   402.39440640567864       -6.5794500820685447E-023
   402.73924692877887        8.0395121480678680E-023
   403.08408745187916       -1.0706120672838008E-023
   403.42892797497939       -7.5741300816176536E-023
   403.77376849807962        5.4464392061950323E-023
   404.11860902117991       -1.4174913776434562E-022
   404.46344954428014       -1.8421614293030238E-024
   404.80829006738037        1.6041745313446221E-023
   405.15313059048060       -4.6368380102856559E-023
   405.49797111358089        4.1569876885018642E-023
   405.84281163668112       -6.7584268357845530E-023
   406.18765215978135        1.6647023239523050E-023
   406.53249268288164        3.5556953616578039E-023
   406.87733320598187       -5.2418917107055242E-023
   407.22217372908210       -7.1493241833091333E-023
   407.56701425218233        4.2361609434957662E-023
   407.91185477528262        1.4474120026634387E-023
   408.25669529838285       -5.7394232751414558E-023
   408.60153582148308       -2.8812235083554040E-023
   408.94637634458337        1.0245462521389512E-022
   409.29121686768360        2.9437404928825103E-023
   409.63605739078383       -1.5569029451257389E-023
   409.98089791388406        7.1449527778906761E-023
   410.32573843698435       -7.3889878967706450E-023
   410.67057896008458        7.9869109053521761E-024
   411.01541948318481       -1.3268058827819583E-025
   411.36026000628510       -5.1147971514261135E-023
   411.70510052938533       -2.4804628326937220E-023
   412.04994105248556       -9.6917894051670922E-023
   412.39478157558580        1.6096082456054530E-023
   412.73962209868608        7.0723251626683345E-023
   413.08446262178632       -4.0653098902553597E-023
   413.42930314488655        1.3232029200207175E-024
   413.77414366798683       -5.2843791190276872E-023
   414.11898419108707       -5.1759501040299757E-023
   414.46382471418730       -4.1432881768263688E-023
   414.80866523728753        5.0489541242213954E-023
   415.15350576038782       -1.4390657228039637E-023
   415.49834628348805       -4.1152113625823525E-023
   415.84318680658828        2.2442434487825863E-023
   416.18802732968857       -2.7658392834802195E-023
   416.53286785278880        7.0757897234445616E-024
   416.87770837588903       -5.3328246126772561E-023
   417.22254889898926        4.0725010882928189E-023
   417.56738942208955       -1.9374707190378801E-023
   417.91222994518978        1.8805849314242108E-023
   418.25707046829001        3.4171391488401192E-023
   418.60191099139030       -1.5056710576326956E-023
   418.94675151449053        1.3606122187645012E-023
   419.29159203759076       -4.0477529835873693E-023
   419.63643256069099        2.3122670338334040E-023
   419.98127308379128        7.5724452004088556E-023
   420.32611360689151       -1.0981890806759299E-022
   420.67095412999174       -1.3314922633279838E-023
   421.01579465309203        1.1692731193136699E-022
   421.36063517619226        4.4733732695416327E-024
   421.70547569929249       -7.0328107062735485E-024
   422.05031622239272        1.4076823560649763E-023
   422.39515674549301        3.6541526005090640E-023
   422.73999726859324       -2.3010356249415116E-023
   423.08483779169347       -5.6906286877444151E-023
   423.42967831479376        3.3257769385368682E-024
   423.77451883789399       -1.6742463762010216E-023
   424.11935936099422       -1.3061785337874433E-023
   424.46419988409446        9.8252332218234688E-024
   424.80904040719474        3.3456816995191506E-023
   425.15388093029497        1.0247596517269755E-023
   425.49872145339521       -9.1489668814718436E-023
   425.84356197649549        1.2580035323143408E-023
   426.18840249959572        4.4343949250804150E-023
   426.53324302269596       -9.4526049869663199E-024
   426.87808354579619        2.5277006093354390E-023
   427.22292406889648       -5.0844917739811688E-023
   427.56776459199671       -2.4471538701715547E-023
   427.91260511509694       -1.7470832463239480E-025
   428.25744563819723        4.8697887523123647E-023
   428.60228616129746       -1.4162389391020211E-022
   428.94712668439769        1.6814007397303397E-023
   429.29196720749792        5.3836443275110802E-023
   429.63680773059821       -1.2047043677186175E-022
   429.98164825369844       -4.9640137589278217E-023
   430.32648877679867        2.7830798968144381E-023
   430.67132929989896        6.3010040233370043E-023
   431.01616982299919       -1.7301270914073567E-023
   431.36101034609942       -2.2745461249986959E-024
   431.70585086919965        4.1681927934300496E-023
   432.05069139229994       -3.2508560838464206E-023
   432.39553191540017        9.4120569669058688E-023
   432.74037243850040        3.2485438254176975E-024
   433.08521296160069       -2.9720781353062954E-023
   433.43005348470092       -2.9177964276316576E-023
   433.77489400780115       -3.2307844921486478E-024
   434.11973453090138        2.8656787114963220E-023
   434.46457505400167        2.9605000058897759E-023
   434.80941557710190        4.7348785364132223E-023
   435.15425610020213       -8.7996628809215626E-023
   435.49909662330242       -7.1112231812925770E-024
   435.84393714640265        4.2947695375317613E-023
   436.18877766950288       -2.0038025621708207E-023
   436.53361819260311        2.8681414078373319E-024
   436.87845871570340       -4.1029289688576660E-024
   437.22329923880363        1.2692587640927476E-023
   437.56813976190386        4.7848898603575123E-024
   437.91298028500415       -6.0286870251380615E-023
   438.25782080810438       -2.8576611249424549E-023
   438.60266133120462       -9.6125868285018021E-023
   438.94750185430485       -1.5695839269463258E-022
   439.29234237740513       -1.4743042767559640E-022
   439.63718290050537       -2.8941947271538380E-022
   439.98202342360560       -3.4451148836108762E-022
   440.32686394670588       -4.8398138769196209E-022
   440.67170446980612       -6.5209332573098236E-022
   441.01654499290635       -7.8967310401890012E-022
   441.36138551600658       -8.4540417470438666E-022
   441.70622603910687       -8.6549602571270547E-022
   442.05106656220710       -6.2720471471850908E-022
   442.39590708530733       -6.5715178082271442E-023
   442.74074760840756        1.0445566609517060E-021
   443.08558813150785        2.9695789765573628E-021
   443.43042865460808        6.1933557365772189E-021
   443.77526917770831        1.1154980623845132E-020
   444.12010970080860        1.8438405703266641E-020
   444.46495022390883        2.8827102894640546E-020
   444.80979074700906        4.3156886811458227E-020
   445.15463127010929        6.2101347047001864E-020
   445.49947179320958        8.5982993717494859E-020
   445.84431231630981        1.1500782016961500E-019
   446.18915283941004        1.4841212056216749E-019
   446.53399336251033        1.8392032971055917E-019
   446.87883388561056        2.1734769894439266E-019
   447.22367440871079        2.4173796684366431E-019
   447.56851493181102        2.4606039306479270E-019
   447.91335545491131        2.1446311228515646E-019
   448.25819597801154        1.2458331804195659E-019
   448.60303650111177       -5.2777766433998656E-020
   448.94787702421206       -3.5505763906804462E-019
   449.29271754731229       -8.2781202878419028E-019
   449.63755807041252       -1.5233964704922460E-018
   449.98239859351276       -2.4991368753790561E-018
   450.32723911661304       -3.8117688287858939E-018
   450.67207963971327       -5.5106872518537969E-018
   451.01692016281351       -7.6260366104783297E-018
   451.36176068591379       -1.0154264888598203E-017
   451.70660120901402       -1.3037718240629615E-017
   452.05144173211426       -1.6140560031430868E-017
   452.39628225521449       -1.9221029903949766E-017
   452.74112277831478       -2.1899296277008840E-017
   453.08596330141501       -2.3626704406345262E-017
   453.43080382451524       -2.3656635078365813E-017
   453.77564434761553       -2.1024546668781715E-017
   454.12048487071576       -1.4539673723159860E-017
   454.46532539381599       -2.8010521098077794E-018
   454.81016591691622        1.5759099369176701E-017
   455.15500644001651        4.2790793502875276E-017
   455.49984696311674        7.9895922466068328E-017
   455.84468748621697        1.2844249635547289E-016
   456.18952800931726        1.8931919685800299E-016
   456.53436853241749        2.6263316138744305E-016
   456.87920905551772        3.4735529809636528E-016
   457.22404957861795        4.4092934172932408E-016
   457.56889010171824        5.3887038414900382E-016
   457.91373062481847        6.3438781005930700E-016
   458.25857114791870        7.1807958794025154E-016
   458.60341167101899        7.7775480406511570E-016
   458.94825219411922        7.9845028880037265E-016
   459.29309271721945        7.6270599480623550E-016
   459.63793324031968        6.5116839698662242E-016
   459.98277376341997        4.4357313663182283E-016
   460.32761428652020        1.2014778397209846E-016
   460.67245480962043       -3.3656211933107928E-016
   461.01729533272072       -9.3947433264490948E-016
   461.36213585582095       -1.6944326041278026E-015
   461.70697637892118       -2.5974901374367952E-015
   462.05181690202141       -3.6321973234830495E-015
   462.39665742512170       -4.7671368970842701E-015
   462.74149794822193       -5.9539943378562732E-015
   463.08633847132216       -7.1264783371066476E-015
   463.43117899442245       -8.2004140498018811E-015
   463.77601951752268       -9.0753085031077237E-015
   464.12086004062292       -9.6376263670514023E-015
   464.46570056372315       -9.7659290084728283E-015
   464.81054108682343       -9.3378863840288892E-015
   465.15538160992367       -8.2390181810315917E-015
   465.50022213302390       -6.3728333688785333E-015
   465.84506265612418       -3.6718372152801370E-015
   466.18990317922442       -1.0869412243657023E-016
   466.53474370232465        4.2933325567564400E-015
   466.87958422542488        9.4516499954068586E-015
   467.22442474852517        1.5218349911722559E-014
   467.56926527162540        2.1377959789323857E-014
   467.91410579472563        2.7649787168736718E-014
   468.25894631782592        3.3695474393132895E-014
   468.60378684092615        3.9132050961333291E-014
   468.94862736402638        4.3550354909071185E-014
   469.29346788712661        4.6538229336454471E-014
   469.63830841022690        4.7707418120098845E-014
   469.98314893332713        4.6722624497119313E-014
   470.32798945642736        4.3330804144543038E-014
   470.67282997952765        3.7388493235671103E-014
   471.01767050262788        2.8884852083192485E-014
   471.36251102572811        1.7958172961774635E-014
   471.70735154882834        4.9038650849056434E-015
   472.05219207192863       -9.8275989247664309E-015
   472.39703259502886       -2.5643648292265245E-014
   472.74187311812909       -4.1833579710724525E-014
   473.08671364122938       -5.7602748357266760E-014
   473.43155416432961       -7.2115336011993898E-014
   473.77639468742984       -8.4543236678127979E-014
   474.12123521053007       -9.4117937391384951E-014
   474.46607573363036       -1.0018182287962570E-013
   474.81091625673059       -1.0223514133035528E-013
   475.15575677983082       -9.9974992775750074E-014
   475.50059730293111       -9.3323119901413282E-014
   475.84543782603134       -8.2439993889229630E-014
   476.19027834913157       -6.7723634937241454E-014
   476.53511887223181       -4.9792719799581649E-014
   476.87995939533209       -2.9454720698048701E-014
   477.22479991843232       -7.6609746033984651E-015
   477.56964044153256        1.4548375545570804E-014
   477.91448096463284        3.6105815793639376E-014
   478.25932148773308        5.5979993935899352E-014
   478.60416201083331        7.3236890822630151E-014
   478.94900253393354        8.7094347500436209E-014
   479.29384305703383        9.6966182955508335E-014
   479.63868358013406        1.0249295755021934E-013
   479.98352410323429        1.0355748006597398E-013
   480.32836462633458        1.0028433542182803E-013
   480.67320514943481        9.3023917706783701E-014
   481.01804567253504        8.2322593433974740E-014
   481.36288619563527        6.8881597068310674E-014
   481.70772671873556        5.3507984744572488E-014
   482.05256724183579        3.7061420410456022E-014
   482.39740776493602        2.0400678726564987E-014
   482.74224828803631        4.3335661058937067E-015
   483.08708881113654       -1.0426518901391904E-014
   483.43192933423677       -2.3294859881173983E-014
   483.77676985733700       -3.3838853695539363E-014
   484.12161038043729       -4.1789844506573007E-014
   484.46645090353752       -4.7043517796741833E-014
   484.81129142663775       -4.9649836435894256E-014
   485.15613194973804       -4.9794182437033605E-014
   485.50097247283827       -4.7771851803965688E-014
   485.84581299593850       -4.3958333340426057E-014
   486.19065351903873       -3.8777852050384724E-014
   486.53549404213902       -3.2672520961743043E-014
   486.88033456523925       -2.6074139662331389E-014
   487.22517508833948       -1.9380239418823360E-014
   487.57001561143977       -1.2935475810574595E-014
   487.91485613454000       -7.0189353321852785E-015
   488.25969665764023       -1.8374183470412566E-015
   488.60453718074046        2.4756847367329668E-015
   488.94937770384075        5.8566610130075068E-015
   489.29421822694098        8.3038755778255802E-015
   489.63905875004122        9.8674220088958899E-015
   489.98389927314150        1.0637174958600652E-014
   490.32873979624173        1.0730327285399762E-014
   490.67358031934197        1.0279356970526985E-014
   491.01842084244220        9.4211773473022537E-015
   491.36326136554248        8.2880078839340296E-015
   491.70810188864272        7.0002827611826916E-015
   492.05294241174295        5.6617038791676371E-015
   492.39778293484324        4.3563708051407550E-015
   492.74262345794347        3.1477771325090204E-015
   493.08746398104370        2.0793675661120353E-015
   493.43230450414393        1.1762958124206013E-015
   493.77714502724422        4.4800586310196448E-016
   494.12198555034445       -1.0871942035318517E-016
   494.46682607344468       -5.0656209683113244E-016
   494.81166659654497       -7.6458191047803506E-016
   495.15650711964520       -9.0543239587859577E-016
   495.50134764274543       -9.5300782498518034E-016
   495.84618816584566       -9.3058513472156966E-016
   496.19102868894595       -8.5947338188010139E-016
   496.53586921204618       -7.5814408182538537E-016
   496.88070973514641       -6.4178200057676341E-016
   497.22555025824670       -5.2218220403702392E-016
   497.57039078134693       -4.0791088352091203E-016
   497.91523130444716       -3.0464700637755686E-016
   498.26007182754739       -2.1563273173427754E-016
   498.60491235064768       -1.4216785932729812E-016
   498.94975287374791       -8.4100888314621443E-017
   499.29459339684814       -4.0279458324308158E-017
   499.63943391994843       -8.9403514125491792E-018
   499.98427444304866        1.1975056403490979E-017
   500.32911496614889        2.4579105510778834E-017
   500.67395548924912        3.0869217095870646E-017
   501.01879601234941        3.2619057934725527E-017
   501.36363653544964        3.1322574469829772E-017
   501.70847705854987        2.8177440566080892E-017
   502.05331758165016        2.4095957989042652E-017
   502.39815810475039        1.9734295904750528E-017
   502.74299862785062        1.5532415031491268E-017
   503.08783915095086        1.1756260668910858E-017
   503.43267967405114        8.5397703725344078E-018
   503.77752019715138        5.9222277103398322E-018
   504.12236072025161        3.8798293643600976E-018
   504.46720124335184        2.3516089753423533E-018
   504.81204176645213        1.2575550038154981E-018
   505.15688228955236        5.1379098779660951E-019
   505.50172281265259        3.9712452202475716E-020
   505.84656333575288       -2.3542125152746375E-019
   506.19140385885311       -3.7094629552395628E-019
   506.53624438195334       -4.1386613841443673E-019
   506.88108490505357       -3.9989852458860586E-019
   507.22592542815386       -3.5495366119484250E-019
   507.57076595125409       -2.9657180512396605E-019
   507.91560647435432       -2.3618477903440187E-019
   508.26044699745461       -1.8041740797873224E-019
   508.60528752055484       -1.3255995413626915E-019
   508.95012804365507       -9.3625894699305232E-020
   509.29496856675530       -6.3457148487567800E-020
   509.63980908985559       -4.1028020834932023E-020
   509.98464961295582       -2.4995642973436149E-020
   510.32949013605605       -1.3977942913129198E-020
   510.67433065915634       -6.8633563362262730E-021
   511.01917118225657       -2.4159412262496077E-021
   511.36401170535680        1.2328059421573983E-022
   511.70885222845703        1.3620663945555743E-021
   512.05369275155726        1.8312605675051025E-021
   512.39853327465755        1.8651625192681868E-021
   512.74337379775784        1.6743166819518334E-021
   513.08821432085801        1.3735077272475370E-021
   513.43305484395830        1.0826155472475404E-021
   513.77789536705859        7.7664047580794139E-022
   514.12273589015876        5.5611714308141430E-022
   514.46757641325905        3.6722604688905910E-022
   514.81241693635934        2.3784231000091931E-022
   515.15725745945952        1.8466816645671452E-022
   515.50209798255980        4.9823139310747136E-023
   515.84693850565998        3.6416678959145510E-023
   516.19177902876027        4.4040650349613683E-025
   516.53661955186055        1.3838503519611562E-023
   516.88146007496073       -9.1155241645514969E-024
   517.22630059806102       -4.5926670357708900E-023
   517.57114112116130       -3.1512752704646552E-023
   517.91598164426148        7.1272003852198178E-024
   518.26082216736177       -1.5498628383750388E-023
   518.60566269046205       -4.7694633569663029E-023
   518.95050321356223       -4.4471132782666121E-023
   519.29534373666252        3.8414507227995272E-024
   519.64018425976280        1.2103344544947259E-023
   519.98502478286298       -4.0111592568892570E-023
   520.32986530596327       -6.6656584188869733E-023
   520.67470582906344       -2.0665703773410811E-025
   521.01954635216373        2.3347547197274013E-023
   521.36438687526402       -4.6011411029504831E-023
   521.70922739836419       -3.6646280996605026E-023
   522.05406792146448       -1.2343132774303469E-023
   522.39890844456477       -9.7040191605691242E-024
   522.74374896766494       -3.3885425929969207E-023
   523.08858949076523        3.3893371410917869E-025
   523.43343001386552       -4.3432262319787723E-023
   523.77827053696569       -1.6368449548245539E-023
   524.12311106006598        1.6522930387428533E-024
   524.46795158316627       -3.4908198971462702E-023
   524.81279210626644       -3.9566372425606003E-023
   525.15763262936673       -4.6569850879337994E-024
   525.50247315246691        2.5944499675272954E-025
   525.84731367556719       -3.0367225523980529E-023
   526.19215419866748       -4.6714726275258777E-023
   526.53699472176766       -5.4229731854871519E-024
   526.88183524486794       -7.6102530299680509E-024
   527.22667576796823       -2.6872160399305111E-023
   527.57151629106841       -2.7801706472385399E-023
   527.91635681416869       -3.4600528590587390E-024
   528.26119733726898       -3.5699076555237962E-023
   528.60603786036916       -3.1436601064382933E-023
   528.95087838346944       -3.4811807701635492E-024
   529.29571890656973       -1.6631331201855395E-024
   529.64055942966991       -3.6056611000606414E-023
   529.98539995277019       -4.7127810343711583E-023
   530.33024047587037       -4.8571634399270674E-025
   530.67508099897066       -2.9358447862213785E-024
   531.01992152207094       -3.2157758818281330E-023
   531.36476204517112       -2.7007757865172035E-023
   531.70960256827141       -1.5355933749895735E-023
   532.05444309137170       -2.3415440914666727E-023
   532.39928361447187       -2.4091735314414295E-023
   532.74412413757216       -1.6639455366865985E-024
   533.08896466067245       -3.6340492769171419E-023
   533.43380518377262       -9.8367821414062343E-024
   533.77864570687291       -3.3038247226147791E-023
   534.12348622997320       -2.2403014275176376E-023
   534.46832675307337       -2.7672222218363605E-024
   534.81316727617366       -3.1528141584476422E-023
   535.15800779927383       -1.2333419239334282E-024
   535.50284832237412       -4.7360579311687438E-023
   535.84768884547441       -3.0815386521659360E-023
   536.19252936857458        1.5939413123003245E-023
   536.53736989167487       -2.6113670769219825E-023
   536.88221041477516       -2.0605847800296599E-023
   537.22705093787533       -4.5112081137358024E-023
   537.57189146097562       -2.5506934097777683E-023
   537.91673198407591        2.8941058982940608E-023
   538.26157250717608       -4.2544047266732660E-023
   538.60641303027637       -3.2115791146210828E-023
   538.95125355337655       -2.2816753805081292E-023
   539.29609407647683       -9.6187504888635655E-024
   539.64093459957712       -2.4156408822436967E-023
   539.98577512267730       -8.1029607120364263E-024
   540.33061564577758       -2.0358033410011955E-023
   540.67545616887787       -5.2586284528469459E-023
   541.02029669197805        6.9290674605804706E-024
   541.36513721507833       -1.8939188899472365E-023
   541.70997773817862       -2.5987359998535395E-023
   542.05481826127880       -1.9092438458204470E-023
   542.39965878437908       -2.0513723833734572E-023
   542.74449930747937       -2.8844043507288752E-023
   543.08933983057955       -9.0069459170422427E-024
   543.43418035367984       -1.8866545842628249E-023
   543.77902087678001       -3.9982556063025559E-023
   544.12386139988030        1.9686053638117154E-023
   544.46870192298059       -5.3512833522733592E-023
   544.81354244608076       -3.0579535008321865E-023
   545.15838296918105        8.7008277616490978E-024
   545.50322349228134       -2.8646575380867591E-023
   545.84806401538151       -9.3274669478930152E-024
   546.19290453848180       -3.9245151619813336E-023
   546.53774506158209       -3.1087593924169068E-023
   546.88258558468226       -1.4257197871290686E-024
   547.22742610778255       -8.3260318450786692E-024
   547.57226663088284       -2.7301067740190230E-023
   547.91710715398301       -3.2016249089930204E-023
   548.26194767708330       -3.0210700533635480E-023
   548.60678820018347       -4.2050356716762717E-024
   548.95162872328376       -7.5138048228641273E-024
   549.29646924638405       -3.6130178161132491E-023
   549.64130976948422       -1.5729190017602587E-023
   549.98615029258451       -2.0214530353421639E-023
   550.33099081568480       -4.1391086332163814E-023
   550.67583133878497        6.1620649145002048E-025
   551.02067186188526       -4.5712038848551250E-024
   551.36551238498555       -3.6690287150236834E-023
   551.71035290808572       -2.2010352787431558E-023
   552.05519343118601       -3.3173840187256258E-023
   552.40003395428630       -1.7996372188033675E-023
   552.74487447738647        1.5421198073522345E-024
   553.08971500048676        1.6092861475864855E-024
   553.43455552358694       -6.3144600996083059E-023
   553.77939604668722       -4.5547637586864600E-023
   554.12423656978751        1.7029778392281104E-023
   554.46907709288769        1.1092099275887071E-023
   554.81391761598798       -4.8311275953293965E-023
   555.15875813908826       -4.7532821102367564E-023
   555.50359866218844        5.9012144548212076E-024
   555.84843918528873       -2.9501569758240595E-023
   556.19327970838901       -7.0960332086666110E-024
   556.53812023148919       -1.9197009569777105E-023
   556.88296075458948       -3.2012938737219476E-023
   557.22780127768976       -2.2990666096891472E-023
   557.57264180078994       -1.4825977797144554E-023
   557.91748232389023       -1.6203726054595140E-023
   558.26232284699040       -2.6419481616960496E-023
   558.60716337009069       -8.7715497400272645E-024
   558.95200389319098       -3.0172327549896444E-023
   559.29684441629115       -2.6754898901113526E-023
   559.64168493939144       -9.7092518973684533E-024
   559.98652546249173       -1.9556134230920846E-023
   560.33136598559190       -2.8304930927105686E-023
   560.67620650869219       -5.3388572002174778E-024
   561.02104703179248       -3.6860946466971053E-023
   561.36588755489265       -1.9166403301687966E-023
   561.71072807799294       -3.9393585209697502E-024
   562.05556860109323       -3.9166946036694005E-023
   562.40040912419340       -9.8916146996575002E-024
   562.74524964729369       -1.7052846167745613E-023
   563.09009017039386       -3.0328601048093226E-023
   563.43493069349415       -1.8416243804612634E-023
   563.77977121659444       -1.2057826856904185E-023
   564.12461173969461       -2.8234616440891068E-023
   564.46945226279490       -1.2208190528591531E-023
   564.81429278589519       -3.0655847814107701E-023
   565.15913330899537       -2.6139186584491791E-023
   565.50397383209565        1.4469547840132958E-023
   565.84881435519594       -4.5904552067404740E-023
   566.19365487829612       -4.0073473313941108E-023
   566.53849540139640        5.2199403086184936E-024
   566.88333592449669       -8.8156931436470531E-024
   567.22817644759687       -2.8747150335296357E-023
   567.57301697069715       -3.9756697507021801E-023
   567.91785749379733       -2.0622600885614418E-023
   568.26269801689762        3.0658954242012822E-024
   568.60753853999790       -1.3824459373453447E-023
   568.95237906309808       -4.5387062416305294E-023
   569.29721958619837       -1.7874194814741365E-023
   569.64206010929865       -1.2778227879134111E-023
   569.98690063239883       -2.5518302366189416E-023
   570.33174115549912       -5.6799589540977517E-024
   570.67658167859940       -2.4823910296532728E-023
   571.02142220169958       -3.4963894522081296E-023
   571.36626272479987       -2.0647317799694054E-023
   571.71110324790016       -2.9328011633341694E-024
   572.05594377100033       -1.7707583473985438E-023
   572.40078429410062       -3.8536674235823905E-023
   572.74562481720079       -1.7489256345625351E-023
   573.09046534030108       -6.9906162588066012E-024
   573.43530586340137       -2.9747188484011534E-023
   573.78014638650154       -2.4030384909147538E-023
   574.12498690960183       -1.2524855490350149E-023
   574.46982743270212       -1.7643207038578731E-023
   574.81466795580229       -2.0845213610543548E-023
   575.15950847890258       -3.4944446569905080E-023
   575.50434900200287       -1.6583379394094251E-023
   575.84918952510304       -4.3923850533117242E-024
   576.19403004820333       -1.6854724711079103E-023
   576.53887057130362       -3.3926228735967544E-023
   576.88371109440379       -4.3151606870402851E-023
   577.22855161750408        3.9247997768340600E-024
   577.57339214060426        2.6724446671907557E-024
   577.91823266370454       -3.9982288753217140E-023
   578.26307318680483       -4.7043890407738448E-023
   578.60791370990501       -1.3209123483055108E-023
   578.95275423300529        7.6831735728942150E-024
   579.29759475610558       -3.8092097286212787E-023
   579.64243527920576       -3.5026656880028571E-023
   579.98727580230604       -2.1174161467851050E-023
   580.33211632540633       -3.9871034357663009E-023
   580.67695684850651       -4.2309421455804299E-024
   581.02179737160679       -2.9603241463732265E-023
   581.36663789470708       -5.1438412572588940E-023
   581.71147841780726       -8.9774517410209185E-024
   582.05631894090754       -2.7348071061975681E-023
   582.40115946400772       -2.6249561968460360E-023
   582.74599998710801        2.3394409254901118E-023
   583.09084051020830        2.1553889882634814E-023
   583.43568103330847        8.9224495828991238E-024
   583.78052155640876        8.8879532956037056E-023
   584.12536207950905        1.7336419865863914E-022
   584.47020260260922        1.9065694855771883E-022
   584.81504312570951        2.6667581161302546E-022
   585.15988364880980        3.8411107453990681E-022
   585.50472417190997        4.8224439561828610E-022
   585.84956469501026        6.4004873552557454E-022
   586.19440521811055        7.4941232839530061E-022
   586.53924574121072        7.9958928864508919E-022
   586.88408626431101        9.1776489189590253E-022
   587.22892678741118        9.6108097408975071E-022
   587.57376731051147        8.6344356654326874E-022
   587.91860783361176        6.5519233385781563E-022
   588.26344835671193        2.3913878221849207E-022
   588.60828887981222       -3.9713179596960133E-022
   588.95312940291251       -1.3437445662498775E-021
   589.29796992601268       -2.6553837469771423E-021
   589.64281044911297       -4.4265312770191402E-021
   589.98765097221326       -6.7117043649211697E-021
   590.33249149531343       -9.4515643152319954E-021
   590.67733201841372       -1.2697064764295021E-020
   591.02217254151401       -1.6403528947363046E-020
   591.36701306461418       -2.0463934524087839E-020
   591.71185358771447       -2.4683876578314760E-020
   592.05669411081465       -2.8717711088927065E-020
   592.40153463391493       -3.2236791455393311E-020
   592.74637515701522       -3.4758722119607160E-020
   593.09121568011540       -3.5712902083850059E-020
   593.43605620321568       -3.4380995821221562E-020
   593.78089672631597       -2.9907820578287376E-020
   594.12573724941615       -2.1633065380687381E-020
   594.47057777251644       -8.7773235847954402E-021
   594.81541829561672        9.5451055721052062E-021
   595.16025881871690        3.3782681479569143E-020
   595.50509934181719        6.4263812591087206E-020
   595.84993986491736        1.0110275876184708E-019
   596.19478038801765        1.4373399851202842E-019
   596.53962091111794        1.9127200316128091E-019
   596.88446143421811        2.4228184533695636E-019
   597.22930195731840        2.9448133319001452E-019
   597.57414248041869        3.4503287253937473E-019
   597.91898300351886        3.9055480236730977E-019
   598.26382352661915        4.2703524471331359E-019
   598.60866404971944        4.5000734575949425E-019
   598.95350457281961        4.5495351323361128E-019
   599.29834509591990        4.3731783407203262E-019
   599.64318561902019        3.9279662941131890E-019
   599.98802614212036        3.1799464809803507E-019
   600.33286666522065        2.1054838178527897E-019
   600.67770718832082        6.9346537168036376E-020
   601.02254771142111       -1.0482120619284466E-019
   601.36738823452140       -3.0917595218285806E-019
   601.71222875762157       -5.3881596293549407E-019
   602.05706928072186       -7.8653520892975650E-019
   602.40190980382215       -1.0430624579718287E-018
   602.74675032692232       -1.2972195772647114E-018
   603.09159085002261       -1.5362597792182721E-018
   603.43643137312290       -1.7465279796424892E-018
   603.78127189622307       -1.9142060241021569E-018
   604.12611241932336       -2.0259116380051085E-018
   604.47095294242365       -2.0695784099187547E-018
   604.81579346552383       -2.0355089545185233E-018
   605.16063398862411       -1.9169632681681582E-018
   605.50547451172429       -1.7108313388258604E-018
   605.85031503482458       -1.4183369004975076E-018
   606.19515555792486       -1.0451387329123051E-018
   606.53999608102504       -6.0138136125116147E-019
   606.88483660412533       -1.0157074183330991E-019
   607.22967712722561        4.3601139482756285E-019
   607.57451765032579        9.9016505827588958E-019
   607.91935817342608        1.5377516792991049E-018
   608.26419869652636        2.0548775759125540E-018
   608.60903921962654        2.5181550256436731E-018
   608.95387974272683        2.9060206225909666E-018
   609.29872026582711        3.2000167100100113E-018
   609.64356078892729        3.3858731279922639E-018
   609.98840131202758        3.4543312224583016E-018
   610.33324183512775        3.4016968120871518E-018
   610.67808235822804        3.2301047607823256E-018
   611.02292288132833        2.9474433672943447E-018
   611.36776340442850        2.5668734262384851E-018
   611.71260392752879        2.1060781036348425E-018
   612.05744445062908        1.5862467181494621E-018
   612.40228497372925        1.0307983988591208E-018
   612.74712549682954        4.6415340178886396E-019
   613.09196601992983       -8.9586644811886139E-020
   613.43680654303000       -6.0801506485053281E-019
   613.78164706613029       -1.0714623341840330E-018
   614.12648758923058       -1.4639995718586319E-018
   614.47132811233075       -1.7740130492056640E-018
   614.81616863543104       -1.9944830913519928E-018
   615.16100915853121       -2.1232452524963698E-018
   615.50584968163150       -2.1627275486802541E-018
   615.85069020473179       -2.1193449009271179E-018
   616.19553072783197       -2.0029127629082464E-018
   616.54037125093225       -1.8258070686263878E-018
   616.88521177403254       -1.6021867960642612E-018
   617.23005229713272       -1.3469491965876157E-018
   617.57489282023300       -1.0747573167494966E-018
   617.91973334333329       -7.9949932999155557E-019
   618.26457386643347       -5.3355888540829833E-019
   618.60941438953375       -2.8722964395198110E-019
   618.95425491263404       -6.8529215173322060E-020
   619.29909543573422        1.1698542417032706E-019
   619.64393595883450        2.6619202585333857E-019
   619.98877648193468        3.7821877224274725E-019
   620.33361700503497        4.5415448830706486E-019
   620.67845752813525        4.9671729695247229E-019
   621.02329805123543        5.0987197090093021E-019
   621.36813857433572        4.9839327777209623E-019
   621.71297909743600        4.6743920253284497E-019
   622.05781962053618        4.2221111015443198E-019
   622.40266014363647        3.6775225238620933E-019
   622.74750066673676        3.0858709600288831E-019
   623.09234118983693        2.4852702202964440E-019
   623.43718171293722        1.9070849521232248E-019
   623.78202223603751        1.3758871130236873E-019
   624.12686275913768        9.0767293442080608E-020
   624.47170328223797        5.1058794836646351E-020
   624.81654380533814        1.8880371104556841E-020
   625.16138432843843       -5.8755970129735709E-021
   625.50622485153872       -2.3796144511174215E-020
   625.85106537463889       -3.5639635838711053E-020
   626.19590589773918       -4.2345336893342973E-020
   626.54074642083947       -4.4909689456255552E-020
   626.88558694393964       -4.4285136379635860E-020
   627.23042746703993       -4.1368138159889709E-020
   627.57526799014022       -3.7001913953572019E-020
   627.92010851324039       -3.1817423474266913E-020
   628.26494903634068       -2.6355175094509854E-020
   628.60978955944097       -2.1059062428842736E-020
   628.95463008254114       -1.6178156161527811E-020
   629.29947060564143       -1.1850818449728938E-020
   629.64431112874161       -8.1772124069444897E-021
   629.98915165184189       -5.2145941899777594E-021
   630.33399217494218       -2.9423442591709527E-021
   630.67883269804236       -1.2634642765150320E-021
   631.02367322114264       -2.5444642477430553E-023
   631.36851374424293        7.9522086657417546E-022
   631.71335426734311        1.2120949191781337E-021
   632.05819479044339        1.3975353954412251E-021
   632.40303531354368        1.4503388442586667E-021
   632.74787583664386        1.3635066125229367E-021
   633.09271635974414        1.2037668042652490E-021
   633.43755688284443        1.0373144822645102E-021
   633.78239740594461        8.4180366894236601E-022
   634.12723792904490        6.3946167330085433E-022
   634.47207845214507        4.7271832444095445E-022
   634.81691897524536        3.4149622497672277E-022
   635.16175949834565        2.4797830621704660E-022
   635.50660002144582        1.6952804627632236E-022
   635.85144054454611        7.2607921886708405E-023
   636.19628106764640        6.2671153127459842E-024
   636.54112159074657        8.5014421343537647E-024
   636.88596211384686       -8.5903397621655355E-025
   637.23080263694715       -2.5440783675306365E-023
   637.57564316004732       -3.7751802368961056E-023
   637.92048368314761       -5.0215633097764167E-023
   638.26532420624790       -4.4709211059533928E-023
   638.61016472934807       -3.0513428286363561E-023
   638.95500525244836       -1.8953559562042589E-023
   639.29984577554853       -2.6843699949576112E-023
   639.64468629864882       -4.1622432355814445E-023
   639.98952682174911       -4.3381732663001067E-023
   640.33436734484928       -1.1652678609986816E-023
   640.67920786794957       -1.5795735870606058E-024
   641.02404839104986       -3.7463396333125177E-023
   641.36888891415003       -3.3125287132995510E-023
   641.71372943725032       -1.1111688510527283E-023
   642.05856996035061       -1.9048465987113023E-023
   642.40341048345078       -2.4273685605674742E-023
   642.74825100655107       -1.8561191965713761E-023
   643.09309152965136       -1.8966743464558409E-023
   643.43793205275153       -2.1596599753756198E-023
   643.78277257585182       -2.1564808105973122E-023
   644.12761309895200       -2.0457602234963857E-023
   644.47245362205229       -1.7594857412939027E-023
   644.81729414515257       -2.3325131425586700E-023
   645.16213466825275       -2.4353486357452589E-023
   645.50697519135304       -6.6604944286346401E-024
   645.85181571445332       -1.9634525705188555E-023
   646.19665623755350       -4.4035559510145934E-023
   646.54149676065379       -1.6108198478823659E-023
   646.88633728375407        2.2814700595399218E-024
   647.23117780685425       -1.9903780622063786E-023
   647.57601832995454       -3.7773356799308181E-023
   647.92085885305482       -3.0263462145132221E-023
   648.26569937615500       -8.9270793096989069E-024
   648.61053989925529       -6.0506877627242544E-024
   648.95538042235546       -2.0903948513467071E-023
   649.30022094545575       -4.0643232414252239E-023
   649.64506146855604       -2.3013899041621761E-023
   649.98990199165621        3.8424283795011961E-024
   650.33474251475650       -3.0140679994946892E-023
   650.67958303785679       -3.6364846027814578E-023
   651.02442356095696        4.4219487896938164E-024
   651.36926408405725       -2.0414434647993199E-023
   651.71410460715754       -4.6783258587455377E-023
   652.05894513025771       -1.5605080810940890E-023
   652.40378565335800       -9.2525949315643628E-026
   652.74862617645829       -1.6625490746247894E-023
   653.09346669955846       -3.6352848174655356E-023
   653.43830722265875       -3.1021652885474931E-023
   653.78314774575892       -1.1934950550818732E-023
   654.12798826885921       -6.8130809035091602E-024
   654.47282879195950       -2.1576847970358790E-023
   654.81766931505967       -3.0349635009556745E-023
   655.16250983815996       -2.4297170057393173E-023
   655.50735036126025       -1.5739030595094799E-023
   655.85219088436043       -2.1157132967391327E-023
   656.19703140746071       -1.5312010549560157E-023
   656.54187193056100       -9.3200002919957399E-024
   656.88671245366118       -3.7020506039331107E-023
   657.23155297676146       -3.8925973089786704E-023
   657.57639349986164        3.2270116703251112E-024
   657.92123402296193       -3.3292363348189080E-024
   658.26607454606221       -3.8955045714951400E-023
   658.61091506916239       -3.0551953280006596E-023
   658.95575559226268       -1.6820829770907173E-023
   659.30059611536296       -1.3789767795334209E-023
   659.64543663846314       -1.5351308760488474E-023
   659.99027716156343       -2.0352505962108158E-023
   660.33511768466371       -2.6504869865774196E-023
   660.67995820776389       -2.8879630943671260E-023
   661.02479873086418       -1.4914166166130780E-023
   661.36963925396446       -1.3073546104399852E-023
   661.71447977706464       -2.0586052557769639E-023
   662.05932030016493       -1.5515721611171662E-023
   662.40416082326510       -3.0508008162687748E-023
   662.74900134636539       -4.0414794316909926E-023
   663.09384186946568       -4.9603518337377530E-025
   663.43868239256585        1.0434096944104529E-023
   663.78352291566614       -4.6287292043734551E-023
   664.12836343876643       -5.0123401075594426E-023
   664.47320396186660        3.6015986276001804E-024
   664.81804448496689       -3.1950237111061458E-025
   665.16288500806718       -3.7978686134238837E-023
   665.50772553116735       -2.9024194239678912E-023
   665.85256605426764       -5.4070762153730280E-024
   666.19740657736793       -2.5649412701933209E-023
   666.54224710046810       -3.0118457850898603E-023
   666.88708762356839       -8.0761706467119892E-024
   667.23192814666857       -1.9676376117984734E-023
   667.57676866976885       -2.7567442749117360E-023
   667.92160919286914       -1.3541309260124362E-023
   668.26644971596932       -2.3051598072779266E-023
   668.61129023906960       -3.2787200430356036E-023
   668.95613076216989       -8.6121410328413082E-024
   669.30097128527007       -6.7418544163595388E-024
   669.64581180837035       -3.8098849215080509E-023
   669.99065233147064       -2.7009987186523653E-023
   670.33549285457082       -3.8502572193243949E-024
   670.68033337767110       -2.1253667400497128E-023
   671.02517390077139       -3.7382896056556446E-023
   671.37001442387157       -1.0871075949014067E-023
   671.71485494697185       -3.1735107119101021E-024
   672.05969547007203       -3.4494094251996126E-023
   672.40453599317232       -3.2630897286698429E-023
   672.74937651627260       -1.4576183511198773E-023
   673.09421703937278       -1.1619415335627916E-023
   673.43905756247307       -1.4906199783500028E-023
   673.78389808557336       -2.6179672513343776E-023
   674.12873860867353       -2.8581455066786548E-023
   674.47357913177382       -2.0363859000858937E-023
   674.81841965487411       -2.0180456121491684E-023
   675.16326017797428       -1.3281675748827084E-023
   675.50810070107457       -9.0761369554893079E-024
   675.85294122417486       -2.8182860964853334E-023
   676.19778174727503       -4.0739344203103146E-023
   676.54262227037532       -2.0647244000785268E-023
   676.88746279347549        3.8941496441394139E-024
   677.23230331657578       -1.0516214592624055E-023
   677.57714383967607       -4.0291058153644532E-023
   677.92198436277624       -3.5922873638376594E-023
   678.26682488587653       -1.0847127204269937E-023
   678.61166540897682       -1.6333842270400213E-024
   678.95650593207699       -2.7057234104143353E-023
   679.30134645517728       -3.1699351073011689E-023
   679.64618697827757       -1.3481152145525406E-023
   679.99102750137774       -2.3116105439946942E-023
   680.33586802447803       -1.6813476192952814E-023
   680.68070854757832       -2.2046360207945177E-023
   681.02554907067849       -2.7565247160442976E-023
   681.37038959377878       -7.3737421509087169E-024
   681.71523011687896       -1.6105698144321587E-023
   682.06007063997924       -3.6451291947560583E-023
   682.40491116307953       -2.8288359585016279E-023
   682.74975168617971       -2.8252837666424713E-024
   683.09459220927999       -1.0587201308813672E-023
   683.43943273238028       -3.4498979066252958E-023
   683.78427325548046       -2.9329863853485985E-023
   684.12911377858075       -1.3289506161658014E-023
   684.47395430168103       -1.2350294687586622E-023
   684.81879482478121       -2.0187133998646723E-023
   685.16363534788150       -3.1944518549213744E-023
   685.50847587098178       -2.2929963122557561E-023
   685.85331639408196       -3.1148716383463973E-024
   686.19815691718225       -2.1160492773960877E-023
   686.54299744028242       -3.4607088501327574E-023
   686.88783796338271       -2.4343740265887719E-023
   687.23267848648300       -1.1105677592648843E-023
   687.57751900958317       -8.3914175491120537E-024
   687.92235953268346       -2.3659473004980538E-023
   688.26720005578375       -3.5915302694134783E-023
   688.61204057888392       -2.4520876532088365E-023
   688.95688110198421       -9.1796466506695687E-024
   689.30172162508450       -7.3624330950920924E-024
   689.64656214818467       -2.8653214936271638E-023
   689.99140267128496       -3.0666623206562409E-023
   690.33624319438525       -1.6107621504054920E-023
   690.68108371748542       -2.3453900570810395E-023
   691.02592424058571       -1.5016502408113817E-023
   691.37076476368588       -1.4250779544163561E-023
   691.71560528678617       -2.4255658670285356E-023
   692.06044580988646       -2.2439519808514630E-023
   692.40528633298663       -2.7216223377061147E-023
   692.75012685608692       -2.2108536358585577E-023
   693.09496737918721       -8.1641920429375806E-024
   693.43980790228738       -1.4260864099563172E-023
   693.78464842538767       -2.8518430018936964E-023
   694.12948894848796       -3.0432897435917670E-023
   694.47432947158813       -2.0471916735495766E-023
   694.81916999468842       -1.0040424209968080E-023
   695.16401051778871       -1.4113580509285130E-023
   695.50885104088889       -2.8297625285063448E-023
   695.85369156398917       -2.6901754057416058E-023
   696.19853208708935       -1.2836654938157685E-023
   696.54337261018964       -2.2462872467058651E-023
   696.88821313328992       -2.5682388176783745E-023
   697.23305365639010       -1.1562670125837788E-023
   697.57789417949039       -1.7175820469640300E-023
   697.92273470259067       -2.8923307310828266E-023
   698.26757522569085       -2.1246278999720495E-023
   698.61241574879114       -1.7316307795245035E-023
   698.95725627189142       -2.5959393807555328E-023
   699.30209679499160       -1.1733066067967954E-023
   699.64693731809189       -1.4197044530112341E-023
   699.99177784119217       -3.2720065140038868E-023
   700.33661836429235       -2.4830479526696083E-023
   700.68145888739264       -1.2543061270961154E-023
   701.02629941049281       -1.8168941572841747E-023
   701.37113993359310       -2.3139949554930943E-023
   701.71598045669339       -1.9331147579790328E-023
   702.06082097979356       -1.6908432848578847E-023
   702.40566150289385       -2.5933335249986936E-023
   702.75050202599414       -3.1039980058720682E-023
   703.09534254909431       -7.6137857227849705E-024
   703.44018307219460       -4.5308853306666071E-024
   703.78502359529489       -3.9865544719251454E-023
   704.12986411839506       -3.4856401502223078E-023
   704.47470464149535        4.3057093497610736E-024
   704.81954516459564       -1.2473473077770756E-023
   705.16438568769581       -4.9515488769088628E-023
   705.50922621079610       -2.1606896687722710E-023
   705.85406673389627        1.0779448652860886E-023
   706.19890725699656       -1.8487264093265889E-023
   706.54374778009685       -5.1607407145124634E-023
   706.88858830319703       -2.7340225669982589E-023
   707.23342882629731        3.7284541981546646E-024
   707.57826934939760       -9.4638927281354073E-024
   707.92310987249778       -2.5706658949062368E-023
   708.26795039559806       -3.5106057188016148E-023
   708.61279091869835       -3.3554810570782408E-023
   708.95763144179853       -9.6122025030860665E-024
   709.30247196489881        6.3799415588595367E-024
   709.64731248799910       -2.3890954739579731E-023
   709.99215301109928       -4.9778210274390991E-023
   710.33699353419956       -2.1527663828210729E-023
   710.68183405729974        1.2014705733668536E-024
   711.02667458040003       -2.1124416596996132E-023
   711.37151510350031       -3.0677290507252331E-023
   711.71635562660049       -9.8967864539894309E-024
   712.06119614970078       -2.1472729052114937E-023
   712.40603667280106       -3.7955108394077249E-023
   712.75087719590124       -1.6210466741736810E-023
   713.09571771900153       -1.0284582051339601E-024
   713.44055824210182       -2.1820855306433414E-023
   713.78539876520199       -3.6494864685030136E-023
   714.13023928830228       -1.7621323175859165E-023
   714.47507981140257       -1.4184796918465469E-023
   714.81992033450274       -3.1063580791359190E-023
   715.16476085760303       -1.3183329810068155E-023
   715.50960138070320        1.0303959914519717E-024
   715.85444190380349       -3.8816234838197000E-023
   716.19928242690378       -4.6942989281761711E-023
   716.54412295000395       -3.0938891019033220E-024
   716.88896347310424        1.0049742090001693E-023
   717.23380399620453       -3.1260257656600678E-023
   717.57864451930470       -4.9496189837905491E-023
   717.92348504240499       -1.8056402377291874E-023
   718.26832556550528        4.3740909161463878E-024
   718.61316608860545       -1.7433599267090913E-023
   718.95800661170574       -3.9432856603041157E-023
   719.30284713480592       -1.9838544138717155E-023
   719.64768765790620       -1.4600712507411936E-023
   719.99252818100649       -2.4417974172774861E-023
   720.33736870410667       -9.2253386563742148E-024
   720.68220922720695       -2.0112779461155480E-023
   721.02704975030724       -3.9816397244307971E-023
   721.37189027340742       -1.9354147533098659E-023
   721.71673079650770        4.3400079501160156E-024
   722.06157131960799       -2.0790432668662621E-023
   722.40641184270817       -5.3072883123988202E-023
   722.75125236580845       -1.3160264714814602E-023
   723.09609288890874        1.4386981861741214E-023
   723.44093341200892       -3.6858061520438774E-023
   723.78577393510921       -5.0961477532541757E-023
   724.13061445820938        4.6097427042267734E-024
   724.47545498130967       -3.4141686962761412E-025
   724.82029550440996       -4.8999752048348511E-023
   725.16513602751013       -2.6221710564615982E-023
   725.50997655061042        4.0044163081748615E-024
   725.85481707371071       -2.4045777609453710E-023
   726.19965759681088       -3.8890467185506459E-023
   726.54449811991117       -1.4579882330574625E-023
   726.88933864301146       -3.7520536712034689E-024
   727.23417916611163       -2.1770035658395536E-023
   727.57901968921192       -4.2632871568341889E-023
   727.92386021231221       -2.1531397457110566E-023
   728.26870073541238        7.1774434985049246E-024
   728.61354125851267       -2.3313207460518332E-023
   728.95838178161284       -4.1363751845202258E-023
   729.30322230471313       -1.2951732995289911E-023
   729.64806282781342       -1.3685000735335302E-023
   729.99290335091359       -3.1575598893365936E-023
   730.33774387401388       -1.7180880823257512E-023
   730.68258439711417        3.3059370089797349E-024
   731.02742492021434       -3.4351214467839833E-023
   731.37226544331463       -5.1763569040274876E-023
   731.71710596641492       -3.8753715391865392E-024
   732.06194648951509        1.0191556862765417E-023
   732.40678701261538       -3.0230883777967432E-023
   732.75162753571567       -4.3909026171414245E-023
   733.09646805881584       -1.5812552576181083E-023
   733.44130858191613       -1.1113747713929541E-023
   733.78614910501631       -2.6507364027378765E-023
   734.13098962811659       -1.0907334277861581E-023
   734.47583015121688       -9.1233520965039021E-024
   734.82067067431706       -4.3738402293178410E-023
   735.16551119741735       -3.6370673807813025E-023
   735.51035172051763        5.6749255799192714E-024
   735.85519224361781       -1.6193822540241142E-024
   736.20003276671810       -3.9566215510710468E-023
   736.54487328981838       -4.2656974831235325E-023
   736.88971381291856       -6.0618729950695329E-024
   737.23455433601885        3.2613628531948655E-024
   737.57939485911913       -3.4905281183845430E-023
   737.92423538221931       -4.3545803891574706E-023
   738.26907590531960       -5.0676911473517799E-024
   738.61391642841977        5.1113132440490173E-024
   738.95875695152006       -3.6652412158634773E-023
   739.30359747462035       -4.5620226307646235E-023
   739.64843799772052       -7.3752645106477461E-024
   739.99327852082081       -2.2549505404376944E-024
   740.33811904392110       -2.4541241671925490E-023
   740.68295956702127       -2.7728956294704562E-023
   741.02780009012156       -2.1116757966354473E-023
   741.37264061322185       -2.6659822823309744E-023
   741.71748113632202       -2.3149013988184297E-023
   742.06232165942231       -4.7916256599564952E-025
   742.40716218252260       -1.2771709537475420E-023
   742.75200270562277       -4.3314179948011416E-023
   743.09684322872306       -2.9659124061790466E-023
   743.44168375182323       -7.4005739915287904E-024
   743.78652427492352       -1.4206202247876118E-023
   744.13136479802381       -2.0251485804448514E-023
   744.47620532112398       -1.7195063470711667E-023
   744.82104584422427       -2.5665350265553375E-023
   745.16588636732456       -3.8374405216352299E-023
   745.51072689042473       -1.8024493178341169E-023
   745.85556741352502        8.7946876390444984E-024
   746.20040793662531       -1.7466844985197683E-023
   746.54524845972549       -4.7350935187150857E-023
   746.89008898282577       -2.9031783694216743E-023
   747.23492950592606       -1.1329346065986944E-024
   747.57977002902624       -1.6548433559220659E-023
   747.92461055212652       -2.8503925858348006E-023
   748.26945107522670       -1.5048751320877692E-023
   748.61429159832699       -1.6907284300275929E-023
   748.95913212142727       -3.1003333706633195E-023
   749.30397264452745       -3.0439662610130076E-023
   749.64881316762774       -1.2264577640652677E-023
   749.99365369072802        6.1332754496018484E-026
   750.33849421382820       -1.5460876593163638E-023
   750.68333473692849       -5.0743918157474637E-023
   751.02817526002877       -3.5129274513894364E-023
   751.37301578312895        7.0811529775414570E-024
   751.71785630622924       -5.6725775353548828E-024
   752.06269682932952       -2.8489720651695452E-023
   752.40753735242970       -3.1809782738084411E-023
   752.75237787552999       -2.9617243180477861E-023
   753.09721839863016       -1.8511148011875372E-023
   753.44205892173045       -2.8116624856539051E-024
   753.78689944483074       -1.0798508678421408E-023
   754.13173996793091       -3.9603175620863281E-023
   754.47658049103120       -3.2851158562411866E-023
   754.82142101413149       -6.7890579612957064E-024
   755.16626153723166       -8.4885661801384527E-024
   755.51110206033195       -3.1794618191794791E-023
   755.85594258343224       -3.0736673702042529E-023
   756.20078310653241       -3.9470707363644190E-024
   756.54562362963270       -1.1950444513414697E-023
   756.89046415273299       -3.9873087438710709E-023
   757.23530467583316       -3.2783659704744673E-023
   757.58014519893345       -1.2707313983272603E-024
   757.92498572203363       -5.3812419618551033E-024
   758.26982624513391       -2.9754458629267567E-023
   758.61466676823420       -3.5034140380564336E-023
   758.95950729133438       -2.3100765198171782E-023
   759.30434781443466       -1.3116368159403429E-023
   759.64918833753495       -1.0395798682261740E-023
   759.99402886063513       -1.4586505065759248E-023
   760.33886938373541       -3.0777833415159619E-023
   760.68370990683570       -3.4431494801752343E-023
   761.02855042993588       -1.8885038375324620E-023
   761.37339095303616       -7.1457686492111636E-024
   761.71823147613645       -7.8362279753388286E-024
   762.06307199923663       -2.6717098570306774E-023
   762.40791252233691       -4.4232329017832317E-023
   762.75275304543709       -1.8396807637261980E-023
   763.09759356853738        2.2425750414760793E-024
   763.44243409163767       -2.1937990481771320E-023
   763.78727461473784       -3.0634806269895316E-023
   764.13211513783813       -1.8208560613062030E-023
   764.47695566093842       -2.1242178201863869E-023
   764.82179618403859       -2.5535551803108452E-023
   765.16663670713888       -1.7267806561002590E-023
   765.51147723023917       -8.6537475230933508E-024
   765.85631775333934       -1.8927738002675607E-023
   766.20115827643963       -3.9203871674821712E-023
   766.54599879953992       -2.8023271897854363E-023
   766.89083932264009        2.4731163597593007E-024
   767.23567984574038       -9.0818014155710724E-024
   767.58052036884055       -4.1503641292837280E-023
   767.92536089194084       -3.3199316479422259E-023
   768.27020141504113       -6.1003709372268199E-024
   768.61504193814130       -4.9287946217044845E-024
   768.95988246124159       -2.8304165143665986E-023
   769.30472298434188       -3.7834285820664792E-023
   769.64956350744205       -1.4874940851582338E-023
   769.99440403054234       -7.0739938825870540E-024
   770.33924455364263       -2.2299688869373607E-023
   770.68408507674280       -2.7944047167743439E-023
   771.02892559984309       -2.2183362502909775E-023
   771.37376612294338       -1.5615128303523300E-023
   771.71860664604355       -1.6680677611209599E-023
   772.06344716914384       -2.9843716883845169E-023
   772.40828769224402       -1.9670575156156560E-023
   772.75312821534430       -2.6072553785741581E-024
   773.09796873844459       -3.0184711089340964E-023
   773.44280926154477       -4.2555897434628032E-023
   773.78764978464505       -2.7509342377167874E-024
   774.13249030774534       -5.0165066986289293E-024
   774.47733083084552       -3.3680536072990544E-023
   774.82217135394581       -2.7962274390598330E-023
   775.16701187704609       -1.2257713072206949E-023
   775.51185240014627       -2.3333082183786647E-023
   775.85669292324656       -2.5727094617582767E-023
   776.20153344634684       -9.3422695562133409E-024
   776.54637396944702       -1.2788169457997772E-023
   776.89121449254731       -3.1376787491993451E-023
   777.23605501564748       -3.7799474508113882E-023
   777.58089553874777       -1.1696877744282430E-023
   777.92573606184806        2.7677967203140231E-024
   778.27057658494823       -2.1986596930939299E-023
   778.61541710804852       -4.4921889555395656E-023
   778.96025763114881       -2.3730417620603157E-023
   779.30509815424898       -1.7129236095137612E-025
   779.64993867734927       -1.6019524313967583E-023
   779.99477920044956       -3.5378136112252657E-023
   780.33961972354973       -2.0700582970985793E-023
   780.68446024665002       -9.8316070575211614E-024
   781.02930076975019       -2.3745498995281209E-023
   781.37414129285048       -2.8743780218615123E-023
   781.71898181595077       -1.7537207822408957E-023
   782.06382233905094       -1.4746518963829549E-023
   782.40866286215123       -1.4977991253634165E-023
   782.75350338525152       -2.4247213527984875E-023
   783.09834390835169       -3.5389582622218432E-023
   783.44318443145198       -1.8517333233046039E-023
   783.78802495455227       -1.1462147457743718E-024
   784.13286547765244       -1.8373680862855875E-023
   784.47770600075273       -3.8856776009417592E-023
   784.82254652385302       -2.4080282553160147E-023
   785.16738704695319       -6.0716051061042356E-024
   785.51222757005348       -2.0246630909137798E-023
   785.85706809315366       -2.8009951534407429E-023
   786.20190861625395       -1.4572832286868219E-023
   786.54674913935423       -2.0185361884049342E-023
   786.89158966245441       -2.7653086176097069E-023
   787.23643018555470       -1.7488261490061760E-023
   787.58127070865498       -1.6738208743814852E-023
   787.92611123175516       -1.9823401885240367E-023
   788.27095175485545       -2.1683893658055917E-023
   788.61579227795573       -2.4933713159002211E-023
   788.96063280105591       -1.8645301643407571E-023
   789.30547332415620       -1.4122052919160167E-023
   789.65031384725648       -2.4532269501799363E-023
   789.99515437035666       -2.6352893196889580E-023
   790.33999489345695       -1.4980849366401912E-023
   790.68483541655712       -1.3100774671729192E-023
   791.02967593965741       -2.5285049554652951E-023
   791.37451646275770       -3.1114129103626974E-023
   791.71935698585787       -1.6927966023220971E-023
   792.06419750895816       -6.5108718733780761E-024
   792.40903803205845       -2.3191587916188518E-023
   792.75387855515862       -3.2511807309817066E-023
   793.09871907825891       -1.9569829779648229E-023
   793.44355960135920       -1.0917116619306210E-023
   793.78840012445937       -2.3454921467785294E-023
   794.13324064755966       -2.2456245414494699E-023
   794.47808117065995       -1.7139851818761182E-023
   794.82292169376012       -2.2904343207136538E-023
   795.16776221686041       -2.2739235020844888E-023
   795.51260273996058       -1.8612724454286142E-023
   795.85744326306087       -1.7885392567608966E-023
   796.20228378616116       -1.8356084855672757E-023
   796.54712430926133       -2.4810092959373881E-023
   796.89196483236162       -2.4749234632795036E-023
   797.23680535546191       -1.4794479650741422E-023
   797.58164587856209       -1.5192248784417944E-023
   797.92648640166237       -2.5029889323287273E-023
   798.27132692476266       -2.7397716861086133E-023
   798.61616744786284       -1.7501371519475640E-023
   798.96100797096312       -9.8690896445607947E-024
   799.30584849406341       -2.0928041274818622E-023
   799.65068901716359       -3.6469636708178104E-023
   799.99552954026387       -2.0600796142035260E-023
   800.34037006336405        5.6140104618262876E-025
   800.68521058646434       -2.2455242211924631E-023
   801.03005110956462       -4.0321756052464346E-023
   801.37489163266480       -1.6127493535716585E-023
   801.71973215576509       -7.8648480470371389E-024
   802.06457267886537       -2.1440747723665612E-023
   802.40941320196555       -2.7416254225262184E-023
   802.75425372506584       -2.2736693302226865E-023
   803.09909424816612       -1.7666156881224276E-023
   803.44393477126630       -1.3380126915570901E-023
   803.78877529436659       -2.1811588562224521E-023
   804.13361581746688       -3.1975159478074305E-023
   804.47845634056705       -1.6200550904283716E-023
   804.82329686366734       -9.5260326444026110E-024
   805.16813738676751       -2.3921108548917243E-023
   805.51297790986780       -3.0883214570872103E-023
   805.85781843296809       -1.7547254577637736E-023
   806.20265895606826       -9.1449438628540935E-024
   806.54749947916855       -2.8206532087132378E-023
   806.89234000226884       -2.4842393891023265E-023
   807.23718052536901       -1.0871078574920887E-023
   807.58202104846930       -2.4950122150094333E-023
   807.92686157156959       -2.4612259755638073E-023
   808.27170209466976       -1.4827151814539466E-023
   808.61654261777005       -1.8118368085140750E-023
   808.96138314087034       -2.4599763562117743E-023
   809.30622366397051       -2.4642779365081418E-023
   809.65106418707080       -1.5501179897209452E-023
   809.99590471017098       -1.3861130642029936E-023
   810.34074523327126       -2.4932463881136941E-023
   810.68558575637155       -3.0401883719926880E-023
   811.03042627947173       -1.9086245369519867E-023
   811.37526680257201       -4.3781831660102414E-024
   811.72010732567230       -1.6026116374130977E-023
   812.06494784877248       -4.4412604394763220E-023
   812.40978837187276       -2.6729602455563674E-023
   812.75462889497305        3.4469227732774823E-024
   813.09946941807323       -1.1125055298246044E-023
   813.44430994117351       -3.5862381355867167E-023
   813.78915046427380       -3.5973115481521150E-023
   814.13399098737398       -1.1875415290627606E-023
   814.47883151047427       -4.2391594173554590E-024
   814.82367203357444       -2.1134449663021863E-023
   815.16851255667473       -3.4390003059826919E-023
   815.51335307977502       -2.3118296699030591E-023
   815.85819360287519       -1.1662423102082447E-023
   816.20303412597548       -1.8214197192158762E-023
   816.54787464907577       -2.1447461976484745E-023
   816.89271517217594       -2.1992587583205094E-023
   817.23755569527623       -2.5898251077626854E-023
   817.58239621837652       -1.6813237581761439E-023
   817.92723674147669       -1.2743884637561684E-023
   818.27207726457698       -2.4721126783949426E-023
   818.61691778767727       -3.0544519138176333E-023
   818.96175831077744       -1.3758616918762786E-023
   819.30659883387773       -9.1870157794310705E-024
   819.65143935697790       -2.9363393997358056E-023
   819.99627988007819       -2.6361070714155297E-023
   820.34112040317848       -1.8182543846869708E-023
   820.68596092627865       -1.7754697140047702E-023
   821.03080144937894       -1.2435356739902657E-023
   821.37564197247923       -2.1945293077139441E-023
   821.72048249557940       -3.4497968548437323E-023
   822.06532301867969       -2.2314784278813437E-023
   822.41016354177998       -3.9502596012803533E-024
   822.75500406488015       -1.4313646501290438E-023
   823.09984458798044       -3.3938937256588475E-023
   823.44468511108073       -2.9717405436943671E-023
   823.78952563418090       -1.3938682313144365E-023
   824.13436615728119       -9.5258418918011926E-024
   824.47920668038137       -1.9621890236275196E-023
   824.82404720348165       -2.8116431224706281E-023
   825.16888772658194       -2.8138879597509109E-023
   825.51372824968212       -1.6163682365911768E-023
   825.85856877278241       -1.0775854457480833E-023
   826.20340929588269       -2.2211085118968520E-023
   826.54824981898287       -2.4766501545772205E-023
