# column   1     --> step : The current simulation time step.
# column   2     --> time{picosecond} : The elapsed simulation time.
# column   3     --> conserved : The value of the conserved energy quantity per bead.
# column   4     --> temperature{kelvin} : The current temperature, as obtained from the MD kinetic energy.
# column   5     --> potential : The physical system potential energy.
    0.00000000e+00     0.00000000e+00    -1.22467164e+03     2.70729233e+02    -1.22473304e+03   
    1.00000000e+00     5.00000000e-04    -1.22467157e+03     2.70252246e+02    -1.22473304e+03   
    2.00000000e+00     1.00000000e-03    -1.22467157e+03     2.69612499e+02    -1.22473290e+03   
    3.00000000e+00     1.50000000e-03    -1.22467152e+03     2.67248296e+02    -1.22473232e+03   
    4.00000000e+00     2.00000000e-03    -1.22467162e+03     2.64834843e+02    -1.22473175e+03   
    5.00000000e+00     2.50000000e-03    -1.22467161e+03     2.57774889e+02    -1.22473103e+03   
    6.00000000e+00     3.00000000e-03    -1.22467159e+03     2.60717965e+02    -1.22473046e+03   
    7.00000000e+00     3.50000000e-03    -1.22467152e+03     2.57942176e+02    -1.22473003e+03   
    8.00000000e+00     4.00000000e-03    -1.22467158e+03     2.59222218e+02    -1.22472988e+03   
    9.00000000e+00     4.50000000e-03    -1.22467160e+03     2.56306012e+02    -1.22472960e+03   
    1.00000000e+01     5.00000000e-03    -1.22467165e+03     2.57024568e+02    -1.22472931e+03   
    1.10000000e+01     5.50000000e-03    -1.22467152e+03     2.59081556e+02    -1.22472874e+03   
    1.20000000e+01     6.00000000e-03    -1.22467154e+03     2.53200684e+02    -1.22472802e+03   
    1.30000000e+01     6.50000000e-03    -1.22467149e+03     2.46611498e+02    -1.22472701e+03   
    1.40000000e+01     7.00000000e-03    -1.22467150e+03     2.44344771e+02    -1.22472601e+03   
    1.50000000e+01     7.50000000e-03    -1.22467148e+03     2.35997821e+02    -1.22472543e+03   
    1.60000000e+01     8.00000000e-03    -1.22467153e+03     2.34458089e+02    -1.22472558e+03   
    1.70000000e+01     8.50000000e-03    -1.22467162e+03     2.32775360e+02    -1.22472630e+03   
    1.80000000e+01     9.00000000e-03    -1.22467154e+03     2.37162527e+02    -1.22472701e+03   
    1.90000000e+01     9.50000000e-03    -1.22467157e+03     2.36504992e+02    -1.22472759e+03   
    2.00000000e+01     1.00000000e-02    -1.22467158e+03     2.37180172e+02    -1.22472744e+03   
    2.10000000e+01     1.05000000e-02    -1.22467153e+03     2.29824170e+02    -1.22472701e+03   
    2.20000000e+01     1.10000000e-02    -1.22467152e+03     2.28942029e+02    -1.22472673e+03   
    2.30000000e+01     1.15000000e-02    -1.22467158e+03     2.29544113e+02    -1.22472701e+03   
    2.40000000e+01     1.20000000e-02    -1.22467158e+03     2.39894278e+02    -1.22472744e+03   
    2.50000000e+01     1.25000000e-02    -1.22467159e+03     2.42797571e+02    -1.22472787e+03   
    2.60000000e+01     1.30000000e-02    -1.22467158e+03     2.39641623e+02    -1.22472831e+03   
    2.70000000e+01     1.35000000e-02    -1.22467150e+03     2.43923563e+02    -1.22472888e+03   
    2.80000000e+01     1.40000000e-02    -1.22467155e+03     2.48360072e+02    -1.22472960e+03   
    2.90000000e+01     1.45000000e-02    -1.22467149e+03     2.51630133e+02    -1.22473046e+03   
    3.00000000e+01     1.50000000e-02    -1.22467162e+03     2.55557773e+02    -1.22473146e+03   
    3.10000000e+01     1.55000000e-02    -1.22467152e+03     2.60716753e+02    -1.22473247e+03   
    3.20000000e+01     1.60000000e-02    -1.22467159e+03     2.71373538e+02    -1.22473362e+03   
    3.30000000e+01     1.65000000e-02    -1.22467153e+03     2.71309663e+02    -1.22473419e+03   
    3.40000000e+01     1.70000000e-02    -1.22467158e+03     2.75233929e+02    -1.22473477e+03   
    3.50000000e+01     1.75000000e-02    -1.22467157e+03     2.77986867e+02    -1.22473534e+03   
    3.60000000e+01     1.80000000e-02    -1.22467159e+03     2.77099658e+02    -1.22473591e+03   
    3.70000000e+01     1.85000000e-02    -1.22467155e+03     2.81216706e+02    -1.22473634e+03   
    3.80000000e+01     1.90000000e-02    -1.22467159e+03     2.84813221e+02    -1.22473663e+03   
    3.90000000e+01     1.95000000e-02    -1.22467163e+03     2.85249817e+02    -1.22473649e+03   
    4.00000000e+01     2.00000000e-02    -1.22467152e+03     2.86936425e+02    -1.22473620e+03   
    4.10000000e+01     2.05000000e-02    -1.22467153e+03     2.84358907e+02    -1.22473620e+03   
    4.20000000e+01     2.10000000e-02    -1.22467162e+03     2.85179442e+02    -1.22473649e+03   
    4.30000000e+01     2.15000000e-02    -1.22467158e+03     2.90639622e+02    -1.22473692e+03   
    4.40000000e+01     2.20000000e-02    -1.22467163e+03     2.94028713e+02    -1.22473692e+03   
    4.50000000e+01     2.25000000e-02    -1.22467159e+03     2.94185411e+02    -1.22473634e+03   
    4.60000000e+01     2.30000000e-02    -1.22467156e+03     2.85483784e+02    -1.22473520e+03   
    4.70000000e+01     2.35000000e-02    -1.22467157e+03     2.77874632e+02    -1.22473376e+03   
    4.80000000e+01     2.40000000e-02    -1.22467147e+03     2.79789711e+02    -1.22473232e+03   
    4.90000000e+01     2.45000000e-02    -1.22467154e+03     2.75326573e+02    -1.22473132e+03   
    5.00000000e+01     2.50000000e-02    -1.22467159e+03     2.76950252e+02    -1.22473075e+03   
    5.10000000e+01     2.55000000e-02    -1.22467163e+03     2.77588757e+02    -1.22473046e+03   
    5.20000000e+01     2.60000000e-02    -1.22467153e+03     2.75385594e+02    -1.22473017e+03   
    5.30000000e+01     2.65000000e-02    -1.22467149e+03     2.73614249e+02    -1.22473017e+03   
    5.40000000e+01     2.70000000e-02    -1.22467158e+03     2.74073701e+02    -1.22473046e+03   
    5.50000000e+01     2.75000000e-02    -1.22467160e+03     2.76567663e+02    -1.22473103e+03   
    5.60000000e+01     2.80000000e-02    -1.22467166e+03     2.76825613e+02    -1.22473146e+03   
    5.70000000e+01     2.85000000e-02    -1.22467162e+03     2.82538193e+02    -1.22473175e+03   
    5.80000000e+01     2.90000000e-02    -1.22467161e+03     2.82330922e+02    -1.22473118e+03   
    5.90000000e+01     2.95000000e-02    -1.22467155e+03     2.76299155e+02    -1.22472988e+03   
    6.00000000e+01     3.00000000e-02    -1.22467154e+03     2.70010129e+02    -1.22472831e+03   
    6.10000000e+01     3.05000000e-02    -1.22467155e+03     2.65166508e+02    -1.22472730e+03   
    6.20000000e+01     3.10000000e-02    -1.22467155e+03     2.66604232e+02    -1.22472716e+03   
    6.30000000e+01     3.15000000e-02    -1.22467165e+03     2.71142454e+02    -1.22472773e+03   
    6.40000000e+01     3.20000000e-02    -1.22467157e+03     2.73895362e+02    -1.22472845e+03   
    6.50000000e+01     3.25000000e-02    -1.22467161e+03     2.77646641e+02    -1.22472931e+03   
    6.60000000e+01     3.30000000e-02    -1.22467157e+03     2.82748267e+02    -1.22472974e+03   
    6.70000000e+01     3.35000000e-02    -1.22467164e+03     2.87140861e+02    -1.22472974e+03   
    6.80000000e+01     3.40000000e-02    -1.22467159e+03     2.83797071e+02    -1.22472874e+03   
    6.90000000e+01     3.45000000e-02    -1.22467162e+03     2.77269786e+02    -1.22472716e+03   
    7.00000000e+01     3.50000000e-02    -1.22467153e+03     2.66392529e+02    -1.22472543e+03   
    7.10000000e+01     3.55000000e-02    -1.22467150e+03     2.61826331e+02    -1.22472443e+03   
    7.20000000e+01     3.60000000e-02    -1.22467141e+03     2.63331995e+02    -1.22472486e+03   
    7.30000000e+01     3.65000000e-02    -1.22467144e+03     2.71622629e+02    -1.22472701e+03   
    7.40000000e+01     3.70000000e-02    -1.22467151e+03     2.82029160e+02    -1.22473003e+03   
    7.50000000e+01     3.75000000e-02    -1.22467168e+03     2.94141899e+02    -1.22473261e+03   
    7.60000000e+01     3.80000000e-02    -1.22467168e+03     3.01610210e+02    -1.22473362e+03   
    7.70000000e+01     3.85000000e-02    -1.22467162e+03     2.97457360e+02    -1.22473290e+03   
    7.80000000e+01     3.90000000e-02    -1.22467163e+03     2.89058731e+02    -1.22473132e+03   
    7.90000000e+01     3.95000000e-02    -1.22467142e+03     2.79661733e+02    -1.22472931e+03   
    8.00000000e+01     4.00000000e-02    -1.22467149e+03     2.74109455e+02    -1.22472845e+03   
    8.10000000e+01     4.05000000e-02    -1.22467148e+03     2.77918767e+02    -1.22472931e+03   
    8.20000000e+01     4.10000000e-02    -1.22467153e+03     2.89342428e+02    -1.22473204e+03   
    8.30000000e+01     4.15000000e-02    -1.22467158e+03     3.02342508e+02    -1.22473548e+03   
    8.40000000e+01     4.20000000e-02    -1.22467157e+03     3.18380592e+02    -1.22473821e+03   
    8.50000000e+01     4.25000000e-02    -1.22467160e+03     3.24734638e+02    -1.22473965e+03   
    8.60000000e+01     4.30000000e-02    -1.22467155e+03     3.20693478e+02    -1.22473922e+03   
    8.70000000e+01     4.35000000e-02    -1.22467157e+03     3.17591342e+02    -1.22473764e+03   
    8.80000000e+01     4.40000000e-02    -1.22467148e+03     3.08854043e+02    -1.22473534e+03   
    8.90000000e+01     4.45000000e-02    -1.22467152e+03     3.02470068e+02    -1.22473333e+03   
    9.00000000e+01     4.50000000e-02    -1.22467140e+03     3.02302188e+02    -1.22473189e+03   
    9.10000000e+01     4.55000000e-02    -1.22467150e+03     3.01432485e+02    -1.22473189e+03   
    9.20000000e+01     4.60000000e-02    -1.22467155e+03     3.07022073e+02    -1.22473276e+03   
    9.30000000e+01     4.65000000e-02    -1.22467156e+03     3.11625738e+02    -1.22473405e+03   
    9.40000000e+01     4.70000000e-02    -1.22467156e+03     3.11663151e+02    -1.22473477e+03   
    9.50000000e+01     4.75000000e-02    -1.22467162e+03     3.08437048e+02    -1.22473477e+03   
    9.60000000e+01     4.80000000e-02    -1.22467154e+03     3.02818312e+02    -1.22473362e+03   
    9.70000000e+01     4.85000000e-02    -1.22467160e+03     2.95792091e+02    -1.22473189e+03   
    9.80000000e+01     4.90000000e-02    -1.22467145e+03     2.86784175e+02    -1.22472974e+03   
    9.90000000e+01     4.95000000e-02    -1.22467150e+03     2.76944914e+02    -1.22472816e+03   
    1.00000000e+02     5.00000000e-02    -1.22467144e+03     2.75354568e+02    -1.22472759e+03   
    1.01000000e+02     5.05000000e-02    -1.22467153e+03     2.73229097e+02    -1.22472816e+03   
    1.02000000e+02     5.10000000e-02    -1.22467160e+03     2.77867374e+02    -1.22472902e+03   
    1.03000000e+02     5.15000000e-02    -1.22467155e+03     2.74714875e+02    -1.22472960e+03   
    1.04000000e+02     5.20000000e-02    -1.22467164e+03     2.79171086e+02    -1.22472988e+03   
    1.05000000e+02     5.25000000e-02    -1.22467159e+03     2.80196965e+02    -1.22472945e+03   
    1.06000000e+02     5.30000000e-02    -1.22467163e+03     2.78865759e+02    -1.22472845e+03   
    1.07000000e+02     5.35000000e-02    -1.22467149e+03     2.73676636e+02    -1.22472658e+03   
    1.08000000e+02     5.40000000e-02    -1.22467147e+03     2.67257653e+02    -1.22472472e+03   
    1.09000000e+02     5.45000000e-02    -1.22467153e+03     2.66601922e+02    -1.22472357e+03   
    1.10000000e+02     5.50000000e-02    -1.22467149e+03     2.61119834e+02    -1.22472314e+03   
    1.11000000e+02     5.55000000e-02    -1.22467144e+03     2.60265297e+02    -1.22472357e+03   
    1.12000000e+02     5.60000000e-02    -1.22467143e+03     2.64956614e+02    -1.22472443e+03   
    1.13000000e+02     5.65000000e-02    -1.22467156e+03     2.72527681e+02    -1.22472601e+03   
    1.14000000e+02     5.70000000e-02    -1.22467159e+03     2.72044886e+02    -1.22472773e+03   
    1.15000000e+02     5.75000000e-02    -1.22467157e+03     2.80164219e+02    -1.22472917e+03   
    1.16000000e+02     5.80000000e-02    -1.22467158e+03     2.84829583e+02    -1.22472960e+03   
    1.17000000e+02     5.85000000e-02    -1.22467159e+03     2.81392165e+02    -1.22472917e+03   
    1.18000000e+02     5.90000000e-02    -1.22467152e+03     2.80326845e+02    -1.22472831e+03   
    1.19000000e+02     5.95000000e-02    -1.22467148e+03     2.79801026e+02    -1.22472773e+03   
    1.20000000e+02     6.00000000e-02    -1.22467143e+03     2.85994933e+02    -1.22472816e+03   
    1.21000000e+02     6.05000000e-02    -1.22467149e+03     2.90651144e+02    -1.22472988e+03   
    1.22000000e+02     6.10000000e-02    -1.22467153e+03     2.98886655e+02    -1.22473247e+03   
    1.23000000e+02     6.15000000e-02    -1.22467159e+03     3.07415349e+02    -1.22473520e+03   
    1.24000000e+02     6.20000000e-02    -1.22467167e+03     3.24037765e+02    -1.22473764e+03   
    1.25000000e+02     6.25000000e-02    -1.22467164e+03     3.26990316e+02    -1.22473922e+03   
    1.26000000e+02     6.30000000e-02    -1.22467162e+03     3.35193030e+02    -1.22473950e+03   
    1.27000000e+02     6.35000000e-02    -1.22467161e+03     3.37327499e+02    -1.22473850e+03   
    1.28000000e+02     6.40000000e-02    -1.22467147e+03     3.29164707e+02    -1.22473677e+03   
    1.29000000e+02     6.45000000e-02    -1.22467148e+03     3.16438527e+02    -1.22473520e+03   
    1.30000000e+02     6.50000000e-02    -1.22467151e+03     3.11217236e+02    -1.22473419e+03   
    1.31000000e+02     6.55000000e-02    -1.22467143e+03     3.01731935e+02    -1.22473390e+03   
    1.32000000e+02     6.60000000e-02    -1.22467158e+03     3.06580668e+02    -1.22473505e+03   
    1.33000000e+02     6.65000000e-02    -1.22467149e+03     3.11860435e+02    -1.22473634e+03   
    1.34000000e+02     6.70000000e-02    -1.22467168e+03     3.19991314e+02    -1.22473764e+03   
    1.35000000e+02     6.75000000e-02    -1.22467158e+03     3.15375682e+02    -1.22473749e+03   
    1.36000000e+02     6.80000000e-02    -1.22467168e+03     3.08016093e+02    -1.22473620e+03   
    1.37000000e+02     6.85000000e-02    -1.22467156e+03     2.95768195e+02    -1.22473376e+03   
    1.38000000e+02     6.90000000e-02    -1.22467157e+03     2.80971597e+02    -1.22473132e+03   
    1.39000000e+02     6.95000000e-02    -1.22467145e+03     2.72577057e+02    -1.22472960e+03   
    1.40000000e+02     7.00000000e-02    -1.22467151e+03     2.72238492e+02    -1.22472960e+03   
    1.41000000e+02     7.05000000e-02    -1.22467160e+03     2.74515981e+02    -1.22473089e+03   
    1.42000000e+02     7.10000000e-02    -1.22467153e+03     2.76881365e+02    -1.22473261e+03   
    1.43000000e+02     7.15000000e-02    -1.22467156e+03     2.84381901e+02    -1.22473405e+03   
    1.44000000e+02     7.20000000e-02    -1.22467161e+03     2.85413018e+02    -1.22473448e+03   
    1.45000000e+02     7.25000000e-02    -1.22467163e+03     2.84898598e+02    -1.22473376e+03   
    1.46000000e+02     7.30000000e-02    -1.22467164e+03     2.77361205e+02    -1.22473189e+03   
    1.47000000e+02     7.35000000e-02    -1.22467152e+03     2.69837991e+02    -1.22472945e+03   
    1.48000000e+02     7.40000000e-02    -1.22467154e+03     2.57226650e+02    -1.22472730e+03   
    1.49000000e+02     7.45000000e-02    -1.22467146e+03     2.45597588e+02    -1.22472601e+03   
    1.50000000e+02     7.50000000e-02    -1.22467153e+03     2.47032111e+02    -1.22472615e+03   
    1.51000000e+02     7.55000000e-02    -1.22467155e+03     2.45280944e+02    -1.22472716e+03   
    1.52000000e+02     7.60000000e-02    -1.22467155e+03     2.52086774e+02    -1.22472874e+03   
    1.53000000e+02     7.65000000e-02    -1.22467163e+03     2.53033725e+02    -1.22473017e+03   
    1.54000000e+02     7.70000000e-02    -1.22467169e+03     2.56961149e+02    -1.22473089e+03   
    1.55000000e+02     7.75000000e-02    -1.22467155e+03     2.63957716e+02    -1.22473031e+03   
    1.56000000e+02     7.80000000e-02    -1.22467155e+03     2.59578823e+02    -1.22472917e+03   
    1.57000000e+02     7.85000000e-02    -1.22467159e+03     2.46593893e+02    -1.22472759e+03   
    1.58000000e+02     7.90000000e-02    -1.22467152e+03     2.38684165e+02    -1.22472630e+03   
    1.59000000e+02     7.95000000e-02    -1.22467149e+03     2.34261541e+02    -1.22472601e+03   
    1.60000000e+02     8.00000000e-02    -1.22467142e+03     2.41701268e+02    -1.22472687e+03   
    1.61000000e+02     8.05000000e-02    -1.22467148e+03     2.54718212e+02    -1.22472902e+03   
    1.62000000e+02     8.10000000e-02    -1.22467150e+03     2.70187061e+02    -1.22473204e+03   
    1.63000000e+02     8.15000000e-02    -1.22467165e+03     2.82918849e+02    -1.22473534e+03   
    1.64000000e+02     8.20000000e-02    -1.22467170e+03     2.97014819e+02    -1.22473807e+03   
    1.65000000e+02     8.25000000e-02    -1.22467161e+03     3.00009382e+02    -1.22473950e+03   
    1.66000000e+02     8.30000000e-02    -1.22467165e+03     2.94639801e+02    -1.22473950e+03   
    1.67000000e+02     8.35000000e-02    -1.22467155e+03     2.86398623e+02    -1.22473850e+03   
    1.68000000e+02     8.40000000e-02    -1.22467148e+03     2.85670525e+02    -1.22473764e+03   
    1.69000000e+02     8.45000000e-02    -1.22467153e+03     2.81436144e+02    -1.22473749e+03   
    1.70000000e+02     8.50000000e-02    -1.22467150e+03     2.88104028e+02    -1.22473835e+03   
    1.71000000e+02     8.55000000e-02    -1.22467152e+03     2.97765722e+02    -1.22473993e+03   
    1.72000000e+02     8.60000000e-02    -1.22467154e+03     3.01561061e+02    -1.22474137e+03   
    1.73000000e+02     8.65000000e-02    -1.22467157e+03     3.05176817e+02    -1.22474223e+03   
    1.74000000e+02     8.70000000e-02    -1.22467166e+03     3.06668045e+02    -1.22474223e+03   
    1.75000000e+02     8.75000000e-02    -1.22467164e+03     3.07129191e+02    -1.22474094e+03   
    1.76000000e+02     8.80000000e-02    -1.22467162e+03     2.94437477e+02    -1.22473878e+03   
    1.77000000e+02     8.85000000e-02    -1.22467158e+03     2.82236737e+02    -1.22473663e+03   
    1.78000000e+02     8.90000000e-02    -1.22467146e+03     2.77062100e+02    -1.22473534e+03   
    1.79000000e+02     8.95000000e-02    -1.22467147e+03     2.72976183e+02    -1.22473548e+03   
    1.80000000e+02     9.00000000e-02    -1.22467154e+03     2.82772299e+02    -1.22473677e+03   
    1.81000000e+02     9.05000000e-02    -1.22467163e+03     2.88871383e+02    -1.22473821e+03   
    1.82000000e+02     9.10000000e-02    -1.22467162e+03     2.96202044e+02    -1.22473922e+03   
    1.83000000e+02     9.15000000e-02    -1.22467166e+03     3.05543004e+02    -1.22473936e+03   
    1.84000000e+02     9.20000000e-02    -1.22467151e+03     3.01283159e+02    -1.22473850e+03   
    1.85000000e+02     9.25000000e-02    -1.22467156e+03     2.94965594e+02    -1.22473721e+03   
    1.86000000e+02     9.30000000e-02    -1.22467157e+03     2.84242631e+02    -1.22473577e+03   
    1.87000000e+02     9.35000000e-02    -1.22467147e+03     2.77793698e+02    -1.22473462e+03   
    1.88000000e+02     9.40000000e-02    -1.22467151e+03     2.72617154e+02    -1.22473405e+03   
    1.89000000e+02     9.45000000e-02    -1.22467152e+03     2.71156798e+02    -1.22473376e+03   
    1.90000000e+02     9.50000000e-02    -1.22467154e+03     2.72241891e+02    -1.22473333e+03   
    1.91000000e+02     9.55000000e-02    -1.22467161e+03     2.68472526e+02    -1.22473276e+03   
    1.92000000e+02     9.60000000e-02    -1.22467149e+03     2.62383782e+02    -1.22473175e+03   
    1.93000000e+02     9.65000000e-02    -1.22467159e+03     2.57559676e+02    -1.22473046e+03   
    1.94000000e+02     9.70000000e-02    -1.22467156e+03     2.52451173e+02    -1.22472874e+03   
    1.95000000e+02     9.75000000e-02    -1.22467150e+03     2.48099717e+02    -1.22472716e+03   
    1.96000000e+02     9.80000000e-02    -1.22467138e+03     2.46918277e+02    -1.22472630e+03   
    1.97000000e+02     9.85000000e-02    -1.22467143e+03     2.50489355e+02    -1.22472687e+03   
    1.98000000e+02     9.90000000e-02    -1.22467155e+03     2.52265063e+02    -1.22472859e+03   
    1.99000000e+02     9.95000000e-02    -1.22467153e+03     2.64040114e+02    -1.22473060e+03   
    2.00000000e+02     1.00000000e-01    -1.22467149e+03     2.65504384e+02    -1.22473204e+03   
    2.01000000e+02     1.00500000e-01    -1.22467156e+03     2.70317397e+02    -1.22473276e+03   
    2.02000000e+02     1.01000000e-01    -1.22467150e+03     2.69453485e+02    -1.22473261e+03   
    2.03000000e+02     1.01500000e-01    -1.22467154e+03     2.63684906e+02    -1.22473232e+03   
    2.04000000e+02     1.02000000e-01    -1.22467142e+03     2.62916986e+02    -1.22473218e+03   
    2.05000000e+02     1.02500000e-01    -1.22467141e+03     2.72859372e+02    -1.22473319e+03   
    2.06000000e+02     1.03000000e-01    -1.22467153e+03     2.77590040e+02    -1.22473505e+03   
    2.07000000e+02     1.03500000e-01    -1.22467156e+03     2.82509424e+02    -1.22473706e+03   
    2.08000000e+02     1.04000000e-01    -1.22467149e+03     2.91736234e+02    -1.22473878e+03   
    2.09000000e+02     1.04500000e-01    -1.22467164e+03     3.00261209e+02    -1.22474022e+03   
    2.10000000e+02     1.05000000e-01    -1.22467155e+03     2.96256954e+02    -1.22474036e+03   
    2.11000000e+02     1.05500000e-01    -1.22467155e+03     2.91737387e+02    -1.22473936e+03   
    2.12000000e+02     1.06000000e-01    -1.22467149e+03     2.78827843e+02    -1.22473706e+03   
    2.13000000e+02     1.06500000e-01    -1.22467148e+03     2.71432574e+02    -1.22473433e+03   
    2.14000000e+02     1.07000000e-01    -1.22467145e+03     2.62121903e+02    -1.22473218e+03   
    2.15000000e+02     1.07500000e-01    -1.22467133e+03     2.62314454e+02    -1.22473132e+03   
    2.16000000e+02     1.08000000e-01    -1.22467137e+03     2.67761034e+02    -1.22473218e+03   
    2.17000000e+02     1.08500000e-01    -1.22467156e+03     2.75640893e+02    -1.22473433e+03   
    2.18000000e+02     1.09000000e-01    -1.22467157e+03     2.86489598e+02    -1.22473620e+03   
    2.19000000e+02     1.09500000e-01    -1.22467159e+03     2.86373106e+02    -1.22473663e+03   
    2.20000000e+02     1.10000000e-01    -1.22467153e+03     2.76829987e+02    -1.22473548e+03   
    2.21000000e+02     1.10500000e-01    -1.22467143e+03     2.70094960e+02    -1.22473304e+03   
    2.22000000e+02     1.11000000e-01    -1.22467139e+03     2.60757520e+02    -1.22473103e+03   
    2.23000000e+02     1.11500000e-01    -1.22467140e+03     2.57311426e+02    -1.22473031e+03   
    2.24000000e+02     1.12000000e-01    -1.22467138e+03     2.59525607e+02    -1.22473118e+03   
    2.25000000e+02     1.12500000e-01    -1.22467148e+03     2.67500315e+02    -1.22473319e+03   
    2.26000000e+02     1.13000000e-01    -1.22467155e+03     2.80546948e+02    -1.22473534e+03   
    2.27000000e+02     1.13500000e-01    -1.22467156e+03     2.80143644e+02    -1.22473649e+03   
    2.28000000e+02     1.14000000e-01    -1.22467155e+03     2.81858053e+02    -1.22473620e+03   
    2.29000000e+02     1.14500000e-01    -1.22467154e+03     2.76471924e+02    -1.22473448e+03   
    2.30000000e+02     1.15000000e-01    -1.22467156e+03     2.62944560e+02    -1.22473132e+03   
    2.31000000e+02     1.15500000e-01    -1.22467144e+03     2.46761916e+02    -1.22472759e+03   
    2.32000000e+02     1.16000000e-01    -1.22467142e+03     2.35687198e+02    -1.22472472e+03   
    2.33000000e+02     1.16500000e-01    -1.22467135e+03     2.32547338e+02    -1.22472342e+03   
    2.34000000e+02     1.17000000e-01    -1.22467138e+03     2.36838813e+02    -1.22472429e+03   
    2.35000000e+02     1.17500000e-01    -1.22467140e+03     2.44383582e+02    -1.22472630e+03   
    2.36000000e+02     1.18000000e-01    -1.22467149e+03     2.53188788e+02    -1.22472888e+03   
    2.37000000e+02     1.18500000e-01    -1.22467156e+03     2.65420320e+02    -1.22473103e+03   
    2.38000000e+02     1.19000000e-01    -1.22467166e+03     2.72174917e+02    -1.22473175e+03   
    2.39000000e+02     1.19500000e-01    -1.22467152e+03     2.71807808e+02    -1.22473017e+03   
    2.40000000e+02     1.20000000e-01    -1.22467152e+03     2.60501699e+02    -1.22472716e+03   
    2.41000000e+02     1.20500000e-01    -1.22467131e+03     2.46720299e+02    -1.22472414e+03   
    2.42000000e+02     1.21000000e-01    -1.22467138e+03     2.45071301e+02    -1.22472342e+03   
    2.43000000e+02     1.21500000e-01    -1.22467138e+03     2.49149326e+02    -1.22472500e+03   
    2.44000000e+02     1.22000000e-01    -1.22467150e+03     2.63336756e+02    -1.22472816e+03   
    2.45000000e+02     1.22500000e-01    -1.22467158e+03     2.72420260e+02    -1.22473132e+03   
    2.46000000e+02     1.23000000e-01    -1.22467156e+03     2.77421054e+02    -1.22473347e+03   
    2.47000000e+02     1.23500000e-01    -1.22467160e+03     2.77852300e+02    -1.22473362e+03   
    2.48000000e+02     1.24000000e-01    -1.22467156e+03     2.69605491e+02    -1.22473175e+03   
    2.49000000e+02     1.24500000e-01    -1.22467149e+03     2.59260075e+02    -1.22472859e+03   
    2.50000000e+02     1.25000000e-01    -1.22467142e+03     2.42559043e+02    -1.22472486e+03   
    2.51000000e+02     1.25500000e-01    -1.22467140e+03     2.29276082e+02    -1.22472199e+03   
    2.52000000e+02     1.26000000e-01    -1.22467131e+03     2.27371974e+02    -1.22472070e+03   
    2.53000000e+02     1.26500000e-01    -1.22467148e+03     2.30469159e+02    -1.22472141e+03   
    2.54000000e+02     1.27000000e-01    -1.22467155e+03     2.33221131e+02    -1.22472314e+03   
    2.55000000e+02     1.27500000e-01    -1.22467154e+03     2.37198823e+02    -1.22472472e+03   
    2.56000000e+02     1.28000000e-01    -1.22467153e+03     2.42385922e+02    -1.22472529e+03   
    2.57000000e+02     1.28500000e-01    -1.22467163e+03     2.35072897e+02    -1.22472443e+03   
    2.58000000e+02     1.29000000e-01    -1.22467153e+03     2.26630100e+02    -1.22472242e+03   
    2.59000000e+02     1.29500000e-01    -1.22467143e+03     2.16094425e+02    -1.22472012e+03   
    2.60000000e+02     1.30000000e-01    -1.22467136e+03     2.11033481e+02    -1.22471840e+03   
    2.61000000e+02     1.30500000e-01    -1.22467145e+03     2.09841602e+02    -1.22471826e+03   
    2.62000000e+02     1.31000000e-01    -1.22467146e+03     2.18987411e+02    -1.22471955e+03   
    2.63000000e+02     1.31500000e-01    -1.22467149e+03     2.28421227e+02    -1.22472156e+03   
    2.64000000e+02     1.32000000e-01    -1.22467153e+03     2.37858544e+02    -1.22472371e+03   
    2.65000000e+02     1.32500000e-01    -1.22467163e+03     2.44699156e+02    -1.22472543e+03   
    2.66000000e+02     1.33000000e-01    -1.22467164e+03     2.48148318e+02    -1.22472558e+03   
    2.67000000e+02     1.33500000e-01    -1.22467156e+03     2.39930518e+02    -1.22472414e+03   
    2.68000000e+02     1.34000000e-01    -1.22467148e+03     2.32953891e+02    -1.22472170e+03   
    2.69000000e+02     1.34500000e-01    -1.22467143e+03     2.28750141e+02    -1.22471926e+03   
    2.70000000e+02     1.35000000e-01    -1.22467145e+03     2.16393772e+02    -1.22471826e+03   
    2.71000000e+02     1.35500000e-01    -1.22467145e+03     2.17531832e+02    -1.22471854e+03   
    2.72000000e+02     1.36000000e-01    -1.22467154e+03     2.19215363e+02    -1.22471955e+03   
    2.73000000e+02     1.36500000e-01    -1.22467155e+03     2.21154927e+02    -1.22472055e+03   
    2.74000000e+02     1.37000000e-01    -1.22467156e+03     2.26336007e+02    -1.22472141e+03   
    2.75000000e+02     1.37500000e-01    -1.22467157e+03     2.30665683e+02    -1.22472156e+03   
    2.76000000e+02     1.38000000e-01    -1.22467144e+03     2.34936669e+02    -1.22472098e+03   
    2.77000000e+02     1.38500000e-01    -1.22467148e+03     2.30165189e+02    -1.22472084e+03   
    2.78000000e+02     1.39000000e-01    -1.22467139e+03     2.37370269e+02    -1.22472127e+03   
    2.79000000e+02     1.39500000e-01    -1.22467142e+03     2.38239851e+02    -1.22472271e+03   
    2.80000000e+02     1.40000000e-01    -1.22467158e+03     2.48221505e+02    -1.22472472e+03   
    2.81000000e+02     1.40500000e-01    -1.22467159e+03     2.49545913e+02    -1.22472601e+03   
    2.82000000e+02     1.41000000e-01    -1.22467152e+03     2.53715739e+02    -1.22472644e+03   
    2.83000000e+02     1.41500000e-01    -1.22467145e+03     2.51762171e+02    -1.22472673e+03   
    2.84000000e+02     1.42000000e-01    -1.22467157e+03     2.49869126e+02    -1.22472744e+03   
    2.85000000e+02     1.42500000e-01    -1.22467152e+03     2.58326178e+02    -1.22472802e+03   
    2.86000000e+02     1.43000000e-01    -1.22467156e+03     2.57919758e+02    -1.22472845e+03   
    2.87000000e+02     1.43500000e-01    -1.22467154e+03     2.59425434e+02    -1.22472874e+03   
    2.88000000e+02     1.44000000e-01    -1.22467148e+03     2.56643375e+02    -1.22472874e+03   
    2.89000000e+02     1.44500000e-01    -1.22467153e+03     2.56126871e+02    -1.22472859e+03   
    2.90000000e+02     1.45000000e-01    -1.22467149e+03     2.52269314e+02    -1.22472831e+03   
    2.91000000e+02     1.45500000e-01    -1.22467154e+03     2.50489672e+02    -1.22472802e+03   
    2.92000000e+02     1.46000000e-01    -1.22467149e+03     2.46778462e+02    -1.22472744e+03   
    2.93000000e+02     1.46500000e-01    -1.22467156e+03     2.48082927e+02    -1.22472673e+03   
    2.94000000e+02     1.47000000e-01    -1.22467148e+03     2.43347778e+02    -1.22472543e+03   
    2.95000000e+02     1.47500000e-01    -1.22467142e+03     2.37130601e+02    -1.22472443e+03   
    2.96000000e+02     1.48000000e-01    -1.22467143e+03     2.36087068e+02    -1.22472371e+03   
    2.97000000e+02     1.48500000e-01    -1.22467149e+03     2.33863661e+02    -1.22472386e+03   
    2.98000000e+02     1.49000000e-01    -1.22467153e+03     2.41037831e+02    -1.22472443e+03   
    2.99000000e+02     1.49500000e-01    -1.22467150e+03     2.45932637e+02    -1.22472500e+03   
    3.00000000e+02     1.50000000e-01    -1.22467158e+03     2.49916384e+02    -1.22472543e+03   
    3.01000000e+02     1.50500000e-01    -1.22467148e+03     2.45042289e+02    -1.22472500e+03   
    3.02000000e+02     1.51000000e-01    -1.22467157e+03     2.46222272e+02    -1.22472457e+03   
    3.03000000e+02     1.51500000e-01    -1.22467149e+03     2.41338044e+02    -1.22472386e+03   
    3.04000000e+02     1.52000000e-01    -1.22467146e+03     2.38178438e+02    -1.22472371e+03   
    3.05000000e+02     1.52500000e-01    -1.22467148e+03     2.39922040e+02    -1.22472414e+03   
    3.06000000e+02     1.53000000e-01    -1.22467148e+03     2.45040642e+02    -1.22472486e+03   
    3.07000000e+02     1.53500000e-01    -1.22467148e+03     2.49456238e+02    -1.22472543e+03   
    3.08000000e+02     1.54000000e-01    -1.22467157e+03     2.48356010e+02    -1.22472558e+03   
    3.09000000e+02     1.54500000e-01    -1.22467146e+03     2.42150296e+02    -1.22472457e+03   
    3.10000000e+02     1.55000000e-01    -1.22467149e+03     2.31656319e+02    -1.22472328e+03   
    3.11000000e+02     1.55500000e-01    -1.22467150e+03     2.27595667e+02    -1.22472213e+03   
    3.12000000e+02     1.56000000e-01    -1.22467150e+03     2.26586063e+02    -1.22472156e+03   
    3.13000000e+02     1.56500000e-01    -1.22467145e+03     2.26199188e+02    -1.22472156e+03   
    3.14000000e+02     1.57000000e-01    -1.22467140e+03     2.30646724e+02    -1.22472213e+03   
    3.15000000e+02     1.57500000e-01    -1.22467144e+03     2.35672046e+02    -1.22472328e+03   
    3.16000000e+02     1.58000000e-01    -1.22467155e+03     2.40010797e+02    -1.22472457e+03   
    3.17000000e+02     1.58500000e-01    -1.22467152e+03     2.39837942e+02    -1.22472572e+03   
    3.18000000e+02     1.59000000e-01    -1.22467158e+03     2.49581528e+02    -1.22472658e+03   
    3.19000000e+02     1.59500000e-01    -1.22467157e+03     2.52302676e+02    -1.22472687e+03   
    3.20000000e+02     1.60000000e-01    -1.22467154e+03     2.46652896e+02    -1.22472644e+03   
    3.21000000e+02     1.60500000e-01    -1.22467152e+03     2.45625767e+02    -1.22472601e+03   
    3.22000000e+02     1.61000000e-01    -1.22467146e+03     2.45643256e+02    -1.22472630e+03   
    3.23000000e+02     1.61500000e-01    -1.22467145e+03     2.57494930e+02    -1.22472759e+03   
    3.24000000e+02     1.62000000e-01    -1.22467157e+03     2.66845080e+02    -1.22472960e+03   
    3.25000000e+02     1.62500000e-01    -1.22467160e+03     2.71238635e+02    -1.22473118e+03   
    3.26000000e+02     1.63000000e-01    -1.22467157e+03     2.72653328e+02    -1.22473146e+03   
    3.27000000e+02     1.63500000e-01    -1.22467161e+03     2.67264091e+02    -1.22473089e+03   
    3.28000000e+02     1.64000000e-01    -1.22467146e+03     2.59843813e+02    -1.22472974e+03   
    3.29000000e+02     1.64500000e-01    -1.22467144e+03     2.56299422e+02    -1.22472902e+03   
    3.30000000e+02     1.65000000e-01    -1.22467152e+03     2.57140960e+02    -1.22472917e+03   
    3.31000000e+02     1.65500000e-01    -1.22467157e+03     2.64421108e+02    -1.22472988e+03   
    3.32000000e+02     1.66000000e-01    -1.22467153e+03     2.68692052e+02    -1.22473046e+03   
    3.33000000e+02     1.66500000e-01    -1.22467161e+03     2.65342843e+02    -1.22473075e+03   
    3.34000000e+02     1.67000000e-01    -1.22467149e+03     2.63813621e+02    -1.22473031e+03   
    3.35000000e+02     1.67500000e-01    -1.22467160e+03     2.64610953e+02    -1.22472960e+03   
    3.36000000e+02     1.68000000e-01    -1.22467154e+03     2.61926689e+02    -1.22472845e+03   
    3.37000000e+02     1.68500000e-01    -1.22467157e+03     2.62113377e+02    -1.22472730e+03   
    3.38000000e+02     1.69000000e-01    -1.22467156e+03     2.52810014e+02    -1.22472630e+03   
    3.39000000e+02     1.69500000e-01    -1.22467143e+03     2.54591395e+02    -1.22472529e+03   
    3.40000000e+02     1.70000000e-01    -1.22467155e+03     2.56999390e+02    -1.22472515e+03   
    3.41000000e+02     1.70500000e-01    -1.22467144e+03     2.62082761e+02    -1.22472572e+03   
    3.42000000e+02     1.71000000e-01    -1.22467150e+03     2.67014145e+02    -1.22472701e+03   
    3.43000000e+02     1.71500000e-01    -1.22467150e+03     2.75271231e+02    -1.22472831e+03   
    3.44000000e+02     1.72000000e-01    -1.22467154e+03     2.79536415e+02    -1.22472917e+03   
    3.45000000e+02     1.72500000e-01    -1.22467157e+03     2.78893178e+02    -1.22472888e+03   
    3.46000000e+02     1.73000000e-01    -1.22467151e+03     2.79135794e+02    -1.22472787e+03   
    3.47000000e+02     1.73500000e-01    -1.22467141e+03     2.72914684e+02    -1.22472673e+03   
    3.48000000e+02     1.74000000e-01    -1.22467148e+03     2.67088866e+02    -1.22472644e+03   
    3.49000000e+02     1.74500000e-01    -1.22467145e+03     2.67775664e+02    -1.22472673e+03   
    3.50000000e+02     1.75000000e-01    -1.22467147e+03     2.74293693e+02    -1.22472773e+03   
    3.51000000e+02     1.75500000e-01    -1.22467155e+03     2.81622482e+02    -1.22472917e+03   
    3.52000000e+02     1.76000000e-01    -1.22467155e+03     2.82787499e+02    -1.22473017e+03   
    3.53000000e+02     1.76500000e-01    -1.22467149e+03     2.79490125e+02    -1.22473003e+03   
    3.54000000e+02     1.77000000e-01    -1.22467149e+03     2.73303975e+02    -1.22472902e+03   
    3.55000000e+02     1.77500000e-01    -1.22467138e+03     2.68568874e+02    -1.22472759e+03   
    3.56000000e+02     1.78000000e-01    -1.22467143e+03     2.65734989e+02    -1.22472716e+03   
    3.57000000e+02     1.78500000e-01    -1.22467142e+03     2.66098749e+02    -1.22472787e+03   
    3.58000000e+02     1.79000000e-01    -1.22467144e+03     2.76458589e+02    -1.22472945e+03   
    3.59000000e+02     1.79500000e-01    -1.22467149e+03     2.80664824e+02    -1.22473089e+03   
    3.60000000e+02     1.80000000e-01    -1.22467158e+03     2.88224632e+02    -1.22473146e+03   
    3.61000000e+02     1.80500000e-01    -1.22467153e+03     2.88565882e+02    -1.22473075e+03   
    3.62000000e+02     1.81000000e-01    -1.22467143e+03     2.82172678e+02    -1.22472902e+03   
    3.63000000e+02     1.81500000e-01    -1.22467139e+03     2.77267964e+02    -1.22472744e+03   
    3.64000000e+02     1.82000000e-01    -1.22467137e+03     2.71967519e+02    -1.22472658e+03   
    3.65000000e+02     1.82500000e-01    -1.22467140e+03     2.76611840e+02    -1.22472716e+03   
    3.66000000e+02     1.83000000e-01    -1.22467136e+03     2.80046869e+02    -1.22472859e+03   
    3.67000000e+02     1.83500000e-01    -1.22467146e+03     2.90356663e+02    -1.22473118e+03   
    3.68000000e+02     1.84000000e-01    -1.22467157e+03     2.95059452e+02    -1.22473376e+03   
    3.69000000e+02     1.84500000e-01    -1.22467154e+03     3.02286750e+02    -1.22473534e+03   
    3.70000000e+02     1.85000000e-01    -1.22467163e+03     3.08869134e+02    -1.22473534e+03   
    3.71000000e+02     1.85500000e-01    -1.22467159e+03     3.03434221e+02    -1.22473362e+03   
    3.72000000e+02     1.86000000e-01    -1.22467151e+03     2.95795580e+02    -1.22473075e+03   
    3.73000000e+02     1.86500000e-01    -1.22467145e+03     2.82975083e+02    -1.22472773e+03   
    3.74000000e+02     1.87000000e-01    -1.22467134e+03     2.69170031e+02    -1.22472543e+03   
    3.75000000e+02     1.87500000e-01    -1.22467140e+03     2.69930156e+02    -1.22472500e+03   
    3.76000000e+02     1.88000000e-01    -1.22467142e+03     2.75678827e+02    -1.22472630e+03   
    3.77000000e+02     1.88500000e-01    -1.22467157e+03     2.82687688e+02    -1.22472845e+03   
    3.78000000e+02     1.89000000e-01    -1.22467152e+03     2.89558417e+02    -1.22472988e+03   
    3.79000000e+02     1.89500000e-01    -1.22467167e+03     2.88214713e+02    -1.22473003e+03   
    3.80000000e+02     1.90000000e-01    -1.22467162e+03     2.80601790e+02    -1.22472816e+03   
    3.81000000e+02     1.90500000e-01    -1.22467158e+03     2.68822552e+02    -1.22472486e+03   
    3.82000000e+02     1.91000000e-01    -1.22467145e+03     2.62252785e+02    -1.22472127e+03   
    3.83000000e+02     1.91500000e-01    -1.22467132e+03     2.56393420e+02    -1.22471912e+03   
    3.84000000e+02     1.92000000e-01    -1.22467129e+03     2.56214512e+02    -1.22471926e+03   
    3.85000000e+02     1.92500000e-01    -1.22467132e+03     2.68409666e+02    -1.22472170e+03   
    3.86000000e+02     1.93000000e-01    -1.22467148e+03     2.88331278e+02    -1.22472586e+03   
    3.87000000e+02     1.93500000e-01    -1.22467164e+03     3.03723084e+02    -1.22473031e+03   
    3.88000000e+02     1.94000000e-01    -1.22467166e+03     3.17742939e+02    -1.22473347e+03   
    3.89000000e+02     1.94500000e-01    -1.22467168e+03     3.17066755e+02    -1.22473419e+03   
    3.90000000e+02     1.95000000e-01    -1.22467163e+03     3.08393608e+02    -1.22473232e+03   
    3.91000000e+02     1.95500000e-01    -1.22467149e+03     2.92720341e+02    -1.22472902e+03   
    3.92000000e+02     1.96000000e-01    -1.22467134e+03     2.75785568e+02    -1.22472586e+03   
    3.93000000e+02     1.96500000e-01    -1.22467138e+03     2.64088209e+02    -1.22472429e+03   
    3.94000000e+02     1.97000000e-01    -1.22467142e+03     2.64657492e+02    -1.22472429e+03   
    3.95000000e+02     1.97500000e-01    -1.22467151e+03     2.76369477e+02    -1.22472515e+03   
    3.96000000e+02     1.98000000e-01    -1.22467152e+03     2.85950781e+02    -1.22472630e+03   
    3.97000000e+02     1.98500000e-01    -1.22467150e+03     2.89240437e+02    -1.22472730e+03   
    3.98000000e+02     1.99000000e-01    -1.22467161e+03     2.88660053e+02    -1.22472773e+03   
    3.99000000e+02     1.99500000e-01    -1.22467165e+03     2.80349490e+02    -1.22472644e+03   
    4.00000000e+02     2.00000000e-01    -1.22467159e+03     2.68500941e+02    -1.22472328e+03   
    4.01000000e+02     2.00500000e-01    -1.22467141e+03     2.48421529e+02    -1.22471869e+03   
    4.02000000e+02     2.01000000e-01    -1.22467136e+03     2.32802711e+02    -1.22471467e+03   
    4.03000000e+02     2.01500000e-01    -1.22467121e+03     2.28448033e+02    -1.22471280e+03   
    4.04000000e+02     2.02000000e-01    -1.22467137e+03     2.40018490e+02    -1.22471424e+03   
    4.05000000e+02     2.02500000e-01    -1.22467136e+03     2.59255511e+02    -1.22471840e+03   
    4.06000000e+02     2.03000000e-01    -1.22467158e+03     2.81213821e+02    -1.22472386e+03   
    4.07000000e+02     2.03500000e-01    -1.22467165e+03     2.95785630e+02    -1.22472816e+03   
    4.08000000e+02     2.04000000e-01    -1.22467160e+03     3.03423442e+02    -1.22472988e+03   
    4.09000000e+02     2.04500000e-01    -1.22467164e+03     3.06409356e+02    -1.22472931e+03   
    4.10000000e+02     2.05000000e-01    -1.22467146e+03     2.93109438e+02    -1.22472615e+03   
    4.11000000e+02     2.05500000e-01    -1.22467138e+03     2.75328415e+02    -1.22472242e+03   
    4.12000000e+02     2.06000000e-01    -1.22467140e+03     2.65929337e+02    -1.22471969e+03   
    4.13000000e+02     2.06500000e-01    -1.22467130e+03     2.59241279e+02    -1.22471897e+03   
    4.14000000e+02     2.07000000e-01    -1.22467135e+03     2.63227317e+02    -1.22472041e+03   
    4.15000000e+02     2.07500000e-01    -1.22467154e+03     2.72568416e+02    -1.22472328e+03   
    4.16000000e+02     2.08000000e-01    -1.22467147e+03     2.82240803e+02    -1.22472601e+03   
    4.17000000e+02     2.08500000e-01    -1.22467166e+03     2.97728694e+02    -1.22472802e+03   
    4.18000000e+02     2.09000000e-01    -1.22467163e+03     2.92371914e+02    -1.22472787e+03   
    4.19000000e+02     2.09500000e-01    -1.22467161e+03     2.81316350e+02    -1.22472572e+03   
    4.20000000e+02     2.10000000e-01    -1.22467146e+03     2.62323090e+02    -1.22472185e+03   
    4.21000000e+02     2.10500000e-01    -1.22467132e+03     2.46271592e+02    -1.22471797e+03   
    4.22000000e+02     2.11000000e-01    -1.22467129e+03     2.35737160e+02    -1.22471610e+03   
    4.23000000e+02     2.11500000e-01    -1.22467133e+03     2.36232688e+02    -1.22471696e+03   
    4.24000000e+02     2.12000000e-01    -1.22467143e+03     2.45528559e+02    -1.22472012e+03   
    4.25000000e+02     2.12500000e-01    -1.22467150e+03     2.62225887e+02    -1.22472443e+03   
    4.26000000e+02     2.13000000e-01    -1.22467152e+03     2.74579911e+02    -1.22472831e+03   
    4.27000000e+02     2.13500000e-01    -1.22467164e+03     2.86944531e+02    -1.22473060e+03   
    4.28000000e+02     2.14000000e-01    -1.22467154e+03     2.91436219e+02    -1.22473046e+03   
    4.29000000e+02     2.14500000e-01    -1.22467152e+03     2.83659434e+02    -1.22472874e+03   
    4.30000000e+02     2.15000000e-01    -1.22467145e+03     2.74375324e+02    -1.22472630e+03   
    4.31000000e+02     2.15500000e-01    -1.22467136e+03     2.67274607e+02    -1.22472414e+03   
    4.32000000e+02     2.16000000e-01    -1.22467137e+03     2.63985868e+02    -1.22472299e+03   
    4.33000000e+02     2.16500000e-01    -1.22467137e+03     2.62727374e+02    -1.22472285e+03   
    4.34000000e+02     2.17000000e-01    -1.22467152e+03     2.68693665e+02    -1.22472386e+03   
    4.35000000e+02     2.17500000e-01    -1.22467156e+03     2.73173108e+02    -1.22472529e+03   
    4.36000000e+02     2.18000000e-01    -1.22467152e+03     2.76052715e+02    -1.22472644e+03   
    4.37000000e+02     2.18500000e-01    -1.22467156e+03     2.78400094e+02    -1.22472687e+03   
    4.38000000e+02     2.19000000e-01    -1.22467158e+03     2.76274812e+02    -1.22472586e+03   
    4.39000000e+02     2.19500000e-01    -1.22467147e+03     2.70474034e+02    -1.22472328e+03   
    4.40000000e+02     2.20000000e-01    -1.22467144e+03     2.58806603e+02    -1.22472027e+03   
    4.41000000e+02     2.20500000e-01    -1.22467133e+03     2.46730391e+02    -1.22471783e+03   
    4.42000000e+02     2.21000000e-01    -1.22467142e+03     2.43483311e+02    -1.22471754e+03   
    4.43000000e+02     2.21500000e-01    -1.22467143e+03     2.52664311e+02    -1.22471897e+03   
    4.44000000e+02     2.22000000e-01    -1.22467148e+03     2.70898082e+02    -1.22472113e+03   
    4.45000000e+02     2.22500000e-01    -1.22467155e+03     2.77849084e+02    -1.22472314e+03   
    4.46000000e+02     2.23000000e-01    -1.22467147e+03     2.84821297e+02    -1.22472414e+03   
    4.47000000e+02     2.23500000e-01    -1.22467155e+03     2.93047990e+02    -1.22472443e+03   
    4.48000000e+02     2.24000000e-01    -1.22467150e+03     2.92246917e+02    -1.22472400e+03   
    4.49000000e+02     2.24500000e-01    -1.22467140e+03     2.94440163e+02    -1.22472371e+03   
    4.50000000e+02     2.25000000e-01    -1.22467143e+03     2.96858431e+02    -1.22472400e+03   
    4.51000000e+02     2.25500000e-01    -1.22467142e+03     3.02875933e+02    -1.22472472e+03   
    4.52000000e+02     2.26000000e-01    -1.22467150e+03     3.03042668e+02    -1.22472572e+03   
    4.53000000e+02     2.26500000e-01    -1.22467147e+03     3.00827442e+02    -1.22472630e+03   
    4.54000000e+02     2.27000000e-01    -1.22467160e+03     3.02377027e+02    -1.22472673e+03   
    4.55000000e+02     2.27500000e-01    -1.22467159e+03     2.96695987e+02    -1.22472615e+03   
    4.56000000e+02     2.28000000e-01    -1.22467147e+03     2.88696806e+02    -1.22472486e+03   
    4.57000000e+02     2.28500000e-01    -1.22467156e+03     2.82299561e+02    -1.22472357e+03   
    4.58000000e+02     2.29000000e-01    -1.22467144e+03     2.82672218e+02    -1.22472228e+03   
    4.59000000e+02     2.29500000e-01    -1.22467147e+03     2.81824117e+02    -1.22472228e+03   
    4.60000000e+02     2.30000000e-01    -1.22467144e+03     2.90662452e+02    -1.22472328e+03   
    4.61000000e+02     2.30500000e-01    -1.22467153e+03     2.98537218e+02    -1.22472529e+03   
    4.62000000e+02     2.31000000e-01    -1.22467153e+03     3.02746908e+02    -1.22472744e+03   
    4.63000000e+02     2.31500000e-01    -1.22467159e+03     3.11327191e+02    -1.22472931e+03   
    4.64000000e+02     2.32000000e-01    -1.22467163e+03     3.13337858e+02    -1.22472988e+03   
    4.65000000e+02     2.32500000e-01    -1.22467151e+03     3.05371735e+02    -1.22472917e+03   
    4.66000000e+02     2.33000000e-01    -1.22467141e+03     3.04003232e+02    -1.22472816e+03   
    4.67000000e+02     2.33500000e-01    -1.22467150e+03     2.97194490e+02    -1.22472759e+03   
    4.68000000e+02     2.34000000e-01    -1.22467141e+03     2.98943727e+02    -1.22472759e+03   
    4.69000000e+02     2.34500000e-01    -1.22467145e+03     3.00344566e+02    -1.22472859e+03   
    4.70000000e+02     2.35000000e-01    -1.22467153e+03     3.05335517e+02    -1.22472988e+03   
    4.71000000e+02     2.35500000e-01    -1.22467151e+03     3.15163385e+02    -1.22473103e+03   
    4.72000000e+02     2.36000000e-01    -1.22467165e+03     3.18548425e+02    -1.22473161e+03   
    4.73000000e+02     2.36500000e-01    -1.22467162e+03     3.12234594e+02    -1.22473089e+03   
    4.74000000e+02     2.37000000e-01    -1.22467153e+03     3.06629595e+02    -1.22472931e+03   
    4.75000000e+02     2.37500000e-01    -1.22467147e+03     2.90798969e+02    -1.22472730e+03   
    4.76000000e+02     2.38000000e-01    -1.22467148e+03     2.79166326e+02    -1.22472529e+03   
    4.77000000e+02     2.38500000e-01    -1.22467156e+03     2.69994066e+02    -1.22472357e+03   
    4.78000000e+02     2.39000000e-01    -1.22467145e+03     2.66278306e+02    -1.22472256e+03   
    4.79000000e+02     2.39500000e-01    -1.22467152e+03     2.70933767e+02    -1.22472314e+03   
    4.80000000e+02     2.40000000e-01    -1.22467144e+03     2.78831997e+02    -1.22472443e+03   
    4.81000000e+02     2.40500000e-01    -1.22467153e+03     2.86748929e+02    -1.22472630e+03   
    4.82000000e+02     2.41000000e-01    -1.22467163e+03     2.91925150e+02    -1.22472773e+03   
    4.83000000e+02     2.41500000e-01    -1.22467158e+03     2.95714444e+02    -1.22472802e+03   
    4.84000000e+02     2.42000000e-01    -1.22467153e+03     2.95290860e+02    -1.22472759e+03   
    4.85000000e+02     2.42500000e-01    -1.22467149e+03     2.91398919e+02    -1.22472730e+03   
    4.86000000e+02     2.43000000e-01    -1.22467141e+03     2.87453561e+02    -1.22472759e+03   
    4.87000000e+02     2.43500000e-01    -1.22467156e+03     2.96155014e+02    -1.22472888e+03   
    4.88000000e+02     2.44000000e-01    -1.22467149e+03     3.04055860e+02    -1.22473003e+03   
    4.89000000e+02     2.44500000e-01    -1.22467155e+03     3.04967089e+02    -1.22473075e+03   
    4.90000000e+02     2.45000000e-01    -1.22467153e+03     3.05903819e+02    -1.22473046e+03   
    4.91000000e+02     2.45500000e-01    -1.22467156e+03     2.99168092e+02    -1.22472917e+03   
    4.92000000e+02     2.46000000e-01    -1.22467154e+03     2.93012862e+02    -1.22472759e+03   
    4.93000000e+02     2.46500000e-01    -1.22467154e+03     2.82324049e+02    -1.22472630e+03   
    4.94000000e+02     2.47000000e-01    -1.22467145e+03     2.83653207e+02    -1.22472586e+03   
    4.95000000e+02     2.47500000e-01    -1.22467147e+03     2.86944250e+02    -1.22472658e+03   
    4.96000000e+02     2.48000000e-01    -1.22467161e+03     2.96347508e+02    -1.22472816e+03   
    4.97000000e+02     2.48500000e-01    -1.22467156e+03     3.03276659e+02    -1.22472945e+03   
    4.98000000e+02     2.49000000e-01    -1.22467161e+03     3.05215314e+02    -1.22473031e+03   
    4.99000000e+02     2.49500000e-01    -1.22467166e+03     3.01661159e+02    -1.22473031e+03   
    5.00000000e+02     2.50000000e-01    -1.22467152e+03     2.92317260e+02    -1.22472902e+03   
    5.01000000e+02     2.50500000e-01    -1.22467152e+03     2.90051551e+02    -1.22472773e+03   
    5.02000000e+02     2.51000000e-01    -1.22467141e+03     2.84638467e+02    -1.22472730e+03   
    5.03000000e+02     2.51500000e-01    -1.22467146e+03     2.97531603e+02    -1.22472831e+03   
    5.04000000e+02     2.52000000e-01    -1.22467153e+03     3.08654653e+02    -1.22473046e+03   
    5.05000000e+02     2.52500000e-01    -1.22467159e+03     3.12387532e+02    -1.22473304e+03   
    5.06000000e+02     2.53000000e-01    -1.22467160e+03     3.22180749e+02    -1.22473491e+03   
    5.07000000e+02     2.53500000e-01    -1.22467167e+03     3.27040174e+02    -1.22473563e+03   
    5.08000000e+02     2.54000000e-01    -1.22467158e+03     3.28192918e+02    -1.22473491e+03   
    5.09000000e+02     2.54500000e-01    -1.22467160e+03     3.24035302e+02    -1.22473304e+03   
    5.10000000e+02     2.55000000e-01    -1.22467145e+03     3.17023582e+02    -1.22473017e+03   
    5.11000000e+02     2.55500000e-01    -1.22467148e+03     3.02292194e+02    -1.22472744e+03   
    5.12000000e+02     2.56000000e-01    -1.22467154e+03     2.95024338e+02    -1.22472515e+03   
    5.13000000e+02     2.56500000e-01    -1.22467150e+03     2.90477471e+02    -1.22472328e+03   
    5.14000000e+02     2.57000000e-01    -1.22467140e+03     2.83982945e+02    -1.22472213e+03   
    5.15000000e+02     2.57500000e-01    -1.22467142e+03     2.81905063e+02    -1.22472213e+03   
    5.16000000e+02     2.58000000e-01    -1.22467151e+03     2.89197774e+02    -1.22472299e+03   
    5.17000000e+02     2.58500000e-01    -1.22467157e+03     2.91480513e+02    -1.22472400e+03   
    5.18000000e+02     2.59000000e-01    -1.22467170e+03     2.91030166e+02    -1.22472429e+03   
    5.19000000e+02     2.59500000e-01    -1.22467160e+03     2.87499060e+02    -1.22472285e+03   
    5.20000000e+02     2.60000000e-01    -1.22467152e+03     2.78001300e+02    -1.22472084e+03   
    5.21000000e+02     2.60500000e-01    -1.22467143e+03     2.74429208e+02    -1.22471926e+03   
    5.22000000e+02     2.61000000e-01    -1.22467145e+03     2.73232136e+02    -1.22471926e+03   
    5.23000000e+02     2.61500000e-01    -1.22467153e+03     2.84783472e+02    -1.22472098e+03   
    5.24000000e+02     2.62000000e-01    -1.22467151e+03     2.99784106e+02    -1.22472357e+03   
    5.25000000e+02     2.62500000e-01    -1.22467156e+03     3.07149751e+02    -1.22472586e+03   
    5.26000000e+02     2.63000000e-01    -1.22467162e+03     3.08751915e+02    -1.22472658e+03   
    5.27000000e+02     2.63500000e-01    -1.22467152e+03     3.06000474e+02    -1.22472572e+03   
    5.28000000e+02     2.64000000e-01    -1.22467146e+03     2.94299304e+02    -1.22472429e+03   
    5.29000000e+02     2.64500000e-01    -1.22467146e+03     2.93863754e+02    -1.22472328e+03   
    5.30000000e+02     2.65000000e-01    -1.22467148e+03     2.91537341e+02    -1.22472271e+03   
    5.31000000e+02     2.65500000e-01    -1.22467154e+03     2.86476297e+02    -1.22472256e+03   
    5.32000000e+02     2.66000000e-01    -1.22467157e+03     2.84968586e+02    -1.22472285e+03   
    5.33000000e+02     2.66500000e-01    -1.22467156e+03     2.88571270e+02    -1.22472357e+03   
    5.34000000e+02     2.67000000e-01    -1.22467149e+03     2.95911368e+02    -1.22472472e+03   
    5.35000000e+02     2.67500000e-01    -1.22467162e+03     2.98489513e+02    -1.22472615e+03   
    5.36000000e+02     2.68000000e-01    -1.22467161e+03     3.02808251e+02    -1.22472687e+03   
    5.37000000e+02     2.68500000e-01    -1.22467162e+03     3.02083024e+02    -1.22472687e+03   
    5.38000000e+02     2.69000000e-01    -1.22467151e+03     2.92968247e+02    -1.22472615e+03   
    5.39000000e+02     2.69500000e-01    -1.22467147e+03     2.87570280e+02    -1.22472529e+03   
    5.40000000e+02     2.70000000e-01    -1.22467144e+03     2.89227554e+02    -1.22472500e+03   
    5.41000000e+02     2.70500000e-01    -1.22467152e+03     2.92435684e+02    -1.22472615e+03   
    5.42000000e+02     2.71000000e-01    -1.22467157e+03     3.05310089e+02    -1.22472816e+03   
    5.43000000e+02     2.71500000e-01    -1.22467163e+03     3.14738948e+02    -1.22473060e+03   
    5.44000000e+02     2.72000000e-01    -1.22467166e+03     3.16743279e+02    -1.22473232e+03   
    5.45000000e+02     2.72500000e-01    -1.22467163e+03     3.20751404e+02    -1.22473290e+03   
    5.46000000e+02     2.73000000e-01    -1.22467153e+03     3.15500822e+02    -1.22473232e+03   
    5.47000000e+02     2.73500000e-01    -1.22467152e+03     3.07956938e+02    -1.22473103e+03   
    5.48000000e+02     2.74000000e-01    -1.22467150e+03     3.06562713e+02    -1.22472974e+03   
    5.49000000e+02     2.74500000e-01    -1.22467144e+03     3.05836489e+02    -1.22472902e+03   
    5.50000000e+02     2.75000000e-01    -1.22467154e+03     3.05003821e+02    -1.22472917e+03   
    5.51000000e+02     2.75500000e-01    -1.22467155e+03     3.06754747e+02    -1.22472974e+03   
    5.52000000e+02     2.76000000e-01    -1.22467158e+03     3.07339898e+02    -1.22473031e+03   
    5.53000000e+02     2.76500000e-01    -1.22467155e+03     3.04590289e+02    -1.22473060e+03   
    5.54000000e+02     2.77000000e-01    -1.22467156e+03     3.06234460e+02    -1.22473075e+03   
    5.55000000e+02     2.77500000e-01    -1.22467147e+03     3.03177500e+02    -1.22473075e+03   
    5.56000000e+02     2.78000000e-01    -1.22467152e+03     3.04609965e+02    -1.22473103e+03   
    5.57000000e+02     2.78500000e-01    -1.22467157e+03     3.02457299e+02    -1.22473132e+03   
    5.58000000e+02     2.79000000e-01    -1.22467156e+03     3.09683408e+02    -1.22473161e+03   
    5.59000000e+02     2.79500000e-01    -1.22467149e+03     3.13991249e+02    -1.22473175e+03   
    5.60000000e+02     2.80000000e-01    -1.22467153e+03     3.15923214e+02    -1.22473189e+03   
    5.61000000e+02     2.80500000e-01    -1.22467150e+03     3.17844285e+02    -1.22473204e+03   
    5.62000000e+02     2.81000000e-01    -1.22467155e+03     3.25734329e+02    -1.22473290e+03   
    5.63000000e+02     2.81500000e-01    -1.22467157e+03     3.31295290e+02    -1.22473390e+03   
    5.64000000e+02     2.82000000e-01    -1.22467160e+03     3.31115169e+02    -1.22473491e+03   
    5.65000000e+02     2.82500000e-01    -1.22467160e+03     3.27713105e+02    -1.22473534e+03   
    5.66000000e+02     2.83000000e-01    -1.22467161e+03     3.30925941e+02    -1.22473548e+03   
    5.67000000e+02     2.83500000e-01    -1.22467160e+03     3.27991081e+02    -1.22473563e+03   
    5.68000000e+02     2.84000000e-01    -1.22467152e+03     3.27114198e+02    -1.22473591e+03   
    5.69000000e+02     2.84500000e-01    -1.22467153e+03     3.31697157e+02    -1.22473692e+03   
    5.70000000e+02     2.85000000e-01    -1.22467161e+03     3.34299922e+02    -1.22473778e+03   
    5.71000000e+02     2.85500000e-01    -1.22467162e+03     3.34420338e+02    -1.22473778e+03   
    5.72000000e+02     2.86000000e-01    -1.22467171e+03     3.26394777e+02    -1.22473634e+03   
    5.73000000e+02     2.86500000e-01    -1.22467163e+03     3.13022941e+02    -1.22473376e+03   
    5.74000000e+02     2.87000000e-01    -1.22467154e+03     3.06561739e+02    -1.22473132e+03   
    5.75000000e+02     2.87500000e-01    -1.22467152e+03     2.97539325e+02    -1.22473003e+03   
    5.76000000e+02     2.88000000e-01    -1.22467156e+03     2.97683370e+02    -1.22473031e+03   
    5.77000000e+02     2.88500000e-01    -1.22467150e+03     3.02455344e+02    -1.22473175e+03   
    5.78000000e+02     2.89000000e-01    -1.22467158e+03     3.12793156e+02    -1.22473390e+03   
    5.79000000e+02     2.89500000e-01    -1.22467161e+03     3.20035034e+02    -1.22473563e+03   
    5.80000000e+02     2.90000000e-01    -1.22467165e+03     3.25714144e+02    -1.22473620e+03   
    5.81000000e+02     2.90500000e-01    -1.22467167e+03     3.26940045e+02    -1.22473563e+03   
    5.82000000e+02     2.91000000e-01    -1.22467159e+03     3.20685248e+02    -1.22473419e+03   
    5.83000000e+02     2.91500000e-01    -1.22467156e+03     3.11332520e+02    -1.22473261e+03   
    5.84000000e+02     2.92000000e-01    -1.22467157e+03     3.11449705e+02    -1.22473146e+03   
    5.85000000e+02     2.92500000e-01    -1.22467146e+03     3.06242026e+02    -1.22473075e+03   
    5.86000000e+02     2.93000000e-01    -1.22467151e+03     3.06948119e+02    -1.22473146e+03   
    5.87000000e+02     2.93500000e-01    -1.22467149e+03     3.16335617e+02    -1.22473319e+03   
    5.88000000e+02     2.94000000e-01    -1.22467156e+03     3.18311357e+02    -1.22473534e+03   
    5.89000000e+02     2.94500000e-01    -1.22467168e+03     3.22350605e+02    -1.22473677e+03   
    5.90000000e+02     2.95000000e-01    -1.22467164e+03     3.21803422e+02    -1.22473649e+03   
    5.91000000e+02     2.95500000e-01    -1.22467160e+03     3.13431970e+02    -1.22473448e+03   
    5.92000000e+02     2.96000000e-01    -1.22467159e+03     3.06465975e+02    -1.22473161e+03   
    5.93000000e+02     2.96500000e-01    -1.22467154e+03     2.92315226e+02    -1.22472917e+03   
    5.94000000e+02     2.97000000e-01    -1.22467152e+03     2.86266183e+02    -1.22472787e+03   
    5.95000000e+02     2.97500000e-01    -1.22467155e+03     2.92896801e+02    -1.22472845e+03   
    5.96000000e+02     2.98000000e-01    -1.22467162e+03     3.03741565e+02    -1.22473075e+03   
    5.97000000e+02     2.98500000e-01    -1.22467164e+03     3.23610947e+02    -1.22473362e+03   
    5.98000000e+02     2.99000000e-01    -1.22467168e+03     3.32374332e+02    -1.22473548e+03   
    5.99000000e+02     2.99500000e-01    -1.22467167e+03     3.32130218e+02    -1.22473563e+03   
    6.00000000e+02     3.00000000e-01    -1.22467161e+03     3.22002474e+02    -1.22473362e+03   
    6.01000000e+02     3.00500000e-01    -1.22467164e+03     3.04927117e+02    -1.22473017e+03   
    6.02000000e+02     3.01000000e-01    -1.22467144e+03     2.87393677e+02    -1.22472615e+03   
    6.03000000e+02     3.01500000e-01    -1.22467135e+03     2.72661441e+02    -1.22472342e+03   
    6.04000000e+02     3.02000000e-01    -1.22467147e+03     2.75365461e+02    -1.22472328e+03   
    6.05000000e+02     3.02500000e-01    -1.22467151e+03     2.88974869e+02    -1.22472558e+03   
    6.06000000e+02     3.03000000e-01    -1.22467158e+03     3.01564140e+02    -1.22472945e+03   
    6.07000000e+02     3.03500000e-01    -1.22467168e+03     3.18261103e+02    -1.22473319e+03   
    6.08000000e+02     3.04000000e-01    -1.22467169e+03     3.28887206e+02    -1.22473548e+03   
    6.09000000e+02     3.04500000e-01    -1.22467167e+03     3.27302212e+02    -1.22473548e+03   
    6.10000000e+02     3.05000000e-01    -1.22467167e+03     3.20361218e+02    -1.22473333e+03   
    6.11000000e+02     3.05500000e-01    -1.22467150e+03     3.06800048e+02    -1.22472960e+03   
    6.12000000e+02     3.06000000e-01    -1.22467152e+03     2.91415857e+02    -1.22472615e+03   
    6.13000000e+02     3.06500000e-01    -1.22467139e+03     2.83299541e+02    -1.22472429e+03   
    6.14000000e+02     3.07000000e-01    -1.22467142e+03     2.89860022e+02    -1.22472500e+03   
    6.15000000e+02     3.07500000e-01    -1.22467145e+03     3.05068762e+02    -1.22472802e+03   
    6.16000000e+02     3.08000000e-01    -1.22467164e+03     3.25085928e+02    -1.22473175e+03   
    6.17000000e+02     3.08500000e-01    -1.22467173e+03     3.29765567e+02    -1.22473433e+03   
    6.18000000e+02     3.09000000e-01    -1.22467177e+03     3.31366768e+02    -1.22473448e+03   
    6.19000000e+02     3.09500000e-01    -1.22467168e+03     3.24346575e+02    -1.22473175e+03   
    6.20000000e+02     3.10000000e-01    -1.22467157e+03     3.08225292e+02    -1.22472744e+03   
    6.21000000e+02     3.10500000e-01    -1.22467149e+03     2.93589321e+02    -1.22472342e+03   
    6.22000000e+02     3.11000000e-01    -1.22467142e+03     2.89215045e+02    -1.22472113e+03   
    6.23000000e+02     3.11500000e-01    -1.22467144e+03     2.88755538e+02    -1.22472170e+03   
    6.24000000e+02     3.12000000e-01    -1.22467157e+03     2.91900317e+02    -1.22472429e+03   
    6.25000000e+02     3.12500000e-01    -1.22467164e+03     2.99093066e+02    -1.22472730e+03   
    6.26000000e+02     3.13000000e-01    -1.22467168e+03     3.09150082e+02    -1.22472931e+03   
    6.27000000e+02     3.13500000e-01    -1.22467167e+03     3.07070323e+02    -1.22472974e+03   
    6.28000000e+02     3.14000000e-01    -1.22467164e+03     3.03111920e+02    -1.22472888e+03   
    6.29000000e+02     3.14500000e-01    -1.22467153e+03     2.97860181e+02    -1.22472687e+03   
    6.30000000e+02     3.15000000e-01    -1.22467153e+03     2.88411601e+02    -1.22472443e+03   
    6.31000000e+02     3.15500000e-01    -1.22467143e+03     2.78620205e+02    -1.22472213e+03   
    6.32000000e+02     3.16000000e-01    -1.22467146e+03     2.72681290e+02    -1.22472098e+03   
    6.33000000e+02     3.16500000e-01    -1.22467140e+03     2.79105512e+02    -1.22472141e+03   
    6.34000000e+02     3.17000000e-01    -1.22467148e+03     2.92807257e+02    -1.22472386e+03   
    6.35000000e+02     3.17500000e-01    -1.22467155e+03     3.01885470e+02    -1.22472687e+03   
    6.36000000e+02     3.18000000e-01    -1.22467167e+03     3.13522013e+02    -1.22472945e+03   
    6.37000000e+02     3.18500000e-01    -1.22467170e+03     3.12651804e+02    -1.22473075e+03   
    6.38000000e+02     3.19000000e-01    -1.22467165e+03     3.07623277e+02    -1.22473031e+03   
    6.39000000e+02     3.19500000e-01    -1.22467157e+03     3.00801496e+02    -1.22472874e+03   
    6.40000000e+02     3.20000000e-01    -1.22467148e+03     2.95503379e+02    -1.22472673e+03   
    6.41000000e+02     3.20500000e-01    -1.22467153e+03     2.87684813e+02    -1.22472515e+03   
    6.42000000e+02     3.21000000e-01    -1.22467150e+03     2.86438225e+02    -1.22472400e+03   
    6.43000000e+02     3.21500000e-01    -1.22467149e+03     2.84954195e+02    -1.22472342e+03   
    6.44000000e+02     3.22000000e-01    -1.22467155e+03     2.88435661e+02    -1.22472328e+03   
    6.45000000e+02     3.22500000e-01    -1.22467151e+03     2.88251241e+02    -1.22472342e+03   
    6.46000000e+02     3.23000000e-01    -1.22467146e+03     2.91386579e+02    -1.22472342e+03   
    6.47000000e+02     3.23500000e-01    -1.22467152e+03     2.93964654e+02    -1.22472357e+03   
    6.48000000e+02     3.24000000e-01    -1.22467148e+03     2.93255965e+02    -1.22472357e+03   
    6.49000000e+02     3.24500000e-01    -1.22467149e+03     2.94597259e+02    -1.22472342e+03   
    6.50000000e+02     3.25000000e-01    -1.22467148e+03     2.95058410e+02    -1.22472342e+03   
    6.51000000e+02     3.25500000e-01    -1.22467158e+03     2.94174236e+02    -1.22472328e+03   
    6.52000000e+02     3.26000000e-01    -1.22467153e+03     2.91933480e+02    -1.22472285e+03   
    6.53000000e+02     3.26500000e-01    -1.22467153e+03     2.89880448e+02    -1.22472299e+03   
    6.54000000e+02     3.27000000e-01    -1.22467147e+03     2.90720267e+02    -1.22472328e+03   
    6.55000000e+02     3.27500000e-01    -1.22467157e+03     2.89005399e+02    -1.22472400e+03   
    6.56000000e+02     3.28000000e-01    -1.22467157e+03     2.92236995e+02    -1.22472486e+03   
    6.57000000e+02     3.28500000e-01    -1.22467149e+03     2.96512113e+02    -1.22472601e+03   
    6.58000000e+02     3.29000000e-01    -1.22467146e+03     3.01093948e+02    -1.22472744e+03   
    6.59000000e+02     3.29500000e-01    -1.22467155e+03     3.08109924e+02    -1.22472902e+03   
    6.60000000e+02     3.30000000e-01    -1.22467155e+03     3.07901338e+02    -1.22473031e+03   
    6.61000000e+02     3.30500000e-01    -1.22467166e+03     3.02824848e+02    -1.22473089e+03   
    6.62000000e+02     3.31000000e-01    -1.22467169e+03     2.95998636e+02    -1.22473031e+03   
    6.63000000e+02     3.31500000e-01    -1.22467156e+03     2.86101806e+02    -1.22472845e+03   
    6.64000000e+02     3.32000000e-01    -1.22467147e+03     2.73891902e+02    -1.22472572e+03   
    6.65000000e+02     3.32500000e-01    -1.22467152e+03     2.59669978e+02    -1.22472314e+03   
    6.66000000e+02     3.33000000e-01    -1.22467147e+03     2.54227805e+02    -1.22472199e+03   
    6.67000000e+02     3.33500000e-01    -1.22467141e+03     2.60194280e+02    -1.22472256e+03   
    6.68000000e+02     3.34000000e-01    -1.22467153e+03     2.68844130e+02    -1.22472472e+03   
    6.69000000e+02     3.34500000e-01    -1.22467167e+03     2.87166148e+02    -1.22472759e+03   
    6.70000000e+02     3.35000000e-01    -1.22467171e+03     2.94855094e+02    -1.22472960e+03   
    6.71000000e+02     3.35500000e-01    -1.22467172e+03     3.00713393e+02    -1.22472988e+03   
    6.72000000e+02     3.36000000e-01    -1.22467164e+03     2.94597244e+02    -1.22472859e+03   
    6.73000000e+02     3.36500000e-01    -1.22467163e+03     2.85583476e+02    -1.22472644e+03   
    6.74000000e+02     3.37000000e-01    -1.22467150e+03     2.83557843e+02    -1.22472414e+03   
    6.75000000e+02     3.37500000e-01    -1.22467150e+03     2.78908244e+02    -1.22472271e+03   
    6.76000000e+02     3.38000000e-01    -1.22467152e+03     2.79420057e+02    -1.22472242e+03   
    6.77000000e+02     3.38500000e-01    -1.22467149e+03     2.85254948e+02    -1.22472342e+03   
    6.78000000e+02     3.39000000e-01    -1.22467148e+03     2.92824890e+02    -1.22472558e+03   
    6.79000000e+02     3.39500000e-01    -1.22467157e+03     3.01819106e+02    -1.22472831e+03   
    6.80000000e+02     3.40000000e-01    -1.22467159e+03     3.09749632e+02    -1.22473075e+03   
    6.81000000e+02     3.40500000e-01    -1.22467170e+03     3.17149317e+02    -1.22473218e+03   
    6.82000000e+02     3.41000000e-01    -1.22467163e+03     3.21895593e+02    -1.22473175e+03   
    6.83000000e+02     3.41500000e-01    -1.22467161e+03     3.13017181e+02    -1.22472960e+03   
    6.84000000e+02     3.42000000e-01    -1.22467162e+03     3.00668301e+02    -1.22472615e+03   
    6.85000000e+02     3.42500000e-01    -1.22467143e+03     2.86958686e+02    -1.22472228e+03   
    6.86000000e+02     3.43000000e-01    -1.22467144e+03     2.76532658e+02    -1.22471984e+03   
    6.87000000e+02     3.43500000e-01    -1.22467140e+03     2.72197507e+02    -1.22471955e+03   
    6.88000000e+02     3.44000000e-01    -1.22467146e+03     2.75520526e+02    -1.22472127e+03   
    6.89000000e+02     3.44500000e-01    -1.22467161e+03     2.87933481e+02    -1.22472400e+03   
    6.90000000e+02     3.45000000e-01    -1.22467167e+03     2.99143745e+02    -1.22472615e+03   
    6.91000000e+02     3.45500000e-01    -1.22467164e+03     3.13522149e+02    -1.22472701e+03   
    6.92000000e+02     3.46000000e-01    -1.22467170e+03     3.10263039e+02    -1.22472644e+03   
    6.93000000e+02     3.46500000e-01    -1.22467162e+03     2.99339285e+02    -1.22472457e+03   
    6.94000000e+02     3.47000000e-01    -1.22467143e+03     2.96387806e+02    -1.22472256e+03   
    6.95000000e+02     3.47500000e-01    -1.22467150e+03     2.92525490e+02    -1.22472185e+03   
    6.96000000e+02     3.48000000e-01    -1.22467143e+03     2.93845429e+02    -1.22472256e+03   
    6.97000000e+02     3.48500000e-01    -1.22467144e+03     3.04793647e+02    -1.22472486e+03   
    6.98000000e+02     3.49000000e-01    -1.22467152e+03     3.18844813e+02    -1.22472787e+03   
    6.99000000e+02     3.49500000e-01    -1.22467169e+03     3.31826344e+02    -1.22473060e+03   
    7.00000000e+02     3.50000000e-01    -1.22467166e+03     3.40481189e+02    -1.22473175e+03   
    7.01000000e+02     3.50500000e-01    -1.22467163e+03     3.33094943e+02    -1.22473103e+03   
    7.02000000e+02     3.51000000e-01    -1.22467161e+03     3.22677841e+02    -1.22472902e+03   
    7.03000000e+02     3.51500000e-01    -1.22467146e+03     3.09082633e+02    -1.22472644e+03   
    7.04000000e+02     3.52000000e-01    -1.22467148e+03     3.02231254e+02    -1.22472472e+03   
    7.05000000e+02     3.52500000e-01    -1.22467144e+03     2.99550772e+02    -1.22472414e+03   
    7.06000000e+02     3.53000000e-01    -1.22467153e+03     3.00468899e+02    -1.22472472e+03   
    7.07000000e+02     3.53500000e-01    -1.22467164e+03     3.09046405e+02    -1.22472572e+03   
    7.08000000e+02     3.54000000e-01    -1.22467154e+03     3.15060247e+02    -1.22472615e+03   
    7.09000000e+02     3.54500000e-01    -1.22467164e+03     3.11890419e+02    -1.22472644e+03   
    7.10000000e+02     3.55000000e-01    -1.22467164e+03     3.08453712e+02    -1.22472658e+03   
    7.11000000e+02     3.55500000e-01    -1.22467154e+03     3.04982214e+02    -1.22472687e+03   
    7.12000000e+02     3.56000000e-01    -1.22467159e+03     3.04302956e+02    -1.22472716e+03   
    7.13000000e+02     3.56500000e-01    -1.22467159e+03     3.05542776e+02    -1.22472716e+03   
    7.14000000e+02     3.57000000e-01    -1.22467149e+03     3.10691287e+02    -1.22472701e+03   
    7.15000000e+02     3.57500000e-01    -1.22467159e+03     3.07809091e+02    -1.22472730e+03   
    7.16000000e+02     3.58000000e-01    -1.22467152e+03     3.05559069e+02    -1.22472787e+03   
    7.17000000e+02     3.58500000e-01    -1.22467154e+03     3.09305279e+02    -1.22472902e+03   
    7.18000000e+02     3.59000000e-01    -1.22467166e+03     3.11741268e+02    -1.22473017e+03   
    7.19000000e+02     3.59500000e-01    -1.22467166e+03     3.12010551e+02    -1.22473046e+03   
    7.20000000e+02     3.60000000e-01    -1.22467157e+03     3.06733966e+02    -1.22473017e+03   
    7.21000000e+02     3.60500000e-01    -1.22467159e+03     3.04341055e+02    -1.22472960e+03   
    7.22000000e+02     3.61000000e-01    -1.22467148e+03     3.06437954e+02    -1.22472917e+03   
    7.23000000e+02     3.61500000e-01    -1.22467149e+03     3.10898694e+02    -1.22472917e+03   
    7.24000000e+02     3.62000000e-01    -1.22467162e+03     3.10109352e+02    -1.22472945e+03   
    7.25000000e+02     3.62500000e-01    -1.22467159e+03     3.14704383e+02    -1.22472917e+03   
    7.26000000e+02     3.63000000e-01    -1.22467162e+03     3.09352937e+02    -1.22472802e+03   
    7.27000000e+02     3.63500000e-01    -1.22467157e+03     3.03740767e+02    -1.22472630e+03   
    7.28000000e+02     3.64000000e-01    -1.22467144e+03     2.95009873e+02    -1.22472500e+03   
    7.29000000e+02     3.64500000e-01    -1.22467148e+03     3.01154416e+02    -1.22472486e+03   
    7.30000000e+02     3.65000000e-01    -1.22467155e+03     2.97704630e+02    -1.22472558e+03   
    7.31000000e+02     3.65500000e-01    -1.22467164e+03     3.00115262e+02    -1.22472644e+03   
    7.32000000e+02     3.66000000e-01    -1.22467164e+03     2.99733593e+02    -1.22472658e+03   
    7.33000000e+02     3.66500000e-01    -1.22467162e+03     2.98660185e+02    -1.22472586e+03   
    7.34000000e+02     3.67000000e-01    -1.22467147e+03     2.97859163e+02    -1.22472457e+03   
    7.35000000e+02     3.67500000e-01    -1.22467148e+03     2.96955499e+02    -1.22472414e+03   
    7.36000000e+02     3.68000000e-01    -1.22467155e+03     2.98423920e+02    -1.22472443e+03   
    7.37000000e+02     3.68500000e-01    -1.22467151e+03     3.00824068e+02    -1.22472515e+03   
    7.38000000e+02     3.69000000e-01    -1.22467159e+03     3.07208308e+02    -1.22472630e+03   
    7.39000000e+02     3.69500000e-01    -1.22467159e+03     3.12278910e+02    -1.22472687e+03   
    7.40000000e+02     3.70000000e-01    -1.22467158e+03     3.15947304e+02    -1.22472687e+03   
    7.41000000e+02     3.70500000e-01    -1.22467154e+03     3.14772062e+02    -1.22472673e+03   
    7.42000000e+02     3.71000000e-01    -1.22467162e+03     3.10096140e+02    -1.22472673e+03   
    7.43000000e+02     3.71500000e-01    -1.22467163e+03     3.05278420e+02    -1.22472673e+03   
    7.44000000e+02     3.72000000e-01    -1.22467159e+03     3.05442936e+02    -1.22472630e+03   
    7.45000000e+02     3.72500000e-01    -1.22467152e+03     2.99475842e+02    -1.22472529e+03   
    7.46000000e+02     3.73000000e-01    -1.22467145e+03     2.90207345e+02    -1.22472443e+03   
    7.47000000e+02     3.73500000e-01    -1.22467145e+03     2.89496333e+02    -1.22472457e+03   
    7.48000000e+02     3.74000000e-01    -1.22467155e+03     2.88615091e+02    -1.22472558e+03   
    7.49000000e+02     3.74500000e-01    -1.22467154e+03     2.88044995e+02    -1.22472673e+03   
    7.50000000e+02     3.75000000e-01    -1.22467160e+03     2.96329721e+02    -1.22472759e+03   
    7.51000000e+02     3.75500000e-01    -1.22467161e+03     2.99070297e+02    -1.22472744e+03   
    7.52000000e+02     3.76000000e-01    -1.22467157e+03     2.88625893e+02    -1.22472644e+03   
    7.53000000e+02     3.76500000e-01    -1.22467145e+03     2.85290724e+02    -1.22472515e+03   
    7.54000000e+02     3.77000000e-01    -1.22467155e+03     2.82807718e+02    -1.22472457e+03   
    7.55000000e+02     3.77500000e-01    -1.22467146e+03     2.81599236e+02    -1.22472414e+03   
    7.56000000e+02     3.78000000e-01    -1.22467152e+03     2.76139160e+02    -1.22472443e+03   
    7.57000000e+02     3.78500000e-01    -1.22467152e+03     2.82027727e+02    -1.22472500e+03   
    7.58000000e+02     3.79000000e-01    -1.22467154e+03     2.98697446e+02    -1.22472572e+03   
    7.59000000e+02     3.79500000e-01    -1.22467153e+03     2.97397387e+02    -1.22472644e+03   
    7.60000000e+02     3.80000000e-01    -1.22467149e+03     2.98119573e+02    -1.22472687e+03   
    7.61000000e+02     3.80500000e-01    -1.22467157e+03     3.09065296e+02    -1.22472701e+03   
    7.62000000e+02     3.81000000e-01    -1.22467156e+03     3.06348530e+02    -1.22472586e+03   
    7.63000000e+02     3.81500000e-01    -1.22467155e+03     2.92019731e+02    -1.22472371e+03   
    7.64000000e+02     3.82000000e-01    -1.22467153e+03     2.77082293e+02    -1.22472141e+03   
    7.65000000e+02     3.82500000e-01    -1.22467137e+03     2.68731053e+02    -1.22471984e+03   
    7.66000000e+02     3.83000000e-01    -1.22467138e+03     2.63474767e+02    -1.22472012e+03   
    7.67000000e+02     3.83500000e-01    -1.22467149e+03     2.74802698e+02    -1.22472199e+03   
    7.68000000e+02     3.84000000e-01    -1.22467161e+03     2.78107495e+02    -1.22472429e+03   
    7.69000000e+02     3.84500000e-01    -1.22467158e+03     2.87631501e+02    -1.22472558e+03   
    7.70000000e+02     3.85000000e-01    -1.22467162e+03     2.85082139e+02    -1.22472529e+03   
    7.71000000e+02     3.85500000e-01    -1.22467157e+03     2.77967556e+02    -1.22472299e+03   
    7.72000000e+02     3.86000000e-01    -1.22467150e+03     2.62823298e+02    -1.22471955e+03   
    7.73000000e+02     3.86500000e-01    -1.22467137e+03     2.55282810e+02    -1.22471639e+03   
    7.74000000e+02     3.87000000e-01    -1.22467130e+03     2.50243448e+02    -1.22471495e+03   
    7.75000000e+02     3.87500000e-01    -1.22467134e+03     2.51623482e+02    -1.22471567e+03   
    7.76000000e+02     3.88000000e-01    -1.22467149e+03     2.61858429e+02    -1.22471854e+03   
    7.77000000e+02     3.88500000e-01    -1.22467154e+03     2.78375202e+02    -1.22472256e+03   
    7.78000000e+02     3.89000000e-01    -1.22467154e+03     2.90723116e+02    -1.22472615e+03   
    7.79000000e+02     3.89500000e-01    -1.22467160e+03     3.06372194e+02    -1.22472859e+03   
    7.80000000e+02     3.90000000e-01    -1.22467168e+03     3.04225689e+02    -1.22472917e+03   
    7.81000000e+02     3.90500000e-01    -1.22467152e+03     2.98732795e+02    -1.22472744e+03   
    7.82000000e+02     3.91000000e-01    -1.22467152e+03     2.78856937e+02    -1.22472457e+03   
    7.83000000e+02     3.91500000e-01    -1.22467135e+03     2.64307722e+02    -1.22472185e+03   
    7.84000000e+02     3.92000000e-01    -1.22467139e+03     2.66049433e+02    -1.22472113e+03   
    7.85000000e+02     3.92500000e-01    -1.22467132e+03     2.69215610e+02    -1.22472285e+03   
    7.86000000e+02     3.93000000e-01    -1.22467152e+03     2.82191982e+02    -1.22472687e+03   
    7.87000000e+02     3.93500000e-01    -1.22467160e+03     2.99056070e+02    -1.22473132e+03   
    7.88000000e+02     3.94000000e-01    -1.22467157e+03     3.13957676e+02    -1.22473505e+03   
    7.89000000e+02     3.94500000e-01    -1.22467163e+03     3.23033092e+02    -1.22473677e+03   
    7.90000000e+02     3.95000000e-01    -1.22467167e+03     3.19815524e+02    -1.22473591e+03   
    7.91000000e+02     3.95500000e-01    -1.22467160e+03     3.06944199e+02    -1.22473276e+03   
    7.92000000e+02     3.96000000e-01    -1.22467138e+03     2.85247409e+02    -1.22472902e+03   
    7.93000000e+02     3.96500000e-01    -1.22467130e+03     2.77646663e+02    -1.22472630e+03   
    7.94000000e+02     3.97000000e-01    -1.22467140e+03     2.79675989e+02    -1.22472601e+03   
    7.95000000e+02     3.97500000e-01    -1.22467145e+03     2.86878208e+02    -1.22472831e+03   
    7.96000000e+02     3.98000000e-01    -1.22467159e+03     3.03554842e+02    -1.22473204e+03   
    7.97000000e+02     3.98500000e-01    -1.22467158e+03     3.14629412e+02    -1.22473505e+03   
    7.98000000e+02     3.99000000e-01    -1.22467168e+03     3.11476891e+02    -1.22473606e+03   
    7.99000000e+02     3.99500000e-01    -1.22467157e+03     3.02281773e+02    -1.22473433e+03   
    8.00000000e+02     4.00000000e-01    -1.22467151e+03     2.86433177e+02    -1.22473089e+03   
    8.01000000e+02     4.00500000e-01    -1.22467136e+03     2.75039770e+02    -1.22472716e+03   
    8.02000000e+02     4.01000000e-01    -1.22467134e+03     2.68897771e+02    -1.22472486e+03   
    8.03000000e+02     4.01500000e-01    -1.22467138e+03     2.68419837e+02    -1.22472486e+03   
    8.04000000e+02     4.02000000e-01    -1.22467149e+03     2.76784894e+02    -1.22472658e+03   
    8.05000000e+02     4.02500000e-01    -1.22467145e+03     2.84676111e+02    -1.22472888e+03   
    8.06000000e+02     4.03000000e-01    -1.22467157e+03     2.96414173e+02    -1.22473146e+03   
    8.07000000e+02     4.03500000e-01    -1.22467159e+03     3.04435122e+02    -1.22473319e+03   
    8.08000000e+02     4.04000000e-01    -1.22467158e+03     3.08683395e+02    -1.22473304e+03   
    8.09000000e+02     4.04500000e-01    -1.22467150e+03     2.99302405e+02    -1.22473089e+03   
    8.10000000e+02     4.05000000e-01    -1.22467148e+03     2.82111384e+02    -1.22472730e+03   
    8.11000000e+02     4.05500000e-01    -1.22467144e+03     2.63822335e+02    -1.22472414e+03   
    8.12000000e+02     4.06000000e-01    -1.22467128e+03     2.59228104e+02    -1.22472256e+03   
    8.13000000e+02     4.06500000e-01    -1.22467136e+03     2.63017940e+02    -1.22472357e+03   
    8.14000000e+02     4.07000000e-01    -1.22467142e+03     2.74929916e+02    -1.22472630e+03   
    8.15000000e+02     4.07500000e-01    -1.22467161e+03     2.90988399e+02    -1.22472974e+03   
    8.16000000e+02     4.08000000e-01    -1.22467170e+03     3.00904324e+02    -1.22473189e+03   
    8.17000000e+02     4.08500000e-01    -1.22467165e+03     3.01209721e+02    -1.22473175e+03   
    8.18000000e+02     4.09000000e-01    -1.22467150e+03     2.93140245e+02    -1.22472931e+03   
    8.19000000e+02     4.09500000e-01    -1.22467143e+03     2.71279133e+02    -1.22472586e+03   
    8.20000000e+02     4.10000000e-01    -1.22467140e+03     2.53131454e+02    -1.22472328e+03   
    8.21000000e+02     4.10500000e-01    -1.22467136e+03     2.52299544e+02    -1.22472342e+03   
    8.22000000e+02     4.11000000e-01    -1.22467149e+03     2.56860158e+02    -1.22472630e+03   
    8.23000000e+02     4.11500000e-01    -1.22467147e+03     2.74350039e+02    -1.22473017e+03   
    8.24000000e+02     4.12000000e-01    -1.22467163e+03     2.90017112e+02    -1.22473376e+03   
    8.25000000e+02     4.12500000e-01    -1.22467156e+03     2.94890307e+02    -1.22473563e+03   
    8.26000000e+02     4.13000000e-01    -1.22467159e+03     2.92338111e+02    -1.22473577e+03   
    8.27000000e+02     4.13500000e-01    -1.22467157e+03     2.89071788e+02    -1.22473433e+03   
    8.28000000e+02     4.14000000e-01    -1.22467146e+03     2.74941366e+02    -1.22473175e+03   
    8.29000000e+02     4.14500000e-01    -1.22467150e+03     2.63094358e+02    -1.22472888e+03   
    8.30000000e+02     4.15000000e-01    -1.22467137e+03     2.54389891e+02    -1.22472630e+03   
    8.31000000e+02     4.15500000e-01    -1.22467129e+03     2.54869389e+02    -1.22472558e+03   
    8.32000000e+02     4.16000000e-01    -1.22467140e+03     2.71739710e+02    -1.22472730e+03   
    8.33000000e+02     4.16500000e-01    -1.22467144e+03     2.88601676e+02    -1.22473031e+03   
    8.34000000e+02     4.17000000e-01    -1.22467162e+03     3.02542583e+02    -1.22473333e+03   
    8.35000000e+02     4.17500000e-01    -1.22467166e+03     3.05976086e+02    -1.22473419e+03   
    8.36000000e+02     4.18000000e-01    -1.22467173e+03     2.95669835e+02    -1.22473189e+03   
    8.37000000e+02     4.18500000e-01    -1.22467146e+03     2.70924323e+02    -1.22472658e+03   
    8.38000000e+02     4.19000000e-01    -1.22467135e+03     2.47089161e+02    -1.22472084e+03   
    8.39000000e+02     4.19500000e-01    -1.22467123e+03     2.30608553e+02    -1.22471754e+03   
    8.40000000e+02     4.20000000e-01    -1.22467130e+03     2.30331438e+02    -1.22471768e+03   
    8.41000000e+02     4.20500000e-01    -1.22467136e+03     2.41471816e+02    -1.22472098e+03   
    8.42000000e+02     4.21000000e-01    -1.22467160e+03     2.62554292e+02    -1.22472558e+03   
    8.43000000e+02     4.21500000e-01    -1.22467165e+03     2.78645288e+02    -1.22472902e+03   
    8.44000000e+02     4.22000000e-01    -1.22467156e+03     2.80776849e+02    -1.22473046e+03   
    8.45000000e+02     4.22500000e-01    -1.22467153e+03     2.79456604e+02    -1.22473003e+03   
    8.46000000e+02     4.23000000e-01    -1.22467152e+03     2.74278844e+02    -1.22472831e+03   
    8.47000000e+02     4.23500000e-01    -1.22467144e+03     2.66509224e+02    -1.22472586e+03   
    8.48000000e+02     4.24000000e-01    -1.22467139e+03     2.55625545e+02    -1.22472357e+03   
    8.49000000e+02     4.24500000e-01    -1.22467137e+03     2.46366274e+02    -1.22472213e+03   
    8.50000000e+02     4.25000000e-01    -1.22467124e+03     2.44562135e+02    -1.22472213e+03   
    8.51000000e+02     4.25500000e-01    -1.22467136e+03     2.54384501e+02    -1.22472472e+03   
    8.52000000e+02     4.26000000e-01    -1.22467139e+03     2.73601922e+02    -1.22472931e+03   
    8.53000000e+02     4.26500000e-01    -1.22467161e+03     2.91778198e+02    -1.22473448e+03   
    8.54000000e+02     4.27000000e-01    -1.22467178e+03     3.07791819e+02    -1.22473764e+03   
    8.55000000e+02     4.27500000e-01    -1.22467166e+03     2.97018014e+02    -1.22473706e+03   
    8.56000000e+02     4.28000000e-01    -1.22467160e+03     2.74118319e+02    -1.22473347e+03   
    8.57000000e+02     4.28500000e-01    -1.22467140e+03     2.53588489e+02    -1.22472902e+03   
    8.58000000e+02     4.29000000e-01    -1.22467133e+03     2.46609197e+02    -1.22472658e+03   
    8.59000000e+02     4.29500000e-01    -1.22467136e+03     2.47708158e+02    -1.22472773e+03   
    8.60000000e+02     4.30000000e-01    -1.22467148e+03     2.66291474e+02    -1.22473146e+03   
    8.61000000e+02     4.30500000e-01    -1.22467152e+03     2.84287875e+02    -1.22473563e+03   
    8.62000000e+02     4.31000000e-01    -1.22467155e+03     2.94684924e+02    -1.22473835e+03   
    8.63000000e+02     4.31500000e-01    -1.22467161e+03     2.98995694e+02    -1.22473936e+03   
    8.64000000e+02     4.32000000e-01    -1.22467151e+03     3.00370259e+02    -1.22473893e+03   
    8.65000000e+02     4.32500000e-01    -1.22467143e+03     2.96503593e+02    -1.22473749e+03   
    8.66000000e+02     4.33000000e-01    -1.22467144e+03     2.89332617e+02    -1.22473563e+03   
    8.67000000e+02     4.33500000e-01    -1.22467142e+03     2.79935834e+02    -1.22473390e+03   
    8.68000000e+02     4.34000000e-01    -1.22467133e+03     2.75736483e+02    -1.22473304e+03   
    8.69000000e+02     4.34500000e-01    -1.22467139e+03     2.76024129e+02    -1.22473390e+03   
    8.70000000e+02     4.35000000e-01    -1.22467139e+03     2.82364554e+02    -1.22473634e+03   
    8.71000000e+02     4.35500000e-01    -1.22467151e+03     3.01997413e+02    -1.22473993e+03   
    8.72000000e+02     4.36000000e-01    -1.22467160e+03     3.14490645e+02    -1.22474280e+03   
    8.73000000e+02     4.36500000e-01    -1.22467170e+03     3.22159693e+02    -1.22474323e+03   
    8.74000000e+02     4.37000000e-01    -1.22467166e+03     3.02617305e+02    -1.22474022e+03   
    8.75000000e+02     4.37500000e-01    -1.22467145e+03     2.76740223e+02    -1.22473520e+03   
    8.76000000e+02     4.38000000e-01    -1.22467134e+03     2.59921015e+02    -1.22473118e+03   
    8.77000000e+02     4.38500000e-01    -1.22467123e+03     2.56181599e+02    -1.22472988e+03   
    8.78000000e+02     4.39000000e-01    -1.22467134e+03     2.64739406e+02    -1.22473175e+03   
    8.79000000e+02     4.39500000e-01    -1.22467157e+03     2.81292402e+02    -1.22473534e+03   
    8.80000000e+02     4.40000000e-01    -1.22467164e+03     2.97094912e+02    -1.22473850e+03   
    8.81000000e+02     4.40500000e-01    -1.22467157e+03     2.99734307e+02    -1.22474008e+03   
    8.82000000e+02     4.41000000e-01    -1.22467156e+03     3.00732820e+02    -1.22474022e+03   
    8.83000000e+02     4.41500000e-01    -1.22467147e+03     3.05136963e+02    -1.22473893e+03   
    8.84000000e+02     4.42000000e-01    -1.22467142e+03     3.00003724e+02    -1.22473692e+03   
    8.85000000e+02     4.42500000e-01    -1.22467138e+03     2.95508271e+02    -1.22473505e+03   
    8.86000000e+02     4.43000000e-01    -1.22467139e+03     2.89178629e+02    -1.22473405e+03   
    8.87000000e+02     4.43500000e-01    -1.22467131e+03     2.82502825e+02    -1.22473390e+03   
    8.88000000e+02     4.44000000e-01    -1.22467143e+03     2.88189400e+02    -1.22473520e+03   
    8.89000000e+02     4.44500000e-01    -1.22467139e+03     3.02409826e+02    -1.22473778e+03   
    8.90000000e+02     4.45000000e-01    -1.22467155e+03     3.12423098e+02    -1.22474151e+03   
    8.91000000e+02     4.45500000e-01    -1.22467171e+03     3.22182047e+02    -1.22474453e+03   
    8.92000000e+02     4.46000000e-01    -1.22467172e+03     3.23956540e+02    -1.22474481e+03   
    8.93000000e+02     4.46500000e-01    -1.22467166e+03     3.09963656e+02    -1.22474180e+03   
    8.94000000e+02     4.47000000e-01    -1.22467139e+03     2.92083081e+02    -1.22473634e+03   
    8.95000000e+02     4.47500000e-01    -1.22467128e+03     2.67897895e+02    -1.22473161e+03   
    8.96000000e+02     4.48000000e-01    -1.22467124e+03     2.50842119e+02    -1.22472974e+03   
    8.97000000e+02     4.48500000e-01    -1.22467135e+03     2.56048703e+02    -1.22473103e+03   
    8.98000000e+02     4.49000000e-01    -1.22467155e+03     2.63669256e+02    -1.22473390e+03   
    8.99000000e+02     4.49500000e-01    -1.22467158e+03     2.75557900e+02    -1.22473606e+03   
    9.00000000e+02     4.50000000e-01    -1.22467168e+03     2.76155411e+02    -1.22473649e+03   
    9.01000000e+02     4.50500000e-01    -1.22467153e+03     2.65818916e+02    -1.22473477e+03   
    9.02000000e+02     4.51000000e-01    -1.22467151e+03     2.47980927e+02    -1.22473232e+03   
    9.03000000e+02     4.51500000e-01    -1.22467150e+03     2.38648572e+02    -1.22473017e+03   
    9.04000000e+02     4.52000000e-01    -1.22467146e+03     2.37956399e+02    -1.22472888e+03   
    9.05000000e+02     4.52500000e-01    -1.22467151e+03     2.39183340e+02    -1.22472902e+03   
    9.06000000e+02     4.53000000e-01    -1.22467143e+03     2.46643416e+02    -1.22472988e+03   
    9.07000000e+02     4.53500000e-01    -1.22467155e+03     2.54985172e+02    -1.22473132e+03   
    9.08000000e+02     4.54000000e-01    -1.22467150e+03     2.63429075e+02    -1.22473247e+03   
    9.09000000e+02     4.54500000e-01    -1.22467150e+03     2.66292927e+02    -1.22473333e+03   
    9.10000000e+02     4.55000000e-01    -1.22467153e+03     2.66950237e+02    -1.22473376e+03   
    9.11000000e+02     4.55500000e-01    -1.22467159e+03     2.66440903e+02    -1.22473362e+03   
    9.12000000e+02     4.56000000e-01    -1.22467153e+03     2.63415514e+02    -1.22473261e+03   
    9.13000000e+02     4.56500000e-01    -1.22467141e+03     2.57588673e+02    -1.22473132e+03   
    9.14000000e+02     4.57000000e-01    -1.22467145e+03     2.56593866e+02    -1.22473103e+03   
    9.15000000e+02     4.57500000e-01    -1.22467142e+03     2.58310435e+02    -1.22473247e+03   
    9.16000000e+02     4.58000000e-01    -1.22467157e+03     2.69282858e+02    -1.22473491e+03   
    9.17000000e+02     4.58500000e-01    -1.22467163e+03     2.81373918e+02    -1.22473706e+03   
    9.18000000e+02     4.59000000e-01    -1.22467171e+03     2.87594664e+02    -1.22473749e+03   
    9.19000000e+02     4.59500000e-01    -1.22467160e+03     2.80286223e+02    -1.22473563e+03   
    9.20000000e+02     4.60000000e-01    -1.22467146e+03     2.70173895e+02    -1.22473304e+03   
    9.21000000e+02     4.60500000e-01    -1.22467138e+03     2.61085644e+02    -1.22473132e+03   
    9.22000000e+02     4.61000000e-01    -1.22467137e+03     2.60783882e+02    -1.22473146e+03   
    9.23000000e+02     4.61500000e-01    -1.22467150e+03     2.71110134e+02    -1.22473333e+03   
    9.24000000e+02     4.62000000e-01    -1.22467148e+03     2.75394657e+02    -1.22473548e+03   
    9.25000000e+02     4.62500000e-01    -1.22467162e+03     2.84975884e+02    -1.22473749e+03   
    9.26000000e+02     4.63000000e-01    -1.22467162e+03     2.87249624e+02    -1.22473835e+03   
    9.27000000e+02     4.63500000e-01    -1.22467149e+03     2.88320715e+02    -1.22473778e+03   
    9.28000000e+02     4.64000000e-01    -1.22467156e+03     2.83253750e+02    -1.22473677e+03   
    9.29000000e+02     4.64500000e-01    -1.22467143e+03     2.81341079e+02    -1.22473577e+03   
    9.30000000e+02     4.65000000e-01    -1.22467145e+03     2.81955537e+02    -1.22473577e+03   
    9.31000000e+02     4.65500000e-01    -1.22467149e+03     2.84250055e+02    -1.22473606e+03   
    9.32000000e+02     4.66000000e-01    -1.22467155e+03     2.84711918e+02    -1.22473677e+03   
    9.33000000e+02     4.66500000e-01    -1.22467142e+03     2.88022231e+02    -1.22473792e+03   
    9.34000000e+02     4.67000000e-01    -1.22467156e+03     2.95308800e+02    -1.22473965e+03   
    9.35000000e+02     4.67500000e-01    -1.22467161e+03     3.03977928e+02    -1.22474122e+03   
    9.36000000e+02     4.68000000e-01    -1.22467162e+03     3.05758557e+02    -1.22474194e+03   
    9.37000000e+02     4.68500000e-01    -1.22467164e+03     2.96677258e+02    -1.22474079e+03   
    9.38000000e+02     4.69000000e-01    -1.22467162e+03     2.86266299e+02    -1.22473764e+03   
    9.39000000e+02     4.69500000e-01    -1.22467147e+03     2.69918760e+02    -1.22473376e+03   
    9.40000000e+02     4.70000000e-01    -1.22467147e+03     2.56630756e+02    -1.22473118e+03   
    9.41000000e+02     4.70500000e-01    -1.22467141e+03     2.46878113e+02    -1.22473046e+03   
    9.42000000e+02     4.71000000e-01    -1.22467151e+03     2.53842957e+02    -1.22473189e+03   
    9.43000000e+02     4.71500000e-01    -1.22467156e+03     2.68630496e+02    -1.22473433e+03   
    9.44000000e+02     4.72000000e-01    -1.22467159e+03     2.79373188e+02    -1.22473620e+03   
    9.45000000e+02     4.72500000e-01    -1.22467164e+03     2.84241417e+02    -1.22473634e+03   
    9.46000000e+02     4.73000000e-01    -1.22467160e+03     2.77287889e+02    -1.22473448e+03   
    9.47000000e+02     4.73500000e-01    -1.22467147e+03     2.65936524e+02    -1.22473132e+03   
    9.48000000e+02     4.74000000e-01    -1.22467151e+03     2.62998083e+02    -1.22472874e+03   
    9.49000000e+02     4.74500000e-01    -1.22467145e+03     2.54471205e+02    -1.22472773e+03   
    9.50000000e+02     4.75000000e-01    -1.22467151e+03     2.52274144e+02    -1.22472831e+03   
    9.51000000e+02     4.75500000e-01    -1.22467151e+03     2.55887428e+02    -1.22472974e+03   
    9.52000000e+02     4.76000000e-01    -1.22467157e+03     2.64470390e+02    -1.22473175e+03   
    9.53000000e+02     4.76500000e-01    -1.22467153e+03     2.68817577e+02    -1.22473376e+03   
    9.54000000e+02     4.77000000e-01    -1.22467160e+03     2.87937165e+02    -1.22473563e+03   
    9.55000000e+02     4.77500000e-01    -1.22467170e+03     2.86711649e+02    -1.22473620e+03   
    9.56000000e+02     4.78000000e-01    -1.22467177e+03     2.80168446e+02    -1.22473462e+03   
    9.57000000e+02     4.78500000e-01    -1.22467152e+03     2.68235573e+02    -1.22473060e+03   
    9.58000000e+02     4.79000000e-01    -1.22467150e+03     2.54532063e+02    -1.22472630e+03   
    9.59000000e+02     4.79500000e-01    -1.22467134e+03     2.43424802e+02    -1.22472371e+03   
    9.60000000e+02     4.80000000e-01    -1.22467140e+03     2.49029367e+02    -1.22472443e+03   
    9.61000000e+02     4.80500000e-01    -1.22467152e+03     2.61029044e+02    -1.22472716e+03   
    9.62000000e+02     4.81000000e-01    -1.22467162e+03     2.76001361e+02    -1.22473046e+03   
    9.63000000e+02     4.81500000e-01    -1.22467174e+03     2.85188033e+02    -1.22473247e+03   
    9.64000000e+02     4.82000000e-01    -1.22467172e+03     2.80651639e+02    -1.22473189e+03   
    9.65000000e+02     4.82500000e-01    -1.22467152e+03     2.65865433e+02    -1.22472917e+03   
    9.66000000e+02     4.83000000e-01    -1.22467145e+03     2.47899425e+02    -1.22472601e+03   
    9.67000000e+02     4.83500000e-01    -1.22467134e+03     2.42509238e+02    -1.22472386e+03   
    9.68000000e+02     4.84000000e-01    -1.22467145e+03     2.44343612e+02    -1.22472400e+03   
    9.69000000e+02     4.84500000e-01    -1.22467143e+03     2.51377870e+02    -1.22472586e+03   
    9.70000000e+02     4.85000000e-01    -1.22467156e+03     2.60249875e+02    -1.22472859e+03   
    9.71000000e+02     4.85500000e-01    -1.22467161e+03     2.70075720e+02    -1.22473118e+03   
    9.72000000e+02     4.86000000e-01    -1.22467157e+03     2.82770906e+02    -1.22473390e+03   
    9.73000000e+02     4.86500000e-01    -1.22467164e+03     2.91701336e+02    -1.22473634e+03   
    9.74000000e+02     4.87000000e-01    -1.22467169e+03     2.93498825e+02    -1.22473735e+03   
    9.75000000e+02     4.87500000e-01    -1.22467166e+03     2.84674145e+02    -1.22473634e+03   
    9.76000000e+02     4.88000000e-01    -1.22467157e+03     2.71087107e+02    -1.22473347e+03   
    9.77000000e+02     4.88500000e-01    -1.22467148e+03     2.60400559e+02    -1.22473046e+03   
    9.78000000e+02     4.89000000e-01    -1.22467144e+03     2.52708518e+02    -1.22472902e+03   
    9.79000000e+02     4.89500000e-01    -1.22467152e+03     2.54831798e+02    -1.22472945e+03   
    9.80000000e+02     4.90000000e-01    -1.22467150e+03     2.67090010e+02    -1.22473118e+03   
    9.81000000e+02     4.90500000e-01    -1.22467170e+03     2.76021025e+02    -1.22473347e+03   
    9.82000000e+02     4.91000000e-01    -1.22467169e+03     2.80854955e+02    -1.22473419e+03   
    9.83000000e+02     4.91500000e-01    -1.22467168e+03     2.72762062e+02    -1.22473304e+03   
    9.84000000e+02     4.92000000e-01    -1.22467155e+03     2.56664483e+02    -1.22473003e+03   
    9.85000000e+02     4.92500000e-01    -1.22467143e+03     2.47626849e+02    -1.22472687e+03   
    9.86000000e+02     4.93000000e-01    -1.22467140e+03     2.43290151e+02    -1.22472500e+03   
    9.87000000e+02     4.93500000e-01    -1.22467135e+03     2.39329563e+02    -1.22472472e+03   
    9.88000000e+02     4.94000000e-01    -1.22467152e+03     2.44110216e+02    -1.22472615e+03   
    9.89000000e+02     4.94500000e-01    -1.22467150e+03     2.62309608e+02    -1.22472845e+03   
    9.90000000e+02     4.95000000e-01    -1.22467156e+03     2.75356344e+02    -1.22473089e+03   
    9.91000000e+02     4.95500000e-01    -1.22467163e+03     2.85164126e+02    -1.22473319e+03   
    9.92000000e+02     4.96000000e-01    -1.22467164e+03     2.95722719e+02    -1.22473505e+03   
    9.93000000e+02     4.96500000e-01    -1.22467165e+03     2.97292297e+02    -1.22473606e+03   
    9.94000000e+02     4.97000000e-01    -1.22467159e+03     2.97986670e+02    -1.22473563e+03   
    9.95000000e+02     4.97500000e-01    -1.22467151e+03     2.89632221e+02    -1.22473419e+03   
    9.96000000e+02     4.98000000e-01    -1.22467149e+03     2.78403557e+02    -1.22473261e+03   
    9.97000000e+02     4.98500000e-01    -1.22467152e+03     2.71822564e+02    -1.22473161e+03   
    9.98000000e+02     4.99000000e-01    -1.22467144e+03     2.71873974e+02    -1.22473161e+03   
    9.99000000e+02     4.99500000e-01    -1.22467156e+03     2.81825661e+02    -1.22473261e+03   
    1.00000000e+03     5.00000000e-01    -1.22467162e+03     2.88481901e+02    -1.22473390e+03   
    1.00100000e+03     5.00500000e-01    -1.22467162e+03     2.90128480e+02    -1.22473433e+03   
    1.00200000e+03     5.01000000e-01    -1.22467155e+03     2.86757483e+02    -1.22473304e+03   
    1.00300000e+03     5.01500000e-01    -1.22467147e+03     2.78671309e+02    -1.22473075e+03   
    1.00400000e+03     5.02000000e-01    -1.22467149e+03     2.74371895e+02    -1.22472845e+03   
    1.00500000e+03     5.02500000e-01    -1.22467142e+03     2.68101639e+02    -1.22472673e+03   
    1.00600000e+03     5.03000000e-01    -1.22467142e+03     2.72493134e+02    -1.22472630e+03   
    1.00700000e+03     5.03500000e-01    -1.22467146e+03     2.73872791e+02    -1.22472701e+03   
    1.00800000e+03     5.04000000e-01    -1.22467152e+03     2.81266989e+02    -1.22472888e+03   
    1.00900000e+03     5.04500000e-01    -1.22467159e+03     2.91809500e+02    -1.22473103e+03   
    1.01000000e+03     5.05000000e-01    -1.22467154e+03     3.01393537e+02    -1.22473304e+03   
    1.01100000e+03     5.05500000e-01    -1.22467155e+03     3.07319960e+02    -1.22473448e+03   
    1.01200000e+03     5.06000000e-01    -1.22467162e+03     3.10990452e+02    -1.22473520e+03   
    1.01300000e+03     5.06500000e-01    -1.22467161e+03     3.10742021e+02    -1.22473520e+03   
    1.01400000e+03     5.07000000e-01    -1.22467146e+03     3.03709223e+02    -1.22473462e+03   
    1.01500000e+03     5.07500000e-01    -1.22467149e+03     3.01438256e+02    -1.22473405e+03   
    1.01600000e+03     5.08000000e-01    -1.22467145e+03     3.01169342e+02    -1.22473390e+03   
    1.01700000e+03     5.08500000e-01    -1.22467144e+03     3.02290109e+02    -1.22473448e+03   
    1.01800000e+03     5.09000000e-01    -1.22467162e+03     3.01939584e+02    -1.22473563e+03   
    1.01900000e+03     5.09500000e-01    -1.22467164e+03     3.05931650e+02    -1.22473620e+03   
    1.02000000e+03     5.10000000e-01    -1.22467159e+03     3.07943105e+02    -1.22473577e+03   
    1.02100000e+03     5.10500000e-01    -1.22467162e+03     3.01118059e+02    -1.22473405e+03   
    1.02200000e+03     5.11000000e-01    -1.22467149e+03     2.92452904e+02    -1.22473103e+03   
    1.02300000e+03     5.11500000e-01    -1.22467146e+03     2.78428523e+02    -1.22472773e+03   
    1.02400000e+03     5.12000000e-01    -1.22467144e+03     2.64737188e+02    -1.22472500e+03   
    1.02500000e+03     5.12500000e-01    -1.22467142e+03     2.61086576e+02    -1.22472342e+03   
    1.02600000e+03     5.13000000e-01    -1.22467148e+03     2.61759242e+02    -1.22472342e+03   
    1.02700000e+03     5.13500000e-01    -1.22467143e+03     2.60427912e+02    -1.22472429e+03   
    1.02800000e+03     5.14000000e-01    -1.22467154e+03     2.61464516e+02    -1.22472572e+03   
    1.02900000e+03     5.14500000e-01    -1.22467154e+03     2.66690634e+02    -1.22472701e+03   
    1.03000000e+03     5.15000000e-01    -1.22467160e+03     2.73298520e+02    -1.22472816e+03   
    1.03100000e+03     5.15500000e-01    -1.22467148e+03     2.74958683e+02    -1.22472888e+03   
    1.03200000e+03     5.16000000e-01    -1.22467149e+03     2.80218600e+02    -1.22472974e+03   
    1.03300000e+03     5.16500000e-01    -1.22467164e+03     2.83674830e+02    -1.22473046e+03   
    1.03400000e+03     5.17000000e-01    -1.22467163e+03     2.85079937e+02    -1.22473075e+03   
    1.03500000e+03     5.17500000e-01    -1.22467160e+03     2.84445930e+02    -1.22473060e+03   
    1.03600000e+03     5.18000000e-01    -1.22467152e+03     2.83507635e+02    -1.22473003e+03   
    1.03700000e+03     5.18500000e-01    -1.22467151e+03     2.74128653e+02    -1.22472974e+03   
    1.03800000e+03     5.19000000e-01    -1.22467151e+03     2.83702058e+02    -1.22473017e+03   
    1.03900000e+03     5.19500000e-01    -1.22467163e+03     2.88495516e+02    -1.22473075e+03   
    1.04000000e+03     5.20000000e-01    -1.22467162e+03     2.82734237e+02    -1.22473075e+03   
    1.04100000e+03     5.20500000e-01    -1.22467167e+03     2.81307452e+02    -1.22472974e+03   
    1.04200000e+03     5.21000000e-01    -1.22467162e+03     2.73693863e+02    -1.22472773e+03   
    1.04300000e+03     5.21500000e-01    -1.22467150e+03     2.65346368e+02    -1.22472515e+03   
    1.04400000e+03     5.22000000e-01    -1.22467140e+03     2.56578724e+02    -1.22472285e+03   
    1.04500000e+03     5.22500000e-01    -1.22467146e+03     2.50569440e+02    -1.22472141e+03   
    1.04600000e+03     5.23000000e-01    -1.22467148e+03     2.42569629e+02    -1.22472084e+03   
    1.04700000e+03     5.23500000e-01    -1.22467144e+03     2.42825076e+02    -1.22472113e+03   
    1.04800000e+03     5.24000000e-01    -1.22467149e+03     2.43273193e+02    -1.22472228e+03   
    1.04900000e+03     5.24500000e-01    -1.22467149e+03     2.51198675e+02    -1.22472443e+03   
    1.05000000e+03     5.25000000e-01    -1.22467155e+03     2.62725524e+02    -1.22472730e+03   
    1.05100000e+03     5.25500000e-01    -1.22467148e+03     2.70903601e+02    -1.22473017e+03   
    1.05200000e+03     5.26000000e-01    -1.22467154e+03     2.78866736e+02    -1.22473276e+03   
    1.05300000e+03     5.26500000e-01    -1.22467157e+03     2.86512968e+02    -1.22473419e+03   
    1.05400000e+03     5.27000000e-01    -1.22467150e+03     2.90689276e+02    -1.22473448e+03   
    1.05500000e+03     5.27500000e-01    -1.22467155e+03     2.88561246e+02    -1.22473448e+03   
    1.05600000e+03     5.28000000e-01    -1.22467145e+03     2.98773521e+02    -1.22473462e+03   
    1.05700000e+03     5.28500000e-01    -1.22467161e+03     3.03679725e+02    -1.22473520e+03   
    1.05800000e+03     5.29000000e-01    -1.22467155e+03     3.11096807e+02    -1.22473534e+03   
    1.05900000e+03     5.29500000e-01    -1.22467155e+03     3.06625534e+02    -1.22473477e+03   
    1.06000000e+03     5.30000000e-01    -1.22467150e+03     3.01721700e+02    -1.22473362e+03   
    1.06100000e+03     5.30500000e-01    -1.22467157e+03     2.88468973e+02    -1.22473204e+03   
    1.06200000e+03     5.31000000e-01    -1.22467155e+03     2.80701448e+02    -1.22473017e+03   
    1.06300000e+03     5.31500000e-01    -1.22467149e+03     2.73928686e+02    -1.22472787e+03   
    1.06400000e+03     5.32000000e-01    -1.22467156e+03     2.64555138e+02    -1.22472586e+03   
    1.06500000e+03     5.32500000e-01    -1.22467148e+03     2.50106699e+02    -1.22472400e+03   
    1.06600000e+03     5.33000000e-01    -1.22467143e+03     2.42819425e+02    -1.22472285e+03   
    1.06700000e+03     5.33500000e-01    -1.22467154e+03     2.41332498e+02    -1.22472299e+03   
    1.06800000e+03     5.34000000e-01    -1.22467148e+03     2.48853774e+02    -1.22472386e+03   
    1.06900000e+03     5.34500000e-01    -1.22467145e+03     2.51115475e+02    -1.22472572e+03   
    1.07000000e+03     5.35000000e-01    -1.22467160e+03     2.60504193e+02    -1.22472773e+03   
    1.07100000e+03     5.35500000e-01    -1.22467156e+03     2.68280736e+02    -1.22472931e+03   
    1.07200000e+03     5.36000000e-01    -1.22467153e+03     2.69223930e+02    -1.22473046e+03   
    1.07300000e+03     5.36500000e-01    -1.22467154e+03     2.71749359e+02    -1.22473132e+03   
    1.07400000e+03     5.37000000e-01    -1.22467152e+03     2.76151188e+02    -1.22473232e+03   
    1.07500000e+03     5.37500000e-01    -1.22467164e+03     2.82297083e+02    -1.22473333e+03   
    1.07600000e+03     5.38000000e-01    -1.22467156e+03     2.84909869e+02    -1.22473390e+03   
    1.07700000e+03     5.38500000e-01    -1.22467153e+03     2.82530446e+02    -1.22473390e+03   
    1.07800000e+03     5.39000000e-01    -1.22467147e+03     2.81391569e+02    -1.22473390e+03   
    1.07900000e+03     5.39500000e-01    -1.22467158e+03     2.81944866e+02    -1.22473448e+03   
    1.08000000e+03     5.40000000e-01    -1.22467167e+03     2.86944531e+02    -1.22473548e+03   
    1.08100000e+03     5.40500000e-01    -1.22467167e+03     2.89014443e+02    -1.22473591e+03   
    1.08200000e+03     5.41000000e-01    -1.22467169e+03     2.84169699e+02    -1.22473520e+03   
    1.08300000e+03     5.41500000e-01    -1.22467158e+03     2.80863144e+02    -1.22473319e+03   
    1.08400000e+03     5.42000000e-01    -1.22467148e+03     2.68502356e+02    -1.22473060e+03   
    1.08500000e+03     5.42500000e-01    -1.22467146e+03     2.57090105e+02    -1.22472802e+03   
    1.08600000e+03     5.43000000e-01    -1.22467145e+03     2.50099769e+02    -1.22472630e+03   
    1.08700000e+03     5.43500000e-01    -1.22467148e+03     2.53129250e+02    -1.22472615e+03   
    1.08800000e+03     5.44000000e-01    -1.22467151e+03     2.54814304e+02    -1.22472744e+03   
    1.08900000e+03     5.44500000e-01    -1.22467158e+03     2.63495991e+02    -1.22472974e+03   
    1.09000000e+03     5.45000000e-01    -1.22467158e+03     2.75552423e+02    -1.22473247e+03   
    1.09100000e+03     5.45500000e-01    -1.22467160e+03     2.85741884e+02    -1.22473505e+03   
    1.09200000e+03     5.46000000e-01    -1.22467158e+03     2.95469131e+02    -1.22473721e+03   
    1.09300000e+03     5.46500000e-01    -1.22467168e+03     3.03642483e+02    -1.22473907e+03   
    1.09400000e+03     5.47000000e-01    -1.22467166e+03     3.08574609e+02    -1.22474008e+03   
    1.09500000e+03     5.47500000e-01    -1.22467174e+03     3.05803927e+02    -1.22473950e+03   
    1.09600000e+03     5.48000000e-01    -1.22467172e+03     2.89651445e+02    -1.22473677e+03   
    1.09700000e+03     5.48500000e-01    -1.22467151e+03     2.84872323e+02    -1.22473304e+03   
    1.09800000e+03     5.49000000e-01    -1.22467142e+03     2.78976412e+02    -1.22472988e+03   
    1.09900000e+03     5.49500000e-01    -1.22467152e+03     2.78211112e+02    -1.22472816e+03   
    1.10000000e+03     5.50000000e-01    -1.22467159e+03     2.78152141e+02    -1.22472759e+03   
    1.10100000e+03     5.50500000e-01    -1.22467166e+03     2.72217281e+02    -1.22472673e+03   
    1.10200000e+03     5.51000000e-01    -1.22467157e+03     2.69773767e+02    -1.22472472e+03   
    1.10300000e+03     5.51500000e-01    -1.22467157e+03     2.61425489e+02    -1.22472141e+03   
    1.10400000e+03     5.52000000e-01    -1.22467149e+03     2.43550740e+02    -1.22471754e+03   
    1.10500000e+03     5.52500000e-01    -1.22467145e+03     2.27500366e+02    -1.22471424e+03   
    1.10600000e+03     5.53000000e-01    -1.22467146e+03     2.22867172e+02    -1.22471223e+03   
    1.10700000e+03     5.53500000e-01    -1.22467142e+03     2.20673118e+02    -1.22471165e+03   
    1.10800000e+03     5.54000000e-01    -1.22467143e+03     2.23709709e+02    -1.22471237e+03   
    1.10900000e+03     5.54500000e-01    -1.22467144e+03     2.32949993e+02    -1.22471424e+03   
    1.11000000e+03     5.55000000e-01    -1.22467148e+03     2.49600573e+02    -1.22471668e+03   
    1.11100000e+03     5.55500000e-01    -1.22467146e+03     2.65029102e+02    -1.22471940e+03   
    1.11200000e+03     5.56000000e-01    -1.22467156e+03     2.77817306e+02    -1.22472256e+03   
    1.11300000e+03     5.56500000e-01    -1.22467161e+03     2.90107184e+02    -1.22472543e+03   
    1.11400000e+03     5.57000000e-01    -1.22467161e+03     3.00704685e+02    -1.22472730e+03   
    1.11500000e+03     5.57500000e-01    -1.22467167e+03     3.01613701e+02    -1.22472773e+03   
    1.11600000e+03     5.58000000e-01    -1.22467168e+03     2.98412650e+02    -1.22472658e+03   
    1.11700000e+03     5.58500000e-01    -1.22467163e+03     2.85537097e+02    -1.22472457e+03   
    1.11800000e+03     5.59000000e-01    -1.22467143e+03     2.77343738e+02    -1.22472228e+03   
    1.11900000e+03     5.59500000e-01    -1.22467154e+03     2.71981450e+02    -1.22472127e+03   
    1.12000000e+03     5.60000000e-01    -1.22467150e+03     2.71780298e+02    -1.22472141e+03   
    1.12100000e+03     5.60500000e-01    -1.22467158e+03     2.71016030e+02    -1.22472228e+03   
    1.12200000e+03     5.61000000e-01    -1.22467163e+03     2.74292179e+02    -1.22472285e+03   
    1.12300000e+03     5.61500000e-01    -1.22467152e+03     2.78808044e+02    -1.22472256e+03   
    1.12400000e+03     5.62000000e-01    -1.22467159e+03     2.77417975e+02    -1.22472228e+03   
    1.12500000e+03     5.62500000e-01    -1.22467145e+03     2.78722603e+02    -1.22472199e+03   
    1.12600000e+03     5.63000000e-01    -1.22467154e+03     2.78636927e+02    -1.22472242e+03   
    1.12700000e+03     5.63500000e-01    -1.22467152e+03     2.81058331e+02    -1.22472342e+03   
    1.12800000e+03     5.64000000e-01    -1.22467158e+03     2.89800708e+02    -1.22472472e+03   
    1.12900000e+03     5.64500000e-01    -1.22467148e+03     2.93255860e+02    -1.22472601e+03   
    1.13000000e+03     5.65000000e-01    -1.22467151e+03     2.98611280e+02    -1.22472759e+03   
    1.13100000e+03     5.65500000e-01    -1.22467154e+03     3.08279681e+02    -1.22472931e+03   
    1.13200000e+03     5.66000000e-01    -1.22467153e+03     3.14207100e+02    -1.22473103e+03   
    1.13300000e+03     5.66500000e-01    -1.22467151e+03     3.21706680e+02    -1.22473261e+03   
    1.13400000e+03     5.67000000e-01    -1.22467167e+03     3.26333585e+02    -1.22473390e+03   
    1.13500000e+03     5.67500000e-01    -1.22467159e+03     3.31935470e+02    -1.22473419e+03   
    1.13600000e+03     5.68000000e-01    -1.22467163e+03     3.29193712e+02    -1.22473319e+03   
    1.13700000e+03     5.68500000e-01    -1.22467152e+03     3.11205227e+02    -1.22473075e+03   
    1.13800000e+03     5.69000000e-01    -1.22467157e+03     3.03808626e+02    -1.22472787e+03   
    1.13900000e+03     5.69500000e-01    -1.22467152e+03     2.93566783e+02    -1.22472529e+03   
    1.14000000e+03     5.70000000e-01    -1.22467157e+03     2.87623373e+02    -1.22472328e+03   
    1.14100000e+03     5.70500000e-01    -1.22467151e+03     2.80618702e+02    -1.22472156e+03   
    1.14200000e+03     5.71000000e-01    -1.22467146e+03     2.76589619e+02    -1.22472041e+03   
    1.14300000e+03     5.71500000e-01    -1.22467156e+03     2.72084646e+02    -1.22472012e+03   
    1.14400000e+03     5.72000000e-01    -1.22467148e+03     2.70965970e+02    -1.22471998e+03   
    1.14500000e+03     5.72500000e-01    -1.22467148e+03     2.72471616e+02    -1.22472012e+03   
    1.14600000e+03     5.73000000e-01    -1.22467158e+03     2.72393813e+02    -1.22472055e+03   
    1.14700000e+03     5.73500000e-01    -1.22467155e+03     2.72421548e+02    -1.22472084e+03   
    1.14800000e+03     5.74000000e-01    -1.22467147e+03     2.72828838e+02    -1.22472098e+03   
    1.14900000e+03     5.74500000e-01    -1.22467153e+03     2.76297247e+02    -1.22472156e+03   
    1.15000000e+03     5.75000000e-01    -1.22467144e+03     2.84246361e+02    -1.22472228e+03   
    1.15100000e+03     5.75500000e-01    -1.22467155e+03     2.95570322e+02    -1.22472342e+03   
    1.15200000e+03     5.76000000e-01    -1.22467151e+03     3.07263043e+02    -1.22472515e+03   
    1.15300000e+03     5.76500000e-01    -1.22467158e+03     3.16013147e+02    -1.22472759e+03   
    1.15400000e+03     5.77000000e-01    -1.22467161e+03     3.22742186e+02    -1.22472960e+03   
    1.15500000e+03     5.77500000e-01    -1.22467162e+03     3.28259073e+02    -1.22473060e+03   
    1.15600000e+03     5.78000000e-01    -1.22467173e+03     3.22089720e+02    -1.22472988e+03   
    1.15700000e+03     5.78500000e-01    -1.22467157e+03     3.07713131e+02    -1.22472687e+03   
    1.15800000e+03     5.79000000e-01    -1.22467153e+03     2.89765402e+02    -1.22472285e+03   
    1.15900000e+03     5.79500000e-01    -1.22467146e+03     2.67929444e+02    -1.22471912e+03   
    1.16000000e+03     5.80000000e-01    -1.22467146e+03     2.53173922e+02    -1.22471653e+03   
    1.16100000e+03     5.80500000e-01    -1.22467141e+03     2.48625122e+02    -1.22471539e+03   
    1.16200000e+03     5.81000000e-01    -1.22467146e+03     2.45716710e+02    -1.22471553e+03   
    1.16300000e+03     5.81500000e-01    -1.22467158e+03     2.45564419e+02    -1.22471668e+03   
    1.16400000e+03     5.82000000e-01    -1.22467156e+03     2.50011685e+02    -1.22471783e+03   
    1.16500000e+03     5.82500000e-01    -1.22467162e+03     2.52702444e+02    -1.22471883e+03   
    1.16600000e+03     5.83000000e-01    -1.22467162e+03     2.60734282e+02    -1.22471955e+03   
    1.16700000e+03     5.83500000e-01    -1.22467151e+03     2.58946423e+02    -1.22472012e+03   
    1.16800000e+03     5.84000000e-01    -1.22467159e+03     2.62606626e+02    -1.22472070e+03   
    1.16900000e+03     5.84500000e-01    -1.22467153e+03     2.67784762e+02    -1.22472113e+03   
    1.17000000e+03     5.85000000e-01    -1.22467152e+03     2.71422422e+02    -1.22472213e+03   
    1.17100000e+03     5.85500000e-01    -1.22467144e+03     2.79508555e+02    -1.22472400e+03   
    1.17200000e+03     5.86000000e-01    -1.22467149e+03     2.96923380e+02    -1.22472716e+03   
    1.17300000e+03     5.86500000e-01    -1.22467153e+03     3.05496328e+02    -1.22473017e+03   
    1.17400000e+03     5.87000000e-01    -1.22467159e+03     3.13347521e+02    -1.22473232e+03   
    1.17500000e+03     5.87500000e-01    -1.22467162e+03     3.18197472e+02    -1.22473276e+03   
    1.17600000e+03     5.88000000e-01    -1.22467157e+03     3.12051675e+02    -1.22473118e+03   
    1.17700000e+03     5.88500000e-01    -1.22467157e+03     3.01323536e+02    -1.22472845e+03   
    1.17800000e+03     5.89000000e-01    -1.22467157e+03     2.90984075e+02    -1.22472529e+03   
    1.17900000e+03     5.89500000e-01    -1.22467150e+03     2.75114140e+02    -1.22472242e+03   
    1.18000000e+03     5.90000000e-01    -1.22467148e+03     2.62842674e+02    -1.22472027e+03   
    1.18100000e+03     5.90500000e-01    -1.22467144e+03     2.54213352e+02    -1.22471912e+03   
    1.18200000e+03     5.91000000e-01    -1.22467147e+03     2.56484254e+02    -1.22471912e+03   
    1.18300000e+03     5.91500000e-01    -1.22467150e+03     2.55149380e+02    -1.22472012e+03   
    1.18400000e+03     5.92000000e-01    -1.22467153e+03     2.65718762e+02    -1.22472213e+03   
    1.18500000e+03     5.92500000e-01    -1.22467157e+03     2.73548921e+02    -1.22472457e+03   
    1.18600000e+03     5.93000000e-01    -1.22467151e+03     2.84053711e+02    -1.22472701e+03   
    1.18700000e+03     5.93500000e-01    -1.22467164e+03     2.92085916e+02    -1.22472888e+03   
    1.18800000e+03     5.94000000e-01    -1.22467164e+03     2.97829108e+02    -1.22472974e+03   
    1.18900000e+03     5.94500000e-01    -1.22467150e+03     2.98156259e+02    -1.22472974e+03   
    1.19000000e+03     5.95000000e-01    -1.22467143e+03     2.99807492e+02    -1.22473031e+03   
    1.19100000e+03     5.95500000e-01    -1.22467150e+03     3.06110387e+02    -1.22473189e+03   
    1.19200000e+03     5.96000000e-01    -1.22467157e+03     3.12537778e+02    -1.22473390e+03   
    1.19300000e+03     5.96500000e-01    -1.22467164e+03     3.24380960e+02    -1.22473620e+03   
    1.19400000e+03     5.97000000e-01    -1.22467162e+03     3.31997481e+02    -1.22473792e+03   
    1.19500000e+03     5.97500000e-01    -1.22467165e+03     3.36689271e+02    -1.22473821e+03   
    1.19600000e+03     5.98000000e-01    -1.22467156e+03     3.34794334e+02    -1.22473706e+03   
    1.19700000e+03     5.98500000e-01    -1.22467155e+03     3.23642160e+02    -1.22473491e+03   
    1.19800000e+03     5.99000000e-01    -1.22467146e+03     3.06242516e+02    -1.22473204e+03   
    1.19900000e+03     5.99500000e-01    -1.22467145e+03     2.96466841e+02    -1.22472917e+03   
    1.20000000e+03     6.00000000e-01    -1.22467149e+03     2.83899399e+02    -1.22472673e+03   
    1.20100000e+03     6.00500000e-01    -1.22467143e+03     2.82176777e+02    -1.22472472e+03   
    1.20200000e+03     6.01000000e-01    -1.22467151e+03     2.77710353e+02    -1.22472357e+03   
    1.20300000e+03     6.01500000e-01    -1.22467152e+03     2.73816517e+02    -1.22472285e+03   
    1.20400000e+03     6.02000000e-01    -1.22467153e+03     2.71334147e+02    -1.22472256e+03   
    1.20500000e+03     6.02500000e-01    -1.22467146e+03     2.64029522e+02    -1.22472228e+03   
    1.20600000e+03     6.03000000e-01    -1.22467157e+03     2.57105678e+02    -1.22472185e+03   
    1.20700000e+03     6.03500000e-01    -1.22467153e+03     2.54049317e+02    -1.22472127e+03   
    1.20800000e+03     6.04000000e-01    -1.22467144e+03     2.49460343e+02    -1.22472098e+03   
    1.20900000e+03     6.04500000e-01    -1.22467142e+03     2.57334488e+02    -1.22472242e+03   
    1.21000000e+03     6.05000000e-01    -1.22467147e+03     2.73768365e+02    -1.22472558e+03   
    1.21100000e+03     6.05500000e-01    -1.22467156e+03     2.89573799e+02    -1.22472960e+03   
    1.21200000e+03     6.06000000e-01    -1.22467167e+03     3.08552394e+02    -1.22473304e+03   
    1.21300000e+03     6.06500000e-01    -1.22467166e+03     3.16798401e+02    -1.22473505e+03   
    1.21400000e+03     6.07000000e-01    -1.22467164e+03     3.17453512e+02    -1.22473520e+03   
    1.21500000e+03     6.07500000e-01    -1.22467151e+03     3.13518055e+02    -1.22473405e+03   
    1.21600000e+03     6.08000000e-01    -1.22467147e+03     3.08367809e+02    -1.22473261e+03   
    1.21700000e+03     6.08500000e-01    -1.22467144e+03     3.10733663e+02    -1.22473161e+03   
    1.21800000e+03     6.09000000e-01    -1.22467155e+03     3.10281937e+02    -1.22473118e+03   
    1.21900000e+03     6.09500000e-01    -1.22467152e+03     3.11338512e+02    -1.22473089e+03   
    1.22000000e+03     6.10000000e-01    -1.22467152e+03     3.14649358e+02    -1.22473060e+03   
    1.22100000e+03     6.10500000e-01    -1.22467147e+03     3.14285257e+02    -1.22472988e+03   
    1.22200000e+03     6.11000000e-01    -1.22467149e+03     3.16994755e+02    -1.22472917e+03   
    1.22300000e+03     6.11500000e-01    -1.22467152e+03     3.09777570e+02    -1.22472816e+03   
    1.22400000e+03     6.12000000e-01    -1.22467144e+03     3.06856506e+02    -1.22472701e+03   
    1.22500000e+03     6.12500000e-01    -1.22467144e+03     2.99609366e+02    -1.22472543e+03   
    1.22600000e+03     6.13000000e-01    -1.22467148e+03     2.95112315e+02    -1.22472400e+03   
    1.22700000e+03     6.13500000e-01    -1.22467145e+03     2.96219881e+02    -1.22472371e+03   
    1.22800000e+03     6.14000000e-01    -1.22467138e+03     2.97621929e+02    -1.22472500e+03   
    1.22900000e+03     6.14500000e-01    -1.22467149e+03     3.07424961e+02    -1.22472773e+03   
    1.23000000e+03     6.15000000e-01    -1.22467159e+03     3.15120661e+02    -1.22473103e+03   
    1.23100000e+03     6.15500000e-01    -1.22467157e+03     3.25298076e+02    -1.22473376e+03   
    1.23200000e+03     6.16000000e-01    -1.22467162e+03     3.37541555e+02    -1.22473520e+03   
    1.23300000e+03     6.16500000e-01    -1.22467159e+03     3.40370357e+02    -1.22473520e+03   
    1.23400000e+03     6.17000000e-01    -1.22467155e+03     3.30813482e+02    -1.22473448e+03   
    1.23500000e+03     6.17500000e-01    -1.22467155e+03     3.26259950e+02    -1.22473362e+03   
    1.23600000e+03     6.18000000e-01    -1.22467145e+03     3.27514879e+02    -1.22473304e+03   
    1.23700000e+03     6.18500000e-01    -1.22467159e+03     3.25795906e+02    -1.22473290e+03   
    1.23800000e+03     6.19000000e-01    -1.22467157e+03     3.22246147e+02    -1.22473232e+03   
    1.23900000e+03     6.19500000e-01    -1.22467149e+03     3.11557880e+02    -1.22473118e+03   
    1.24000000e+03     6.20000000e-01    -1.22467148e+03     3.06894393e+02    -1.22472988e+03   
    1.24100000e+03     6.20500000e-01    -1.22467147e+03     3.06367539e+02    -1.22472888e+03   
    1.24200000e+03     6.21000000e-01    -1.22467149e+03     3.01229033e+02    -1.22472802e+03   
    1.24300000e+03     6.21500000e-01    -1.22467150e+03     2.96592813e+02    -1.22472716e+03   
    1.24400000e+03     6.22000000e-01    -1.22467158e+03     2.94748248e+02    -1.22472601e+03   
    1.24500000e+03     6.22500000e-01    -1.22467158e+03     2.86180487e+02    -1.22472429e+03   
    1.24600000e+03     6.23000000e-01    -1.22467154e+03     2.76873056e+02    -1.22472213e+03   
    1.24700000e+03     6.23500000e-01    -1.22467151e+03     2.66402029e+02    -1.22472084e+03   
    1.24800000e+03     6.24000000e-01    -1.22467151e+03     2.62559663e+02    -1.22472070e+03   
    1.24900000e+03     6.24500000e-01    -1.22467153e+03     2.69720044e+02    -1.22472185e+03   
    1.25000000e+03     6.25000000e-01    -1.22467156e+03     2.79672326e+02    -1.22472414e+03   
    1.25100000e+03     6.25500000e-01    -1.22467158e+03     2.86370365e+02    -1.22472658e+03   
    1.25200000e+03     6.26000000e-01    -1.22467154e+03     2.91416214e+02    -1.22472831e+03   
    1.25300000e+03     6.26500000e-01    -1.22467157e+03     2.93644072e+02    -1.22472931e+03   
    1.25400000e+03     6.27000000e-01    -1.22467159e+03     2.90884114e+02    -1.22472974e+03   
    1.25500000e+03     6.27500000e-01    -1.22467151e+03     2.86953928e+02    -1.22472945e+03   
    1.25600000e+03     6.28000000e-01    -1.22467163e+03     2.81199883e+02    -1.22472902e+03   
    1.25700000e+03     6.28500000e-01    -1.22467161e+03     2.78535371e+02    -1.22472802e+03   
    1.25800000e+03     6.29000000e-01    -1.22467144e+03     2.74682054e+02    -1.22472687e+03   
    1.25900000e+03     6.29500000e-01    -1.22467151e+03     2.78565589e+02    -1.22472615e+03   
    1.26000000e+03     6.30000000e-01    -1.22467155e+03     2.69838199e+02    -1.22472586e+03   
    1.26100000e+03     6.30500000e-01    -1.22467156e+03     2.72232413e+02    -1.22472615e+03   
    1.26200000e+03     6.31000000e-01    -1.22467146e+03     2.79267326e+02    -1.22472687e+03   
    1.26300000e+03     6.31500000e-01    -1.22467160e+03     2.77049331e+02    -1.22472773e+03   
    1.26400000e+03     6.32000000e-01    -1.22467165e+03     2.78965750e+02    -1.22472802e+03   
    1.26500000e+03     6.32500000e-01    -1.22467158e+03     2.83969541e+02    -1.22472744e+03   
    1.26600000e+03     6.33000000e-01    -1.22467159e+03     2.73515789e+02    -1.22472572e+03   
    1.26700000e+03     6.33500000e-01    -1.22467140e+03     2.64772893e+02    -1.22472371e+03   
    1.26800000e+03     6.34000000e-01    -1.22467135e+03     2.58853614e+02    -1.22472285e+03   
    1.26900000e+03     6.34500000e-01    -1.22467145e+03     2.65106261e+02    -1.22472414e+03   
    1.27000000e+03     6.35000000e-01    -1.22467153e+03     2.81540580e+02    -1.22472730e+03   
    1.27100000e+03     6.35500000e-01    -1.22467161e+03     2.98272568e+02    -1.22473118e+03   
    1.27200000e+03     6.36000000e-01    -1.22467166e+03     3.10599964e+02    -1.22473462e+03   
    1.27300000e+03     6.36500000e-01    -1.22467159e+03     3.18865861e+02    -1.22473663e+03   
    1.27400000e+03     6.37000000e-01    -1.22467153e+03     3.23652482e+02    -1.22473677e+03   
    1.27500000e+03     6.37500000e-01    -1.22467157e+03     3.18270138e+02    -1.22473548e+03   
    1.27600000e+03     6.38000000e-01    -1.22467148e+03     3.06323469e+02    -1.22473319e+03   
    1.27700000e+03     6.38500000e-01    -1.22467147e+03     2.97148276e+02    -1.22473089e+03   
    1.27800000e+03     6.39000000e-01    -1.22467140e+03     2.88779275e+02    -1.22472960e+03   
    1.27900000e+03     6.39500000e-01    -1.22467141e+03     2.83057623e+02    -1.22472974e+03   
    1.28000000e+03     6.40000000e-01    -1.22467142e+03     2.89974414e+02    -1.22473103e+03   
    1.28100000e+03     6.40500000e-01    -1.22467144e+03     2.95665439e+02    -1.22473290e+03   
    1.28200000e+03     6.41000000e-01    -1.22467158e+03     3.01841866e+02    -1.22473534e+03   
    1.28300000e+03     6.41500000e-01    -1.22467163e+03     3.13955680e+02    -1.22473721e+03   
    1.28400000e+03     6.42000000e-01    -1.22467170e+03     3.24113708e+02    -1.22473749e+03   
    1.28500000e+03     6.42500000e-01    -1.22467164e+03     3.18117345e+02    -1.22473534e+03   
    1.28600000e+03     6.43000000e-01    -1.22467154e+03     3.03526085e+02    -1.22473175e+03   
    1.28700000e+03     6.43500000e-01    -1.22467136e+03     2.90828638e+02    -1.22472831e+03   
    1.28800000e+03     6.44000000e-01    -1.22467122e+03     2.83627717e+02    -1.22472701e+03   
    1.28900000e+03     6.44500000e-01    -1.22467124e+03     2.85062833e+02    -1.22472859e+03   
    1.29000000e+03     6.45000000e-01    -1.22467136e+03     2.98817531e+02    -1.22473319e+03   
    1.29100000e+03     6.45500000e-01    -1.22467161e+03     3.21246767e+02    -1.22473878e+03   
    1.29200000e+03     6.46000000e-01    -1.22467166e+03     3.37830398e+02    -1.22474295e+03   
    1.29300000e+03     6.46500000e-01    -1.22467171e+03     3.43661830e+02    -1.22474438e+03   
    1.29400000e+03     6.47000000e-01    -1.22467159e+03     3.41361722e+02    -1.22474266e+03   
    1.29500000e+03     6.47500000e-01    -1.22467149e+03     3.24999803e+02    -1.22473907e+03   
    1.29600000e+03     6.48000000e-01    -1.22467140e+03     3.14791113e+02    -1.22473534e+03   
    1.29700000e+03     6.48500000e-01    -1.22467131e+03     3.00775299e+02    -1.22473261e+03   
    1.29800000e+03     6.49000000e-01    -1.22467136e+03     2.96549847e+02    -1.22473189e+03   
    1.29900000e+03     6.49500000e-01    -1.22467133e+03     2.98198319e+02    -1.22473290e+03   
    1.30000000e+03     6.50000000e-01    -1.22467141e+03     3.05878982e+02    -1.22473534e+03   
    1.30100000e+03     6.50500000e-01    -1.22467147e+03     3.12338322e+02    -1.22473821e+03   
    1.30200000e+03     6.51000000e-01    -1.22467167e+03     3.21878576e+02    -1.22474051e+03   
    1.30300000e+03     6.51500000e-01    -1.22467161e+03     3.21722438e+02    -1.22474065e+03   
    1.30400000e+03     6.52000000e-01    -1.22467168e+03     3.10338367e+02    -1.22473878e+03   
    1.30500000e+03     6.52500000e-01    -1.22467157e+03     2.98264057e+02    -1.22473520e+03   
    1.30600000e+03     6.53000000e-01    -1.22467137e+03     2.82756223e+02    -1.22473204e+03   
    1.30700000e+03     6.53500000e-01    -1.22467138e+03     2.74289318e+02    -1.22473103e+03   
    1.30800000e+03     6.54000000e-01    -1.22467145e+03     2.86960129e+02    -1.22473276e+03   
    1.30900000e+03     6.54500000e-01    -1.22467145e+03     3.01557030e+02    -1.22473634e+03   
    1.31000000e+03     6.55000000e-01    -1.22467164e+03     3.18513658e+02    -1.22474036e+03   
    1.31100000e+03     6.55500000e-01    -1.22467160e+03     3.21904617e+02    -1.22474252e+03   
    1.31200000e+03     6.56000000e-01    -1.22467161e+03     3.23162933e+02    -1.22474252e+03   
    1.31300000e+03     6.56500000e-01    -1.22467148e+03     3.18737352e+02    -1.22474094e+03   
    1.31400000e+03     6.57000000e-01    -1.22467149e+03     3.09957625e+02    -1.22473864e+03   
    1.31500000e+03     6.57500000e-01    -1.22467139e+03     2.98446681e+02    -1.22473663e+03   
    1.31600000e+03     6.58000000e-01    -1.22467148e+03     2.93363478e+02    -1.22473534e+03   
    1.31700000e+03     6.58500000e-01    -1.22467138e+03     2.93456916e+02    -1.22473462e+03   
    1.31800000e+03     6.59000000e-01    -1.22467146e+03     2.99487513e+02    -1.22473462e+03   
    1.31900000e+03     6.59500000e-01    -1.22467145e+03     3.01909818e+02    -1.22473534e+03   
    1.32000000e+03     6.60000000e-01    -1.22467153e+03     3.07913822e+02    -1.22473663e+03   
    1.32100000e+03     6.60500000e-01    -1.22467158e+03     3.07392897e+02    -1.22473735e+03   
    1.32200000e+03     6.61000000e-01    -1.22467160e+03     3.08460348e+02    -1.22473692e+03   
    1.32300000e+03     6.61500000e-01    -1.22467153e+03     3.03061440e+02    -1.22473534e+03   
    1.32400000e+03     6.62000000e-01    -1.22467145e+03     2.99836526e+02    -1.22473304e+03   
    1.32500000e+03     6.62500000e-01    -1.22467135e+03     2.93048029e+02    -1.22473132e+03   
    1.32600000e+03     6.63000000e-01    -1.22467138e+03     2.88459666e+02    -1.22473161e+03   
    1.32700000e+03     6.63500000e-01    -1.22467146e+03     2.99440746e+02    -1.22473419e+03   
    1.32800000e+03     6.64000000e-01    -1.22467154e+03     3.16299040e+02    -1.22473778e+03   
    1.32900000e+03     6.64500000e-01    -1.22467167e+03     3.28081929e+02    -1.22474079e+03   
    1.33000000e+03     6.65000000e-01    -1.22467168e+03     3.33432361e+02    -1.22474180e+03   
    1.33100000e+03     6.65500000e-01    -1.22467164e+03     3.28770954e+02    -1.22474065e+03   
    1.33200000e+03     6.66000000e-01    -1.22467146e+03     3.17094165e+02    -1.22473821e+03   
    1.33300000e+03     6.66500000e-01    -1.22467143e+03     3.07356178e+02    -1.22473548e+03   
    1.33400000e+03     6.67000000e-01    -1.22467144e+03     2.99784248e+02    -1.22473333e+03   
    1.33500000e+03     6.67500000e-01    -1.22467145e+03     2.91173896e+02    -1.22473204e+03   
    1.33600000e+03     6.68000000e-01    -1.22467144e+03     2.88739141e+02    -1.22473232e+03   
    1.33700000e+03     6.68500000e-01    -1.22467142e+03     2.93040087e+02    -1.22473405e+03   
    1.33800000e+03     6.69000000e-01    -1.22467144e+03     3.03942765e+02    -1.22473649e+03   
    1.33900000e+03     6.69500000e-01    -1.22467156e+03     3.16577479e+02    -1.22473878e+03   
    1.34000000e+03     6.70000000e-01    -1.22467159e+03     3.19424595e+02    -1.22473950e+03   
    1.34100000e+03     6.70500000e-01    -1.22467153e+03     3.13873015e+02    -1.22473792e+03   
    1.34200000e+03     6.71000000e-01    -1.22467151e+03     2.99713831e+02    -1.22473491e+03   
    1.34300000e+03     6.71500000e-01    -1.22467148e+03     2.82304074e+02    -1.22473204e+03   
    1.34400000e+03     6.72000000e-01    -1.22467134e+03     2.82418117e+02    -1.22473089e+03   
    1.34500000e+03     6.72500000e-01    -1.22467141e+03     2.89496934e+02    -1.22473261e+03   
    1.34600000e+03     6.73000000e-01    -1.22467155e+03     3.07481604e+02    -1.22473634e+03   
    1.34700000e+03     6.73500000e-01    -1.22467159e+03     3.27499307e+02    -1.22474022e+03   
    1.34800000e+03     6.74000000e-01    -1.22467171e+03     3.30623692e+02    -1.22474252e+03   
    1.34900000e+03     6.74500000e-01    -1.22467168e+03     3.28270310e+02    -1.22474252e+03   
    1.35000000e+03     6.75000000e-01    -1.22467150e+03     3.25894897e+02    -1.22474094e+03   
    1.35100000e+03     6.75500000e-01    -1.22467146e+03     3.18122848e+02    -1.22473878e+03   
    1.35200000e+03     6.76000000e-01    -1.22467147e+03     3.13321262e+02    -1.22473706e+03   
    1.35300000e+03     6.76500000e-01    -1.22467138e+03     3.11643968e+02    -1.22473591e+03   
    1.35400000e+03     6.77000000e-01    -1.22467145e+03     3.13606983e+02    -1.22473563e+03   
    1.35500000e+03     6.77500000e-01    -1.22467150e+03     3.14031643e+02    -1.22473620e+03   
    1.35600000e+03     6.78000000e-01    -1.22467144e+03     3.16728766e+02    -1.22473735e+03   
    1.35700000e+03     6.78500000e-01    -1.22467157e+03     3.22772870e+02    -1.22473907e+03   
    1.35800000e+03     6.79000000e-01    -1.22467166e+03     3.28842545e+02    -1.22474036e+03   
    1.35900000e+03     6.79500000e-01    -1.22467164e+03     3.28942278e+02    -1.22474051e+03   
    1.36000000e+03     6.80000000e-01    -1.22467166e+03     3.22159535e+02    -1.22473893e+03   
    1.36100000e+03     6.80500000e-01    -1.22467153e+03     3.07815273e+02    -1.22473563e+03   
    1.36200000e+03     6.81000000e-01    -1.22467147e+03     2.89424484e+02    -1.22473232e+03   
    1.36300000e+03     6.81500000e-01    -1.22467133e+03     2.81413123e+02    -1.22473046e+03   
    1.36400000e+03     6.82000000e-01    -1.22467131e+03     2.82031492e+02    -1.22473146e+03   
    1.36500000e+03     6.82500000e-01    -1.22467153e+03     2.90804569e+02    -1.22473505e+03   
    1.36600000e+03     6.83000000e-01    -1.22467166e+03     3.12487308e+02    -1.22473936e+03   
    1.36700000e+03     6.83500000e-01    -1.22467171e+03     3.30208558e+02    -1.22474266e+03   
    1.36800000e+03     6.84000000e-01    -1.22467167e+03     3.34536296e+02    -1.22474381e+03   
    1.36900000e+03     6.84500000e-01    -1.22467154e+03     3.28505163e+02    -1.22474280e+03   
    1.37000000e+03     6.85000000e-01    -1.22467157e+03     3.19833424e+02    -1.22474094e+03   
    1.37100000e+03     6.85500000e-01    -1.22467150e+03     3.10293644e+02    -1.22473907e+03   
    1.37200000e+03     6.86000000e-01    -1.22467142e+03     3.06033430e+02    -1.22473821e+03   
    1.37300000e+03     6.86500000e-01    -1.22467154e+03     3.01869968e+02    -1.22473878e+03   
    1.37400000e+03     6.87000000e-01    -1.22467157e+03     3.07857261e+02    -1.22474008e+03   
    1.37500000e+03     6.87500000e-01    -1.22467155e+03     3.16636582e+02    -1.22474194e+03   
    1.37600000e+03     6.88000000e-01    -1.22467168e+03     3.24231588e+02    -1.22474381e+03   
    1.37700000e+03     6.88500000e-01    -1.22467170e+03     3.28724788e+02    -1.22474438e+03   
    1.37800000e+03     6.89000000e-01    -1.22467166e+03     3.24120724e+02    -1.22474309e+03   
    1.37900000e+03     6.89500000e-01    -1.22467163e+03     3.14144576e+02    -1.22474008e+03   
    1.38000000e+03     6.90000000e-01    -1.22467157e+03     2.93071257e+02    -1.22473577e+03   
    1.38100000e+03     6.90500000e-01    -1.22467147e+03     2.70402079e+02    -1.22473204e+03   
    1.38200000e+03     6.91000000e-01    -1.22467133e+03     2.65545334e+02    -1.22473031e+03   
    1.38300000e+03     6.91500000e-01    -1.22467148e+03     2.71917658e+02    -1.22473146e+03   
    1.38400000e+03     6.92000000e-01    -1.22467155e+03     2.86376523e+02    -1.22473448e+03   
    1.38500000e+03     6.92500000e-01    -1.22467172e+03     3.02393319e+02    -1.22473764e+03   
    1.38600000e+03     6.93000000e-01    -1.22467167e+03     3.13415262e+02    -1.22473950e+03   
    1.38700000e+03     6.93500000e-01    -1.22467173e+03     3.19314606e+02    -1.22473950e+03   
    1.38800000e+03     6.94000000e-01    -1.22467158e+03     3.11062117e+02    -1.22473764e+03   
    1.38900000e+03     6.94500000e-01    -1.22467151e+03     3.00182453e+02    -1.22473548e+03   
    1.39000000e+03     6.95000000e-01    -1.22467145e+03     2.94797190e+02    -1.22473405e+03   
    1.39100000e+03     6.95500000e-01    -1.22467149e+03     2.94981110e+02    -1.22473390e+03   
    1.39200000e+03     6.96000000e-01    -1.22467159e+03     2.99682210e+02    -1.22473520e+03   
    1.39300000e+03     6.96500000e-01    -1.22467161e+03     3.12769086e+02    -1.22473706e+03   
    1.39400000e+03     6.97000000e-01    -1.22467162e+03     3.22121353e+02    -1.22473878e+03   
    1.39500000e+03     6.97500000e-01    -1.22467166e+03     3.30554795e+02    -1.22473979e+03   
    1.39600000e+03     6.98000000e-01    -1.22467174e+03     3.25299372e+02    -1.22473922e+03   
    1.39700000e+03     6.98500000e-01    -1.22467162e+03     3.12310238e+02    -1.22473692e+03   
    1.39800000e+03     6.99000000e-01    -1.22467158e+03     2.98600989e+02    -1.22473347e+03   
    1.39900000e+03     6.99500000e-01    -1.22467155e+03     2.83511935e+02    -1.22472988e+03   
    1.40000000e+03     7.00000000e-01    -1.22467155e+03     2.78260852e+02    -1.22472744e+03   
    1.40100000e+03     7.00500000e-01    -1.22467147e+03     2.79465521e+02    -1.22472673e+03   
    1.40200000e+03     7.01000000e-01    -1.22467157e+03     2.86046209e+02    -1.22472802e+03   
    1.40300000e+03     7.01500000e-01    -1.22467157e+03     3.02242716e+02    -1.22473060e+03   
    1.40400000e+03     7.02000000e-01    -1.22467167e+03     3.19715277e+02    -1.22473290e+03   
    1.40500000e+03     7.02500000e-01    -1.22467172e+03     3.21649117e+02    -1.22473390e+03   
    1.40600000e+03     7.03000000e-01    -1.22467168e+03     3.15376053e+02    -1.22473304e+03   
    1.40700000e+03     7.03500000e-01    -1.22467160e+03     3.10498161e+02    -1.22473132e+03   
    1.40800000e+03     7.04000000e-01    -1.22467158e+03     3.05199998e+02    -1.22472974e+03   
    1.40900000e+03     7.04500000e-01    -1.22467153e+03     2.98810865e+02    -1.22472931e+03   
    1.41000000e+03     7.05000000e-01    -1.22467152e+03     3.03405878e+02    -1.22473046e+03   
    1.41100000e+03     7.05500000e-01    -1.22467151e+03     3.22376113e+02    -1.22473304e+03   
    1.41200000e+03     7.06000000e-01    -1.22467155e+03     3.36012838e+02    -1.22473620e+03   
    1.41300000e+03     7.06500000e-01    -1.22467159e+03     3.42709670e+02    -1.22473864e+03   
    1.41400000e+03     7.07000000e-01    -1.22467173e+03     3.44891443e+02    -1.22473993e+03   
    1.41500000e+03     7.07500000e-01    -1.22467167e+03     3.42219323e+02    -1.22473950e+03   
    1.41600000e+03     7.08000000e-01    -1.22467161e+03     3.35482356e+02    -1.22473778e+03   
    1.41700000e+03     7.08500000e-01    -1.22467154e+03     3.21525418e+02    -1.22473520e+03   
    1.41800000e+03     7.09000000e-01    -1.22467154e+03     3.06031003e+02    -1.22473261e+03   
    1.41900000e+03     7.09500000e-01    -1.22467143e+03     2.97860179e+02    -1.22473060e+03   
    1.42000000e+03     7.10000000e-01    -1.22467153e+03     2.91670547e+02    -1.22473017e+03   
    1.42100000e+03     7.10500000e-01    -1.22467153e+03     2.91074404e+02    -1.22473118e+03   
    1.42200000e+03     7.11000000e-01    -1.22467162e+03     3.06834986e+02    -1.22473319e+03   
    1.42300000e+03     7.11500000e-01    -1.22467160e+03     3.13060714e+02    -1.22473462e+03   
    1.42400000e+03     7.12000000e-01    -1.22467170e+03     3.10121634e+02    -1.22473462e+03   
    1.42500000e+03     7.12500000e-01    -1.22467165e+03     3.05367181e+02    -1.22473304e+03   
    1.42600000e+03     7.13000000e-01    -1.22467154e+03     2.98735490e+02    -1.22473089e+03   
    1.42700000e+03     7.13500000e-01    -1.22467143e+03     2.93404113e+02    -1.22472931e+03   
    1.42800000e+03     7.14000000e-01    -1.22467142e+03     2.92811501e+02    -1.22472945e+03   
    1.42900000e+03     7.14500000e-01    -1.22467145e+03     3.01144404e+02    -1.22473161e+03   
    1.43000000e+03     7.15000000e-01    -1.22467154e+03     3.22518956e+02    -1.22473548e+03   
    1.43100000e+03     7.15500000e-01    -1.22467166e+03     3.31831793e+02    -1.22473950e+03   
    1.43200000e+03     7.16000000e-01    -1.22467165e+03     3.52402464e+02    -1.22474237e+03   
    1.43300000e+03     7.16500000e-01    -1.22467175e+03     3.54953819e+02    -1.22474338e+03   
    1.43400000e+03     7.17000000e-01    -1.22467162e+03     3.48967491e+02    -1.22474194e+03   
    1.43500000e+03     7.17500000e-01    -1.22467151e+03     3.32206134e+02    -1.22473907e+03   
    1.43600000e+03     7.18000000e-01    -1.22467153e+03     3.21646928e+02    -1.22473606e+03   
    1.43700000e+03     7.18500000e-01    -1.22467149e+03     3.11136749e+02    -1.22473390e+03   
    1.43800000e+03     7.19000000e-01    -1.22467148e+03     3.12431481e+02    -1.22473333e+03   
    1.43900000e+03     7.19500000e-01    -1.22467159e+03     3.07001053e+02    -1.22473390e+03   
    1.44000000e+03     7.20000000e-01    -1.22467159e+03     3.12773696e+02    -1.22473491e+03   
    1.44100000e+03     7.20500000e-01    -1.22467159e+03     3.20059516e+02    -1.22473606e+03   
    1.44200000e+03     7.21000000e-01    -1.22467162e+03     3.13154358e+02    -1.22473606e+03   
    1.44300000e+03     7.21500000e-01    -1.22467161e+03     3.04926843e+02    -1.22473477e+03   
    1.44400000e+03     7.22000000e-01    -1.22467158e+03     2.93050506e+02    -1.22473232e+03   
    1.44500000e+03     7.22500000e-01    -1.22467160e+03     2.84733317e+02    -1.22472945e+03   
    1.44600000e+03     7.23000000e-01    -1.22467144e+03     2.70064638e+02    -1.22472658e+03   
    1.44700000e+03     7.23500000e-01    -1.22467146e+03     2.61975473e+02    -1.22472529e+03   
    1.44800000e+03     7.24000000e-01    -1.22467147e+03     2.62446459e+02    -1.22472630e+03   
    1.44900000e+03     7.24500000e-01    -1.22467152e+03     2.76027114e+02    -1.22472945e+03   
    1.45000000e+03     7.25000000e-01    -1.22467158e+03     2.96422507e+02    -1.22473376e+03   
    1.45100000e+03     7.25500000e-01    -1.22467166e+03     3.16511918e+02    -1.22473749e+03   
    1.45200000e+03     7.26000000e-01    -1.22467178e+03     3.24872883e+02    -1.22473950e+03   
    1.45300000e+03     7.26500000e-01    -1.22467173e+03     3.28349841e+02    -1.22473893e+03   
    1.45400000e+03     7.27000000e-01    -1.22467170e+03     3.21833994e+02    -1.22473649e+03   
    1.45500000e+03     7.27500000e-01    -1.22467160e+03     3.07168379e+02    -1.22473347e+03   
    1.45600000e+03     7.28000000e-01    -1.22467155e+03     3.00634210e+02    -1.22473089e+03   
    1.45700000e+03     7.28500000e-01    -1.22467152e+03     2.97422269e+02    -1.22472960e+03   
    1.45800000e+03     7.29000000e-01    -1.22467147e+03     3.00663792e+02    -1.22472960e+03   
    1.45900000e+03     7.29500000e-01    -1.22467149e+03     3.00086547e+02    -1.22473075e+03   
    1.46000000e+03     7.30000000e-01    -1.22467162e+03     3.07983927e+02    -1.22473247e+03   
    1.46100000e+03     7.30500000e-01    -1.22467163e+03     3.11238314e+02    -1.22473362e+03   
    1.46200000e+03     7.31000000e-01    -1.22467170e+03     3.07353652e+02    -1.22473333e+03   
    1.46300000e+03     7.31500000e-01    -1.22467161e+03     2.98971126e+02    -1.22473132e+03   
    1.46400000e+03     7.32000000e-01    -1.22467164e+03     2.88948923e+02    -1.22472859e+03   
    1.46500000e+03     7.32500000e-01    -1.22467147e+03     2.80206071e+02    -1.22472572e+03   
    1.46600000e+03     7.33000000e-01    -1.22467146e+03     2.72707264e+02    -1.22472443e+03   
    1.46700000e+03     7.33500000e-01    -1.22467143e+03     2.75751087e+02    -1.22472529e+03   
    1.46800000e+03     7.34000000e-01    -1.22467151e+03     2.87737130e+02    -1.22472831e+03   
    1.46900000e+03     7.34500000e-01    -1.22467157e+03     3.07593318e+02    -1.22473261e+03   
    1.47000000e+03     7.35000000e-01    -1.22467169e+03     3.26401937e+02    -1.22473663e+03   
    1.47100000e+03     7.35500000e-01    -1.22467176e+03     3.41538413e+02    -1.22473907e+03   
    1.47200000e+03     7.36000000e-01    -1.22467170e+03     3.40866308e+02    -1.22473922e+03   
    1.47300000e+03     7.36500000e-01    -1.22467167e+03     3.29816700e+02    -1.22473764e+03   
    1.47400000e+03     7.37000000e-01    -1.22467150e+03     3.23299289e+02    -1.22473534e+03   
    1.47500000e+03     7.37500000e-01    -1.22467159e+03     3.11220267e+02    -1.22473347e+03   
    1.47600000e+03     7.38000000e-01    -1.22467145e+03     3.03674743e+02    -1.22473218e+03   
    1.47700000e+03     7.38500000e-01    -1.22467149e+03     2.99754377e+02    -1.22473218e+03   
    1.47800000e+03     7.39000000e-01    -1.22467155e+03     2.98463987e+02    -1.22473319e+03   
    1.47900000e+03     7.39500000e-01    -1.22467165e+03     3.09247308e+02    -1.22473505e+03   
    1.48000000e+03     7.40000000e-01    -1.22467167e+03     3.13426472e+02    -1.22473620e+03   
    1.48100000e+03     7.40500000e-01    -1.22467170e+03     3.12735103e+02    -1.22473534e+03   
    1.48200000e+03     7.41000000e-01    -1.22467166e+03     2.93285236e+02    -1.22473232e+03   
    1.48300000e+03     7.41500000e-01    -1.22467152e+03     2.72978089e+02    -1.22472859e+03   
    1.48400000e+03     7.42000000e-01    -1.22467145e+03     2.62841474e+02    -1.22472586e+03   
    1.48500000e+03     7.42500000e-01    -1.22467148e+03     2.62226767e+02    -1.22472500e+03   
    1.48600000e+03     7.43000000e-01    -1.22467149e+03     2.61529498e+02    -1.22472586e+03   
    1.48700000e+03     7.43500000e-01    -1.22467146e+03     2.70579032e+02    -1.22472759e+03   
    1.48800000e+03     7.44000000e-01    -1.22467157e+03     2.78870052e+02    -1.22473017e+03   
    1.48900000e+03     7.44500000e-01    -1.22467154e+03     2.82906553e+02    -1.22473218e+03   
    1.49000000e+03     7.45000000e-01    -1.22467161e+03     2.90619631e+02    -1.22473405e+03   
    1.49100000e+03     7.45500000e-01    -1.22467166e+03     2.94002086e+02    -1.22473548e+03   
    1.49200000e+03     7.46000000e-01    -1.22467164e+03     3.03096480e+02    -1.22473606e+03   
    1.49300000e+03     7.46500000e-01    -1.22467164e+03     2.97933862e+02    -1.22473520e+03   
    1.49400000e+03     7.47000000e-01    -1.22467160e+03     2.86754094e+02    -1.22473290e+03   
    1.49500000e+03     7.47500000e-01    -1.22467144e+03     2.76289930e+02    -1.22473003e+03   
    1.49600000e+03     7.48000000e-01    -1.22467142e+03     2.68793565e+02    -1.22472816e+03   
    1.49700000e+03     7.48500000e-01    -1.22467142e+03     2.73988388e+02    -1.22472802e+03   
    1.49800000e+03     7.49000000e-01    -1.22467154e+03     2.85357434e+02    -1.22472945e+03   
    1.49900000e+03     7.49500000e-01    -1.22467160e+03     2.86856317e+02    -1.22473060e+03   
    1.50000000e+03     7.50000000e-01    -1.22467169e+03     2.86955530e+02    -1.22473031e+03   
    1.50100000e+03     7.50500000e-01    -1.22467154e+03     2.78691573e+02    -1.22472816e+03   
    1.50200000e+03     7.51000000e-01    -1.22467154e+03     2.70393858e+02    -1.22472529e+03   
    1.50300000e+03     7.51500000e-01    -1.22467139e+03     2.62361079e+02    -1.22472285e+03   
    1.50400000e+03     7.52000000e-01    -1.22467138e+03     2.57556371e+02    -1.22472185e+03   
    1.50500000e+03     7.52500000e-01    -1.22467142e+03     2.60137362e+02    -1.22472213e+03   
    1.50600000e+03     7.53000000e-01    -1.22467150e+03     2.67364982e+02    -1.22472328e+03   
    1.50700000e+03     7.53500000e-01    -1.22467155e+03     2.74245087e+02    -1.22472443e+03   
    1.50800000e+03     7.54000000e-01    -1.22467154e+03     2.78174043e+02    -1.22472515e+03   
    1.50900000e+03     7.54500000e-01    -1.22467151e+03     2.82090403e+02    -1.22472601e+03   
    1.51000000e+03     7.55000000e-01    -1.22467152e+03     2.87094392e+02    -1.22472701e+03   
    1.51100000e+03     7.55500000e-01    -1.22467156e+03     2.86528615e+02    -1.22472773e+03   
    1.51200000e+03     7.56000000e-01    -1.22467159e+03     2.87102165e+02    -1.22472787e+03   
    1.51300000e+03     7.56500000e-01    -1.22467158e+03     2.90871649e+02    -1.22472787e+03   
    1.51400000e+03     7.57000000e-01    -1.22467155e+03     2.89661257e+02    -1.22472802e+03   
    1.51500000e+03     7.57500000e-01    -1.22467152e+03     2.95547347e+02    -1.22472874e+03   
    1.51600000e+03     7.58000000e-01    -1.22467164e+03     2.94561298e+02    -1.22472960e+03   
    1.51700000e+03     7.58500000e-01    -1.22467161e+03     2.99454195e+02    -1.22472960e+03   
    1.51800000e+03     7.59000000e-01    -1.22467158e+03     2.92814212e+02    -1.22472859e+03   
    1.51900000e+03     7.59500000e-01    -1.22467157e+03     2.84643778e+02    -1.22472673e+03   
    1.52000000e+03     7.60000000e-01    -1.22467144e+03     2.80130336e+02    -1.22472429e+03   
    1.52100000e+03     7.60500000e-01    -1.22467149e+03     2.74878747e+02    -1.22472213e+03   
    1.52200000e+03     7.61000000e-01    -1.22467144e+03     2.68771395e+02    -1.22472113e+03   
    1.52300000e+03     7.61500000e-01    -1.22467136e+03     2.75288915e+02    -1.22472199e+03   
    1.52400000e+03     7.62000000e-01    -1.22467147e+03     2.86795404e+02    -1.22472429e+03   
    1.52500000e+03     7.62500000e-01    -1.22467165e+03     2.93677394e+02    -1.22472701e+03   
    1.52600000e+03     7.63000000e-01    -1.22467158e+03     3.00181550e+02    -1.22472859e+03   
    1.52700000e+03     7.63500000e-01    -1.22467164e+03     3.02741319e+02    -1.22472874e+03   
    1.52800000e+03     7.64000000e-01    -1.22467155e+03     2.93966968e+02    -1.22472787e+03   
    1.52900000e+03     7.64500000e-01    -1.22467156e+03     2.91391917e+02    -1.22472716e+03   
    1.53000000e+03     7.65000000e-01    -1.22467156e+03     2.92305663e+02    -1.22472744e+03   
    1.53100000e+03     7.65500000e-01    -1.22467158e+03     2.96170832e+02    -1.22472902e+03   
    1.53200000e+03     7.66000000e-01    -1.22467159e+03     3.02822891e+02    -1.22473118e+03   
    1.53300000e+03     7.66500000e-01    -1.22467169e+03     3.14737300e+02    -1.22473290e+03   
    1.53400000e+03     7.67000000e-01    -1.22467166e+03     3.17886861e+02    -1.22473304e+03   
    1.53500000e+03     7.67500000e-01    -1.22467164e+03     3.14029014e+02    -1.22473247e+03   
    1.53600000e+03     7.68000000e-01    -1.22467164e+03     3.04686719e+02    -1.22473103e+03   
    1.53700000e+03     7.68500000e-01    -1.22467162e+03     2.96722597e+02    -1.22472888e+03   
    1.53800000e+03     7.69000000e-01    -1.22467151e+03     2.86779038e+02    -1.22472630e+03   
    1.53900000e+03     7.69500000e-01    -1.22467145e+03     2.78217979e+02    -1.22472386e+03   
    1.54000000e+03     7.70000000e-01    -1.22467148e+03     2.70405983e+02    -1.22472185e+03   
    1.54100000e+03     7.70500000e-01    -1.22467142e+03     2.67264804e+02    -1.22472055e+03   
    1.54200000e+03     7.71000000e-01    -1.22467148e+03     2.65395429e+02    -1.22472070e+03   
    1.54300000e+03     7.71500000e-01    -1.22467152e+03     2.69040360e+02    -1.22472170e+03   
    1.54400000e+03     7.72000000e-01    -1.22467157e+03     2.71988288e+02    -1.22472328e+03   
    1.54500000e+03     7.72500000e-01    -1.22467166e+03     2.76931220e+02    -1.22472443e+03   
    1.54600000e+03     7.73000000e-01    -1.22467167e+03     2.79749373e+02    -1.22472443e+03   
    1.54700000e+03     7.73500000e-01    -1.22467156e+03     2.81516027e+02    -1.22472314e+03   
    1.54800000e+03     7.74000000e-01    -1.22467144e+03     2.74433866e+02    -1.22472113e+03   
    1.54900000e+03     7.74500000e-01    -1.22467141e+03     2.67048342e+02    -1.22471984e+03   
    1.55000000e+03     7.75000000e-01    -1.22467149e+03     2.71072141e+02    -1.22471984e+03   
    1.55100000e+03     7.75500000e-01    -1.22467147e+03     2.79027199e+02    -1.22472113e+03   
    1.55200000e+03     7.76000000e-01    -1.22467164e+03     2.85636218e+02    -1.22472314e+03   
    1.55300000e+03     7.76500000e-01    -1.22467162e+03     2.87204535e+02    -1.22472472e+03   
    1.55400000e+03     7.77000000e-01    -1.22467165e+03     2.90658327e+02    -1.22472572e+03   
    1.55500000e+03     7.77500000e-01    -1.22467159e+03     2.90162906e+02    -1.22472630e+03   
    1.55600000e+03     7.78000000e-01    -1.22467161e+03     2.91589407e+02    -1.22472630e+03   
    1.55700000e+03     7.78500000e-01    -1.22467158e+03     2.90842789e+02    -1.22472529e+03   
    1.55800000e+03     7.79000000e-01    -1.22467149e+03     2.87884707e+02    -1.22472328e+03   
    1.55900000e+03     7.79500000e-01    -1.22467152e+03     2.82106988e+02    -1.22472084e+03   
    1.56000000e+03     7.80000000e-01    -1.22467140e+03     2.79437651e+02    -1.22471854e+03   
    1.56100000e+03     7.80500000e-01    -1.22467143e+03     2.75042658e+02    -1.22471740e+03   
    1.56200000e+03     7.81000000e-01    -1.22467140e+03     2.74399219e+02    -1.22471754e+03   
    1.56300000e+03     7.81500000e-01    -1.22467151e+03     2.79988133e+02    -1.22471897e+03   
    1.56400000e+03     7.82000000e-01    -1.22467153e+03     2.88356573e+02    -1.22472098e+03   
    1.56500000e+03     7.82500000e-01    -1.22467167e+03     2.98926994e+02    -1.22472285e+03   
    1.56600000e+03     7.83000000e-01    -1.22467170e+03     3.05012201e+02    -1.22472328e+03   
    1.56700000e+03     7.83500000e-01    -1.22467161e+03     3.00378685e+02    -1.22472228e+03   
    1.56800000e+03     7.84000000e-01    -1.22467150e+03     2.97455195e+02    -1.22472055e+03   
    1.56900000e+03     7.84500000e-01    -1.22467149e+03     2.96001047e+02    -1.22471926e+03   
    1.57000000e+03     7.85000000e-01    -1.22467152e+03     2.98290797e+02    -1.22471912e+03   
    1.57100000e+03     7.85500000e-01    -1.22467149e+03     2.97795551e+02    -1.22471998e+03   
    1.57200000e+03     7.86000000e-01    -1.22467148e+03     3.05252198e+02    -1.22472141e+03   
    1.57300000e+03     7.86500000e-01    -1.22467157e+03     3.12333187e+02    -1.22472299e+03   
    1.57400000e+03     7.87000000e-01    -1.22467160e+03     3.19795546e+02    -1.22472414e+03   
    1.57500000e+03     7.87500000e-01    -1.22467168e+03     3.23202786e+02    -1.22472443e+03   
    1.57600000e+03     7.88000000e-01    -1.22467154e+03     3.21878255e+02    -1.22472314e+03   
    1.57700000e+03     7.88500000e-01    -1.22467155e+03     3.14991738e+02    -1.22472055e+03   
    1.57800000e+03     7.89000000e-01    -1.22467153e+03     2.98598096e+02    -1.22471740e+03   
    1.57900000e+03     7.89500000e-01    -1.22467143e+03     2.90754134e+02    -1.22471481e+03   
    1.58000000e+03     7.90000000e-01    -1.22467133e+03     2.87997024e+02    -1.22471338e+03   
    1.58100000e+03     7.90500000e-01    -1.22467144e+03     2.94801521e+02    -1.22471366e+03   
    1.58200000e+03     7.91000000e-01    -1.22467148e+03     3.02089451e+02    -1.22471539e+03   
    1.58300000e+03     7.91500000e-01    -1.22467152e+03     3.11569711e+02    -1.22471754e+03   
    1.58400000e+03     7.92000000e-01    -1.22467156e+03     3.20034785e+02    -1.22471897e+03   
    1.58500000e+03     7.92500000e-01    -1.22467166e+03     3.22256842e+02    -1.22471926e+03   
    1.58600000e+03     7.93000000e-01    -1.22467152e+03     3.14706672e+02    -1.22471811e+03   
    1.58700000e+03     7.93500000e-01    -1.22467154e+03     3.08427395e+02    -1.22471653e+03   
    1.58800000e+03     7.94000000e-01    -1.22467156e+03     2.95479194e+02    -1.22471524e+03   
    1.58900000e+03     7.94500000e-01    -1.22467145e+03     2.93481609e+02    -1.22471452e+03   
    1.59000000e+03     7.95000000e-01    -1.22467150e+03     3.01113719e+02    -1.22471452e+03   
    1.59100000e+03     7.95500000e-01    -1.22467148e+03     3.03144717e+02    -1.22471524e+03   
    1.59200000e+03     7.96000000e-01    -1.22467154e+03     3.11174184e+02    -1.22471653e+03   
    1.59300000e+03     7.96500000e-01    -1.22467159e+03     3.10028271e+02    -1.22471797e+03   
    1.59400000e+03     7.97000000e-01    -1.22467154e+03     3.09790175e+02    -1.22471912e+03   
    1.59500000e+03     7.97500000e-01    -1.22467158e+03     3.15818839e+02    -1.22471940e+03   
    1.59600000e+03     7.98000000e-01    -1.22467152e+03     3.14799746e+02    -1.22471840e+03   
    1.59700000e+03     7.98500000e-01    -1.22467149e+03     3.08520175e+02    -1.22471696e+03   
    1.59800000e+03     7.99000000e-01    -1.22467139e+03     3.01576911e+02    -1.22471582e+03   
    1.59900000e+03     7.99500000e-01    -1.22467135e+03     3.00238584e+02    -1.22471582e+03   
    1.60000000e+03     8.00000000e-01    -1.22467148e+03     2.99948309e+02    -1.22471740e+03   
    1.60100000e+03     8.00500000e-01    -1.22467142e+03     3.13319243e+02    -1.22471984e+03   
    1.60200000e+03     8.01000000e-01    -1.22467148e+03     3.27782990e+02    -1.22472256e+03   
    1.60300000e+03     8.01500000e-01    -1.22467145e+03     3.36629061e+02    -1.22472472e+03   
    1.60400000e+03     8.02000000e-01    -1.22467147e+03     3.43814246e+02    -1.22472644e+03   
    1.60500000e+03     8.02500000e-01    -1.22467147e+03     3.41239942e+02    -1.22472787e+03   
    1.60600000e+03     8.03000000e-01    -1.22467165e+03     3.43028763e+02    -1.22472874e+03   
    1.60700000e+03     8.03500000e-01    -1.22467159e+03     3.41451672e+02    -1.22472831e+03   
    1.60800000e+03     8.04000000e-01    -1.22467150e+03     3.41842966e+02    -1.22472701e+03   
    1.60900000e+03     8.04500000e-01    -1.22467145e+03     3.35734567e+02    -1.22472572e+03   
    1.61000000e+03     8.05000000e-01    -1.22467136e+03     3.37694778e+02    -1.22472543e+03   
    1.61100000e+03     8.05500000e-01    -1.22467146e+03     3.40439531e+02    -1.22472615e+03   
    1.61200000e+03     8.06000000e-01    -1.22467151e+03     3.43393036e+02    -1.22472730e+03   
    1.61300000e+03     8.06500000e-01    -1.22467162e+03     3.36787429e+02    -1.22472787e+03   
    1.61400000e+03     8.07000000e-01    -1.22467153e+03     3.40323013e+02    -1.22472730e+03   
    1.61500000e+03     8.07500000e-01    -1.22467146e+03     3.36261423e+02    -1.22472586e+03   
    1.61600000e+03     8.08000000e-01    -1.22467149e+03     3.23984530e+02    -1.22472414e+03   
    1.61700000e+03     8.08500000e-01    -1.22467136e+03     3.09837912e+02    -1.22472228e+03   
    1.61800000e+03     8.09000000e-01    -1.22467141e+03     3.03158867e+02    -1.22472127e+03   
    1.61900000e+03     8.09500000e-01    -1.22467142e+03     3.06722014e+02    -1.22472113e+03   
    1.62000000e+03     8.10000000e-01    -1.22467153e+03     3.06304799e+02    -1.22472141e+03   
    1.62100000e+03     8.10500000e-01    -1.22467145e+03     3.08313642e+02    -1.22472170e+03   
    1.62200000e+03     8.11000000e-01    -1.22467149e+03     3.12740321e+02    -1.22472242e+03   
    1.62300000e+03     8.11500000e-01    -1.22467143e+03     3.21969540e+02    -1.22472386e+03   
    1.62400000e+03     8.12000000e-01    -1.22467162e+03     3.30908251e+02    -1.22472572e+03   
    1.62500000e+03     8.12500000e-01    -1.22467172e+03     3.35960374e+02    -1.22472630e+03   
    1.62600000e+03     8.13000000e-01    -1.22467155e+03     3.30667836e+02    -1.22472472e+03   
    1.62700000e+03     8.13500000e-01    -1.22467152e+03     3.16448859e+02    -1.22472213e+03   
    1.62800000e+03     8.14000000e-01    -1.22467140e+03     3.01325618e+02    -1.22471998e+03   
    1.62900000e+03     8.14500000e-01    -1.22467138e+03     3.01376414e+02    -1.22471912e+03   
    1.63000000e+03     8.15000000e-01    -1.22467151e+03     3.05203750e+02    -1.22472012e+03   
    1.63100000e+03     8.15500000e-01    -1.22467152e+03     3.10962082e+02    -1.22472199e+03   
    1.63200000e+03     8.16000000e-01    -1.22467151e+03     3.14096505e+02    -1.22472386e+03   
    1.63300000e+03     8.16500000e-01    -1.22467155e+03     3.23184869e+02    -1.22472529e+03   
    1.63400000e+03     8.17000000e-01    -1.22467153e+03     3.26099177e+02    -1.22472558e+03   
    1.63500000e+03     8.17500000e-01    -1.22467152e+03     3.28111355e+02    -1.22472515e+03   
    1.63600000e+03     8.18000000e-01    -1.22467144e+03     3.24399745e+02    -1.22472414e+03   
    1.63700000e+03     8.18500000e-01    -1.22467140e+03     3.17581197e+02    -1.22472357e+03   
    1.63800000e+03     8.19000000e-01    -1.22467141e+03     3.19896299e+02    -1.22472342e+03   
    1.63900000e+03     8.19500000e-01    -1.22467138e+03     3.24989928e+02    -1.22472386e+03   
    1.64000000e+03     8.20000000e-01    -1.22467146e+03     3.30449219e+02    -1.22472543e+03   
    1.64100000e+03     8.20500000e-01    -1.22467152e+03     3.43765625e+02    -1.22472831e+03   
    1.64200000e+03     8.21000000e-01    -1.22467158e+03     3.58781182e+02    -1.22473189e+03   
    1.64300000e+03     8.21500000e-01    -1.22467159e+03     3.61048497e+02    -1.22473462e+03   
    1.64400000e+03     8.22000000e-01    -1.22467160e+03     3.71052137e+02    -1.22473591e+03   
    1.64500000e+03     8.22500000e-01    -1.22467164e+03     3.75968201e+02    -1.22473563e+03   
    1.64600000e+03     8.23000000e-01    -1.22467160e+03     3.65593430e+02    -1.22473433e+03   
    1.64700000e+03     8.23500000e-01    -1.22467152e+03     3.57341112e+02    -1.22473204e+03   
    1.64800000e+03     8.24000000e-01    -1.22467154e+03     3.44964143e+02    -1.22472931e+03   
    1.64900000e+03     8.24500000e-01    -1.22467147e+03     3.35200513e+02    -1.22472658e+03   
    1.65000000e+03     8.25000000e-01    -1.22467135e+03     3.28913135e+02    -1.22472500e+03   
    1.65100000e+03     8.25500000e-01    -1.22467145e+03     3.30986210e+02    -1.22472515e+03   
    1.65200000e+03     8.26000000e-01    -1.22467157e+03     3.36946080e+02    -1.22472644e+03   
    1.65300000e+03     8.26500000e-01    -1.22467158e+03     3.35147378e+02    -1.22472773e+03   
    1.65400000e+03     8.27000000e-01    -1.22467155e+03     3.35565484e+02    -1.22472816e+03   
    1.65500000e+03     8.27500000e-01    -1.22467155e+03     3.37486923e+02    -1.22472759e+03   
    1.65600000e+03     8.28000000e-01    -1.22467159e+03     3.35070278e+02    -1.22472615e+03   
    1.65700000e+03     8.28500000e-01    -1.22467149e+03     3.26108726e+02    -1.22472400e+03   
    1.65800000e+03     8.29000000e-01    -1.22467138e+03     3.15802826e+02    -1.22472199e+03   
    1.65900000e+03     8.29500000e-01    -1.22467141e+03     3.11300284e+02    -1.22472113e+03   
    1.66000000e+03     8.30000000e-01    -1.22467155e+03     3.11991714e+02    -1.22472170e+03   
    1.66100000e+03     8.30500000e-01    -1.22467154e+03     3.16604722e+02    -1.22472256e+03   
    1.66200000e+03     8.31000000e-01    -1.22467156e+03     3.18438892e+02    -1.22472342e+03   
    1.66300000e+03     8.31500000e-01    -1.22467151e+03     3.22471557e+02    -1.22472429e+03   
    1.66400000e+03     8.32000000e-01    -1.22467156e+03     3.31069462e+02    -1.22472572e+03   
    1.66500000e+03     8.32500000e-01    -1.22467167e+03     3.37961166e+02    -1.22472730e+03   
    1.66600000e+03     8.33000000e-01    -1.22467167e+03     3.40763847e+02    -1.22472773e+03   
    1.66700000e+03     8.33500000e-01    -1.22467164e+03     3.37047648e+02    -1.22472644e+03   
    1.66800000e+03     8.34000000e-01    -1.22467159e+03     3.26385018e+02    -1.22472414e+03   
    1.66900000e+03     8.34500000e-01    -1.22467143e+03     3.13138365e+02    -1.22472170e+03   
    1.67000000e+03     8.35000000e-01    -1.22467139e+03     3.04444416e+02    -1.22472041e+03   
    1.67100000e+03     8.35500000e-01    -1.22467136e+03     3.07487088e+02    -1.22472084e+03   
    1.67200000e+03     8.36000000e-01    -1.22467139e+03     3.16457631e+02    -1.22472328e+03   
    1.67300000e+03     8.36500000e-01    -1.22467154e+03     3.30033734e+02    -1.22472644e+03   
    1.67400000e+03     8.37000000e-01    -1.22467156e+03     3.42963165e+02    -1.22472902e+03   
    1.67500000e+03     8.37500000e-01    -1.22467155e+03     3.46619786e+02    -1.22473031e+03   
    1.67600000e+03     8.38000000e-01    -1.22467151e+03     3.49310693e+02    -1.22473060e+03   
    1.67700000e+03     8.38500000e-01    -1.22467155e+03     3.49462668e+02    -1.22473017e+03   
    1.67800000e+03     8.39000000e-01    -1.22467156e+03     3.41680029e+02    -1.22472931e+03   
    1.67900000e+03     8.39500000e-01    -1.22467153e+03     3.35186424e+02    -1.22472816e+03   
    1.68000000e+03     8.40000000e-01    -1.22467152e+03     3.28243472e+02    -1.22472716e+03   
    1.68100000e+03     8.40500000e-01    -1.22467136e+03     3.29806135e+02    -1.22472687e+03   
    1.68200000e+03     8.41000000e-01    -1.22467140e+03     3.30182470e+02    -1.22472845e+03   
    1.68300000e+03     8.41500000e-01    -1.22467144e+03     3.47359982e+02    -1.22473204e+03   
    1.68400000e+03     8.42000000e-01    -1.22467156e+03     3.66443492e+02    -1.22473634e+03   
    1.68500000e+03     8.42500000e-01    -1.22467168e+03     3.82185461e+02    -1.22473965e+03   
    1.68600000e+03     8.43000000e-01    -1.22467166e+03     3.80012561e+02    -1.22474051e+03   
    1.68700000e+03     8.43500000e-01    -1.22467161e+03     3.70977621e+02    -1.22473907e+03   
    1.68800000e+03     8.44000000e-01    -1.22467158e+03     3.61611216e+02    -1.22473606e+03   
    1.68900000e+03     8.44500000e-01    -1.22467148e+03     3.42611446e+02    -1.22473218e+03   
    1.69000000e+03     8.45000000e-01    -1.22467146e+03     3.25840905e+02    -1.22472859e+03   
    1.69100000e+03     8.45500000e-01    -1.22467131e+03     3.21142426e+02    -1.22472687e+03   
    1.69200000e+03     8.46000000e-01    -1.22467135e+03     3.23123182e+02    -1.22472773e+03   
    1.69300000e+03     8.46500000e-01    -1.22467154e+03     3.34148485e+02    -1.22473075e+03   
    1.69400000e+03     8.47000000e-01    -1.22467160e+03     3.44319911e+02    -1.22473390e+03   
    1.69500000e+03     8.47500000e-01    -1.22467171e+03     3.56102415e+02    -1.22473591e+03   
    1.69600000e+03     8.48000000e-01    -1.22467164e+03     3.58512837e+02    -1.22473563e+03   
    1.69700000e+03     8.48500000e-01    -1.22467163e+03     3.47118715e+02    -1.22473290e+03   
    1.69800000e+03     8.49000000e-01    -1.22467149e+03     3.27068710e+02    -1.22472787e+03   
    1.69900000e+03     8.49500000e-01    -1.22467142e+03     3.08366868e+02    -1.22472271e+03   
    1.70000000e+03     8.50000000e-01    -1.22467132e+03     2.98506514e+02    -1.22471984e+03   
    1.70100000e+03     8.50500000e-01    -1.22467134e+03     3.01438727e+02    -1.22472055e+03   
    1.70200000e+03     8.51000000e-01    -1.22467146e+03     3.16123314e+02    -1.22472414e+03   
    1.70300000e+03     8.51500000e-01    -1.22467159e+03     3.35450341e+02    -1.22472845e+03   
    1.70400000e+03     8.52000000e-01    -1.22467162e+03     3.47788137e+02    -1.22473146e+03   
    1.70500000e+03     8.52500000e-01    -1.22467164e+03     3.48152649e+02    -1.22473261e+03   
    1.70600000e+03     8.53000000e-01    -1.22467162e+03     3.43799428e+02    -1.22473175e+03   
    1.70700000e+03     8.53500000e-01    -1.22467152e+03     3.34931840e+02    -1.22472945e+03   
    1.70800000e+03     8.54000000e-01    -1.22467145e+03     3.17224241e+02    -1.22472687e+03   
    1.70900000e+03     8.54500000e-01    -1.22467140e+03     3.06066384e+02    -1.22472515e+03   
    1.71000000e+03     8.55000000e-01    -1.22467141e+03     3.01553288e+02    -1.22472500e+03   
    1.71100000e+03     8.55500000e-01    -1.22467147e+03     3.06341748e+02    -1.22472644e+03   
    1.71200000e+03     8.56000000e-01    -1.22467149e+03     3.18560635e+02    -1.22472888e+03   
    1.71300000e+03     8.56500000e-01    -1.22467150e+03     3.33525320e+02    -1.22473146e+03   
    1.71400000e+03     8.57000000e-01    -1.22467160e+03     3.44524798e+02    -1.22473362e+03   
    1.71500000e+03     8.57500000e-01    -1.22467171e+03     3.50044322e+02    -1.22473419e+03   
    1.71600000e+03     8.58000000e-01    -1.22467158e+03     3.38295845e+02    -1.22473247e+03   
    1.71700000e+03     8.58500000e-01    -1.22467144e+03     3.27005086e+02    -1.22472960e+03   
    1.71800000e+03     8.59000000e-01    -1.22467145e+03     3.25041328e+02    -1.22472759e+03   
    1.71900000e+03     8.59500000e-01    -1.22467146e+03     3.19669815e+02    -1.22472759e+03   
    1.72000000e+03     8.60000000e-01    -1.22467148e+03     3.25556141e+02    -1.22472888e+03   
    1.72100000e+03     8.60500000e-01    -1.22467161e+03     3.31040141e+02    -1.22473046e+03   
    1.72200000e+03     8.61000000e-01    -1.22467152e+03     3.30462364e+02    -1.22473118e+03   
    1.72300000e+03     8.61500000e-01    -1.22467161e+03     3.27962319e+02    -1.22473118e+03   
    1.72400000e+03     8.62000000e-01    -1.22467148e+03     3.23650853e+02    -1.22473017e+03   
    1.72500000e+03     8.62500000e-01    -1.22467150e+03     3.13782500e+02    -1.22472874e+03   
    1.72600000e+03     8.63000000e-01    -1.22467144e+03     3.07291659e+02    -1.22472716e+03   
    1.72700000e+03     8.63500000e-01    -1.22467140e+03     3.00565737e+02    -1.22472586e+03   
    1.72800000e+03     8.64000000e-01    -1.22467144e+03     2.93824511e+02    -1.22472572e+03   
    1.72900000e+03     8.64500000e-01    -1.22467148e+03     2.97031085e+02    -1.22472701e+03   
    1.73000000e+03     8.65000000e-01    -1.22467150e+03     3.06216261e+02    -1.22472945e+03   
    1.73100000e+03     8.65500000e-01    -1.22467169e+03     3.19555184e+02    -1.22473189e+03   
    1.73200000e+03     8.66000000e-01    -1.22467172e+03     3.25762596e+02    -1.22473261e+03   
    1.73300000e+03     8.66500000e-01    -1.22467162e+03     3.17006906e+02    -1.22473089e+03   
    1.73400000e+03     8.67000000e-01    -1.22467154e+03     2.93992094e+02    -1.22472759e+03   
    1.73500000e+03     8.67500000e-01    -1.22467150e+03     2.78400640e+02    -1.22472457e+03   
    1.73600000e+03     8.68000000e-01    -1.22467144e+03     2.73445920e+02    -1.22472357e+03   
    1.73700000e+03     8.68500000e-01    -1.22467154e+03     2.79519362e+02    -1.22472486e+03   
    1.73800000e+03     8.69000000e-01    -1.22467161e+03     2.85779367e+02    -1.22472673e+03   
    1.73900000e+03     8.69500000e-01    -1.22467159e+03     2.87891662e+02    -1.22472787e+03   
    1.74000000e+03     8.70000000e-01    -1.22467162e+03     2.86410820e+02    -1.22472802e+03   
    1.74100000e+03     8.70500000e-01    -1.22467160e+03     2.85948253e+02    -1.22472730e+03   
    1.74200000e+03     8.71000000e-01    -1.22467158e+03     2.83386357e+02    -1.22472615e+03   
    1.74300000e+03     8.71500000e-01    -1.22467154e+03     2.78137041e+02    -1.22472486e+03   
    1.74400000e+03     8.72000000e-01    -1.22467153e+03     2.77396890e+02    -1.22472328e+03   
    1.74500000e+03     8.72500000e-01    -1.22467148e+03     2.70356963e+02    -1.22472199e+03   
    1.74600000e+03     8.73000000e-01    -1.22467146e+03     2.73216466e+02    -1.22472141e+03   
    1.74700000e+03     8.73500000e-01    -1.22467139e+03     2.75118585e+02    -1.22472228e+03   
    1.74800000e+03     8.74000000e-01    -1.22467142e+03     2.89538614e+02    -1.22472486e+03   
    1.74900000e+03     8.74500000e-01    -1.22467156e+03     3.06518114e+02    -1.22472859e+03   
    1.75000000e+03     8.75000000e-01    -1.22467165e+03     3.16152385e+02    -1.22473161e+03   
    1.75100000e+03     8.75500000e-01    -1.22467179e+03     3.19931581e+02    -1.22473261e+03   
    1.75200000e+03     8.76000000e-01    -1.22467166e+03     3.12944497e+02    -1.22473075e+03   
    1.75300000e+03     8.76500000e-01    -1.22467149e+03     2.98825361e+02    -1.22472802e+03   
    1.75400000e+03     8.77000000e-01    -1.22467150e+03     2.88136287e+02    -1.22472630e+03   
    1.75500000e+03     8.77500000e-01    -1.22467156e+03     2.86890836e+02    -1.22472658e+03   
    1.75600000e+03     8.78000000e-01    -1.22467156e+03     2.96811733e+02    -1.22472816e+03   
    1.75700000e+03     8.78500000e-01    -1.22467167e+03     3.03536817e+02    -1.22473017e+03   
    1.75800000e+03     8.79000000e-01    -1.22467162e+03     3.11533375e+02    -1.22473146e+03   
    1.75900000e+03     8.79500000e-01    -1.22467156e+03     3.11905278e+02    -1.22473175e+03   
    1.76000000e+03     8.80000000e-01    -1.22467152e+03     3.07039598e+02    -1.22473118e+03   
    1.76100000e+03     8.80500000e-01    -1.22467152e+03     3.02139055e+02    -1.22473017e+03   
    1.76200000e+03     8.81000000e-01    -1.22467153e+03     3.03047833e+02    -1.22472902e+03   
    1.76300000e+03     8.81500000e-01    -1.22467151e+03     2.98175552e+02    -1.22472744e+03   
    1.76400000e+03     8.82000000e-01    -1.22467151e+03     2.93366594e+02    -1.22472615e+03   
    1.76500000e+03     8.82500000e-01    -1.22467152e+03     2.88361769e+02    -1.22472586e+03   
    1.76600000e+03     8.83000000e-01    -1.22467147e+03     2.97246267e+02    -1.22472716e+03   
    1.76700000e+03     8.83500000e-01    -1.22467154e+03     3.05007885e+02    -1.22472988e+03   
    1.76800000e+03     8.84000000e-01    -1.22467163e+03     3.11281221e+02    -1.22473276e+03   
    1.76900000e+03     8.84500000e-01    -1.22467165e+03     3.17874477e+02    -1.22473462e+03   
    1.77000000e+03     8.85000000e-01    -1.22467171e+03     3.14305031e+02    -1.22473462e+03   
    1.77100000e+03     8.85500000e-01    -1.22467158e+03     3.10100331e+02    -1.22473319e+03   
    1.77200000e+03     8.86000000e-01    -1.22467159e+03     3.02070714e+02    -1.22473132e+03   
    1.77300000e+03     8.86500000e-01    -1.22467160e+03     2.96992110e+02    -1.22473003e+03   
    1.77400000e+03     8.87000000e-01    -1.22467165e+03     2.99558318e+02    -1.22472888e+03   
    1.77500000e+03     8.87500000e-01    -1.22467150e+03     2.91666702e+02    -1.22472730e+03   
    1.77600000e+03     8.88000000e-01    -1.22467148e+03     2.86193033e+02    -1.22472630e+03   
    1.77700000e+03     8.88500000e-01    -1.22467151e+03     2.84902436e+02    -1.22472615e+03   
    1.77800000e+03     8.89000000e-01    -1.22467151e+03     2.88670066e+02    -1.22472716e+03   
    1.77900000e+03     8.89500000e-01    -1.22467154e+03     2.96957670e+02    -1.22472874e+03   
    1.78000000e+03     8.90000000e-01    -1.22467159e+03     3.01902770e+02    -1.22473060e+03   
    1.78100000e+03     8.90500000e-01    -1.22467168e+03     3.05382083e+02    -1.22473204e+03   
    1.78200000e+03     8.91000000e-01    -1.22467162e+03     3.05578117e+02    -1.22473204e+03   
    1.78300000e+03     8.91500000e-01    -1.22467152e+03     3.05560786e+02    -1.22473103e+03   
    1.78400000e+03     8.92000000e-01    -1.22467156e+03     3.04106946e+02    -1.22473003e+03   
    1.78500000e+03     8.92500000e-01    -1.22467147e+03     3.04187348e+02    -1.22472945e+03   
    1.78600000e+03     8.93000000e-01    -1.22467159e+03     3.04527299e+02    -1.22472988e+03   
    1.78700000e+03     8.93500000e-01    -1.22467152e+03     3.10797994e+02    -1.22473089e+03   
    1.78800000e+03     8.94000000e-01    -1.22467162e+03     3.13655498e+02    -1.22473232e+03   
    1.78900000e+03     8.94500000e-01    -1.22467153e+03     3.18857513e+02    -1.22473405e+03   
    1.79000000e+03     8.95000000e-01    -1.22467161e+03     3.20350043e+02    -1.22473606e+03   
    1.79100000e+03     8.95500000e-01    -1.22467173e+03     3.21694968e+02    -1.22473721e+03   
    1.79200000e+03     8.96000000e-01    -1.22467178e+03     3.21797249e+02    -1.22473663e+03   
    1.79300000e+03     8.96500000e-01    -1.22467167e+03     3.12430623e+02    -1.22473390e+03   
    1.79400000e+03     8.97000000e-01    -1.22467159e+03     2.92636788e+02    -1.22473003e+03   
    1.79500000e+03     8.97500000e-01    -1.22467143e+03     2.75074020e+02    -1.22472673e+03   
    1.79600000e+03     8.98000000e-01    -1.22467142e+03     2.72294896e+02    -1.22472529e+03   
    1.79700000e+03     8.98500000e-01    -1.22467152e+03     2.79178181e+02    -1.22472615e+03   
    1.79800000e+03     8.99000000e-01    -1.22467167e+03     2.88696500e+02    -1.22472845e+03   
    1.79900000e+03     8.99500000e-01    -1.22467168e+03     2.91696219e+02    -1.22473060e+03   
    1.80000000e+03     9.00000000e-01    -1.22467167e+03     2.97237724e+02    -1.22473146e+03   
    1.80100000e+03     9.00500000e-01    -1.22467169e+03     2.90844136e+02    -1.22473060e+03   
    1.80200000e+03     9.01000000e-01    -1.22467159e+03     2.79153537e+02    -1.22472845e+03   
    1.80300000e+03     9.01500000e-01    -1.22467153e+03     2.67234092e+02    -1.22472601e+03   
    1.80400000e+03     9.02000000e-01    -1.22467152e+03     2.56640977e+02    -1.22472357e+03   
    1.80500000e+03     9.02500000e-01    -1.22467150e+03     2.49553990e+02    -1.22472185e+03   
    1.80600000e+03     9.03000000e-01    -1.22467144e+03     2.45612673e+02    -1.22472170e+03   
    1.80700000e+03     9.03500000e-01    -1.22467144e+03     2.52497434e+02    -1.22472386e+03   
    1.80800000e+03     9.04000000e-01    -1.22467158e+03     2.73505295e+02    -1.22472816e+03   
    1.80900000e+03     9.04500000e-01    -1.22467171e+03     2.94506536e+02    -1.22473319e+03   
    1.81000000e+03     9.05000000e-01    -1.22467183e+03     3.01578902e+02    -1.22473620e+03   
    1.81100000e+03     9.05500000e-01    -1.22467179e+03     3.03414838e+02    -1.22473577e+03   
    1.81200000e+03     9.06000000e-01    -1.22467168e+03     2.89697286e+02    -1.22473232e+03   
    1.81300000e+03     9.06500000e-01    -1.22467152e+03     2.64319939e+02    -1.22472744e+03   
    1.81400000e+03     9.07000000e-01    -1.22467145e+03     2.53060615e+02    -1.22472386e+03   
    1.81500000e+03     9.07500000e-01    -1.22467148e+03     2.47757631e+02    -1.22472314e+03   
    1.81600000e+03     9.08000000e-01    -1.22467144e+03     2.54846051e+02    -1.22472515e+03   
    1.81700000e+03     9.08500000e-01    -1.22467164e+03     2.72431991e+02    -1.22472902e+03   
    1.81800000e+03     9.09000000e-01    -1.22467171e+03     2.91109164e+02    -1.22473247e+03   
    1.81900000e+03     9.09500000e-01    -1.22467169e+03     2.98624627e+02    -1.22473419e+03   
    1.82000000e+03     9.10000000e-01    -1.22467171e+03     2.99623063e+02    -1.22473390e+03   
    1.82100000e+03     9.10500000e-01    -1.22467161e+03     2.89459370e+02    -1.22473204e+03   
    1.82200000e+03     9.11000000e-01    -1.22467156e+03     2.73117770e+02    -1.22472917e+03   
    1.82300000e+03     9.11500000e-01    -1.22467148e+03     2.65540303e+02    -1.22472630e+03   
    1.82400000e+03     9.12000000e-01    -1.22467143e+03     2.61819198e+02    -1.22472500e+03   
    1.82500000e+03     9.12500000e-01    -1.22467147e+03     2.66149544e+02    -1.22472601e+03   
    1.82600000e+03     9.13000000e-01    -1.22467156e+03     2.83844678e+02    -1.22472931e+03   
    1.82700000e+03     9.13500000e-01    -1.22467173e+03     3.01603996e+02    -1.22473376e+03   
    1.82800000e+03     9.14000000e-01    -1.22467173e+03     3.13464945e+02    -1.22473677e+03   
    1.82900000e+03     9.14500000e-01    -1.22467174e+03     3.05573927e+02    -1.22473735e+03   
    1.83000000e+03     9.15000000e-01    -1.22467171e+03     2.93566133e+02    -1.22473534e+03   
    1.83100000e+03     9.15500000e-01    -1.22467163e+03     2.76479346e+02    -1.22473175e+03   
    1.83200000e+03     9.16000000e-01    -1.22467145e+03     2.62003225e+02    -1.22472831e+03   
    1.83300000e+03     9.16500000e-01    -1.22467149e+03     2.50319646e+02    -1.22472658e+03   
    1.83400000e+03     9.17000000e-01    -1.22467159e+03     2.54732351e+02    -1.22472687e+03   
    1.83500000e+03     9.17500000e-01    -1.22467165e+03     2.64411749e+02    -1.22472816e+03   
    1.83600000e+03     9.18000000e-01    -1.22467171e+03     2.68981726e+02    -1.22472960e+03   
    1.83700000e+03     9.18500000e-01    -1.22467164e+03     2.82048480e+02    -1.22473046e+03   
    1.83800000e+03     9.19000000e-01    -1.22467163e+03     2.83113597e+02    -1.22473017e+03   
    1.83900000e+03     9.19500000e-01    -1.22467161e+03     2.70079546e+02    -1.22472859e+03   
    1.84000000e+03     9.20000000e-01    -1.22467158e+03     2.53493481e+02    -1.22472615e+03   
    1.84100000e+03     9.20500000e-01    -1.22467152e+03     2.39966575e+02    -1.22472342e+03   
    1.84200000e+03     9.21000000e-01    -1.22467149e+03     2.32810299e+02    -1.22472156e+03   
    1.84300000e+03     9.21500000e-01    -1.22467152e+03     2.22600016e+02    -1.22472127e+03   
    1.84400000e+03     9.22000000e-01    -1.22467152e+03     2.29835343e+02    -1.22472256e+03   
    1.84500000e+03     9.22500000e-01    -1.22467162e+03     2.42380636e+02    -1.22472500e+03   
    1.84600000e+03     9.23000000e-01    -1.22467169e+03     2.54925026e+02    -1.22472744e+03   
    1.84700000e+03     9.23500000e-01    -1.22467166e+03     2.64765953e+02    -1.22472845e+03   
    1.84800000e+03     9.24000000e-01    -1.22467169e+03     2.57686383e+02    -1.22472773e+03   
    1.84900000e+03     9.24500000e-01    -1.22467155e+03     2.47307330e+02    -1.22472543e+03   
    1.85000000e+03     9.25000000e-01    -1.22467151e+03     2.36697230e+02    -1.22472328e+03   
    1.85100000e+03     9.25500000e-01    -1.22467138e+03     2.37699769e+02    -1.22472299e+03   
    1.85200000e+03     9.26000000e-01    -1.22467159e+03     2.49610605e+02    -1.22472529e+03   
    1.85300000e+03     9.26500000e-01    -1.22467171e+03     2.67343381e+02    -1.22472902e+03   
    1.85400000e+03     9.27000000e-01    -1.22467170e+03     2.81330675e+02    -1.22473232e+03   
    1.85500000e+03     9.27500000e-01    -1.22467177e+03     2.89315500e+02    -1.22473362e+03   
    1.85600000e+03     9.28000000e-01    -1.22467172e+03     2.84368184e+02    -1.22473290e+03   
    1.85700000e+03     9.28500000e-01    -1.22467165e+03     2.78469139e+02    -1.22473103e+03   
    1.85800000e+03     9.29000000e-01    -1.22467156e+03     2.72598757e+02    -1.22472888e+03   
    1.85900000e+03     9.29500000e-01    -1.22467163e+03     2.62407125e+02    -1.22472730e+03   
    1.86000000e+03     9.30000000e-01    -1.22467151e+03     2.60820763e+02    -1.22472630e+03   
    1.86100000e+03     9.30500000e-01    -1.22467145e+03     2.61772443e+02    -1.22472658e+03   
    1.86200000e+03     9.31000000e-01    -1.22467152e+03     2.70261694e+02    -1.22472831e+03   
    1.86300000e+03     9.31500000e-01    -1.22467157e+03     2.86995381e+02    -1.22473089e+03   
    1.86400000e+03     9.32000000e-01    -1.22467167e+03     2.97637192e+02    -1.22473333e+03   
    1.86500000e+03     9.32500000e-01    -1.22467176e+03     3.04681305e+02    -1.22473433e+03   
    1.86600000e+03     9.33000000e-01    -1.22467163e+03     2.97367835e+02    -1.22473347e+03   
    1.86700000e+03     9.33500000e-01    -1.22467158e+03     2.92694282e+02    -1.22473118e+03   
    1.86800000e+03     9.34000000e-01    -1.22467149e+03     2.79447093e+02    -1.22472845e+03   
    1.86900000e+03     9.34500000e-01    -1.22467144e+03     2.80378511e+02    -1.22472716e+03   
    1.87000000e+03     9.35000000e-01    -1.22467148e+03     2.88263795e+02    -1.22472859e+03   
    1.87100000e+03     9.35500000e-01    -1.22467157e+03     3.02489339e+02    -1.22473204e+03   
    1.87200000e+03     9.36000000e-01    -1.22467165e+03     3.18166401e+02    -1.22473606e+03   
    1.87300000e+03     9.36500000e-01    -1.22467174e+03     3.29290130e+02    -1.22473893e+03   
    1.87400000e+03     9.37000000e-01    -1.22467173e+03     3.31797997e+02    -1.22473936e+03   
    1.87500000e+03     9.37500000e-01    -1.22467165e+03     3.28313313e+02    -1.22473778e+03   
    1.87600000e+03     9.38000000e-01    -1.22467154e+03     3.15210679e+02    -1.22473520e+03   
    1.87700000e+03     9.38500000e-01    -1.22467154e+03     3.04680615e+02    -1.22473261e+03   
    1.87800000e+03     9.39000000e-01    -1.22467155e+03     3.01727303e+02    -1.22473075e+03   
    1.87900000e+03     9.39500000e-01    -1.22467158e+03     2.97978769e+02    -1.22473003e+03   
    1.88000000e+03     9.40000000e-01    -1.22467159e+03     2.97099977e+02    -1.22473060e+03   
    1.88100000e+03     9.40500000e-01    -1.22467159e+03     3.05674432e+02    -1.22473189e+03   
    1.88200000e+03     9.41000000e-01    -1.22467161e+03     3.16270036e+02    -1.22473362e+03   
    1.88300000e+03     9.41500000e-01    -1.22467167e+03     3.21031405e+02    -1.22473491e+03   
    1.88400000e+03     9.42000000e-01    -1.22467170e+03     3.19860112e+02    -1.22473491e+03   
    1.88500000e+03     9.42500000e-01    -1.22467173e+03     3.10795388e+02    -1.22473333e+03   
    1.88600000e+03     9.43000000e-01    -1.22467161e+03     2.97060053e+02    -1.22473046e+03   
    1.88700000e+03     9.43500000e-01    -1.22467154e+03     2.92143006e+02    -1.22472744e+03   
    1.88800000e+03     9.44000000e-01    -1.22467146e+03     2.82230568e+02    -1.22472558e+03   
    1.88900000e+03     9.44500000e-01    -1.22467146e+03     2.85245777e+02    -1.22472601e+03   
    1.89000000e+03     9.45000000e-01    -1.22467157e+03     2.97904552e+02    -1.22472859e+03   
    1.89100000e+03     9.45500000e-01    -1.22467162e+03     3.08589209e+02    -1.22473189e+03   
    1.89200000e+03     9.46000000e-01    -1.22467183e+03     3.18632774e+02    -1.22473433e+03   
    1.89300000e+03     9.46500000e-01    -1.22467177e+03     3.24491514e+02    -1.22473419e+03   
    1.89400000e+03     9.47000000e-01    -1.22467172e+03     3.16149699e+02    -1.22473175e+03   
    1.89500000e+03     9.47500000e-01    -1.22467156e+03     2.98559146e+02    -1.22472802e+03   
    1.89600000e+03     9.48000000e-01    -1.22467153e+03     2.76924323e+02    -1.22472457e+03   
    1.89700000e+03     9.48500000e-01    -1.22467142e+03     2.65390720e+02    -1.22472228e+03   
    1.89800000e+03     9.49000000e-01    -1.22467152e+03     2.63743760e+02    -1.22472213e+03   
    1.89900000e+03     9.49500000e-01    -1.22467147e+03     2.75779106e+02    -1.22472386e+03   
    1.90000000e+03     9.50000000e-01    -1.22467152e+03     2.90670561e+02    -1.22472658e+03   
    1.90100000e+03     9.50500000e-01    -1.22467159e+03     3.05943077e+02    -1.22472917e+03   
    1.90200000e+03     9.51000000e-01    -1.22467165e+03     3.15494873e+02    -1.22473075e+03   
    1.90300000e+03     9.51500000e-01    -1.22467163e+03     3.21115123e+02    -1.22473031e+03   
    1.90400000e+03     9.52000000e-01    -1.22467166e+03     3.10240077e+02    -1.22472773e+03   
    1.90500000e+03     9.52500000e-01    -1.22467147e+03     2.92739965e+02    -1.22472386e+03   
    1.90600000e+03     9.53000000e-01    -1.22467137e+03     2.81389902e+02    -1.22472098e+03   
    1.90700000e+03     9.53500000e-01    -1.22467136e+03     2.81400087e+02    -1.22472070e+03   
    1.90800000e+03     9.54000000e-01    -1.22467145e+03     2.87678333e+02    -1.22472371e+03   
    1.90900000e+03     9.54500000e-01    -1.22467156e+03     3.03946171e+02    -1.22472831e+03   
    1.91000000e+03     9.55000000e-01    -1.22467168e+03     3.12879977e+02    -1.22473232e+03   
    1.91100000e+03     9.55500000e-01    -1.22467180e+03     3.18501897e+02    -1.22473405e+03   
    1.91200000e+03     9.56000000e-01    -1.22467169e+03     3.11574151e+02    -1.22473261e+03   
    1.91300000e+03     9.56500000e-01    -1.22467163e+03     2.94339832e+02    -1.22472874e+03   
    1.91400000e+03     9.57000000e-01    -1.22467153e+03     2.73407534e+02    -1.22472386e+03   
    1.91500000e+03     9.57500000e-01    -1.22467145e+03     2.54882469e+02    -1.22472027e+03   
    1.91600000e+03     9.58000000e-01    -1.22467140e+03     2.53474068e+02    -1.22471926e+03   
    1.91700000e+03     9.58500000e-01    -1.22467154e+03     2.59404584e+02    -1.22472113e+03   
    1.91800000e+03     9.59000000e-01    -1.22467158e+03     2.72331166e+02    -1.22472457e+03   
    1.91900000e+03     9.59500000e-01    -1.22467162e+03     2.81654722e+02    -1.22472802e+03   
    1.92000000e+03     9.60000000e-01    -1.22467172e+03     2.88433767e+02    -1.22473060e+03   
    1.92100000e+03     9.60500000e-01    -1.22467169e+03     2.96900522e+02    -1.22473075e+03   
    1.92200000e+03     9.61000000e-01    -1.22467170e+03     2.86330113e+02    -1.22472859e+03   
    1.92300000e+03     9.61500000e-01    -1.22467149e+03     2.69179129e+02    -1.22472500e+03   
    1.92400000e+03     9.62000000e-01    -1.22467138e+03     2.57838276e+02    -1.22472228e+03   
    1.92500000e+03     9.62500000e-01    -1.22467142e+03     2.53474560e+02    -1.22472185e+03   
    1.92600000e+03     9.63000000e-01    -1.22467155e+03     2.65098981e+02    -1.22472400e+03   
    1.92700000e+03     9.63500000e-01    -1.22467168e+03     2.78211952e+02    -1.22472744e+03   
    1.92800000e+03     9.64000000e-01    -1.22467165e+03     2.97748618e+02    -1.22473046e+03   
    1.92900000e+03     9.64500000e-01    -1.22467167e+03     3.03101669e+02    -1.22473175e+03   
    1.93000000e+03     9.65000000e-01    -1.22467161e+03     2.99049005e+02    -1.22473132e+03   
    1.93100000e+03     9.65500000e-01    -1.22467169e+03     2.94429415e+02    -1.22472960e+03   
    1.93200000e+03     9.66000000e-01    -1.22467153e+03     2.77296530e+02    -1.22472673e+03   
    1.93300000e+03     9.66500000e-01    -1.22467144e+03     2.69883746e+02    -1.22472400e+03   
    1.93400000e+03     9.67000000e-01    -1.22467147e+03     2.56073129e+02    -1.22472256e+03   
    1.93500000e+03     9.67500000e-01    -1.22467151e+03     2.59194635e+02    -1.22472299e+03   
    1.93600000e+03     9.68000000e-01    -1.22467145e+03     2.70450011e+02    -1.22472529e+03   
    1.93700000e+03     9.68500000e-01    -1.22467155e+03     2.86639059e+02    -1.22472859e+03   
    1.93800000e+03     9.69000000e-01    -1.22467166e+03     3.04967900e+02    -1.22473132e+03   
    1.93900000e+03     9.69500000e-01    -1.22467176e+03     3.06759062e+02    -1.22473218e+03   
    1.94000000e+03     9.70000000e-01    -1.22467173e+03     3.01825905e+02    -1.22473060e+03   
    1.94100000e+03     9.70500000e-01    -1.22467151e+03     2.87943286e+02    -1.22472716e+03   
    1.94200000e+03     9.71000000e-01    -1.22467138e+03     2.70786212e+02    -1.22472414e+03   
    1.94300000e+03     9.71500000e-01    -1.22467135e+03     2.69956067e+02    -1.22472314e+03   
    1.94400000e+03     9.72000000e-01    -1.22467142e+03     2.76940321e+02    -1.22472486e+03   
    1.94500000e+03     9.72500000e-01    -1.22467159e+03     2.93761129e+02    -1.22472831e+03   
    1.94600000e+03     9.73000000e-01    -1.22467172e+03     3.11388840e+02    -1.22473161e+03   
    1.94700000e+03     9.73500000e-01    -1.22467175e+03     3.18829693e+02    -1.22473347e+03   
    1.94800000e+03     9.74000000e-01    -1.22467170e+03     3.19839279e+02    -1.22473333e+03   
    1.94900000e+03     9.74500000e-01    -1.22467164e+03     3.13946479e+02    -1.22473161e+03   
    1.95000000e+03     9.75000000e-01    -1.22467144e+03     3.00904609e+02    -1.22472874e+03   
    1.95100000e+03     9.75500000e-01    -1.22467152e+03     2.88660172e+02    -1.22472644e+03   
    1.95200000e+03     9.76000000e-01    -1.22467140e+03     2.85130176e+02    -1.22472529e+03   
    1.95300000e+03     9.76500000e-01    -1.22467144e+03     2.87577033e+02    -1.22472601e+03   
    1.95400000e+03     9.77000000e-01    -1.22467151e+03     2.94291655e+02    -1.22472845e+03   
    1.95500000e+03     9.77500000e-01    -1.22467156e+03     3.04546389e+02    -1.22473189e+03   
    1.95600000e+03     9.78000000e-01    -1.22467166e+03     3.20355412e+02    -1.22473534e+03   
    1.95700000e+03     9.78500000e-01    -1.22467175e+03     3.28379305e+02    -1.22473692e+03   
    1.95800000e+03     9.79000000e-01    -1.22467173e+03     3.24990404e+02    -1.22473548e+03   
    1.95900000e+03     9.79500000e-01    -1.22467159e+03     3.05172123e+02    -1.22473146e+03   
    1.96000000e+03     9.80000000e-01    -1.22467143e+03     2.79440484e+02    -1.22472644e+03   
    1.96100000e+03     9.80500000e-01    -1.22467136e+03     2.64724219e+02    -1.22472299e+03   
    1.96200000e+03     9.81000000e-01    -1.22467132e+03     2.64416383e+02    -1.22472228e+03   
    1.96300000e+03     9.81500000e-01    -1.22467145e+03     2.76103510e+02    -1.22472515e+03   
    1.96400000e+03     9.82000000e-01    -1.22467165e+03     2.98168520e+02    -1.22472960e+03   
    1.96500000e+03     9.82500000e-01    -1.22467169e+03     3.14955500e+02    -1.22473319e+03   
    1.96600000e+03     9.83000000e-01    -1.22467177e+03     3.24515139e+02    -1.22473433e+03   
    1.96700000e+03     9.83500000e-01    -1.22467166e+03     3.15219330e+02    -1.22473261e+03   
    1.96800000e+03     9.84000000e-01    -1.22467146e+03     3.05769688e+02    -1.22472931e+03   
    1.96900000e+03     9.84500000e-01    -1.22467140e+03     2.91031242e+02    -1.22472615e+03   
    1.97000000e+03     9.85000000e-01    -1.22467143e+03     2.87930624e+02    -1.22472500e+03   
    1.97100000e+03     9.85500000e-01    -1.22467137e+03     2.97909750e+02    -1.22472615e+03   
    1.97200000e+03     9.86000000e-01    -1.22467156e+03     3.09209538e+02    -1.22472888e+03   
    1.97300000e+03     9.86500000e-01    -1.22467164e+03     3.22142808e+02    -1.22473218e+03   
    1.97400000e+03     9.87000000e-01    -1.22467166e+03     3.28707690e+02    -1.22473477e+03   
    1.97500000e+03     9.87500000e-01    -1.22467162e+03     3.38185496e+02    -1.22473577e+03   
    1.97600000e+03     9.88000000e-01    -1.22467162e+03     3.25339718e+02    -1.22473462e+03   
    1.97700000e+03     9.88500000e-01    -1.22467170e+03     3.09920119e+02    -1.22473161e+03   
    1.97800000e+03     9.89000000e-01    -1.22467154e+03     2.87867175e+02    -1.22472730e+03   
    1.97900000e+03     9.89500000e-01    -1.22467138e+03     2.69717566e+02    -1.22472328e+03   
    1.98000000e+03     9.90000000e-01    -1.22467139e+03     2.65107543e+02    -1.22472127e+03   
    1.98100000e+03     9.90500000e-01    -1.22467145e+03     2.66184709e+02    -1.22472156e+03   
    1.98200000e+03     9.91000000e-01    -1.22467144e+03     2.78628529e+02    -1.22472386e+03   
    1.98300000e+03     9.91500000e-01    -1.22467169e+03     2.88466606e+02    -1.22472701e+03   
    1.98400000e+03     9.92000000e-01    -1.22467166e+03     2.96469984e+02    -1.22472874e+03   
    1.98500000e+03     9.92500000e-01    -1.22467158e+03     2.87740102e+02    -1.22472802e+03   
    1.98600000e+03     9.93000000e-01    -1.22467159e+03     2.75623070e+02    -1.22472543e+03   
    1.98700000e+03     9.93500000e-01    -1.22467138e+03     2.64991126e+02    -1.22472213e+03   
    1.98800000e+03     9.94000000e-01    -1.22467141e+03     2.55943097e+02    -1.22472041e+03   
    1.98900000e+03     9.94500000e-01    -1.22467133e+03     2.60190024e+02    -1.22472098e+03   
    1.99000000e+03     9.95000000e-01    -1.22467139e+03     2.68978074e+02    -1.22472400e+03   
    1.99100000e+03     9.95500000e-01    -1.22467150e+03     2.86596711e+02    -1.22472816e+03   
    1.99200000e+03     9.96000000e-01    -1.22467157e+03     3.01162517e+02    -1.22473218e+03   
    1.99300000e+03     9.96500000e-01    -1.22467166e+03     3.05567360e+02    -1.22473477e+03   
    1.99400000e+03     9.97000000e-01    -1.22467170e+03     3.03326780e+02    -1.22473563e+03   
    1.99500000e+03     9.97500000e-01    -1.22467168e+03     3.06340529e+02    -1.22473505e+03   
    1.99600000e+03     9.98000000e-01    -1.22467156e+03     3.01945968e+02    -1.22473319e+03   
    1.99700000e+03     9.98500000e-01    -1.22467145e+03     2.95627302e+02    -1.22473118e+03   
    1.99800000e+03     9.99000000e-01    -1.22467150e+03     2.88660334e+02    -1.22472974e+03   
    1.99900000e+03     9.99500000e-01    -1.22467153e+03     2.89452914e+02    -1.22472917e+03   
    2.00000000e+03     1.00000000e+00    -1.22467141e+03     2.97178508e+02    -1.22472988e+03   
    2.00100000e+03     1.00050000e+00    -1.22467152e+03     2.99818508e+02    -1.22473189e+03   
    2.00200000e+03     1.00100000e+00    -1.22467158e+03     3.05180792e+02    -1.22473376e+03   
    2.00300000e+03     1.00150000e+00    -1.22467159e+03     3.08270968e+02    -1.22473433e+03   
    2.00400000e+03     1.00200000e+00    -1.22467154e+03     3.05286359e+02    -1.22473347e+03   
    2.00500000e+03     1.00250000e+00    -1.22467148e+03     2.94596594e+02    -1.22473189e+03   
    2.00600000e+03     1.00300000e+00    -1.22467147e+03     2.90732431e+02    -1.22473075e+03   
    2.00700000e+03     1.00350000e+00    -1.22467134e+03     2.86299177e+02    -1.22473046e+03   
    2.00800000e+03     1.00400000e+00    -1.22467147e+03     2.89891782e+02    -1.22473189e+03   
    2.00900000e+03     1.00450000e+00    -1.22467151e+03     3.01149537e+02    -1.22473462e+03   
    2.01000000e+03     1.00500000e+00    -1.22467155e+03     3.15501471e+02    -1.22473807e+03   
    2.01100000e+03     1.00550000e+00    -1.22467169e+03     3.25183244e+02    -1.22474079e+03   
    2.01200000e+03     1.00600000e+00    -1.22467170e+03     3.30014280e+02    -1.22474223e+03   
    2.01300000e+03     1.00650000e+00    -1.22467155e+03     3.32118903e+02    -1.22474194e+03   
    2.01400000e+03     1.00700000e+00    -1.22467155e+03     3.31557078e+02    -1.22474079e+03   
    2.01500000e+03     1.00750000e+00    -1.22467146e+03     3.23022423e+02    -1.22473922e+03   
    2.01600000e+03     1.00800000e+00    -1.22467147e+03     3.18155352e+02    -1.22473807e+03   
    2.01700000e+03     1.00850000e+00    -1.22467148e+03     3.15724717e+02    -1.22473749e+03   
    2.01800000e+03     1.00900000e+00    -1.22467152e+03     3.16704672e+02    -1.22473735e+03   
    2.01900000e+03     1.00950000e+00    -1.22467151e+03     3.16666338e+02    -1.22473749e+03   
    2.02000000e+03     1.01000000e+00    -1.22467157e+03     3.10063073e+02    -1.22473764e+03   
    2.02100000e+03     1.01050000e+00    -1.22467160e+03     2.97650162e+02    -1.22473749e+03   
    2.02200000e+03     1.01100000e+00    -1.22467155e+03     2.94740899e+02    -1.22473649e+03   
    2.02300000e+03     1.01150000e+00    -1.22467160e+03     2.85603371e+02    -1.22473505e+03   
    2.02400000e+03     1.01200000e+00    -1.22467145e+03     2.80318922e+02    -1.22473347e+03   
    2.02500000e+03     1.01250000e+00    -1.22467148e+03     2.75417504e+02    -1.22473276e+03   
    2.02600000e+03     1.01300000e+00    -1.22467147e+03     2.71531355e+02    -1.22473304e+03   
    2.02700000e+03     1.01350000e+00    -1.22467160e+03     2.72024837e+02    -1.22473405e+03   
    2.02800000e+03     1.01400000e+00    -1.22467156e+03     2.75883735e+02    -1.22473505e+03   
    2.02900000e+03     1.01450000e+00    -1.22467158e+03     2.78196643e+02    -1.22473534e+03   
    2.03000000e+03     1.01500000e+00    -1.22467171e+03     2.77975751e+02    -1.22473505e+03   
    2.03100000e+03     1.01550000e+00    -1.22467165e+03     2.71066959e+02    -1.22473376e+03   
    2.03200000e+03     1.01600000e+00    -1.22467154e+03     2.61080988e+02    -1.22473204e+03   
    2.03300000e+03     1.01650000e+00    -1.22467152e+03     2.55327305e+02    -1.22473060e+03   
    2.03400000e+03     1.01700000e+00    -1.22467154e+03     2.53732085e+02    -1.22472974e+03   
    2.03500000e+03     1.01750000e+00    -1.22467149e+03     2.61596973e+02    -1.22472974e+03   
    2.03600000e+03     1.01800000e+00    -1.22467164e+03     2.64593880e+02    -1.22473017e+03   
    2.03700000e+03     1.01850000e+00    -1.22467163e+03     2.68072912e+02    -1.22473060e+03   
    2.03800000e+03     1.01900000e+00    -1.22467157e+03     2.66724188e+02    -1.22473046e+03   
    2.03900000e+03     1.01950000e+00    -1.22467160e+03     2.67957159e+02    -1.22473003e+03   
    2.04000000e+03     1.02000000e+00    -1.22467157e+03     2.63583729e+02    -1.22472888e+03   
    2.04100000e+03     1.02050000e+00    -1.22467150e+03     2.61511327e+02    -1.22472730e+03   
    2.04200000e+03     1.02100000e+00    -1.22467148e+03     2.55602409e+02    -1.22472586e+03   
    2.04300000e+03     1.02150000e+00    -1.22467152e+03     2.60894119e+02    -1.22472558e+03   
    2.04400000e+03     1.02200000e+00    -1.22467148e+03     2.68545143e+02    -1.22472630e+03   
    2.04500000e+03     1.02250000e+00    -1.22467157e+03     2.83743458e+02    -1.22472787e+03   
    2.04600000e+03     1.02300000e+00    -1.22467161e+03     2.90531290e+02    -1.22472945e+03   
    2.04700000e+03     1.02350000e+00    -1.22467156e+03     2.97288559e+02    -1.22473017e+03   
    2.04800000e+03     1.02400000e+00    -1.22467166e+03     2.99622546e+02    -1.22473003e+03   
    2.04900000e+03     1.02450000e+00    -1.22467159e+03     2.93804646e+02    -1.22472874e+03   
    2.05000000e+03     1.02500000e+00    -1.22467159e+03     2.92521118e+02    -1.22472773e+03   
    2.05100000e+03     1.02550000e+00    -1.22467153e+03     2.87901549e+02    -1.22472730e+03   
    2.05200000e+03     1.02600000e+00    -1.22467153e+03     2.94486532e+02    -1.22472816e+03   
    2.05300000e+03     1.02650000e+00    -1.22467153e+03     3.01407014e+02    -1.22473046e+03   
    2.05400000e+03     1.02700000e+00    -1.22467169e+03     3.17294235e+02    -1.22473333e+03   
    2.05500000e+03     1.02750000e+00    -1.22467168e+03     3.27336038e+02    -1.22473520e+03   
    2.05600000e+03     1.02800000e+00    -1.22467166e+03     3.32143240e+02    -1.22473534e+03   
    2.05700000e+03     1.02850000e+00    -1.22467162e+03     3.25041545e+02    -1.22473376e+03   
    2.05800000e+03     1.02900000e+00    -1.22467146e+03     3.16812974e+02    -1.22473161e+03   
    2.05900000e+03     1.02950000e+00    -1.22467150e+03     3.08698354e+02    -1.22473031e+03   
    2.06000000e+03     1.03000000e+00    -1.22467140e+03     3.07119530e+02    -1.22473060e+03   
    2.06100000e+03     1.03050000e+00    -1.22467143e+03     3.12428805e+02    -1.22473261e+03   
    2.06200000e+03     1.03100000e+00    -1.22467157e+03     3.29601156e+02    -1.22473620e+03   
    2.06300000e+03     1.03150000e+00    -1.22467168e+03     3.54987806e+02    -1.22474008e+03   
    2.06400000e+03     1.03200000e+00    -1.22467171e+03     3.66367466e+02    -1.22474266e+03   
    2.06500000e+03     1.03250000e+00    -1.22467174e+03     3.77245632e+02    -1.22474338e+03   
    2.06600000e+03     1.03300000e+00    -1.22467171e+03     3.70308846e+02    -1.22474223e+03   
    2.06700000e+03     1.03350000e+00    -1.22467159e+03     3.64530721e+02    -1.22474008e+03   
    2.06800000e+03     1.03400000e+00    -1.22467147e+03     3.59446000e+02    -1.22473821e+03   
    2.06900000e+03     1.03450000e+00    -1.22467143e+03     3.50919353e+02    -1.22473764e+03   
    2.07000000e+03     1.03500000e+00    -1.22467156e+03     3.55785436e+02    -1.22473878e+03   
    2.07100000e+03     1.03550000e+00    -1.22467165e+03     3.67750773e+02    -1.22474108e+03   
    2.07200000e+03     1.03600000e+00    -1.22467164e+03     3.79119283e+02    -1.22474309e+03   
    2.07300000e+03     1.03650000e+00    -1.22467171e+03     3.78955096e+02    -1.22474338e+03   
    2.07400000e+03     1.03700000e+00    -1.22467167e+03     3.69243364e+02    -1.22474122e+03   
    2.07500000e+03     1.03750000e+00    -1.22467160e+03     3.53762646e+02    -1.22473735e+03   
    2.07600000e+03     1.03800000e+00    -1.22467148e+03     3.30511384e+02    -1.22473290e+03   
    2.07700000e+03     1.03850000e+00    -1.22467147e+03     3.16243793e+02    -1.22472974e+03   
    2.07800000e+03     1.03900000e+00    -1.22467146e+03     3.10044144e+02    -1.22472859e+03   
    2.07900000e+03     1.03950000e+00    -1.22467145e+03     3.13575808e+02    -1.22472960e+03   
    2.08000000e+03     1.04000000e+00    -1.22467160e+03     3.27190444e+02    -1.22473175e+03   
    2.08100000e+03     1.04050000e+00    -1.22467163e+03     3.35856993e+02    -1.22473390e+03   
    2.08200000e+03     1.04100000e+00    -1.22467173e+03     3.41158459e+02    -1.22473520e+03   
    2.08300000e+03     1.04150000e+00    -1.22467175e+03     3.35721501e+02    -1.22473477e+03   
    2.08400000e+03     1.04200000e+00    -1.22467164e+03     3.24839330e+02    -1.22473247e+03   
    2.08500000e+03     1.04250000e+00    -1.22467165e+03     3.07906917e+02    -1.22472888e+03   
    2.08600000e+03     1.04300000e+00    -1.22467153e+03     2.85837687e+02    -1.22472529e+03   
    2.08700000e+03     1.04350000e+00    -1.22467145e+03     2.78504725e+02    -1.22472371e+03   
    2.08800000e+03     1.04400000e+00    -1.22467148e+03     2.85093854e+02    -1.22472543e+03   
    2.08900000e+03     1.04450000e+00    -1.22467163e+03     2.95025281e+02    -1.22472902e+03   
    2.09000000e+03     1.04500000e+00    -1.22467168e+03     3.13843089e+02    -1.22473218e+03   
    2.09100000e+03     1.04550000e+00    -1.22467184e+03     3.19293910e+02    -1.22473290e+03   
    2.09200000e+03     1.04600000e+00    -1.22467164e+03     3.11785863e+02    -1.22473031e+03   
    2.09300000e+03     1.04650000e+00    -1.22467153e+03     2.93232510e+02    -1.22472572e+03   
    2.09400000e+03     1.04700000e+00    -1.22467146e+03     2.72508110e+02    -1.22472113e+03   
    2.09500000e+03     1.04750000e+00    -1.22467137e+03     2.61085618e+02    -1.22471826e+03   
    2.09600000e+03     1.04800000e+00    -1.22467135e+03     2.60788585e+02    -1.22471811e+03   
    2.09700000e+03     1.04850000e+00    -1.22467139e+03     2.71322124e+02    -1.22472070e+03   
    2.09800000e+03     1.04900000e+00    -1.22467152e+03     2.85521906e+02    -1.22472472e+03   
    2.09900000e+03     1.04950000e+00    -1.22467162e+03     3.02580272e+02    -1.22472888e+03   
    2.10000000e+03     1.05000000e+00    -1.22467167e+03     3.19339270e+02    -1.22473175e+03   
    2.10100000e+03     1.05050000e+00    -1.22467173e+03     3.21429797e+02    -1.22473247e+03   
    2.10200000e+03     1.05100000e+00    -1.22467163e+03     3.12425411e+02    -1.22473060e+03   
    2.10300000e+03     1.05150000e+00    -1.22467162e+03     2.94882058e+02    -1.22472730e+03   
    2.10400000e+03     1.05200000e+00    -1.22467148e+03     2.83990290e+02    -1.22472429e+03   
    2.10500000e+03     1.05250000e+00    -1.22467134e+03     2.82262269e+02    -1.22472357e+03   
    2.10600000e+03     1.05300000e+00    -1.22467147e+03     2.95781772e+02    -1.22472630e+03   
    2.10700000e+03     1.05350000e+00    -1.22467162e+03     3.16550756e+02    -1.22473118e+03   
    2.10800000e+03     1.05400000e+00    -1.22467168e+03     3.37285009e+02    -1.22473591e+03   
    2.10900000e+03     1.05450000e+00    -1.22467180e+03     3.55216269e+02    -1.22473807e+03   
    2.11000000e+03     1.05500000e+00    -1.22467168e+03     3.51969386e+02    -1.22473649e+03   
    2.11100000e+03     1.05550000e+00    -1.22467164e+03     3.30825899e+02    -1.22473204e+03   
    2.11200000e+03     1.05600000e+00    -1.22467143e+03     3.12832001e+02    -1.22472630e+03   
    2.11300000e+03     1.05650000e+00    -1.22467129e+03     2.96924484e+02    -1.22472170e+03   
    2.11400000e+03     1.05700000e+00    -1.22467128e+03     2.90756900e+02    -1.22471998e+03   
    2.11500000e+03     1.05750000e+00    -1.22467136e+03     2.93028511e+02    -1.22472185e+03   
    2.11600000e+03     1.05800000e+00    -1.22467144e+03     3.12423758e+02    -1.22472644e+03   
    2.11700000e+03     1.05850000e+00    -1.22467160e+03     3.36110775e+02    -1.22473161e+03   
    2.11800000e+03     1.05900000e+00    -1.22467161e+03     3.46633944e+02    -1.22473534e+03   
    2.11900000e+03     1.05950000e+00    -1.22467166e+03     3.52474966e+02    -1.22473663e+03   
    2.12000000e+03     1.06000000e+00    -1.22467169e+03     3.51443311e+02    -1.22473534e+03   
    2.12100000e+03     1.06050000e+00    -1.22467149e+03     3.34577135e+02    -1.22473204e+03   
    2.12200000e+03     1.06100000e+00    -1.22467134e+03     3.22632396e+02    -1.22472874e+03   
    2.12300000e+03     1.06150000e+00    -1.22467131e+03     3.22186630e+02    -1.22472744e+03   
    2.12400000e+03     1.06200000e+00    -1.22467130e+03     3.25824285e+02    -1.22472931e+03   
    2.12500000e+03     1.06250000e+00    -1.22467145e+03     3.46217496e+02    -1.22473405e+03   
    2.12600000e+03     1.06300000e+00    -1.22467163e+03     3.60386028e+02    -1.22473922e+03   
    2.12700000e+03     1.06350000e+00    -1.22467177e+03     3.77581722e+02    -1.22474252e+03   
    2.12800000e+03     1.06400000e+00    -1.22467177e+03     3.75107480e+02    -1.22474194e+03   
    2.12900000e+03     1.06450000e+00    -1.22467157e+03     3.60704512e+02    -1.22473764e+03   
    2.13000000e+03     1.06500000e+00    -1.22467153e+03     3.30827179e+02    -1.22473161e+03   
    2.13100000e+03     1.06550000e+00    -1.22467130e+03     3.11856875e+02    -1.22472558e+03   
    2.13200000e+03     1.06600000e+00    -1.22467124e+03     2.91036114e+02    -1.22472185e+03   
    2.13300000e+03     1.06650000e+00    -1.22467124e+03     2.85780854e+02    -1.22472098e+03   
    2.13400000e+03     1.06700000e+00    -1.22467129e+03     2.97267358e+02    -1.22472328e+03   
    2.13500000e+03     1.06750000e+00    -1.22467144e+03     3.11594385e+02    -1.22472773e+03   
    2.13600000e+03     1.06800000e+00    -1.22467159e+03     3.32357657e+02    -1.22473247e+03   
    2.13700000e+03     1.06850000e+00    -1.22467169e+03     3.47607901e+02    -1.22473591e+03   
    2.13800000e+03     1.06900000e+00    -1.22467164e+03     3.48911399e+02    -1.22473663e+03   
    2.13900000e+03     1.06950000e+00    -1.22467164e+03     3.37319563e+02    -1.22473419e+03   
    2.14000000e+03     1.07000000e+00    -1.22467145e+03     3.20344133e+02    -1.22472988e+03   
    2.14100000e+03     1.07050000e+00    -1.22467131e+03     3.06819425e+02    -1.22472630e+03   
    2.14200000e+03     1.07100000e+00    -1.22467123e+03     3.10762901e+02    -1.22472586e+03   
    2.14300000e+03     1.07150000e+00    -1.22467143e+03     3.23013379e+02    -1.22472902e+03   
    2.14400000e+03     1.07200000e+00    -1.22467145e+03     3.47439925e+02    -1.22473405e+03   
    2.14500000e+03     1.07250000e+00    -1.22467158e+03     3.68559871e+02    -1.22473922e+03   
    2.14600000e+03     1.07300000e+00    -1.22467166e+03     3.83594608e+02    -1.22474223e+03   
    2.14700000e+03     1.07350000e+00    -1.22467168e+03     3.75619759e+02    -1.22474180e+03   
    2.14800000e+03     1.07400000e+00    -1.22467155e+03     3.57142050e+02    -1.22473864e+03   
    2.14900000e+03     1.07450000e+00    -1.22467152e+03     3.36280710e+02    -1.22473433e+03   
    2.15000000e+03     1.07500000e+00    -1.22467137e+03     3.15553649e+02    -1.22473017e+03   
    2.15100000e+03     1.07550000e+00    -1.22467129e+03     3.03909559e+02    -1.22472744e+03   
    2.15200000e+03     1.07600000e+00    -1.22467129e+03     2.96318322e+02    -1.22472687e+03   
    2.15300000e+03     1.07650000e+00    -1.22467131e+03     3.04450654e+02    -1.22472802e+03   
    2.15400000e+03     1.07700000e+00    -1.22467145e+03     3.13764939e+02    -1.22473060e+03   
    2.15500000e+03     1.07750000e+00    -1.22467143e+03     3.28651629e+02    -1.22473362e+03   
    2.15600000e+03     1.07800000e+00    -1.22467163e+03     3.44594909e+02    -1.22473649e+03   
    2.15700000e+03     1.07850000e+00    -1.22467152e+03     3.46004397e+02    -1.22473721e+03   
    2.15800000e+03     1.07900000e+00    -1.22467156e+03     3.48290509e+02    -1.22473620e+03   
    2.15900000e+03     1.07950000e+00    -1.22467144e+03     3.39899644e+02    -1.22473419e+03   
    2.16000000e+03     1.08000000e+00    -1.22467136e+03     3.31577219e+02    -1.22473276e+03   
    2.16100000e+03     1.08050000e+00    -1.22467136e+03     3.37627905e+02    -1.22473347e+03   
    2.16200000e+03     1.08100000e+00    -1.22467140e+03     3.53594494e+02    -1.22473663e+03   
    2.16300000e+03     1.08150000e+00    -1.22467142e+03     3.71600819e+02    -1.22474094e+03   
    2.16400000e+03     1.08200000e+00    -1.22467152e+03     3.87054843e+02    -1.22474539e+03   
    2.16500000e+03     1.08250000e+00    -1.22467162e+03     3.95410889e+02    -1.22474826e+03   
    2.16600000e+03     1.08300000e+00    -1.22467156e+03     3.99980594e+02    -1.22474855e+03   
    2.16700000e+03     1.08350000e+00    -1.22467153e+03     3.89606865e+02    -1.22474682e+03   
    2.16800000e+03     1.08400000e+00    -1.22467144e+03     3.80573324e+02    -1.22474395e+03   
    2.16900000e+03     1.08450000e+00    -1.22467139e+03     3.66090620e+02    -1.22474051e+03   
    2.17000000e+03     1.08500000e+00    -1.22467133e+03     3.51301129e+02    -1.22473735e+03   
    2.17100000e+03     1.08550000e+00    -1.22467141e+03     3.41850321e+02    -1.22473548e+03   
    2.17200000e+03     1.08600000e+00    -1.22467140e+03     3.50196064e+02    -1.22473491e+03   
    2.17300000e+03     1.08650000e+00    -1.22467140e+03     3.51986110e+02    -1.22473548e+03   
    2.17400000e+03     1.08700000e+00    -1.22467146e+03     3.53232831e+02    -1.22473721e+03   
    2.17500000e+03     1.08750000e+00    -1.22467151e+03     3.60405685e+02    -1.22473922e+03   
    2.17600000e+03     1.08800000e+00    -1.22467155e+03     3.72922924e+02    -1.22474065e+03   
    2.17700000e+03     1.08850000e+00    -1.22467159e+03     3.73261517e+02    -1.22474051e+03   
    2.17800000e+03     1.08900000e+00    -1.22467150e+03     3.66357096e+02    -1.22473893e+03   
    2.17900000e+03     1.08950000e+00    -1.22467149e+03     3.49953563e+02    -1.22473649e+03   
    2.18000000e+03     1.09000000e+00    -1.22467131e+03     3.38563991e+02    -1.22473462e+03   
    2.18100000e+03     1.09050000e+00    -1.22467135e+03     3.39025660e+02    -1.22473477e+03   
    2.18200000e+03     1.09100000e+00    -1.22467139e+03     3.51078203e+02    -1.22473706e+03   
    2.18300000e+03     1.09150000e+00    -1.22467145e+03     3.62683143e+02    -1.22474079e+03   
    2.18400000e+03     1.09200000e+00    -1.22467157e+03     3.80644898e+02    -1.22474467e+03   
    2.18500000e+03     1.09250000e+00    -1.22467168e+03     3.87019234e+02    -1.22474668e+03   
    2.18600000e+03     1.09300000e+00    -1.22467172e+03     3.84582365e+02    -1.22474567e+03   
    2.18700000e+03     1.09350000e+00    -1.22467154e+03     3.71651926e+02    -1.22474151e+03   
    2.18800000e+03     1.09400000e+00    -1.22467138e+03     3.43734668e+02    -1.22473563e+03   
    2.18900000e+03     1.09450000e+00    -1.22467133e+03     3.22573732e+02    -1.22473031e+03   
    2.19000000e+03     1.09500000e+00    -1.22467129e+03     3.06510323e+02    -1.22472687e+03   
    2.19100000e+03     1.09550000e+00    -1.22467138e+03     2.95404082e+02    -1.22472572e+03   
    2.19200000e+03     1.09600000e+00    -1.22467140e+03     2.98578705e+02    -1.22472586e+03   
    2.19300000e+03     1.09650000e+00    -1.22467146e+03     3.05195069e+02    -1.22472687e+03   
    2.19400000e+03     1.09700000e+00    -1.22467148e+03     3.20455793e+02    -1.22472787e+03   
    2.19500000e+03     1.09750000e+00    -1.22467150e+03     3.26234621e+02    -1.22472845e+03   
    2.19600000e+03     1.09800000e+00    -1.22467150e+03     3.23507185e+02    -1.22472802e+03   
    2.19700000e+03     1.09850000e+00    -1.22467153e+03     3.14586025e+02    -1.22472658e+03   
    2.19800000e+03     1.09900000e+00    -1.22467140e+03     3.04777115e+02    -1.22472457e+03   
    2.19900000e+03     1.09950000e+00    -1.22467143e+03     3.00677360e+02    -1.22472299e+03   
    2.20000000e+03     1.10000000e+00    -1.22467147e+03     2.92227014e+02    -1.22472199e+03   
    2.20100000e+03     1.10050000e+00    -1.22467135e+03     2.96081269e+02    -1.22472156e+03   
    2.20200000e+03     1.10100000e+00    -1.22467144e+03     3.01023279e+02    -1.22472271e+03   
    2.20300000e+03     1.10150000e+00    -1.22467154e+03     3.06622074e+02    -1.22472457e+03   
    2.20400000e+03     1.10200000e+00    -1.22467158e+03     3.14108710e+02    -1.22472601e+03   
    2.20500000e+03     1.10250000e+00    -1.22467158e+03     3.16020966e+02    -1.22472658e+03   
    2.20600000e+03     1.10300000e+00    -1.22467158e+03     3.08311454e+02    -1.22472586e+03   
    2.20700000e+03     1.10350000e+00    -1.22467147e+03     3.00628884e+02    -1.22472357e+03   
    2.20800000e+03     1.10400000e+00    -1.22467143e+03     2.86405983e+02    -1.22472055e+03   
    2.20900000e+03     1.10450000e+00    -1.22467141e+03     2.74869685e+02    -1.22471754e+03   
    2.21000000e+03     1.10500000e+00    -1.22467140e+03     2.64867417e+02    -1.22471553e+03   
    2.21100000e+03     1.10550000e+00    -1.22467141e+03     2.61390415e+02    -1.22471495e+03   
    2.21200000e+03     1.10600000e+00    -1.22467138e+03     2.65207530e+02    -1.22471567e+03   
    2.21300000e+03     1.10650000e+00    -1.22467144e+03     2.72997472e+02    -1.22471740e+03   
    2.21400000e+03     1.10700000e+00    -1.22467144e+03     2.82979534e+02    -1.22471912e+03   
    2.21500000e+03     1.10750000e+00    -1.22467151e+03     2.83029416e+02    -1.22472027e+03   
    2.21600000e+03     1.10800000e+00    -1.22467148e+03     2.82008062e+02    -1.22472055e+03   
    2.21700000e+03     1.10850000e+00    -1.22467143e+03     2.84049829e+02    -1.22472041e+03   
    2.21800000e+03     1.10900000e+00    -1.22467143e+03     2.85065297e+02    -1.22472113e+03   
    2.21900000e+03     1.10950000e+00    -1.22467151e+03     2.95844580e+02    -1.22472285e+03   
    2.22000000e+03     1.11000000e+00    -1.22467157e+03     2.96466264e+02    -1.22472457e+03   
    2.22100000e+03     1.11050000e+00    -1.22467157e+03     3.01581262e+02    -1.22472529e+03   
    2.22200000e+03     1.11100000e+00    -1.22467145e+03     3.03184068e+02    -1.22472457e+03   
    2.22300000e+03     1.11150000e+00    -1.22467140e+03     2.95394641e+02    -1.22472328e+03   
    2.22400000e+03     1.11200000e+00    -1.22467137e+03     2.95515279e+02    -1.22472199e+03   
    2.22500000e+03     1.11250000e+00    -1.22467138e+03     2.88154770e+02    -1.22472156e+03   
    2.22600000e+03     1.11300000e+00    -1.22467147e+03     2.90595747e+02    -1.22472242e+03   
    2.22700000e+03     1.11350000e+00    -1.22467147e+03     2.99536277e+02    -1.22472357e+03   
    2.22800000e+03     1.11400000e+00    -1.22467142e+03     3.04444880e+02    -1.22472429e+03   
    2.22900000e+03     1.11450000e+00    -1.22467146e+03     3.12162484e+02    -1.22472457e+03   
    2.23000000e+03     1.11500000e+00    -1.22467143e+03     3.11871299e+02    -1.22472429e+03   
    2.23100000e+03     1.11550000e+00    -1.22467153e+03     3.11276642e+02    -1.22472386e+03   
    2.23200000e+03     1.11600000e+00    -1.22467140e+03     3.10051425e+02    -1.22472314e+03   
    2.23300000e+03     1.11650000e+00    -1.22467146e+03     3.12952629e+02    -1.22472228e+03   
    2.23400000e+03     1.11700000e+00    -1.22467146e+03     3.09697405e+02    -1.22472156e+03   
    2.23500000e+03     1.11750000e+00    -1.22467144e+03     3.06263224e+02    -1.22472156e+03   
    2.23600000e+03     1.11800000e+00    -1.22467135e+03     3.12354948e+02    -1.22472242e+03   
    2.23700000e+03     1.11850000e+00    -1.22467145e+03     3.23153984e+02    -1.22472486e+03   
    2.23800000e+03     1.11900000e+00    -1.22467152e+03     3.33164878e+02    -1.22472831e+03   
    2.23900000e+03     1.11950000e+00    -1.22467153e+03     3.51045542e+02    -1.22473132e+03   
    2.24000000e+03     1.12000000e+00    -1.22467164e+03     3.64775454e+02    -1.22473261e+03   
    2.24100000e+03     1.12050000e+00    -1.22467163e+03     3.62601927e+02    -1.22473146e+03   
    2.24200000e+03     1.12100000e+00    -1.22467139e+03     3.44993882e+02    -1.22472845e+03   
    2.24300000e+03     1.12150000e+00    -1.22467131e+03     3.25039328e+02    -1.22472543e+03   
    2.24400000e+03     1.12200000e+00    -1.22467135e+03     3.14443475e+02    -1.22472400e+03   
    2.24500000e+03     1.12250000e+00    -1.22467139e+03     3.03501575e+02    -1.22472414e+03   
    2.24600000e+03     1.12300000e+00    -1.22467144e+03     3.12532649e+02    -1.22472558e+03   
    2.24700000e+03     1.12350000e+00    -1.22467149e+03     3.27317762e+02    -1.22472759e+03   
    2.24800000e+03     1.12400000e+00    -1.22467147e+03     3.39240219e+02    -1.22472931e+03   
    2.24900000e+03     1.12450000e+00    -1.22467149e+03     3.47593320e+02    -1.22473017e+03   
    2.25000000e+03     1.12500000e+00    -1.22467157e+03     3.44561061e+02    -1.22473017e+03   
    2.25100000e+03     1.12550000e+00    -1.22467145e+03     3.31064297e+02    -1.22472859e+03   
    2.25200000e+03     1.12600000e+00    -1.22467142e+03     3.20850280e+02    -1.22472673e+03   
    2.25300000e+03     1.12650000e+00    -1.22467135e+03     3.13428548e+02    -1.22472558e+03   
    2.25400000e+03     1.12700000e+00    -1.22467127e+03     3.15732983e+02    -1.22472615e+03   
    2.25500000e+03     1.12750000e+00    -1.22467131e+03     3.30700749e+02    -1.22472902e+03   
    2.25600000e+03     1.12800000e+00    -1.22467142e+03     3.59228498e+02    -1.22473376e+03   
    2.25700000e+03     1.12850000e+00    -1.22467165e+03     3.79207443e+02    -1.22473864e+03   
    2.25800000e+03     1.12900000e+00    -1.22467166e+03     3.94053203e+02    -1.22474166e+03   
    2.25900000e+03     1.12950000e+00    -1.22467168e+03     3.91303854e+02    -1.22474194e+03   
    2.26000000e+03     1.13000000e+00    -1.22467161e+03     3.86440608e+02    -1.22473993e+03   
    2.26100000e+03     1.13050000e+00    -1.22467150e+03     3.65892058e+02    -1.22473649e+03   
    2.26200000e+03     1.13100000e+00    -1.22467141e+03     3.49943177e+02    -1.22473333e+03   
    2.26300000e+03     1.13150000e+00    -1.22467143e+03     3.42144572e+02    -1.22473132e+03   
    2.26400000e+03     1.13200000e+00    -1.22467144e+03     3.43047061e+02    -1.22473060e+03   
    2.26500000e+03     1.13250000e+00    -1.22467139e+03     3.41155669e+02    -1.22473089e+03   
    2.26600000e+03     1.13300000e+00    -1.22467142e+03     3.42271142e+02    -1.22473175e+03   
    2.26700000e+03     1.13350000e+00    -1.22467156e+03     3.41407182e+02    -1.22473247e+03   
    2.26800000e+03     1.13400000e+00    -1.22467158e+03     3.38533369e+02    -1.22473218e+03   
    2.26900000e+03     1.13450000e+00    -1.22467156e+03     3.37304896e+02    -1.22473132e+03   
    2.27000000e+03     1.13500000e+00    -1.22467146e+03     3.28816447e+02    -1.22472960e+03   
    2.27100000e+03     1.13550000e+00    -1.22467151e+03     3.19628146e+02    -1.22472744e+03   
    2.27200000e+03     1.13600000e+00    -1.22467141e+03     3.12561283e+02    -1.22472529e+03   
    2.27300000e+03     1.13650000e+00    -1.22467138e+03     3.09943130e+02    -1.22472429e+03   
    2.27400000e+03     1.13700000e+00    -1.22467130e+03     3.12393032e+02    -1.22472500e+03   
    2.27500000e+03     1.13750000e+00    -1.22467136e+03     3.16554456e+02    -1.22472730e+03   
    2.27600000e+03     1.13800000e+00    -1.22467143e+03     3.28904016e+02    -1.22473003e+03   
    2.27700000e+03     1.13850000e+00    -1.22467154e+03     3.45931058e+02    -1.22473276e+03   
    2.27800000e+03     1.13900000e+00    -1.22467162e+03     3.52555838e+02    -1.22473405e+03   
    2.27900000e+03     1.13950000e+00    -1.22467158e+03     3.55043266e+02    -1.22473390e+03   
    2.28000000e+03     1.14000000e+00    -1.22467152e+03     3.57542185e+02    -1.22473232e+03   
    2.28100000e+03     1.14050000e+00    -1.22467141e+03     3.42683969e+02    -1.22473017e+03   
    2.28200000e+03     1.14100000e+00    -1.22467141e+03     3.38154216e+02    -1.22472802e+03   
    2.28300000e+03     1.14150000e+00    -1.22467148e+03     3.26062915e+02    -1.22472658e+03   
    2.28400000e+03     1.14200000e+00    -1.22467145e+03     3.21628425e+02    -1.22472586e+03   
    2.28500000e+03     1.14250000e+00    -1.22467152e+03     3.19909042e+02    -1.22472572e+03   
    2.28600000e+03     1.14300000e+00    -1.22467150e+03     3.23360452e+02    -1.22472558e+03   
    2.28700000e+03     1.14350000e+00    -1.22467157e+03     3.16771617e+02    -1.22472558e+03   
    2.28800000e+03     1.14400000e+00    -1.22467153e+03     3.17339360e+02    -1.22472515e+03   
    2.28900000e+03     1.14450000e+00    -1.22467150e+03     3.06386905e+02    -1.22472429e+03   
    2.29000000e+03     1.14500000e+00    -1.22467142e+03     2.99474241e+02    -1.22472328e+03   
    2.29100000e+03     1.14550000e+00    -1.22467144e+03     2.95157589e+02    -1.22472328e+03   
    2.29200000e+03     1.14600000e+00    -1.22467151e+03     2.99203243e+02    -1.22472443e+03   
    2.29300000e+03     1.14650000e+00    -1.22467145e+03     3.07629242e+02    -1.22472586e+03   
    2.29400000e+03     1.14700000e+00    -1.22467156e+03     3.09582025e+02    -1.22472744e+03   
    2.29500000e+03     1.14750000e+00    -1.22467147e+03     3.15586104e+02    -1.22472874e+03   
    2.29600000e+03     1.14800000e+00    -1.22467157e+03     3.18382324e+02    -1.22473003e+03   
    2.29700000e+03     1.14850000e+00    -1.22467147e+03     3.20712011e+02    -1.22473075e+03   
    2.29800000e+03     1.14900000e+00    -1.22467155e+03     3.22363470e+02    -1.22473103e+03   
    2.29900000e+03     1.14950000e+00    -1.22467150e+03     3.16572178e+02    -1.22473060e+03   
    2.30000000e+03     1.15000000e+00    -1.22467146e+03     3.11315828e+02    -1.22472988e+03   
    2.30100000e+03     1.15050000e+00    -1.22467151e+03     3.01838425e+02    -1.22472931e+03   
    2.30200000e+03     1.15100000e+00    -1.22467152e+03     2.94420095e+02    -1.22472902e+03   
    2.30300000e+03     1.15150000e+00    -1.22467152e+03     2.93781794e+02    -1.22472917e+03   
    2.30400000e+03     1.15200000e+00    -1.22467147e+03     2.95683929e+02    -1.22472988e+03   
    2.30500000e+03     1.15250000e+00    -1.22467152e+03     2.98860208e+02    -1.22473103e+03   
    2.30600000e+03     1.15300000e+00    -1.22467155e+03     2.99854130e+02    -1.22473175e+03   
    2.30700000e+03     1.15350000e+00    -1.22467161e+03     3.00553403e+02    -1.22473218e+03   
    2.30800000e+03     1.15400000e+00    -1.22467151e+03     3.05782208e+02    -1.22473204e+03   
    2.30900000e+03     1.15450000e+00    -1.22467149e+03     3.08764411e+02    -1.22473189e+03   
    2.31000000e+03     1.15500000e+00    -1.22467150e+03     3.06077885e+02    -1.22473247e+03   
    2.31100000e+03     1.15550000e+00    -1.22467149e+03     3.01419979e+02    -1.22473347e+03   
    2.31200000e+03     1.15600000e+00    -1.22467159e+03     3.05534250e+02    -1.22473477e+03   
    2.31300000e+03     1.15650000e+00    -1.22467157e+03     3.15820723e+02    -1.22473577e+03   
    2.31400000e+03     1.15700000e+00    -1.22467148e+03     3.15237296e+02    -1.22473649e+03   
    2.31500000e+03     1.15750000e+00    -1.22467155e+03     3.17556774e+02    -1.22473721e+03   
    2.31600000e+03     1.15800000e+00    -1.22467148e+03     3.21113684e+02    -1.22473792e+03   
    2.31700000e+03     1.15850000e+00    -1.22467157e+03     3.26338784e+02    -1.22473864e+03   
    2.31800000e+03     1.15900000e+00    -1.22467156e+03     3.32072140e+02    -1.22473922e+03   
    2.31900000e+03     1.15950000e+00    -1.22467156e+03     3.33458592e+02    -1.22473907e+03   
    2.32000000e+03     1.16000000e+00    -1.22467152e+03     3.30679209e+02    -1.22473764e+03   
    2.32100000e+03     1.16050000e+00    -1.22467153e+03     3.17127055e+02    -1.22473548e+03   
    2.32200000e+03     1.16100000e+00    -1.22467136e+03     3.08355478e+02    -1.22473333e+03   
    2.32300000e+03     1.16150000e+00    -1.22467142e+03     3.06221606e+02    -1.22473247e+03   
    2.32400000e+03     1.16200000e+00    -1.22467144e+03     3.06188319e+02    -1.22473276e+03   
    2.32500000e+03     1.16250000e+00    -1.22467153e+03     3.13684632e+02    -1.22473390e+03   
    2.32600000e+03     1.16300000e+00    -1.22467160e+03     3.17348031e+02    -1.22473477e+03   
    2.32700000e+03     1.16350000e+00    -1.22467148e+03     3.16113996e+02    -1.22473477e+03   
    2.32800000e+03     1.16400000e+00    -1.22467153e+03     3.19291267e+02    -1.22473448e+03   
    2.32900000e+03     1.16450000e+00    -1.22467146e+03     3.14869211e+02    -1.22473390e+03   
    2.33000000e+03     1.16500000e+00    -1.22467149e+03     3.15484594e+02    -1.22473390e+03   
    2.33100000e+03     1.16550000e+00    -1.22467151e+03     3.14496959e+02    -1.22473448e+03   
    2.33200000e+03     1.16600000e+00    -1.22467153e+03     3.11156548e+02    -1.22473534e+03   
    2.33300000e+03     1.16650000e+00    -1.22467156e+03     3.19789661e+02    -1.22473634e+03   
    2.33400000e+03     1.16700000e+00    -1.22467145e+03     3.24686090e+02    -1.22473735e+03   
    2.33500000e+03     1.16750000e+00    -1.22467154e+03     3.32542062e+02    -1.22473821e+03   
    2.33600000e+03     1.16800000e+00    -1.22467152e+03     3.31195192e+02    -1.22473864e+03   
    2.33700000e+03     1.16850000e+00    -1.22467150e+03     3.33030764e+02    -1.22473850e+03   
    2.33800000e+03     1.16900000e+00    -1.22467148e+03     3.30265196e+02    -1.22473749e+03   
    2.33900000e+03     1.16950000e+00    -1.22467147e+03     3.34512771e+02    -1.22473606e+03   
    2.34000000e+03     1.17000000e+00    -1.22467140e+03     3.28829222e+02    -1.22473462e+03   
    2.34100000e+03     1.17050000e+00    -1.22467143e+03     3.30549112e+02    -1.22473390e+03   
    2.34200000e+03     1.17100000e+00    -1.22467146e+03     3.33560091e+02    -1.22473419e+03   
    2.34300000e+03     1.17150000e+00    -1.22467143e+03     3.41575760e+02    -1.22473491e+03   
    2.34400000e+03     1.17200000e+00    -1.22467151e+03     3.49959019e+02    -1.22473520e+03   
    2.34500000e+03     1.17250000e+00    -1.22467156e+03     3.43954862e+02    -1.22473405e+03   
    2.34600000e+03     1.17300000e+00    -1.22467151e+03     3.30785543e+02    -1.22473146e+03   
    2.34700000e+03     1.17350000e+00    -1.22467141e+03     3.20910211e+02    -1.22472931e+03   
    2.34800000e+03     1.17400000e+00    -1.22467134e+03     3.18974190e+02    -1.22472859e+03   
    2.34900000e+03     1.17450000e+00    -1.22467143e+03     3.20191869e+02    -1.22472960e+03   
    2.35000000e+03     1.17500000e+00    -1.22467144e+03     3.23285524e+02    -1.22473161e+03   
    2.35100000e+03     1.17550000e+00    -1.22467149e+03     3.25682612e+02    -1.22473347e+03   
    2.35200000e+03     1.17600000e+00    -1.22467148e+03     3.28770189e+02    -1.22473433e+03   
    2.35300000e+03     1.17650000e+00    -1.22467145e+03     3.26636492e+02    -1.22473419e+03   
    2.35400000e+03     1.17700000e+00    -1.22467141e+03     3.29916066e+02    -1.22473333e+03   
    2.35500000e+03     1.17750000e+00    -1.22467138e+03     3.27110176e+02    -1.22473232e+03   
    2.35600000e+03     1.17800000e+00    -1.22467138e+03     3.25958654e+02    -1.22473175e+03   
    2.35700000e+03     1.17850000e+00    -1.22467148e+03     3.25612550e+02    -1.22473189e+03   
    2.35800000e+03     1.17900000e+00    -1.22467142e+03     3.27306276e+02    -1.22473276e+03   
    2.35900000e+03     1.17950000e+00    -1.22467140e+03     3.28906815e+02    -1.22473419e+03   
    2.36000000e+03     1.18000000e+00    -1.22467144e+03     3.39143380e+02    -1.22473649e+03   
    2.36100000e+03     1.18050000e+00    -1.22467155e+03     3.46259391e+02    -1.22473893e+03   
    2.36200000e+03     1.18100000e+00    -1.22467160e+03     3.51443257e+02    -1.22474036e+03   
    2.36300000e+03     1.18150000e+00    -1.22467158e+03     3.46743807e+02    -1.22473979e+03   
    2.36400000e+03     1.18200000e+00    -1.22467155e+03     3.36637534e+02    -1.22473706e+03   
    2.36500000e+03     1.18250000e+00    -1.22467143e+03     3.23735684e+02    -1.22473347e+03   
    2.36600000e+03     1.18300000e+00    -1.22467128e+03     3.12762163e+02    -1.22473118e+03   
    2.36700000e+03     1.18350000e+00    -1.22467127e+03     3.12929869e+02    -1.22473161e+03   
    2.36800000e+03     1.18400000e+00    -1.22467144e+03     3.30723139e+02    -1.22473419e+03   
    2.36900000e+03     1.18450000e+00    -1.22467151e+03     3.46921378e+02    -1.22473706e+03   
    2.37000000e+03     1.18500000e+00    -1.22467154e+03     3.50714897e+02    -1.22473893e+03   
    2.37100000e+03     1.18550000e+00    -1.22467146e+03     3.51072642e+02    -1.22473878e+03   
    2.37200000e+03     1.18600000e+00    -1.22467141e+03     3.47499916e+02    -1.22473778e+03   
    2.37300000e+03     1.18650000e+00    -1.22467144e+03     3.36130624e+02    -1.22473663e+03   
    2.37400000e+03     1.18700000e+00    -1.22467145e+03     3.26566659e+02    -1.22473577e+03   
    2.37500000e+03     1.18750000e+00    -1.22467137e+03     3.23593744e+02    -1.22473534e+03   
    2.37600000e+03     1.18800000e+00    -1.22467136e+03     3.25863267e+02    -1.22473577e+03   
    2.37700000e+03     1.18850000e+00    -1.22467141e+03     3.26586839e+02    -1.22473706e+03   
    2.37800000e+03     1.18900000e+00    -1.22467144e+03     3.34507897e+02    -1.22473907e+03   
    2.37900000e+03     1.18950000e+00    -1.22467150e+03     3.35444133e+02    -1.22474065e+03   
    2.38000000e+03     1.19000000e+00    -1.22467162e+03     3.38795425e+02    -1.22474079e+03   
    2.38100000e+03     1.19050000e+00    -1.22467152e+03     3.26781025e+02    -1.22473878e+03   
    2.38200000e+03     1.19100000e+00    -1.22467159e+03     3.06247006e+02    -1.22473577e+03   
    2.38300000e+03     1.19150000e+00    -1.22467137e+03     2.90821602e+02    -1.22473247e+03   
    2.38400000e+03     1.19200000e+00    -1.22467142e+03     2.77617183e+02    -1.22473089e+03   
    2.38500000e+03     1.19250000e+00    -1.22467139e+03     2.81063107e+02    -1.22473103e+03   
    2.38600000e+03     1.19300000e+00    -1.22467147e+03     2.90799593e+02    -1.22473276e+03   
    2.38700000e+03     1.19350000e+00    -1.22467160e+03     2.93842041e+02    -1.22473462e+03   
    2.38800000e+03     1.19400000e+00    -1.22467157e+03     2.89867101e+02    -1.22473520e+03   
    2.38900000e+03     1.19450000e+00    -1.22467158e+03     2.85070376e+02    -1.22473433e+03   
    2.39000000e+03     1.19500000e+00    -1.22467151e+03     2.78371184e+02    -1.22473232e+03   
    2.39100000e+03     1.19550000e+00    -1.22467145e+03     2.68853376e+02    -1.22473003e+03   
    2.39200000e+03     1.19600000e+00    -1.22467151e+03     2.59046479e+02    -1.22472831e+03   
    2.39300000e+03     1.19650000e+00    -1.22467140e+03     2.54039030e+02    -1.22472716e+03   
    2.39400000e+03     1.19700000e+00    -1.22467154e+03     2.56988321e+02    -1.22472701e+03   
    2.39500000e+03     1.19750000e+00    -1.22467144e+03     2.54510984e+02    -1.22472730e+03   
    2.39600000e+03     1.19800000e+00    -1.22467152e+03     2.53703329e+02    -1.22472816e+03   
    2.39700000e+03     1.19850000e+00    -1.22467152e+03     2.58937205e+02    -1.22472888e+03   
    2.39800000e+03     1.19900000e+00    -1.22467155e+03     2.64144011e+02    -1.22472931e+03   
    2.39900000e+03     1.19950000e+00    -1.22467155e+03     2.60357387e+02    -1.22472931e+03   
    2.40000000e+03     1.20000000e+00    -1.22467157e+03     2.58030310e+02    -1.22472917e+03   
    2.40100000e+03     1.20050000e+00    -1.22467153e+03     2.53355268e+02    -1.22472888e+03   
    2.40200000e+03     1.20100000e+00    -1.22467156e+03     2.51630122e+02    -1.22472888e+03   
    2.40300000e+03     1.20150000e+00    -1.22467158e+03     2.61996048e+02    -1.22472960e+03   
    2.40400000e+03     1.20200000e+00    -1.22467150e+03     2.67789923e+02    -1.22473075e+03   
    2.40500000e+03     1.20250000e+00    -1.22467160e+03     2.81893613e+02    -1.22473218e+03   
    2.40600000e+03     1.20300000e+00    -1.22467162e+03     2.85319684e+02    -1.22473319e+03   
    2.40700000e+03     1.20350000e+00    -1.22467154e+03     2.92117856e+02    -1.22473333e+03   
    2.40800000e+03     1.20400000e+00    -1.22467152e+03     2.94171854e+02    -1.22473304e+03   
    2.40900000e+03     1.20450000e+00    -1.22467155e+03     2.97869422e+02    -1.22473247e+03   
    2.41000000e+03     1.20500000e+00    -1.22467146e+03     2.96453380e+02    -1.22473189e+03   
    2.41100000e+03     1.20550000e+00    -1.22467154e+03     2.91789870e+02    -1.22473189e+03   
    2.41200000e+03     1.20600000e+00    -1.22467146e+03     2.94509388e+02    -1.22473247e+03   
    2.41300000e+03     1.20650000e+00    -1.22467152e+03     2.98427038e+02    -1.22473376e+03   
    2.41400000e+03     1.20700000e+00    -1.22467155e+03     3.06114151e+02    -1.22473505e+03   
    2.41500000e+03     1.20750000e+00    -1.22467160e+03     3.11436978e+02    -1.22473591e+03   
    2.41600000e+03     1.20800000e+00    -1.22467162e+03     3.15522933e+02    -1.22473606e+03   
    2.41700000e+03     1.20850000e+00    -1.22467161e+03     3.08745557e+02    -1.22473534e+03   
    2.41800000e+03     1.20900000e+00    -1.22467156e+03     3.04008528e+02    -1.22473448e+03   
    2.41900000e+03     1.20950000e+00    -1.22467152e+03     3.00761717e+02    -1.22473405e+03   
    2.42000000e+03     1.21000000e+00    -1.22467152e+03     3.05496109e+02    -1.22473419e+03   
    2.42100000e+03     1.21050000e+00    -1.22467144e+03     3.07737797e+02    -1.22473491e+03   
    2.42200000e+03     1.21100000e+00    -1.22467151e+03     3.10415861e+02    -1.22473634e+03   
    2.42300000e+03     1.21150000e+00    -1.22467149e+03     3.18293759e+02    -1.22473821e+03   
    2.42400000e+03     1.21200000e+00    -1.22467162e+03     3.26555979e+02    -1.22474036e+03   
    2.42500000e+03     1.21250000e+00    -1.22467167e+03     3.25790966e+02    -1.22474166e+03   
    2.42600000e+03     1.21300000e+00    -1.22467158e+03     3.24631272e+02    -1.22474166e+03   
    2.42700000e+03     1.21350000e+00    -1.22467155e+03     3.25964476e+02    -1.22474065e+03   
    2.42800000e+03     1.21400000e+00    -1.22467148e+03     3.13436115e+02    -1.22473907e+03   
    2.42900000e+03     1.21450000e+00    -1.22467150e+03     3.00484266e+02    -1.22473778e+03   
    2.43000000e+03     1.21500000e+00    -1.22467153e+03     2.97651619e+02    -1.22473721e+03   
    2.43100000e+03     1.21550000e+00    -1.22467147e+03     2.98685560e+02    -1.22473735e+03   
    2.43200000e+03     1.21600000e+00    -1.22467157e+03     2.98068803e+02    -1.22473807e+03   
    2.43300000e+03     1.21650000e+00    -1.22467157e+03     3.01256429e+02    -1.22473864e+03   
    2.43400000e+03     1.21700000e+00    -1.22467157e+03     3.03059596e+02    -1.22473878e+03   
    2.43500000e+03     1.21750000e+00    -1.22467155e+03     2.97952728e+02    -1.22473821e+03   
    2.43600000e+03     1.21800000e+00    -1.22467155e+03     2.93014471e+02    -1.22473721e+03   
    2.43700000e+03     1.21850000e+00    -1.22467160e+03     2.85833391e+02    -1.22473606e+03   
    2.43800000e+03     1.21900000e+00    -1.22467150e+03     2.85379338e+02    -1.22473491e+03   
    2.43900000e+03     1.21950000e+00    -1.22467153e+03     2.76640300e+02    -1.22473419e+03   
    2.44000000e+03     1.22000000e+00    -1.22467145e+03     2.84561348e+02    -1.22473405e+03   
    2.44100000e+03     1.22050000e+00    -1.22467153e+03     2.89326421e+02    -1.22473491e+03   
    2.44200000e+03     1.22100000e+00    -1.22467151e+03     3.00511410e+02    -1.22473620e+03   
    2.44300000e+03     1.22150000e+00    -1.22467151e+03     3.07488564e+02    -1.22473706e+03   
    2.44400000e+03     1.22200000e+00    -1.22467154e+03     3.10209983e+02    -1.22473721e+03   
    2.44500000e+03     1.22250000e+00    -1.22467156e+03     3.08690453e+02    -1.22473677e+03   
    2.44600000e+03     1.22300000e+00    -1.22467153e+03     3.01594619e+02    -1.22473591e+03   
    2.44700000e+03     1.22350000e+00    -1.22467146e+03     2.91250592e+02    -1.22473491e+03   
    2.44800000e+03     1.22400000e+00    -1.22467143e+03     2.87117590e+02    -1.22473405e+03   
    2.44900000e+03     1.22450000e+00    -1.22467139e+03     2.85290282e+02    -1.22473390e+03   
    2.45000000e+03     1.22500000e+00    -1.22467148e+03     2.93456308e+02    -1.22473462e+03   
    2.45100000e+03     1.22550000e+00    -1.22467144e+03     2.96105349e+02    -1.22473563e+03   
    2.45200000e+03     1.22600000e+00    -1.22467151e+03     3.01130330e+02    -1.22473677e+03   
    2.45300000e+03     1.22650000e+00    -1.22467150e+03     3.00461492e+02    -1.22473735e+03   
    2.45400000e+03     1.22700000e+00    -1.22467144e+03     3.01553854e+02    -1.22473735e+03   
    2.45500000e+03     1.22750000e+00    -1.22467146e+03     3.04712017e+02    -1.22473706e+03   
    2.45600000e+03     1.22800000e+00    -1.22467144e+03     3.06611382e+02    -1.22473663e+03   
    2.45700000e+03     1.22850000e+00    -1.22467141e+03     3.09420576e+02    -1.22473634e+03   
    2.45800000e+03     1.22900000e+00    -1.22467142e+03     3.15585634e+02    -1.22473634e+03   
    2.45900000e+03     1.22950000e+00    -1.22467141e+03     3.21167953e+02    -1.22473663e+03   
    2.46000000e+03     1.23000000e+00    -1.22467145e+03     3.23515354e+02    -1.22473721e+03   
    2.46100000e+03     1.23050000e+00    -1.22467147e+03     3.26906651e+02    -1.22473721e+03   
    2.46200000e+03     1.23100000e+00    -1.22467151e+03     3.31732477e+02    -1.22473692e+03   
    2.46300000e+03     1.23150000e+00    -1.22467143e+03     3.30121612e+02    -1.22473663e+03   
    2.46400000e+03     1.23200000e+00    -1.22467144e+03     3.32857501e+02    -1.22473706e+03   
    2.46500000e+03     1.23250000e+00    -1.22467138e+03     3.32912443e+02    -1.22473792e+03   
    2.46600000e+03     1.23300000e+00    -1.22467152e+03     3.36458502e+02    -1.22473922e+03   
    2.46700000e+03     1.23350000e+00    -1.22467155e+03     3.41126551e+02    -1.22474008e+03   
    2.46800000e+03     1.23400000e+00    -1.22467147e+03     3.34349271e+02    -1.22474022e+03   
    2.46900000e+03     1.23450000e+00    -1.22467145e+03     3.32275197e+02    -1.22473979e+03   
    2.47000000e+03     1.23500000e+00    -1.22467149e+03     3.35227337e+02    -1.22473893e+03   
    2.47100000e+03     1.23550000e+00    -1.22467142e+03     3.35257607e+02    -1.22473764e+03   
    2.47200000e+03     1.23600000e+00    -1.22467152e+03     3.33965662e+02    -1.22473634e+03   
    2.47300000e+03     1.23650000e+00    -1.22467142e+03     3.29382300e+02    -1.22473505e+03   
    2.47400000e+03     1.23700000e+00    -1.22467151e+03     3.21008342e+02    -1.22473433e+03   
    2.47500000e+03     1.23750000e+00    -1.22467152e+03     3.14861818e+02    -1.22473362e+03   
    2.47600000e+03     1.23800000e+00    -1.22467147e+03     3.12069010e+02    -1.22473290e+03   
    2.47700000e+03     1.23850000e+00    -1.22467153e+03     3.05961408e+02    -1.22473175e+03   
    2.47800000e+03     1.23900000e+00    -1.22467159e+03     2.89948930e+02    -1.22472960e+03   
    2.47900000e+03     1.23950000e+00    -1.22467150e+03     2.84385821e+02    -1.22472644e+03   
    2.48000000e+03     1.24000000e+00    -1.22467136e+03     2.58291854e+02    -1.22472299e+03   
    2.48100000e+03     1.24050000e+00    -1.22467138e+03     2.51568120e+02    -1.22472084e+03   
    2.48200000e+03     1.24100000e+00    -1.22467133e+03     2.49615118e+02    -1.22472027e+03   
    2.48300000e+03     1.24150000e+00    -1.22467146e+03     2.55083378e+02    -1.22472141e+03   
    2.48400000e+03     1.24200000e+00    -1.22467156e+03     2.61618220e+02    -1.22472314e+03   
    2.48500000e+03     1.24250000e+00    -1.22467158e+03     2.70358538e+02    -1.22472429e+03   
    2.48600000e+03     1.24300000e+00    -1.22467154e+03     2.68789805e+02    -1.22472443e+03   
    2.48700000e+03     1.24350000e+00    -1.22467151e+03     2.68188576e+02    -1.22472400e+03   
    2.48800000e+03     1.24400000e+00    -1.22467151e+03     2.65942016e+02    -1.22472314e+03   
    2.48900000e+03     1.24450000e+00    -1.22467150e+03     2.69527938e+02    -1.22472199e+03   
    2.49000000e+03     1.24500000e+00    -1.22467137e+03     2.67443655e+02    -1.22472084e+03   
    2.49100000e+03     1.24550000e+00    -1.22467134e+03     2.65470546e+02    -1.22472041e+03   
    2.49200000e+03     1.24600000e+00    -1.22467139e+03     2.65521465e+02    -1.22472141e+03   
    2.49300000e+03     1.24650000e+00    -1.22467137e+03     2.74233709e+02    -1.22472371e+03   
    2.49400000e+03     1.24700000e+00    -1.22467149e+03     2.89420276e+02    -1.22472687e+03   
    2.49500000e+03     1.24750000e+00    -1.22467157e+03     2.99301409e+02    -1.22472945e+03   
    2.49600000e+03     1.24800000e+00    -1.22467158e+03     2.99087938e+02    -1.22473017e+03   
    2.49700000e+03     1.24850000e+00    -1.22467150e+03     2.90014541e+02    -1.22472845e+03   
    2.49800000e+03     1.24900000e+00    -1.22467149e+03     2.76997014e+02    -1.22472572e+03   
    2.49900000e+03     1.24950000e+00    -1.22467135e+03     2.71570513e+02    -1.22472328e+03   
    2.50000000e+03     1.25000000e+00    -1.22467139e+03     2.67533729e+02    -1.22472271e+03   
    2.50100000e+03     1.25050000e+00    -1.22467137e+03     2.78248838e+02    -1.22472400e+03   
    2.50200000e+03     1.25100000e+00    -1.22467150e+03     2.89537492e+02    -1.22472687e+03   
    2.50300000e+03     1.25150000e+00    -1.22467147e+03     2.98852681e+02    -1.22472988e+03   
    2.50400000e+03     1.25200000e+00    -1.22467154e+03     3.06480722e+02    -1.22473247e+03   
    2.50500000e+03     1.25250000e+00    -1.22467158e+03     3.13018340e+02    -1.22473433e+03   
    2.50600000e+03     1.25300000e+00    -1.22467145e+03     3.25538659e+02    -1.22473520e+03   
    2.50700000e+03     1.25350000e+00    -1.22467146e+03     3.26057957e+02    -1.22473548e+03   
    2.50800000e+03     1.25400000e+00    -1.22467149e+03     3.15551002e+02    -1.22473534e+03   
    2.50900000e+03     1.25450000e+00    -1.22467145e+03     3.18254580e+02    -1.22473534e+03   
    2.51000000e+03     1.25500000e+00    -1.22467136e+03     3.19399882e+02    -1.22473606e+03   
    2.51100000e+03     1.25550000e+00    -1.22467141e+03     3.32398140e+02    -1.22473835e+03   
    2.51200000e+03     1.25600000e+00    -1.22467147e+03     3.42510943e+02    -1.22474151e+03   
    2.51300000e+03     1.25650000e+00    -1.22467161e+03     3.57326409e+02    -1.22474424e+03   
    2.51400000e+03     1.25700000e+00    -1.22467171e+03     3.59623940e+02    -1.22474524e+03   
    2.51500000e+03     1.25750000e+00    -1.22467160e+03     3.56489053e+02    -1.22474352e+03   
    2.51600000e+03     1.25800000e+00    -1.22467152e+03     3.39096635e+02    -1.22474008e+03   
    2.51700000e+03     1.25850000e+00    -1.22467137e+03     3.23777811e+02    -1.22473663e+03   
    2.51800000e+03     1.25900000e+00    -1.22467134e+03     3.18966051e+02    -1.22473477e+03   
    2.51900000e+03     1.25950000e+00    -1.22467145e+03     3.25671391e+02    -1.22473505e+03   
    2.52000000e+03     1.26000000e+00    -1.22467145e+03     3.29426744e+02    -1.22473620e+03   
    2.52100000e+03     1.26050000e+00    -1.22467147e+03     3.31905053e+02    -1.22473735e+03   
    2.52200000e+03     1.26100000e+00    -1.22467153e+03     3.35326936e+02    -1.22473807e+03   
    2.52300000e+03     1.26150000e+00    -1.22467146e+03     3.36632208e+02    -1.22473792e+03   
    2.52400000e+03     1.26200000e+00    -1.22467141e+03     3.34982663e+02    -1.22473735e+03   
    2.52500000e+03     1.26250000e+00    -1.22467143e+03     3.35382481e+02    -1.22473677e+03   
    2.52600000e+03     1.26300000e+00    -1.22467140e+03     3.27098100e+02    -1.22473591e+03   
    2.52700000e+03     1.26350000e+00    -1.22467140e+03     3.25441657e+02    -1.22473520e+03   
    2.52800000e+03     1.26400000e+00    -1.22467140e+03     3.32055477e+02    -1.22473548e+03   
    2.52900000e+03     1.26450000e+00    -1.22467143e+03     3.31015711e+02    -1.22473721e+03   
    2.53000000e+03     1.26500000e+00    -1.22467137e+03     3.47564827e+02    -1.22474022e+03   
    2.53100000e+03     1.26550000e+00    -1.22467157e+03     3.63674977e+02    -1.22474395e+03   
    2.53200000e+03     1.26600000e+00    -1.22467164e+03     3.70793488e+02    -1.22474639e+03   
    2.53300000e+03     1.26650000e+00    -1.22467160e+03     3.74003105e+02    -1.22474625e+03   
    2.53400000e+03     1.26700000e+00    -1.22467162e+03     3.66722151e+02    -1.22474352e+03   
    2.53500000e+03     1.26750000e+00    -1.22467154e+03     3.48154383e+02    -1.22473893e+03   
    2.53600000e+03     1.26800000e+00    -1.22467131e+03     3.29465053e+02    -1.22473405e+03   
    2.53700000e+03     1.26850000e+00    -1.22467135e+03     3.19587408e+02    -1.22473075e+03   
    2.53800000e+03     1.26900000e+00    -1.22467137e+03     3.16293813e+02    -1.22472974e+03   
    2.53900000e+03     1.26950000e+00    -1.22467137e+03     3.14008656e+02    -1.22473060e+03   
    2.54000000e+03     1.27000000e+00    -1.22467150e+03     3.21907878e+02    -1.22473218e+03   
    2.54100000e+03     1.27050000e+00    -1.22467146e+03     3.29304621e+02    -1.22473333e+03   
    2.54200000e+03     1.27100000e+00    -1.22467146e+03     3.34895266e+02    -1.22473376e+03   
    2.54300000e+03     1.27150000e+00    -1.22467147e+03     3.34858446e+02    -1.22473304e+03   
    2.54400000e+03     1.27200000e+00    -1.22467142e+03     3.26220458e+02    -1.22473146e+03   
    2.54500000e+03     1.27250000e+00    -1.22467140e+03     3.19023836e+02    -1.22472988e+03   
    2.54600000e+03     1.27300000e+00    -1.22467136e+03     3.14488929e+02    -1.22472874e+03   
    2.54700000e+03     1.27350000e+00    -1.22467134e+03     3.11304414e+02    -1.22472874e+03   
    2.54800000e+03     1.27400000e+00    -1.22467138e+03     3.12546394e+02    -1.22472988e+03   
    2.54900000e+03     1.27450000e+00    -1.22467148e+03     3.22913536e+02    -1.22473189e+03   
    2.55000000e+03     1.27500000e+00    -1.22467145e+03     3.35332841e+02    -1.22473405e+03   
    2.55100000e+03     1.27550000e+00    -1.22467153e+03     3.44316462e+02    -1.22473606e+03   
    2.55200000e+03     1.27600000e+00    -1.22467156e+03     3.50331492e+02    -1.22473749e+03   
    2.55300000e+03     1.27650000e+00    -1.22467157e+03     3.52517633e+02    -1.22473821e+03   
    2.55400000e+03     1.27700000e+00    -1.22467158e+03     3.49738653e+02    -1.22473807e+03   
    2.55500000e+03     1.27750000e+00    -1.22467154e+03     3.43785818e+02    -1.22473721e+03   
    2.55600000e+03     1.27800000e+00    -1.22467149e+03     3.36615829e+02    -1.22473591e+03   
    2.55700000e+03     1.27850000e+00    -1.22467153e+03     3.32277676e+02    -1.22473448e+03   
    2.55800000e+03     1.27900000e+00    -1.22467146e+03     3.28965717e+02    -1.22473333e+03   
    2.55900000e+03     1.27950000e+00    -1.22467144e+03     3.28780441e+02    -1.22473261e+03   
    2.56000000e+03     1.28000000e+00    -1.22467144e+03     3.29958691e+02    -1.22473247e+03   
    2.56100000e+03     1.28050000e+00    -1.22467148e+03     3.30452737e+02    -1.22473290e+03   
    2.56200000e+03     1.28100000e+00    -1.22467140e+03     3.33305577e+02    -1.22473362e+03   
    2.56300000e+03     1.28150000e+00    -1.22467154e+03     3.29442574e+02    -1.22473448e+03   
    2.56400000e+03     1.28200000e+00    -1.22467157e+03     3.22075458e+02    -1.22473491e+03   
    2.56500000e+03     1.28250000e+00    -1.22467148e+03     3.13914676e+02    -1.22473462e+03   
    2.56600000e+03     1.28300000e+00    -1.22467158e+03     3.10442377e+02    -1.22473405e+03   
    2.56700000e+03     1.28350000e+00    -1.22467151e+03     3.04486840e+02    -1.22473304e+03   
    2.56800000e+03     1.28400000e+00    -1.22467142e+03     3.03481078e+02    -1.22473218e+03   
    2.56900000e+03     1.28450000e+00    -1.22467139e+03     3.03911652e+02    -1.22473161e+03   
    2.57000000e+03     1.28500000e+00    -1.22467140e+03     3.05081492e+02    -1.22473161e+03   
    2.57100000e+03     1.28550000e+00    -1.22467138e+03     3.09160514e+02    -1.22473261e+03   
    2.57200000e+03     1.28600000e+00    -1.22467143e+03     3.19793681e+02    -1.22473448e+03   
    2.57300000e+03     1.28650000e+00    -1.22467155e+03     3.27732889e+02    -1.22473663e+03   
    2.57400000e+03     1.28700000e+00    -1.22467156e+03     3.38211002e+02    -1.22473807e+03   
    2.57500000e+03     1.28750000e+00    -1.22467161e+03     3.40407041e+02    -1.22473807e+03   
    2.57600000e+03     1.28800000e+00    -1.22467153e+03     3.39041865e+02    -1.22473634e+03   
    2.57700000e+03     1.28850000e+00    -1.22467146e+03     3.28079457e+02    -1.22473362e+03   
    2.57800000e+03     1.28900000e+00    -1.22467146e+03     3.15413287e+02    -1.22473103e+03   
    2.57900000e+03     1.28950000e+00    -1.22467131e+03     3.04060881e+02    -1.22472888e+03   
    2.58000000e+03     1.29000000e+00    -1.22467133e+03     3.06554791e+02    -1.22472831e+03   
    2.58100000e+03     1.29050000e+00    -1.22467145e+03     3.13096449e+02    -1.22472917e+03   
    2.58200000e+03     1.29100000e+00    -1.22467147e+03     3.18801967e+02    -1.22473031e+03   
    2.58300000e+03     1.29150000e+00    -1.22467148e+03     3.23227041e+02    -1.22473146e+03   
    2.58400000e+03     1.29200000e+00    -1.22467145e+03     3.24212373e+02    -1.22473204e+03   
    2.58500000e+03     1.29250000e+00    -1.22467150e+03     3.24683011e+02    -1.22473232e+03   
    2.58600000e+03     1.29300000e+00    -1.22467147e+03     3.21603046e+02    -1.22473189e+03   
    2.58700000e+03     1.29350000e+00    -1.22467144e+03     3.15688983e+02    -1.22473089e+03   
    2.58800000e+03     1.29400000e+00    -1.22467142e+03     3.14167614e+02    -1.22472988e+03   
    2.58900000e+03     1.29450000e+00    -1.22467135e+03     3.08290529e+02    -1.22472945e+03   
    2.59000000e+03     1.29500000e+00    -1.22467140e+03     3.14873513e+02    -1.22472988e+03   
    2.59100000e+03     1.29550000e+00    -1.22467143e+03     3.16241219e+02    -1.22473132e+03   
    2.59200000e+03     1.29600000e+00    -1.22467141e+03     3.21245382e+02    -1.22473362e+03   
    2.59300000e+03     1.29650000e+00    -1.22467150e+03     3.25090891e+02    -1.22473606e+03   
    2.59400000e+03     1.29700000e+00    -1.22467155e+03     3.33043257e+02    -1.22473764e+03   
    2.59500000e+03     1.29750000e+00    -1.22467160e+03     3.38785927e+02    -1.22473807e+03   
    2.59600000e+03     1.29800000e+00    -1.22467148e+03     3.34524423e+02    -1.22473735e+03   
    2.59700000e+03     1.29850000e+00    -1.22467139e+03     3.34779808e+02    -1.22473634e+03   
    2.59800000e+03     1.29900000e+00    -1.22467142e+03     3.27583918e+02    -1.22473606e+03   
    2.59900000e+03     1.29950000e+00    -1.22467147e+03     3.32744371e+02    -1.22473649e+03   
    2.60000000e+03     1.30000000e+00    -1.22467141e+03     3.31884337e+02    -1.22473735e+03   
    2.60100000e+03     1.30050000e+00    -1.22467154e+03     3.40523495e+02    -1.22473850e+03   
    2.60200000e+03     1.30100000e+00    -1.22467158e+03     3.43915672e+02    -1.22473922e+03   
    2.60300000e+03     1.30150000e+00    -1.22467152e+03     3.44151544e+02    -1.22473907e+03   
    2.60400000e+03     1.30200000e+00    -1.22467143e+03     3.44278205e+02    -1.22473850e+03   
    2.60500000e+03     1.30250000e+00    -1.22467139e+03     3.37205202e+02    -1.22473792e+03   
    2.60600000e+03     1.30300000e+00    -1.22467141e+03     3.35466209e+02    -1.22473778e+03   
    2.60700000e+03     1.30350000e+00    -1.22467147e+03     3.32939366e+02    -1.22473821e+03   
    2.60800000e+03     1.30400000e+00    -1.22467149e+03     3.32547285e+02    -1.22473878e+03   
    2.60900000e+03     1.30450000e+00    -1.22467146e+03     3.35748232e+02    -1.22473979e+03   
    2.61000000e+03     1.30500000e+00    -1.22467142e+03     3.46817067e+02    -1.22474137e+03   
    2.61100000e+03     1.30550000e+00    -1.22467148e+03     3.52633648e+02    -1.22474309e+03   
    2.61200000e+03     1.30600000e+00    -1.22467161e+03     3.58094824e+02    -1.22474424e+03   
    2.61300000e+03     1.30650000e+00    -1.22467152e+03     3.49255980e+02    -1.22474410e+03   
    2.61400000e+03     1.30700000e+00    -1.22467150e+03     3.40942731e+02    -1.22474309e+03   
    2.61500000e+03     1.30750000e+00    -1.22467146e+03     3.37822760e+02    -1.22474194e+03   
    2.61600000e+03     1.30800000e+00    -1.22467141e+03     3.35350053e+02    -1.22474166e+03   
    2.61700000e+03     1.30850000e+00    -1.22467140e+03     3.42370686e+02    -1.22474209e+03   
    2.61800000e+03     1.30900000e+00    -1.22467159e+03     3.44229722e+02    -1.22474295e+03   
    2.61900000e+03     1.30950000e+00    -1.22467153e+03     3.43596316e+02    -1.22474309e+03   
    2.62000000e+03     1.31000000e+00    -1.22467157e+03     3.38516344e+02    -1.22474252e+03   
    2.62100000e+03     1.31050000e+00    -1.22467146e+03     3.35388021e+02    -1.22474122e+03   
    2.62200000e+03     1.31100000e+00    -1.22467147e+03     3.23209530e+02    -1.22473993e+03   
    2.62300000e+03     1.31150000e+00    -1.22467148e+03     3.21729612e+02    -1.22473878e+03   
    2.62400000e+03     1.31200000e+00    -1.22467150e+03     3.17760327e+02    -1.22473835e+03   
    2.62500000e+03     1.31250000e+00    -1.22467146e+03     3.16281663e+02    -1.22473864e+03   
    2.62600000e+03     1.31300000e+00    -1.22467154e+03     3.13694592e+02    -1.22473907e+03   
    2.62700000e+03     1.31350000e+00    -1.22467155e+03     3.12336914e+02    -1.22473893e+03   
    2.62800000e+03     1.31400000e+00    -1.22467155e+03     3.08583736e+02    -1.22473835e+03   
    2.62900000e+03     1.31450000e+00    -1.22467155e+03     3.04819479e+02    -1.22473807e+03   
    2.63000000e+03     1.31500000e+00    -1.22467153e+03     3.14009061e+02    -1.22473835e+03   
    2.63100000e+03     1.31550000e+00    -1.22467152e+03     3.18495973e+02    -1.22473893e+03   
    2.63200000e+03     1.31600000e+00    -1.22467156e+03     3.13300752e+02    -1.22473922e+03   
    2.63300000e+03     1.31650000e+00    -1.22467154e+03     3.07314334e+02    -1.22473893e+03   
    2.63400000e+03     1.31700000e+00    -1.22467149e+03     3.00763994e+02    -1.22473821e+03   
    2.63500000e+03     1.31750000e+00    -1.22467156e+03     2.96089928e+02    -1.22473764e+03   
    2.63600000e+03     1.31800000e+00    -1.22467149e+03     2.95207833e+02    -1.22473749e+03   
    2.63700000e+03     1.31850000e+00    -1.22467159e+03     2.95583765e+02    -1.22473807e+03   
    2.63800000e+03     1.31900000e+00    -1.22467157e+03     2.95648639e+02    -1.22473835e+03   
    2.63900000e+03     1.31950000e+00    -1.22467150e+03     2.94627697e+02    -1.22473821e+03   
    2.64000000e+03     1.32000000e+00    -1.22467161e+03     2.86163266e+02    -1.22473749e+03   
    2.64100000e+03     1.32050000e+00    -1.22467150e+03     2.79208596e+02    -1.22473649e+03   
    2.64200000e+03     1.32100000e+00    -1.22467150e+03     2.78779876e+02    -1.22473577e+03   
    2.64300000e+03     1.32150000e+00    -1.22467147e+03     2.79046784e+02    -1.22473548e+03   
    2.64400000e+03     1.32200000e+00    -1.22467150e+03     2.82250029e+02    -1.22473577e+03   
    2.64500000e+03     1.32250000e+00    -1.22467161e+03     2.80103717e+02    -1.22473606e+03   
    2.64600000e+03     1.32300000e+00    -1.22467158e+03     2.78481921e+02    -1.22473620e+03   
    2.64700000e+03     1.32350000e+00    -1.22467149e+03     2.79469604e+02    -1.22473606e+03   
    2.64800000e+03     1.32400000e+00    -1.22467154e+03     2.80375069e+02    -1.22473620e+03   
    2.64900000e+03     1.32450000e+00    -1.22467153e+03     2.86820842e+02    -1.22473649e+03   
    2.65000000e+03     1.32500000e+00    -1.22467161e+03     2.92892832e+02    -1.22473677e+03   
    2.65100000e+03     1.32550000e+00    -1.22467152e+03     2.89519681e+02    -1.22473634e+03   
    2.65200000e+03     1.32600000e+00    -1.22467145e+03     2.87180016e+02    -1.22473563e+03   
    2.65300000e+03     1.32650000e+00    -1.22467147e+03     2.83788658e+02    -1.22473505e+03   
    2.65400000e+03     1.32700000e+00    -1.22467142e+03     2.84238341e+02    -1.22473462e+03   
    2.65500000e+03     1.32750000e+00    -1.22467144e+03     2.79820187e+02    -1.22473491e+03   
    2.65600000e+03     1.32800000e+00    -1.22467161e+03     2.87966405e+02    -1.22473577e+03   
    2.65700000e+03     1.32850000e+00    -1.22467164e+03     2.91586032e+02    -1.22473577e+03   
    2.65800000e+03     1.32900000e+00    -1.22467165e+03     2.91952426e+02    -1.22473448e+03   
    2.65900000e+03     1.32950000e+00    -1.22467160e+03     2.82312706e+02    -1.22473175e+03   
    2.66000000e+03     1.33000000e+00    -1.22467150e+03     2.70731942e+02    -1.22472845e+03   
    2.66100000e+03     1.33050000e+00    -1.22467140e+03     2.62167303e+02    -1.22472543e+03   
    2.66200000e+03     1.33100000e+00    -1.22467136e+03     2.53332224e+02    -1.22472400e+03   
    2.66300000e+03     1.33150000e+00    -1.22467138e+03     2.52615737e+02    -1.22472472e+03   
    2.66400000e+03     1.33200000e+00    -1.22467149e+03     2.60186375e+02    -1.22472658e+03   
    2.66500000e+03     1.33250000e+00    -1.22467159e+03     2.65751770e+02    -1.22472802e+03   
    2.66600000e+03     1.33300000e+00    -1.22467151e+03     2.68324780e+02    -1.22472831e+03   
    2.66700000e+03     1.33350000e+00    -1.22467149e+03     2.72022917e+02    -1.22472787e+03   
    2.66800000e+03     1.33400000e+00    -1.22467144e+03     2.73210479e+02    -1.22472759e+03   
    2.66900000e+03     1.33450000e+00    -1.22467144e+03     2.67852083e+02    -1.22472744e+03   
    2.67000000e+03     1.33500000e+00    -1.22467144e+03     2.70043486e+02    -1.22472744e+03   
    2.67100000e+03     1.33550000e+00    -1.22467152e+03     2.73589640e+02    -1.22472773e+03   
    2.67200000e+03     1.33600000e+00    -1.22467147e+03     2.75802349e+02    -1.22472831e+03   
    2.67300000e+03     1.33650000e+00    -1.22467144e+03     2.76317730e+02    -1.22472902e+03   
    2.67400000e+03     1.33700000e+00    -1.22467145e+03     2.77794621e+02    -1.22473003e+03   
    2.67500000e+03     1.33750000e+00    -1.22467157e+03     2.84256122e+02    -1.22473118e+03   
    2.67600000e+03     1.33800000e+00    -1.22467163e+03     2.91462845e+02    -1.22473189e+03   
    2.67700000e+03     1.33850000e+00    -1.22467154e+03     2.87042073e+02    -1.22473118e+03   
    2.67800000e+03     1.33900000e+00    -1.22467146e+03     2.81482523e+02    -1.22472917e+03   
    2.67900000e+03     1.33950000e+00    -1.22467146e+03     2.71086819e+02    -1.22472701e+03   
    2.68000000e+03     1.34000000e+00    -1.22467135e+03     2.65295553e+02    -1.22472543e+03   
    2.68100000e+03     1.34050000e+00    -1.22467134e+03     2.66596750e+02    -1.22472630e+03   
    2.68200000e+03     1.34100000e+00    -1.22467153e+03     2.82942688e+02    -1.22472888e+03   
    2.68300000e+03     1.34150000e+00    -1.22467159e+03     2.91886993e+02    -1.22473175e+03   
    2.68400000e+03     1.34200000e+00    -1.22467163e+03     2.96127064e+02    -1.22473362e+03   
    2.68500000e+03     1.34250000e+00    -1.22467153e+03     2.93147157e+02    -1.22473362e+03   
    2.68600000e+03     1.34300000e+00    -1.22467155e+03     2.86543873e+02    -1.22473261e+03   
    2.68700000e+03     1.34350000e+00    -1.22467145e+03     2.83556177e+02    -1.22473146e+03   
    2.68800000e+03     1.34400000e+00    -1.22467140e+03     2.83544608e+02    -1.22473103e+03   
    2.68900000e+03     1.34450000e+00    -1.22467144e+03     2.86065439e+02    -1.22473146e+03   
    2.69000000e+03     1.34500000e+00    -1.22467150e+03     2.85842929e+02    -1.22473261e+03   
    2.69100000e+03     1.34550000e+00    -1.22467148e+03     2.93241000e+02    -1.22473405e+03   
    2.69200000e+03     1.34600000e+00    -1.22467147e+03     2.93491227e+02    -1.22473577e+03   
    2.69300000e+03     1.34650000e+00    -1.22467155e+03     3.06310276e+02    -1.22473749e+03   
    2.69400000e+03     1.34700000e+00    -1.22467153e+03     3.18049117e+02    -1.22473893e+03   
    2.69500000e+03     1.34750000e+00    -1.22467153e+03     3.19681560e+02    -1.22474008e+03   
    2.69600000e+03     1.34800000e+00    -1.22467156e+03     3.23669451e+02    -1.22474036e+03   
    2.69700000e+03     1.34850000e+00    -1.22467149e+03     3.16274279e+02    -1.22473950e+03   
    2.69800000e+03     1.34900000e+00    -1.22467141e+03     3.03351803e+02    -1.22473807e+03   
    2.69900000e+03     1.34950000e+00    -1.22467137e+03     2.99152215e+02    -1.22473735e+03   
    2.70000000e+03     1.35000000e+00    -1.22467150e+03     3.00256742e+02    -1.22473807e+03   
    2.70100000e+03     1.35050000e+00    -1.22467149e+03     3.05192915e+02    -1.22473936e+03   
    2.70200000e+03     1.35100000e+00    -1.22467161e+03     3.13650371e+02    -1.22474079e+03   
    2.70300000e+03     1.35150000e+00    -1.22467152e+03     3.23320845e+02    -1.22474122e+03   
    2.70400000e+03     1.35200000e+00    -1.22467157e+03     3.21498377e+02    -1.22474137e+03   
    2.70500000e+03     1.35250000e+00    -1.22467152e+03     3.20925922e+02    -1.22474122e+03   
    2.70600000e+03     1.35300000e+00    -1.22467156e+03     3.16681993e+02    -1.22474079e+03   
    2.70700000e+03     1.35350000e+00    -1.22467156e+03     3.16389330e+02    -1.22474036e+03   
    2.70800000e+03     1.35400000e+00    -1.22467140e+03     3.07866866e+02    -1.22473993e+03   
    2.70900000e+03     1.35450000e+00    -1.22467145e+03     3.10049804e+02    -1.22474022e+03   
    2.71000000e+03     1.35500000e+00    -1.22467150e+03     3.15646684e+02    -1.22474094e+03   
    2.71100000e+03     1.35550000e+00    -1.22467143e+03     3.22959373e+02    -1.22474180e+03   
    2.71200000e+03     1.35600000e+00    -1.22467152e+03     3.27053575e+02    -1.22474295e+03   
    2.71300000e+03     1.35650000e+00    -1.22467157e+03     3.35755459e+02    -1.22474424e+03   
    2.71400000e+03     1.35700000e+00    -1.22467150e+03     3.44460867e+02    -1.22474539e+03   
    2.71500000e+03     1.35750000e+00    -1.22467161e+03     3.51311721e+02    -1.22474611e+03   
    2.71600000e+03     1.35800000e+00    -1.22467158e+03     3.52551784e+02    -1.22474596e+03   
    2.71700000e+03     1.35850000e+00    -1.22467149e+03     3.45429802e+02    -1.22474524e+03   
    2.71800000e+03     1.35900000e+00    -1.22467148e+03     3.40378879e+02    -1.22474467e+03   
    2.71900000e+03     1.35950000e+00    -1.22467156e+03     3.37941058e+02    -1.22474467e+03   
    2.72000000e+03     1.36000000e+00    -1.22467161e+03     3.34908203e+02    -1.22474453e+03   
    2.72100000e+03     1.36050000e+00    -1.22467152e+03     3.31213118e+02    -1.22474367e+03   
    2.72200000e+03     1.36100000e+00    -1.22467149e+03     3.26651720e+02    -1.22474237e+03   
    2.72300000e+03     1.36150000e+00    -1.22467157e+03     3.29966420e+02    -1.22474137e+03   
    2.72400000e+03     1.36200000e+00    -1.22467153e+03     3.26581052e+02    -1.22474022e+03   
    2.72500000e+03     1.36250000e+00    -1.22467158e+03     3.16195746e+02    -1.22473878e+03   
    2.72600000e+03     1.36300000e+00    -1.22467149e+03     3.08528117e+02    -1.22473663e+03   
    2.72700000e+03     1.36350000e+00    -1.22467155e+03     2.91602491e+02    -1.22473433e+03   
    2.72800000e+03     1.36400000e+00    -1.22467156e+03     2.78604910e+02    -1.22473204e+03   
    2.72900000e+03     1.36450000e+00    -1.22467142e+03     2.72130239e+02    -1.22473017e+03   
    2.73000000e+03     1.36500000e+00    -1.22467149e+03     2.66148877e+02    -1.22472917e+03   
    2.73100000e+03     1.36550000e+00    -1.22467144e+03     2.62220881e+02    -1.22472888e+03   
    2.73200000e+03     1.36600000e+00    -1.22467159e+03     2.59970075e+02    -1.22472945e+03   
    2.73300000e+03     1.36650000e+00    -1.22467165e+03     2.62516887e+02    -1.22472974e+03   
    2.73400000e+03     1.36700000e+00    -1.22467153e+03     2.62530766e+02    -1.22472945e+03   
    2.73500000e+03     1.36750000e+00    -1.22467159e+03     2.60151474e+02    -1.22472874e+03   
    2.73600000e+03     1.36800000e+00    -1.22467154e+03     2.52717511e+02    -1.22472816e+03   
    2.73700000e+03     1.36850000e+00    -1.22467152e+03     2.57588211e+02    -1.22472845e+03   
    2.73800000e+03     1.36900000e+00    -1.22467161e+03     2.62060391e+02    -1.22473003e+03   
    2.73900000e+03     1.36950000e+00    -1.22467163e+03     2.69097737e+02    -1.22473189e+03   
    2.74000000e+03     1.37000000e+00    -1.22467159e+03     2.76943809e+02    -1.22473319e+03   
    2.74100000e+03     1.37050000e+00    -1.22467165e+03     2.82989478e+02    -1.22473376e+03   
    2.74200000e+03     1.37100000e+00    -1.22467149e+03     2.85819840e+02    -1.22473390e+03   
    2.74300000e+03     1.37150000e+00    -1.22467152e+03     2.89805632e+02    -1.22473433e+03   
    2.74400000e+03     1.37200000e+00    -1.22467160e+03     2.87642888e+02    -1.22473477e+03   
    2.74500000e+03     1.37250000e+00    -1.22467156e+03     2.90815000e+02    -1.22473505e+03   
    2.74600000e+03     1.37300000e+00    -1.22467154e+03     2.91100280e+02    -1.22473520e+03   
    2.74700000e+03     1.37350000e+00    -1.22467155e+03     2.87708158e+02    -1.22473534e+03   
    2.74800000e+03     1.37400000e+00    -1.22467155e+03     2.88391701e+02    -1.22473577e+03   
    2.74900000e+03     1.37450000e+00    -1.22467150e+03     2.90068805e+02    -1.22473649e+03   
    2.75000000e+03     1.37500000e+00    -1.22467152e+03     2.91781113e+02    -1.22473749e+03   
    2.75100000e+03     1.37550000e+00    -1.22467165e+03     2.99386401e+02    -1.22473893e+03   
    2.75200000e+03     1.37600000e+00    -1.22467157e+03     3.03564666e+02    -1.22474008e+03   
    2.75300000e+03     1.37650000e+00    -1.22467161e+03     3.13825299e+02    -1.22474036e+03   
    2.75400000e+03     1.37700000e+00    -1.22467157e+03     3.10187198e+02    -1.22473979e+03   
    2.75500000e+03     1.37750000e+00    -1.22467155e+03     3.07731670e+02    -1.22473893e+03   
    2.75600000e+03     1.37800000e+00    -1.22467146e+03     3.07285062e+02    -1.22473864e+03   
    2.75700000e+03     1.37850000e+00    -1.22467144e+03     3.09242024e+02    -1.22473993e+03   
    2.75800000e+03     1.37900000e+00    -1.22467159e+03     3.23592605e+02    -1.22474280e+03   
    2.75900000e+03     1.37950000e+00    -1.22467159e+03     3.35580366e+02    -1.22474582e+03   
    2.76000000e+03     1.38000000e+00    -1.22467165e+03     3.42407906e+02    -1.22474826e+03   
    2.76100000e+03     1.38050000e+00    -1.22467171e+03     3.44523891e+02    -1.22474941e+03   
    2.76200000e+03     1.38100000e+00    -1.22467161e+03     3.40715243e+02    -1.22474898e+03   
    2.76300000e+03     1.38150000e+00    -1.22467156e+03     3.30917806e+02    -1.22474725e+03   
    2.76400000e+03     1.38200000e+00    -1.22467152e+03     3.18395004e+02    -1.22474481e+03   
    2.76500000e+03     1.38250000e+00    -1.22467156e+03     3.08033848e+02    -1.22474209e+03   
    2.76600000e+03     1.38300000e+00    -1.22467148e+03     3.02991353e+02    -1.22473965e+03   
    2.76700000e+03     1.38350000e+00    -1.22467145e+03     2.97727082e+02    -1.22473821e+03   
    2.76800000e+03     1.38400000e+00    -1.22467141e+03     2.98074849e+02    -1.22473792e+03   
    2.76900000e+03     1.38450000e+00    -1.22467148e+03     2.97532947e+02    -1.22473907e+03   
    2.77000000e+03     1.38500000e+00    -1.22467154e+03     3.07332688e+02    -1.22474079e+03   
    2.77100000e+03     1.38550000e+00    -1.22467156e+03     3.15024193e+02    -1.22474223e+03   
    2.77200000e+03     1.38600000e+00    -1.22467157e+03     3.12225871e+02    -1.22474237e+03   
    2.77300000e+03     1.38650000e+00    -1.22467159e+03     3.08577313e+02    -1.22474108e+03   
    2.77400000e+03     1.38700000e+00    -1.22467150e+03     2.95084697e+02    -1.22473878e+03   
    2.77500000e+03     1.38750000e+00    -1.22467150e+03     2.91161088e+02    -1.22473649e+03   
    2.77600000e+03     1.38800000e+00    -1.22467138e+03     2.94966715e+02    -1.22473563e+03   
    2.77700000e+03     1.38850000e+00    -1.22467149e+03     3.04455210e+02    -1.22473721e+03   
    2.77800000e+03     1.38900000e+00    -1.22467150e+03     3.25199374e+02    -1.22474022e+03   
    2.77900000e+03     1.38950000e+00    -1.22467168e+03     3.44592664e+02    -1.22474352e+03   
    2.78000000e+03     1.39000000e+00    -1.22467170e+03     3.53410234e+02    -1.22474567e+03   
    2.78100000e+03     1.39050000e+00    -1.22467160e+03     3.56230504e+02    -1.22474567e+03   
    2.78200000e+03     1.39100000e+00    -1.22467155e+03     3.52547668e+02    -1.22474424e+03   
    2.78300000e+03     1.39150000e+00    -1.22467155e+03     3.42320909e+02    -1.22474223e+03   
    2.78400000e+03     1.39200000e+00    -1.22467151e+03     3.27597553e+02    -1.22474008e+03   
    2.78500000e+03     1.39250000e+00    -1.22467143e+03     3.24940498e+02    -1.22473835e+03   
    2.78600000e+03     1.39300000e+00    -1.22467146e+03     3.18526915e+02    -1.22473721e+03   
    2.78700000e+03     1.39350000e+00    -1.22467145e+03     3.21386834e+02    -1.22473706e+03   
    2.78800000e+03     1.39400000e+00    -1.22467147e+03     3.30522519e+02    -1.22473778e+03   
    2.78900000e+03     1.39450000e+00    -1.22467147e+03     3.31168695e+02    -1.22473893e+03   
    2.79000000e+03     1.39500000e+00    -1.22467158e+03     3.39093820e+02    -1.22474022e+03   
    2.79100000e+03     1.39550000e+00    -1.22467158e+03     3.40747642e+02    -1.22474065e+03   
    2.79200000e+03     1.39600000e+00    -1.22467166e+03     3.32864305e+02    -1.22474008e+03   
    2.79300000e+03     1.39650000e+00    -1.22467149e+03     3.28580422e+02    -1.22473835e+03   
    2.79400000e+03     1.39700000e+00    -1.22467152e+03     3.19143467e+02    -1.22473634e+03   
    2.79500000e+03     1.39750000e+00    -1.22467145e+03     3.11810705e+02    -1.22473477e+03   
    2.79600000e+03     1.39800000e+00    -1.22467144e+03     3.11681421e+02    -1.22473491e+03   
    2.79700000e+03     1.39850000e+00    -1.22467156e+03     3.19575432e+02    -1.22473663e+03   
    2.79800000e+03     1.39900000e+00    -1.22467163e+03     3.37678269e+02    -1.22473907e+03   
    2.79900000e+03     1.39950000e+00    -1.22467168e+03     3.45930226e+02    -1.22474137e+03   
    2.80000000e+03     1.40000000e+00    -1.22467169e+03     3.47421488e+02    -1.22474266e+03   
    2.80100000e+03     1.40050000e+00    -1.22467160e+03     3.53895307e+02    -1.22474223e+03   
    2.80200000e+03     1.40100000e+00    -1.22467164e+03     3.39912935e+02    -1.22474051e+03   
    2.80300000e+03     1.40150000e+00    -1.22467150e+03     3.28881942e+02    -1.22473721e+03   
    2.80400000e+03     1.40200000e+00    -1.22467142e+03     3.10773429e+02    -1.22473333e+03   
    2.80500000e+03     1.40250000e+00    -1.22467141e+03     2.94264358e+02    -1.22472974e+03   
    2.80600000e+03     1.40300000e+00    -1.22467132e+03     2.84855438e+02    -1.22472744e+03   
    2.80700000e+03     1.40350000e+00    -1.22467142e+03     2.82498106e+02    -1.22472716e+03   
    2.80800000e+03     1.40400000e+00    -1.22467146e+03     2.83254969e+02    -1.22472845e+03   
    2.80900000e+03     1.40450000e+00    -1.22467144e+03     2.91208089e+02    -1.22473075e+03   
    2.81000000e+03     1.40500000e+00    -1.22467152e+03     2.98448474e+02    -1.22473319e+03   
    2.81100000e+03     1.40550000e+00    -1.22467165e+03     3.01159530e+02    -1.22473505e+03   
    2.81200000e+03     1.40600000e+00    -1.22467167e+03     2.97632867e+02    -1.22473520e+03   
    2.81300000e+03     1.40650000e+00    -1.22467153e+03     2.93204663e+02    -1.22473347e+03   
    2.81400000e+03     1.40700000e+00    -1.22467147e+03     2.85912683e+02    -1.22473089e+03   
    2.81500000e+03     1.40750000e+00    -1.22467142e+03     2.77428430e+02    -1.22472859e+03   
    2.81600000e+03     1.40800000e+00    -1.22467132e+03     2.75104819e+02    -1.22472787e+03   
    2.81700000e+03     1.40850000e+00    -1.22467147e+03     2.81377191e+02    -1.22472974e+03   
    2.81800000e+03     1.40900000e+00    -1.22467153e+03     2.98910271e+02    -1.22473347e+03   
    2.81900000e+03     1.40950000e+00    -1.22467160e+03     3.15137303e+02    -1.22473749e+03   
    2.82000000e+03     1.41000000e+00    -1.22467164e+03     3.30148709e+02    -1.22474036e+03   
    2.82100000e+03     1.41050000e+00    -1.22467175e+03     3.36074851e+02    -1.22474137e+03   
    2.82200000e+03     1.41100000e+00    -1.22467171e+03     3.32384089e+02    -1.22474008e+03   
    2.82300000e+03     1.41150000e+00    -1.22467154e+03     3.21201843e+02    -1.22473721e+03   
    2.82400000e+03     1.41200000e+00    -1.22467150e+03     3.09999727e+02    -1.22473390e+03   
    2.82500000e+03     1.41250000e+00    -1.22467147e+03     2.98105247e+02    -1.22473118e+03   
    2.82600000e+03     1.41300000e+00    -1.22467151e+03     2.95970479e+02    -1.22473003e+03   
    2.82700000e+03     1.41350000e+00    -1.22467148e+03     2.97291725e+02    -1.22473017e+03   
    2.82800000e+03     1.41400000e+00    -1.22467154e+03     3.04793002e+02    -1.22473175e+03   
    2.82900000e+03     1.41450000e+00    -1.22467147e+03     3.19019297e+02    -1.22473433e+03   
    2.83000000e+03     1.41500000e+00    -1.22467164e+03     3.34833052e+02    -1.22473764e+03   
    2.83100000e+03     1.41550000e+00    -1.22467165e+03     3.51022106e+02    -1.22474051e+03   
    2.83200000e+03     1.41600000e+00    -1.22467163e+03     3.58966575e+02    -1.22474223e+03   
    2.83300000e+03     1.41650000e+00    -1.22467172e+03     3.60553100e+02    -1.22474237e+03   
    2.83400000e+03     1.41700000e+00    -1.22467165e+03     3.48767664e+02    -1.22474051e+03   
    2.83500000e+03     1.41750000e+00    -1.22467167e+03     3.31088984e+02    -1.22473764e+03   
    2.83600000e+03     1.41800000e+00    -1.22467147e+03     3.19670039e+02    -1.22473448e+03   
    2.83700000e+03     1.41850000e+00    -1.22467146e+03     3.14769804e+02    -1.22473304e+03   
    2.83800000e+03     1.41900000e+00    -1.22467144e+03     3.22175063e+02    -1.22473405e+03   
    2.83900000e+03     1.41950000e+00    -1.22467161e+03     3.28714551e+02    -1.22473692e+03   
    2.84000000e+03     1.42000000e+00    -1.22467174e+03     3.45579443e+02    -1.22473936e+03   
    2.84100000e+03     1.42050000e+00    -1.22467169e+03     3.49570784e+02    -1.22473993e+03   
    2.84200000e+03     1.42100000e+00    -1.22467167e+03     3.46238042e+02    -1.22473835e+03   
    2.84300000e+03     1.42150000e+00    -1.22467165e+03     3.33450737e+02    -1.22473534e+03   
    2.84400000e+03     1.42200000e+00    -1.22467155e+03     3.15334798e+02    -1.22473175e+03   
    2.84500000e+03     1.42250000e+00    -1.22467153e+03     3.02480406e+02    -1.22472888e+03   
    2.84600000e+03     1.42300000e+00    -1.22467150e+03     2.87189327e+02    -1.22472716e+03   
    2.84700000e+03     1.42350000e+00    -1.22467154e+03     2.88256773e+02    -1.22472716e+03   
    2.84800000e+03     1.42400000e+00    -1.22467159e+03     2.94873613e+02    -1.22472845e+03   
    2.84900000e+03     1.42450000e+00    -1.22467149e+03     3.03998357e+02    -1.22473031e+03   
    2.85000000e+03     1.42500000e+00    -1.22467161e+03     3.16888380e+02    -1.22473232e+03   
    2.85100000e+03     1.42550000e+00    -1.22467165e+03     3.23025324e+02    -1.22473362e+03   
    2.85200000e+03     1.42600000e+00    -1.22467163e+03     3.19923950e+02    -1.22473362e+03   
    2.85300000e+03     1.42650000e+00    -1.22467158e+03     3.12878203e+02    -1.22473247e+03   
    2.85400000e+03     1.42700000e+00    -1.22467153e+03     3.07711932e+02    -1.22473075e+03   
    2.85500000e+03     1.42750000e+00    -1.22467152e+03     3.04462107e+02    -1.22472931e+03   
    2.85600000e+03     1.42800000e+00    -1.22467152e+03     3.09315445e+02    -1.22472902e+03   
    2.85700000e+03     1.42850000e+00    -1.22467145e+03     3.10790025e+02    -1.22473017e+03   
    2.85800000e+03     1.42900000e+00    -1.22467163e+03     3.24203794e+02    -1.22473304e+03   
    2.85900000e+03     1.42950000e+00    -1.22467166e+03     3.39656366e+02    -1.22473563e+03   
    2.86000000e+03     1.43000000e+00    -1.22467169e+03     3.49519119e+02    -1.22473692e+03   
    2.86100000e+03     1.43050000e+00    -1.22467163e+03     3.54386816e+02    -1.22473649e+03   
    2.86200000e+03     1.43100000e+00    -1.22467163e+03     3.43250650e+02    -1.22473520e+03   
    2.86300000e+03     1.43150000e+00    -1.22467154e+03     3.41658885e+02    -1.22473376e+03   
    2.86400000e+03     1.43200000e+00    -1.22467147e+03     3.33943628e+02    -1.22473261e+03   
    2.86500000e+03     1.43250000e+00    -1.22467156e+03     3.33084462e+02    -1.22473232e+03   
    2.86600000e+03     1.43300000e+00    -1.22467147e+03     3.31222070e+02    -1.22473247e+03   
    2.86700000e+03     1.43350000e+00    -1.22467153e+03     3.32394971e+02    -1.22473333e+03   
    2.86800000e+03     1.43400000e+00    -1.22467154e+03     3.34744410e+02    -1.22473477e+03   
    2.86900000e+03     1.43450000e+00    -1.22467160e+03     3.37102206e+02    -1.22473677e+03   
    2.87000000e+03     1.43500000e+00    -1.22467167e+03     3.45780119e+02    -1.22473850e+03   
    2.87100000e+03     1.43550000e+00    -1.22467159e+03     3.57263053e+02    -1.22473936e+03   
    2.87200000e+03     1.43600000e+00    -1.22467153e+03     3.54281577e+02    -1.22473979e+03   
    2.87300000e+03     1.43650000e+00    -1.22467152e+03     3.57516042e+02    -1.22474008e+03   
    2.87400000e+03     1.43700000e+00    -1.22467160e+03     3.60407374e+02    -1.22474036e+03   
    2.87500000e+03     1.43750000e+00    -1.22467162e+03     3.58369711e+02    -1.22474079e+03   
    2.87600000e+03     1.43800000e+00    -1.22467166e+03     3.57764725e+02    -1.22474108e+03   
    2.87700000e+03     1.43850000e+00    -1.22467155e+03     3.56270483e+02    -1.22474065e+03   
    2.87800000e+03     1.43900000e+00    -1.22467165e+03     3.47276988e+02    -1.22474008e+03   
    2.87900000e+03     1.43950000e+00    -1.22467162e+03     3.46267077e+02    -1.22473936e+03   
    2.88000000e+03     1.44000000e+00    -1.22467167e+03     3.43714579e+02    -1.22473864e+03   
    2.88100000e+03     1.44050000e+00    -1.22467163e+03     3.33546213e+02    -1.22473749e+03   
    2.88200000e+03     1.44100000e+00    -1.22467167e+03     3.25840331e+02    -1.22473591e+03   
    2.88300000e+03     1.44150000e+00    -1.22467157e+03     3.16919230e+02    -1.22473390e+03   
    2.88400000e+03     1.44200000e+00    -1.22467155e+03     3.12097496e+02    -1.22473204e+03   
    2.88500000e+03     1.44250000e+00    -1.22467155e+03     3.03366870e+02    -1.22473060e+03   
    2.88600000e+03     1.44300000e+00    -1.22467150e+03     3.01195829e+02    -1.22472960e+03   
    2.88700000e+03     1.44350000e+00    -1.22467153e+03     2.95923264e+02    -1.22472902e+03   
    2.88800000e+03     1.44400000e+00    -1.22467158e+03     2.90209542e+02    -1.22472816e+03   
    2.88900000e+03     1.44450000e+00    -1.22467163e+03     2.88859891e+02    -1.22472701e+03   
    2.89000000e+03     1.44500000e+00    -1.22467155e+03     2.83584869e+02    -1.22472586e+03   
    2.89100000e+03     1.44550000e+00    -1.22467157e+03     2.82945943e+02    -1.22472529e+03   
    2.89200000e+03     1.44600000e+00    -1.22467159e+03     2.91131961e+02    -1.22472543e+03   
    2.89300000e+03     1.44650000e+00    -1.22467165e+03     2.90255703e+02    -1.22472630e+03   
    2.89400000e+03     1.44700000e+00    -1.22467159e+03     2.94119607e+02    -1.22472687e+03   
    2.89500000e+03     1.44750000e+00    -1.22467159e+03     2.94258980e+02    -1.22472716e+03   
    2.89600000e+03     1.44800000e+00    -1.22467160e+03     2.95523567e+02    -1.22472687e+03   
    2.89700000e+03     1.44850000e+00    -1.22467160e+03     2.88913479e+02    -1.22472644e+03   
    2.89800000e+03     1.44900000e+00    -1.22467159e+03     2.84763555e+02    -1.22472615e+03   
    2.89900000e+03     1.44950000e+00    -1.22467163e+03     2.83937456e+02    -1.22472615e+03   
    2.90000000e+03     1.45000000e+00    -1.22467156e+03     2.80896328e+02    -1.22472615e+03   
    2.90100000e+03     1.45050000e+00    -1.22467157e+03     2.81780951e+02    -1.22472615e+03   
    2.90200000e+03     1.45100000e+00    -1.22467154e+03     2.80597957e+02    -1.22472586e+03   
    2.90300000e+03     1.45150000e+00    -1.22467154e+03     2.78990944e+02    -1.22472601e+03   
    2.90400000e+03     1.45200000e+00    -1.22467163e+03     2.81634583e+02    -1.22472701e+03   
    2.90500000e+03     1.45250000e+00    -1.22467156e+03     2.78811310e+02    -1.22472816e+03   
    2.90600000e+03     1.45300000e+00    -1.22467168e+03     2.79231220e+02    -1.22472960e+03   
    2.90700000e+03     1.45350000e+00    -1.22467166e+03     2.84511347e+02    -1.22473046e+03   
    2.90800000e+03     1.45400000e+00    -1.22467158e+03     2.83500786e+02    -1.22473075e+03   
    2.90900000e+03     1.45450000e+00    -1.22467152e+03     2.83756460e+02    -1.22473089e+03   
    2.91000000e+03     1.45500000e+00    -1.22467149e+03     2.81450794e+02    -1.22473118e+03   
    2.91100000e+03     1.45550000e+00    -1.22467161e+03     2.87350582e+02    -1.22473175e+03   
    2.91200000e+03     1.45600000e+00    -1.22467159e+03     2.87000900e+02    -1.22473261e+03   
    2.91300000e+03     1.45650000e+00    -1.22467161e+03     2.92598952e+02    -1.22473390e+03   
    2.91400000e+03     1.45700000e+00    -1.22467151e+03     3.00725438e+02    -1.22473520e+03   
    2.91500000e+03     1.45750000e+00    -1.22467163e+03     3.09774750e+02    -1.22473706e+03   
    2.91600000e+03     1.45800000e+00    -1.22467160e+03     3.14341644e+02    -1.22473864e+03   
    2.91700000e+03     1.45850000e+00    -1.22467170e+03     3.25776125e+02    -1.22474036e+03   
    2.91800000e+03     1.45900000e+00    -1.22467161e+03     3.28480060e+02    -1.22474166e+03   
    2.91900000e+03     1.45950000e+00    -1.22467160e+03     3.28371322e+02    -1.22474237e+03   
    2.92000000e+03     1.46000000e+00    -1.22467159e+03     3.27539871e+02    -1.22474209e+03   
    2.92100000e+03     1.46050000e+00    -1.22467154e+03     3.24670239e+02    -1.22474108e+03   
    2.92200000e+03     1.46100000e+00    -1.22467158e+03     3.19155169e+02    -1.22473979e+03   
    2.92300000e+03     1.46150000e+00    -1.22467154e+03     3.17188548e+02    -1.22473893e+03   
    2.92400000e+03     1.46200000e+00    -1.22467163e+03     3.17625353e+02    -1.22473878e+03   
    2.92500000e+03     1.46250000e+00    -1.22467159e+03     3.15580429e+02    -1.22473878e+03   
    2.92600000e+03     1.46300000e+00    -1.22467167e+03     3.19893751e+02    -1.22473878e+03   
    2.92700000e+03     1.46350000e+00    -1.22467164e+03     3.20053797e+02    -1.22473821e+03   
    2.92800000e+03     1.46400000e+00    -1.22467166e+03     3.20341666e+02    -1.22473706e+03   
    2.92900000e+03     1.46450000e+00    -1.22467159e+03     3.05021411e+02    -1.22473534e+03   
    2.93000000e+03     1.46500000e+00    -1.22467161e+03     2.96789201e+02    -1.22473376e+03   
    2.93100000e+03     1.46550000e+00    -1.22467146e+03     2.95328125e+02    -1.22473247e+03   
    2.93200000e+03     1.46600000e+00    -1.22467152e+03     2.98237888e+02    -1.22473232e+03   
    2.93300000e+03     1.46650000e+00    -1.22467155e+03     3.02333273e+02    -1.22473347e+03   
    2.93400000e+03     1.46700000e+00    -1.22467160e+03     3.14109691e+02    -1.22473563e+03   
    2.93500000e+03     1.46750000e+00    -1.22467162e+03     3.20687097e+02    -1.22473792e+03   
    2.93600000e+03     1.46800000e+00    -1.22467164e+03     3.24685797e+02    -1.22473979e+03   
    2.93700000e+03     1.46850000e+00    -1.22467160e+03     3.29683020e+02    -1.22474079e+03   
    2.93800000e+03     1.46900000e+00    -1.22467162e+03     3.26863522e+02    -1.22474108e+03   
    2.93900000e+03     1.46950000e+00    -1.22467167e+03     3.27071075e+02    -1.22474065e+03   
    2.94000000e+03     1.47000000e+00    -1.22467165e+03     3.23291777e+02    -1.22473936e+03   
    2.94100000e+03     1.47050000e+00    -1.22467155e+03     3.21912382e+02    -1.22473764e+03   
    2.94200000e+03     1.47100000e+00    -1.22467163e+03     3.13937241e+02    -1.22473606e+03   
    2.94300000e+03     1.47150000e+00    -1.22467155e+03     3.06853832e+02    -1.22473448e+03   
    2.94400000e+03     1.47200000e+00    -1.22467159e+03     3.04680643e+02    -1.22473362e+03   
    2.94500000e+03     1.47250000e+00    -1.22467149e+03     3.00916243e+02    -1.22473333e+03   
    2.94600000e+03     1.47300000e+00    -1.22467153e+03     3.01181381e+02    -1.22473390e+03   
    2.94700000e+03     1.47350000e+00    -1.22467161e+03     3.07858168e+02    -1.22473462e+03   
    2.94800000e+03     1.47400000e+00    -1.22467157e+03     3.04881768e+02    -1.22473462e+03   
    2.94900000e+03     1.47450000e+00    -1.22467158e+03     2.97165855e+02    -1.22473376e+03   
    2.95000000e+03     1.47500000e+00    -1.22467164e+03     2.87712985e+02    -1.22473232e+03   
    2.95100000e+03     1.47550000e+00    -1.22467153e+03     2.81976804e+02    -1.22473046e+03   
    2.95200000e+03     1.47600000e+00    -1.22467143e+03     2.77843778e+02    -1.22472931e+03   
    2.95300000e+03     1.47650000e+00    -1.22467158e+03     2.81070311e+02    -1.22472988e+03   
    2.95400000e+03     1.47700000e+00    -1.22467162e+03     2.84480142e+02    -1.22473132e+03   
    2.95500000e+03     1.47750000e+00    -1.22467159e+03     2.89087342e+02    -1.22473261e+03   
    2.95600000e+03     1.47800000e+00    -1.22467163e+03     2.93421677e+02    -1.22473390e+03   
    2.95700000e+03     1.47850000e+00    -1.22467163e+03     2.97334667e+02    -1.22473477e+03   
    2.95800000e+03     1.47900000e+00    -1.22467157e+03     3.03279048e+02    -1.22473563e+03   
    2.95900000e+03     1.47950000e+00    -1.22467161e+03     3.09876980e+02    -1.22473706e+03   
    2.96000000e+03     1.48000000e+00    -1.22467171e+03     3.12082018e+02    -1.22473850e+03   
    2.96100000e+03     1.48050000e+00    -1.22467165e+03     3.12222388e+02    -1.22473893e+03   
    2.96200000e+03     1.48100000e+00    -1.22467163e+03     3.10127620e+02    -1.22473807e+03   
    2.96300000e+03     1.48150000e+00    -1.22467161e+03     3.03216600e+02    -1.22473663e+03   
    2.96400000e+03     1.48200000e+00    -1.22467160e+03     2.98641502e+02    -1.22473520e+03   
    2.96500000e+03     1.48250000e+00    -1.22467164e+03     2.97222088e+02    -1.22473433e+03   
    2.96600000e+03     1.48300000e+00    -1.22467164e+03     2.98177482e+02    -1.22473419e+03   
    2.96700000e+03     1.48350000e+00    -1.22467159e+03     2.94284524e+02    -1.22473405e+03   
    2.96800000e+03     1.48400000e+00    -1.22467171e+03     2.98038340e+02    -1.22473376e+03   
    2.96900000e+03     1.48450000e+00    -1.22467159e+03     2.98634972e+02    -1.22473276e+03   
    2.97000000e+03     1.48500000e+00    -1.22467158e+03     2.92676177e+02    -1.22473175e+03   
    2.97100000e+03     1.48550000e+00    -1.22467161e+03     2.89428007e+02    -1.22473146e+03   
    2.97200000e+03     1.48600000e+00    -1.22467152e+03     2.93396255e+02    -1.22473175e+03   
    2.97300000e+03     1.48650000e+00    -1.22467158e+03     2.98664238e+02    -1.22473304e+03   
    2.97400000e+03     1.48700000e+00    -1.22467169e+03     3.07462169e+02    -1.22473448e+03   
    2.97500000e+03     1.48750000e+00    -1.22467171e+03     3.11206567e+02    -1.22473548e+03   
    2.97600000e+03     1.48800000e+00    -1.22467160e+03     3.10191976e+02    -1.22473606e+03   
    2.97700000e+03     1.48850000e+00    -1.22467153e+03     3.08595343e+02    -1.22473649e+03   
    2.97800000e+03     1.48900000e+00    -1.22467162e+03     3.15737387e+02    -1.22473721e+03   
    2.97900000e+03     1.48950000e+00    -1.22467167e+03     3.22498974e+02    -1.22473778e+03   
    2.98000000e+03     1.49000000e+00    -1.22467160e+03     3.18515746e+02    -1.22473764e+03   
    2.98100000e+03     1.49050000e+00    -1.22467169e+03     3.10998999e+02    -1.22473721e+03   
    2.98200000e+03     1.49100000e+00    -1.22467162e+03     3.03681831e+02    -1.22473591e+03   
    2.98300000e+03     1.49150000e+00    -1.22467164e+03     2.94634784e+02    -1.22473491e+03   
    2.98400000e+03     1.49200000e+00    -1.22467165e+03     2.88200927e+02    -1.22473390e+03   
    2.98500000e+03     1.49250000e+00    -1.22467170e+03     2.84618579e+02    -1.22473304e+03   
    2.98600000e+03     1.49300000e+00    -1.22467169e+03     2.83602159e+02    -1.22473189e+03   
    2.98700000e+03     1.49350000e+00    -1.22467159e+03     2.72620274e+02    -1.22473017e+03   
    2.98800000e+03     1.49400000e+00    -1.22467153e+03     2.63526215e+02    -1.22472816e+03   
    2.98900000e+03     1.49450000e+00    -1.22467154e+03     2.56660002e+02    -1.22472673e+03   
    2.99000000e+03     1.49500000e+00    -1.22467158e+03     2.56867894e+02    -1.22472630e+03   
    2.99100000e+03     1.49550000e+00    -1.22467161e+03     2.53670815e+02    -1.22472658e+03   
    2.99200000e+03     1.49600000e+00    -1.22467165e+03     2.54654190e+02    -1.22472701e+03   
    2.99300000e+03     1.49650000e+00    -1.22467168e+03     2.59913908e+02    -1.22472701e+03   
    2.99400000e+03     1.49700000e+00    -1.22467159e+03     2.54925916e+02    -1.22472630e+03   
    2.99500000e+03     1.49750000e+00    -1.22467157e+03     2.57307997e+02    -1.22472572e+03   
    2.99600000e+03     1.49800000e+00    -1.22467157e+03     2.59506912e+02    -1.22472586e+03   
    2.99700000e+03     1.49850000e+00    -1.22467152e+03     2.66155526e+02    -1.22472701e+03   
    2.99800000e+03     1.49900000e+00    -1.22467163e+03     2.73956230e+02    -1.22472888e+03   
    2.99900000e+03     1.49950000e+00    -1.22467159e+03     2.82107989e+02    -1.22473075e+03   
    3.00000000e+03     1.50000000e+00    -1.22467162e+03     2.91041423e+02    -1.22473232e+03   
    3.00100000e+03     1.50050000e+00    -1.22467163e+03     2.92532190e+02    -1.22473290e+03   
    3.00200000e+03     1.50100000e+00    -1.22467159e+03     2.90051145e+02    -1.22473247e+03   
    3.00300000e+03     1.50150000e+00    -1.22467165e+03     2.84913396e+02    -1.22473161e+03   
    3.00400000e+03     1.50200000e+00    -1.22467153e+03     2.73501134e+02    -1.22473031e+03   
    3.00500000e+03     1.50250000e+00    -1.22467163e+03     2.69521359e+02    -1.22472902e+03   
    3.00600000e+03     1.50300000e+00    -1.22467156e+03     2.59015709e+02    -1.22472802e+03   
    3.00700000e+03     1.50350000e+00    -1.22467151e+03     2.59468324e+02    -1.22472787e+03   
    3.00800000e+03     1.50400000e+00    -1.22467160e+03     2.62218161e+02    -1.22472874e+03   
    3.00900000e+03     1.50450000e+00    -1.22467157e+03     2.65358660e+02    -1.22473046e+03   
    3.01000000e+03     1.50500000e+00    -1.22467171e+03     2.73522515e+02    -1.22473276e+03   
    3.01100000e+03     1.50550000e+00    -1.22467174e+03     2.79372366e+02    -1.22473405e+03   
    3.01200000e+03     1.50600000e+00    -1.22467169e+03     2.76337230e+02    -1.22473376e+03   
    3.01300000e+03     1.50650000e+00    -1.22467165e+03     2.71463630e+02    -1.22473261e+03   
    3.01400000e+03     1.50700000e+00    -1.22467157e+03     2.65447469e+02    -1.22473175e+03   
    3.01500000e+03     1.50750000e+00    -1.22467148e+03     2.68914787e+02    -1.22473189e+03   
    3.01600000e+03     1.50800000e+00    -1.22467154e+03     2.72614730e+02    -1.22473319e+03   
    3.01700000e+03     1.50850000e+00    -1.22467152e+03     2.86582415e+02    -1.22473520e+03   
    3.01800000e+03     1.50900000e+00    -1.22467162e+03     2.99016735e+02    -1.22473764e+03   
    3.01900000e+03     1.50950000e+00    -1.22467161e+03     3.10442115e+02    -1.22473993e+03   
    3.02000000e+03     1.51000000e+00    -1.22467166e+03     3.24394050e+02    -1.22474194e+03   
    3.02100000e+03     1.51050000e+00    -1.22467163e+03     3.30117637e+02    -1.22474295e+03   
    3.02200000e+03     1.51100000e+00    -1.22467165e+03     3.25272628e+02    -1.22474237e+03   
    3.02300000e+03     1.51150000e+00    -1.22467173e+03     3.16087706e+02    -1.22473993e+03   
    3.02400000e+03     1.51200000e+00    -1.22467164e+03     3.02452637e+02    -1.22473577e+03   
    3.02500000e+03     1.51250000e+00    -1.22467153e+03     2.84478384e+02    -1.22473118e+03   
    3.02600000e+03     1.51300000e+00    -1.22467151e+03     2.71462949e+02    -1.22472802e+03   
    3.02700000e+03     1.51350000e+00    -1.22467152e+03     2.66478575e+02    -1.22472701e+03   
    3.02800000e+03     1.51400000e+00    -1.22467147e+03     2.69223527e+02    -1.22472759e+03   
    3.02900000e+03     1.51450000e+00    -1.22467162e+03     2.71730536e+02    -1.22472931e+03   
    3.03000000e+03     1.51500000e+00    -1.22467161e+03     2.73700818e+02    -1.22473060e+03   
    3.03100000e+03     1.51550000e+00    -1.22467162e+03     2.71739737e+02    -1.22473118e+03   
    3.03200000e+03     1.51600000e+00    -1.22467161e+03     2.68489113e+02    -1.22473089e+03   
    3.03300000e+03     1.51650000e+00    -1.22467166e+03     2.62730925e+02    -1.22473003e+03   
    3.03400000e+03     1.51700000e+00    -1.22467151e+03     2.58217279e+02    -1.22472874e+03   
    3.03500000e+03     1.51750000e+00    -1.22467153e+03     2.57395854e+02    -1.22472773e+03   
    3.03600000e+03     1.51800000e+00    -1.22467154e+03     2.60576259e+02    -1.22472730e+03   
    3.03700000e+03     1.51850000e+00    -1.22467151e+03     2.59862316e+02    -1.22472802e+03   
    3.03800000e+03     1.51900000e+00    -1.22467153e+03     2.70745184e+02    -1.22473003e+03   
    3.03900000e+03     1.51950000e+00    -1.22467157e+03     2.79338470e+02    -1.22473276e+03   
    3.04000000e+03     1.52000000e+00    -1.22467172e+03     2.91728970e+02    -1.22473563e+03   
    3.04100000e+03     1.52050000e+00    -1.22467169e+03     2.94682813e+02    -1.22473692e+03   
    3.04200000e+03     1.52100000e+00    -1.22467169e+03     2.88272913e+02    -1.22473606e+03   
    3.04300000e+03     1.52150000e+00    -1.22467169e+03     2.72017506e+02    -1.22473347e+03   
    3.04400000e+03     1.52200000e+00    -1.22467164e+03     2.56785568e+02    -1.22472988e+03   
    3.04500000e+03     1.52250000e+00    -1.22467145e+03     2.39011550e+02    -1.22472615e+03   
    3.04600000e+03     1.52300000e+00    -1.22467145e+03     2.31003802e+02    -1.22472386e+03   
    3.04700000e+03     1.52350000e+00    -1.22467156e+03     2.28045732e+02    -1.22472357e+03   
    3.04800000e+03     1.52400000e+00    -1.22467158e+03     2.34717409e+02    -1.22472472e+03   
    3.04900000e+03     1.52450000e+00    -1.22467159e+03     2.47800370e+02    -1.22472644e+03   
    3.05000000e+03     1.52500000e+00    -1.22467165e+03     2.57637197e+02    -1.22472831e+03   
    3.05100000e+03     1.52550000e+00    -1.22467159e+03     2.61315051e+02    -1.22472974e+03   
    3.05200000e+03     1.52600000e+00    -1.22467163e+03     2.67064845e+02    -1.22473060e+03   
    3.05300000e+03     1.52650000e+00    -1.22467161e+03     2.70407677e+02    -1.22473103e+03   
    3.05400000e+03     1.52700000e+00    -1.22467153e+03     2.74435114e+02    -1.22473103e+03   
    3.05500000e+03     1.52750000e+00    -1.22467158e+03     2.77441641e+02    -1.22473132e+03   
    3.05600000e+03     1.52800000e+00    -1.22467146e+03     2.82587077e+02    -1.22473218e+03   
    3.05700000e+03     1.52850000e+00    -1.22467155e+03     2.91371483e+02    -1.22473405e+03   
    3.05800000e+03     1.52900000e+00    -1.22467151e+03     2.99931881e+02    -1.22473634e+03   
    3.05900000e+03     1.52950000e+00    -1.22467155e+03     3.12294974e+02    -1.22473864e+03   
    3.06000000e+03     1.53000000e+00    -1.22467160e+03     3.25104429e+02    -1.22474036e+03   
    3.06100000e+03     1.53050000e+00    -1.22467160e+03     3.25204770e+02    -1.22474094e+03   
    3.06200000e+03     1.53100000e+00    -1.22467155e+03     3.24299662e+02    -1.22474022e+03   
    3.06300000e+03     1.53150000e+00    -1.22467157e+03     3.22986761e+02    -1.22473864e+03   
    3.06400000e+03     1.53200000e+00    -1.22467152e+03     3.13503887e+02    -1.22473649e+03   
    3.06500000e+03     1.53250000e+00    -1.22467152e+03     3.07516808e+02    -1.22473405e+03   
    3.06600000e+03     1.53300000e+00    -1.22467155e+03     3.02163466e+02    -1.22473175e+03   
    3.06700000e+03     1.53350000e+00    -1.22467147e+03     3.03064644e+02    -1.22473017e+03   
    3.06800000e+03     1.53400000e+00    -1.22467140e+03     3.00804575e+02    -1.22472931e+03   
    3.06900000e+03     1.53450000e+00    -1.22467150e+03     2.99431789e+02    -1.22472917e+03   
    3.07000000e+03     1.53500000e+00    -1.22467145e+03     2.96879717e+02    -1.22472945e+03   
    3.07100000e+03     1.53550000e+00    -1.22467147e+03     2.99212398e+02    -1.22473017e+03   
    3.07200000e+03     1.53600000e+00    -1.22467156e+03     3.01293283e+02    -1.22473118e+03   
    3.07300000e+03     1.53650000e+00    -1.22467161e+03     3.10321577e+02    -1.22473218e+03   
    3.07400000e+03     1.53700000e+00    -1.22467150e+03     3.11489612e+02    -1.22473319e+03   
    3.07500000e+03     1.53750000e+00    -1.22467155e+03     3.12245527e+02    -1.22473433e+03   
    3.07600000e+03     1.53800000e+00    -1.22467149e+03     3.17347080e+02    -1.22473534e+03   
    3.07700000e+03     1.53850000e+00    -1.22467153e+03     3.24775382e+02    -1.22473663e+03   
    3.07800000e+03     1.53900000e+00    -1.22467151e+03     3.33467065e+02    -1.22473778e+03   
    3.07900000e+03     1.53950000e+00    -1.22467162e+03     3.37075360e+02    -1.22473864e+03   
    3.08000000e+03     1.54000000e+00    -1.22467154e+03     3.38157347e+02    -1.22473907e+03   
    3.08100000e+03     1.54050000e+00    -1.22467153e+03     3.31545988e+02    -1.22473907e+03   
    3.08200000e+03     1.54100000e+00    -1.22467168e+03     3.30520343e+02    -1.22473835e+03   
    3.08300000e+03     1.54150000e+00    -1.22467159e+03     3.18037915e+02    -1.22473634e+03   
    3.08400000e+03     1.54200000e+00    -1.22467158e+03     3.08264969e+02    -1.22473390e+03   
    3.08500000e+03     1.54250000e+00    -1.22467147e+03     3.00574510e+02    -1.22473132e+03   
    3.08600000e+03     1.54300000e+00    -1.22467150e+03     2.86483988e+02    -1.22472931e+03   
    3.08700000e+03     1.54350000e+00    -1.22467149e+03     2.82277518e+02    -1.22472787e+03   
    3.08800000e+03     1.54400000e+00    -1.22467155e+03     2.78745986e+02    -1.22472701e+03   
    3.08900000e+03     1.54450000e+00    -1.22467149e+03     2.72224449e+02    -1.22472673e+03   
    3.09000000e+03     1.54500000e+00    -1.22467154e+03     2.69288619e+02    -1.22472716e+03   
    3.09100000e+03     1.54550000e+00    -1.22467158e+03     2.77144453e+02    -1.22472787e+03   
    3.09200000e+03     1.54600000e+00    -1.22467150e+03     2.83922457e+02    -1.22472888e+03   
    3.09300000e+03     1.54650000e+00    -1.22467158e+03     2.91150848e+02    -1.22473046e+03   
    3.09400000e+03     1.54700000e+00    -1.22467155e+03     3.01877095e+02    -1.22473218e+03   
    3.09500000e+03     1.54750000e+00    -1.22467162e+03     3.14153558e+02    -1.22473419e+03   
    3.09600000e+03     1.54800000e+00    -1.22467161e+03     3.19480160e+02    -1.22473577e+03   
    3.09700000e+03     1.54850000e+00    -1.22467156e+03     3.20672330e+02    -1.22473649e+03   
    3.09800000e+03     1.54900000e+00    -1.22467161e+03     3.21097611e+02    -1.22473663e+03   
    3.09900000e+03     1.54950000e+00    -1.22467155e+03     3.25536529e+02    -1.22473649e+03   
    3.10000000e+03     1.55000000e+00    -1.22467159e+03     3.25586212e+02    -1.22473663e+03   
    3.10100000e+03     1.55050000e+00    -1.22467158e+03     3.26757516e+02    -1.22473677e+03   
    3.10200000e+03     1.55100000e+00    -1.22467163e+03     3.28597302e+02    -1.22473677e+03   
    3.10300000e+03     1.55150000e+00    -1.22467163e+03     3.23984342e+02    -1.22473606e+03   
    3.10400000e+03     1.55200000e+00    -1.22467162e+03     3.11536675e+02    -1.22473419e+03   
    3.10500000e+03     1.55250000e+00    -1.22467151e+03     3.02480681e+02    -1.22473146e+03   
    3.10600000e+03     1.55300000e+00    -1.22467156e+03     2.90044308e+02    -1.22472874e+03   
    3.10700000e+03     1.55350000e+00    -1.22467148e+03     2.77640292e+02    -1.22472615e+03   
    3.10800000e+03     1.55400000e+00    -1.22467149e+03     2.79162794e+02    -1.22472457e+03   
    3.10900000e+03     1.55450000e+00    -1.22467148e+03     2.77214149e+02    -1.22472357e+03   
    3.11000000e+03     1.55500000e+00    -1.22467147e+03     2.78419052e+02    -1.22472314e+03   
    3.11100000e+03     1.55550000e+00    -1.22467144e+03     2.83001922e+02    -1.22472371e+03   
    3.11200000e+03     1.55600000e+00    -1.22467156e+03     2.91166419e+02    -1.22472543e+03   
    3.11300000e+03     1.55650000e+00    -1.22467148e+03     3.05446715e+02    -1.22472744e+03   
    3.11400000e+03     1.55700000e+00    -1.22467156e+03     3.16020212e+02    -1.22472931e+03   
    3.11500000e+03     1.55750000e+00    -1.22467160e+03     3.18785553e+02    -1.22473031e+03   
    3.11600000e+03     1.55800000e+00    -1.22467162e+03     3.21730786e+02    -1.22473031e+03   
    3.11700000e+03     1.55850000e+00    -1.22467150e+03     3.23321904e+02    -1.22472902e+03   
    3.11800000e+03     1.55900000e+00    -1.22467152e+03     3.23723235e+02    -1.22472787e+03   
    3.11900000e+03     1.55950000e+00    -1.22467152e+03     3.20260475e+02    -1.22472744e+03   
    3.12000000e+03     1.56000000e+00    -1.22467155e+03     3.21190947e+02    -1.22472816e+03   
    3.12100000e+03     1.56050000e+00    -1.22467151e+03     3.25450341e+02    -1.22472945e+03   
    3.12200000e+03     1.56100000e+00    -1.22467164e+03     3.31392153e+02    -1.22473046e+03   
    3.12300000e+03     1.56150000e+00    -1.22467155e+03     3.29698186e+02    -1.22473003e+03   
    3.12400000e+03     1.56200000e+00    -1.22467156e+03     3.17322671e+02    -1.22472802e+03   
    3.12500000e+03     1.56250000e+00    -1.22467150e+03     3.04572861e+02    -1.22472472e+03   
    3.12600000e+03     1.56300000e+00    -1.22467150e+03     2.86725581e+02    -1.22472098e+03   
    3.12700000e+03     1.56350000e+00    -1.22467147e+03     2.71755703e+02    -1.22471754e+03   
    3.12800000e+03     1.56400000e+00    -1.22467138e+03     2.59614095e+02    -1.22471481e+03   
    3.12900000e+03     1.56450000e+00    -1.22467135e+03     2.56113695e+02    -1.22471366e+03   
    3.13000000e+03     1.56500000e+00    -1.22467143e+03     2.58850561e+02    -1.22471452e+03   
    3.13100000e+03     1.56550000e+00    -1.22467145e+03     2.69831746e+02    -1.22471682e+03   
    3.13200000e+03     1.56600000e+00    -1.22467147e+03     2.85801812e+02    -1.22471955e+03   
    3.13300000e+03     1.56650000e+00    -1.22467158e+03     2.87657058e+02    -1.22472156e+03   
    3.13400000e+03     1.56700000e+00    -1.22467153e+03     2.89485994e+02    -1.22472185e+03   
    3.13500000e+03     1.56750000e+00    -1.22467151e+03     2.92525517e+02    -1.22472070e+03   
    3.13600000e+03     1.56800000e+00    -1.22467142e+03     2.81242373e+02    -1.22471897e+03   
    3.13700000e+03     1.56850000e+00    -1.22467144e+03     2.70155712e+02    -1.22471768e+03   
    3.13800000e+03     1.56900000e+00    -1.22467142e+03     2.76025442e+02    -1.22471783e+03   
    3.13900000e+03     1.56950000e+00    -1.22467150e+03     2.79637118e+02    -1.22471998e+03   
    3.14000000e+03     1.57000000e+00    -1.22467145e+03     2.93340706e+02    -1.22472299e+03   
    3.14100000e+03     1.57050000e+00    -1.22467161e+03     3.00190615e+02    -1.22472572e+03   
    3.14200000e+03     1.57100000e+00    -1.22467162e+03     3.09981020e+02    -1.22472716e+03   
    3.14300000e+03     1.57150000e+00    -1.22467167e+03     3.09108848e+02    -1.22472673e+03   
    3.14400000e+03     1.57200000e+00    -1.22467158e+03     3.00017929e+02    -1.22472414e+03   
    3.14500000e+03     1.57250000e+00    -1.22467141e+03     2.82254783e+02    -1.22472055e+03   
    3.14600000e+03     1.57300000e+00    -1.22467141e+03     2.67665056e+02    -1.22471768e+03   
    3.14700000e+03     1.57350000e+00    -1.22467131e+03     2.62994994e+02    -1.22471668e+03   
    3.14800000e+03     1.57400000e+00    -1.22467134e+03     2.70465291e+02    -1.22471783e+03   
    3.14900000e+03     1.57450000e+00    -1.22467145e+03     2.87690170e+02    -1.22472041e+03   
    3.15000000e+03     1.57500000e+00    -1.22467150e+03     3.02020888e+02    -1.22472342e+03   
    3.15100000e+03     1.57550000e+00    -1.22467152e+03     3.18579309e+02    -1.22472572e+03   
    3.15200000e+03     1.57600000e+00    -1.22467152e+03     3.18268992e+02    -1.22472644e+03   
    3.15300000e+03     1.57650000e+00    -1.22467157e+03     3.13922327e+02    -1.22472601e+03   
    3.15400000e+03     1.57700000e+00    -1.22467141e+03     3.06795658e+02    -1.22472486e+03   
    3.15500000e+03     1.57750000e+00    -1.22467138e+03     3.02537413e+02    -1.22472457e+03   
    3.15600000e+03     1.57800000e+00    -1.22467143e+03     3.09745046e+02    -1.22472572e+03   
    3.15700000e+03     1.57850000e+00    -1.22467142e+03     3.14321027e+02    -1.22472787e+03   
    3.15800000e+03     1.57900000e+00    -1.22467148e+03     3.27815331e+02    -1.22473060e+03   
    3.15900000e+03     1.57950000e+00    -1.22467157e+03     3.31124320e+02    -1.22473290e+03   
    3.16000000e+03     1.58000000e+00    -1.22467166e+03     3.37576114e+02    -1.22473376e+03   
    3.16100000e+03     1.58050000e+00    -1.22467155e+03     3.33702458e+02    -1.22473304e+03   
    3.16200000e+03     1.58100000e+00    -1.22467150e+03     3.25249547e+02    -1.22473103e+03   
    3.16300000e+03     1.58150000e+00    -1.22467148e+03     3.10897602e+02    -1.22472831e+03   
    3.16400000e+03     1.58200000e+00    -1.22467141e+03     2.99959284e+02    -1.22472543e+03   
    3.16500000e+03     1.58250000e+00    -1.22467146e+03     2.92396452e+02    -1.22472357e+03   
    3.16600000e+03     1.58300000e+00    -1.22467146e+03     2.83858257e+02    -1.22472299e+03   
    3.16700000e+03     1.58350000e+00    -1.22467141e+03     2.83922584e+02    -1.22472371e+03   
    3.16800000e+03     1.58400000e+00    -1.22467149e+03     2.92114399e+02    -1.22472515e+03   
    3.16900000e+03     1.58450000e+00    -1.22467163e+03     3.00968249e+02    -1.22472644e+03   
    3.17000000e+03     1.58500000e+00    -1.22467165e+03     2.99360651e+02    -1.22472658e+03   
    3.17100000e+03     1.58550000e+00    -1.22467147e+03     2.92600713e+02    -1.22472543e+03   
    3.17200000e+03     1.58600000e+00    -1.22467142e+03     2.85475452e+02    -1.22472386e+03   
    3.17300000e+03     1.58650000e+00    -1.22467139e+03     2.78794196e+02    -1.22472271e+03   
    3.17400000e+03     1.58700000e+00    -1.22467140e+03     2.80499602e+02    -1.22472271e+03   
    3.17500000e+03     1.58750000e+00    -1.22467140e+03     2.90979911e+02    -1.22472414e+03   
    3.17600000e+03     1.58800000e+00    -1.22467146e+03     3.05509279e+02    -1.22472730e+03   
    3.17700000e+03     1.58850000e+00    -1.22467152e+03     3.19939548e+02    -1.22473060e+03   
    3.17800000e+03     1.58900000e+00    -1.22467153e+03     3.29884340e+02    -1.22473290e+03   
    3.17900000e+03     1.58950000e+00    -1.22467153e+03     3.27127658e+02    -1.22473390e+03   
    3.18000000e+03     1.59000000e+00    -1.22467156e+03     3.22767519e+02    -1.22473376e+03   
    3.18100000e+03     1.59050000e+00    -1.22467148e+03     3.18126930e+02    -1.22473247e+03   
    3.18200000e+03     1.59100000e+00    -1.22467150e+03     3.11537082e+02    -1.22473060e+03   
    3.18300000e+03     1.59150000e+00    -1.22467140e+03     2.96908357e+02    -1.22472902e+03   
    3.18400000e+03     1.59200000e+00    -1.22467142e+03     2.90011066e+02    -1.22472859e+03   
    3.18500000e+03     1.59250000e+00    -1.22467150e+03     2.87767728e+02    -1.22472945e+03   
    3.18600000e+03     1.59300000e+00    -1.22467155e+03     2.94975682e+02    -1.22473089e+03   
    3.18700000e+03     1.59350000e+00    -1.22467157e+03     2.95952212e+02    -1.22473175e+03   
    3.18800000e+03     1.59400000e+00    -1.22467157e+03     2.95879117e+02    -1.22473132e+03   
    3.18900000e+03     1.59450000e+00    -1.22467156e+03     2.89657762e+02    -1.22472960e+03   
    3.19000000e+03     1.59500000e+00    -1.22467146e+03     2.80486824e+02    -1.22472716e+03   
    3.19100000e+03     1.59550000e+00    -1.22467140e+03     2.72576232e+02    -1.22472529e+03   
    3.19200000e+03     1.59600000e+00    -1.22467142e+03     2.66803141e+02    -1.22472529e+03   
    3.19300000e+03     1.59650000e+00    -1.22467141e+03     2.71657452e+02    -1.22472716e+03   
    3.19400000e+03     1.59700000e+00    -1.22467152e+03     2.84936097e+02    -1.22473060e+03   
    3.19500000e+03     1.59750000e+00    -1.22467160e+03     2.98120676e+02    -1.22473448e+03   
    3.19600000e+03     1.59800000e+00    -1.22467156e+03     3.13383194e+02    -1.22473749e+03   
    3.19700000e+03     1.59850000e+00    -1.22467157e+03     3.16989884e+02    -1.22473907e+03   
    3.19800000e+03     1.59900000e+00    -1.22467157e+03     3.20454737e+02    -1.22473893e+03   
    3.19900000e+03     1.59950000e+00    -1.22467161e+03     3.19871639e+02    -1.22473764e+03   
    3.20000000e+03     1.60000000e+00    -1.22467146e+03     3.10242216e+02    -1.22473563e+03   
    3.20100000e+03     1.60050000e+00    -1.22467142e+03     3.03158855e+02    -1.22473448e+03   
    3.20200000e+03     1.60100000e+00    -1.22467141e+03     3.02648298e+02    -1.22473448e+03   
    3.20300000e+03     1.60150000e+00    -1.22467145e+03     3.08818132e+02    -1.22473634e+03   
    3.20400000e+03     1.60200000e+00    -1.22467160e+03     3.11855192e+02    -1.22473907e+03   
    3.20500000e+03     1.60250000e+00    -1.22467158e+03     3.16175617e+02    -1.22474122e+03   
    3.20600000e+03     1.60300000e+00    -1.22467172e+03     3.21644674e+02    -1.22474223e+03   
    3.20700000e+03     1.60350000e+00    -1.22467171e+03     3.18306123e+02    -1.22474079e+03   
    3.20800000e+03     1.60400000e+00    -1.22467164e+03     3.04258112e+02    -1.22473735e+03   
    3.20900000e+03     1.60450000e+00    -1.22467153e+03     2.88140941e+02    -1.22473304e+03   
    3.21000000e+03     1.60500000e+00    -1.22467141e+03     2.67629225e+02    -1.22472988e+03   
    3.21100000e+03     1.60550000e+00    -1.22467143e+03     2.64522982e+02    -1.22472859e+03   
    3.21200000e+03     1.60600000e+00    -1.22467140e+03     2.76615791e+02    -1.22472960e+03   
    3.21300000e+03     1.60650000e+00    -1.22467157e+03     2.90307328e+02    -1.22473232e+03   
    3.21400000e+03     1.60700000e+00    -1.22467166e+03     3.02080001e+02    -1.22473534e+03   
    3.21500000e+03     1.60750000e+00    -1.22467163e+03     3.13217173e+02    -1.22473735e+03   
    3.21600000e+03     1.60800000e+00    -1.22467157e+03     3.15572155e+02    -1.22473792e+03   
    3.21700000e+03     1.60850000e+00    -1.22467159e+03     3.13486908e+02    -1.22473735e+03   
    3.21800000e+03     1.60900000e+00    -1.22467162e+03     3.07561225e+02    -1.22473591e+03   
    3.21900000e+03     1.60950000e+00    -1.22467146e+03     2.94686325e+02    -1.22473390e+03   
    3.22000000e+03     1.61000000e+00    -1.22467145e+03     2.89742279e+02    -1.22473290e+03   
    3.22100000e+03     1.61050000e+00    -1.22467142e+03     2.94902101e+02    -1.22473376e+03   
    3.22200000e+03     1.61100000e+00    -1.22467150e+03     3.07847313e+02    -1.22473606e+03   
    3.22300000e+03     1.61150000e+00    -1.22467159e+03     3.16467855e+02    -1.22473907e+03   
    3.22400000e+03     1.61200000e+00    -1.22467165e+03     3.25538778e+02    -1.22474151e+03   
    3.22500000e+03     1.61250000e+00    -1.22467167e+03     3.31171294e+02    -1.22474237e+03   
    3.22600000e+03     1.61300000e+00    -1.22467167e+03     3.24395664e+02    -1.22474122e+03   
    3.22700000e+03     1.61350000e+00    -1.22467157e+03     3.12571250e+02    -1.22473850e+03   
    3.22800000e+03     1.61400000e+00    -1.22467153e+03     2.99943875e+02    -1.22473548e+03   
    3.22900000e+03     1.61450000e+00    -1.22467139e+03     2.89560801e+02    -1.22473362e+03   
    3.23000000e+03     1.61500000e+00    -1.22467144e+03     2.91393892e+02    -1.22473419e+03   
    3.23100000e+03     1.61550000e+00    -1.22467157e+03     3.04169860e+02    -1.22473663e+03   
    3.23200000e+03     1.61600000e+00    -1.22467156e+03     3.18123813e+02    -1.22473965e+03   
    3.23300000e+03     1.61650000e+00    -1.22467159e+03     3.26733456e+02    -1.22474166e+03   
    3.23400000e+03     1.61700000e+00    -1.22467160e+03     3.22480415e+02    -1.22474209e+03   
    3.23500000e+03     1.61750000e+00    -1.22467156e+03     3.19337601e+02    -1.22474108e+03   
    3.23600000e+03     1.61800000e+00    -1.22467146e+03     3.15356661e+02    -1.22473922e+03   
    3.23700000e+03     1.61850000e+00    -1.22467147e+03     3.11033586e+02    -1.22473749e+03   
    3.23800000e+03     1.61900000e+00    -1.22467149e+03     3.05983960e+02    -1.22473721e+03   
    3.23900000e+03     1.61950000e+00    -1.22467141e+03     3.04733674e+02    -1.22473850e+03   
    3.24000000e+03     1.62000000e+00    -1.22467153e+03     3.11911073e+02    -1.22474122e+03   
    3.24100000e+03     1.62050000e+00    -1.22467157e+03     3.29164285e+02    -1.22474467e+03   
    3.24200000e+03     1.62100000e+00    -1.22467159e+03     3.45104706e+02    -1.22474754e+03   
    3.24300000e+03     1.62150000e+00    -1.22467158e+03     3.46343503e+02    -1.22474912e+03   
    3.24400000e+03     1.62200000e+00    -1.22467166e+03     3.38040581e+02    -1.22474912e+03   
    3.24500000e+03     1.62250000e+00    -1.22467160e+03     3.29302070e+02    -1.22474725e+03   
    3.24600000e+03     1.62300000e+00    -1.22467154e+03     3.19286571e+02    -1.22474438e+03   
    3.24700000e+03     1.62350000e+00    -1.22467148e+03     3.03128024e+02    -1.22474166e+03   
    3.24800000e+03     1.62400000e+00    -1.22467147e+03     2.99617366e+02    -1.22474022e+03   
    3.24900000e+03     1.62450000e+00    -1.22467143e+03     3.06652160e+02    -1.22474036e+03   
    3.25000000e+03     1.62500000e+00    -1.22467147e+03     3.10316103e+02    -1.22474237e+03   
    3.25100000e+03     1.62550000e+00    -1.22467165e+03     3.19869011e+02    -1.22474510e+03   
    3.25200000e+03     1.62600000e+00    -1.22467168e+03     3.26417655e+02    -1.22474654e+03   
    3.25300000e+03     1.62650000e+00    -1.22467161e+03     3.25238102e+02    -1.22474625e+03   
    3.25400000e+03     1.62700000e+00    -1.22467155e+03     3.21950430e+02    -1.22474424e+03   
    3.25500000e+03     1.62750000e+00    -1.22467154e+03     3.14244243e+02    -1.22474151e+03   
    3.25600000e+03     1.62800000e+00    -1.22467138e+03     2.99560509e+02    -1.22473893e+03   
    3.25700000e+03     1.62850000e+00    -1.22467150e+03     2.99383477e+02    -1.22473778e+03   
    3.25800000e+03     1.62900000e+00    -1.22467151e+03     2.99272875e+02    -1.22473835e+03   
    3.25900000e+03     1.62950000e+00    -1.22467147e+03     3.11829882e+02    -1.22474022e+03   
    3.26000000e+03     1.63000000e+00    -1.22467159e+03     3.23663307e+02    -1.22474280e+03   
    3.26100000e+03     1.63050000e+00    -1.22467165e+03     3.35597200e+02    -1.22474467e+03   
    3.26200000e+03     1.63100000e+00    -1.22467169e+03     3.32331807e+02    -1.22474496e+03   
    3.26300000e+03     1.63150000e+00    -1.22467155e+03     3.31033463e+02    -1.22474338e+03   
    3.26400000e+03     1.63200000e+00    -1.22467157e+03     3.19905057e+02    -1.22474079e+03   
    3.26500000e+03     1.63250000e+00    -1.22467145e+03     3.03259423e+02    -1.22473764e+03   
    3.26600000e+03     1.63300000e+00    -1.22467152e+03     2.95116137e+02    -1.22473520e+03   
    3.26700000e+03     1.63350000e+00    -1.22467136e+03     2.84389821e+02    -1.22473390e+03   
    3.26800000e+03     1.63400000e+00    -1.22467146e+03     2.89205998e+02    -1.22473448e+03   
    3.26900000e+03     1.63450000e+00    -1.22467150e+03     2.97914836e+02    -1.22473620e+03   
    3.27000000e+03     1.63500000e+00    -1.22467158e+03     3.13339332e+02    -1.22473850e+03   
    3.27100000e+03     1.63550000e+00    -1.22467169e+03     3.22328178e+02    -1.22474036e+03   
    3.27200000e+03     1.63600000e+00    -1.22467158e+03     3.20549118e+02    -1.22474065e+03   
    3.27300000e+03     1.63650000e+00    -1.22467162e+03     3.14927361e+02    -1.22473993e+03   
    3.27400000e+03     1.63700000e+00    -1.22467154e+03     3.05539263e+02    -1.22473850e+03   
    3.27500000e+03     1.63750000e+00    -1.22467153e+03     3.01596850e+02    -1.22473749e+03   
    3.27600000e+03     1.63800000e+00    -1.22467153e+03     3.02271576e+02    -1.22473749e+03   
    3.27700000e+03     1.63850000e+00    -1.22467156e+03     3.10579917e+02    -1.22473850e+03   
    3.27800000e+03     1.63900000e+00    -1.22467159e+03     3.16188702e+02    -1.22473993e+03   
    3.27900000e+03     1.63950000e+00    -1.22467161e+03     3.22392903e+02    -1.22474108e+03   
    3.28000000e+03     1.64000000e+00    -1.22467163e+03     3.25635308e+02    -1.22474166e+03   
    3.28100000e+03     1.64050000e+00    -1.22467159e+03     3.22518095e+02    -1.22474122e+03   
    3.28200000e+03     1.64100000e+00    -1.22467161e+03     3.16823384e+02    -1.22474022e+03   
    3.28300000e+03     1.64150000e+00    -1.22467149e+03     3.06464813e+02    -1.22473893e+03   
    3.28400000e+03     1.64200000e+00    -1.22467150e+03     3.01731946e+02    -1.22473821e+03   
    3.28500000e+03     1.64250000e+00    -1.22467150e+03     3.02006892e+02    -1.22473807e+03   
    3.28600000e+03     1.64300000e+00    -1.22467154e+03     3.04114147e+02    -1.22473850e+03   
    3.28700000e+03     1.64350000e+00    -1.22467155e+03     3.09352052e+02    -1.22473922e+03   
    3.28800000e+03     1.64400000e+00    -1.22467154e+03     3.03050329e+02    -1.22473993e+03   
    3.28900000e+03     1.64450000e+00    -1.22467155e+03     3.03542793e+02    -1.22474051e+03   
    3.29000000e+03     1.64500000e+00    -1.22467156e+03     3.01101638e+02    -1.22474051e+03   
    3.29100000e+03     1.64550000e+00    -1.22467161e+03     3.01808977e+02    -1.22473993e+03   
    3.29200000e+03     1.64600000e+00    -1.22467160e+03     2.95682449e+02    -1.22473893e+03   
    3.29300000e+03     1.64650000e+00    -1.22467153e+03     2.91001284e+02    -1.22473778e+03   
    3.29400000e+03     1.64700000e+00    -1.22467155e+03     2.89950154e+02    -1.22473692e+03   
    3.29500000e+03     1.64750000e+00    -1.22467146e+03     2.89094420e+02    -1.22473677e+03   
    3.29600000e+03     1.64800000e+00    -1.22467157e+03     2.88586188e+02    -1.22473735e+03   
    3.29700000e+03     1.64850000e+00    -1.22467158e+03     3.00046350e+02    -1.22473807e+03   
    3.29800000e+03     1.64900000e+00    -1.22467155e+03     3.06773274e+02    -1.22473835e+03   
    3.29900000e+03     1.64950000e+00    -1.22467164e+03     3.02688579e+02    -1.22473807e+03   
    3.30000000e+03     1.65000000e+00    -1.22467153e+03     2.94683365e+02    -1.22473677e+03   
    3.30100000e+03     1.65050000e+00    -1.22467153e+03     2.86821092e+02    -1.22473534e+03   
    3.30200000e+03     1.65100000e+00    -1.22467149e+03     2.86845703e+02    -1.22473405e+03   
    3.30300000e+03     1.65150000e+00    -1.22467154e+03     2.87211722e+02    -1.22473333e+03   
    3.30400000e+03     1.65200000e+00    -1.22467150e+03     2.79146274e+02    -1.22473304e+03   
    3.30500000e+03     1.65250000e+00    -1.22467150e+03     2.80671355e+02    -1.22473333e+03   
    3.30600000e+03     1.65300000e+00    -1.22467157e+03     2.85022683e+02    -1.22473405e+03   
    3.30700000e+03     1.65350000e+00    -1.22467164e+03     2.85974026e+02    -1.22473448e+03   
    3.30800000e+03     1.65400000e+00    -1.22467160e+03     2.82517840e+02    -1.22473448e+03   
    3.30900000e+03     1.65450000e+00    -1.22467160e+03     2.84337145e+02    -1.22473462e+03   
    3.31000000e+03     1.65500000e+00    -1.22467149e+03     2.81853442e+02    -1.22473462e+03   
    3.31100000e+03     1.65550000e+00    -1.22467156e+03     2.82651015e+02    -1.22473520e+03   
    3.31200000e+03     1.65600000e+00    -1.22467148e+03     2.90101462e+02    -1.22473634e+03   
    3.31300000e+03     1.65650000e+00    -1.22467154e+03     2.98531913e+02    -1.22473778e+03   
    3.31400000e+03     1.65700000e+00    -1.22467161e+03     3.05823327e+02    -1.22473950e+03   
    3.31500000e+03     1.65750000e+00    -1.22467152e+03     3.13512098e+02    -1.22474094e+03   
    3.31600000e+03     1.65800000e+00    -1.22467152e+03     3.14518008e+02    -1.22474194e+03   
    3.31700000e+03     1.65850000e+00    -1.22467161e+03     3.11173583e+02    -1.22474209e+03   
    3.31800000e+03     1.65900000e+00    -1.22467162e+03     3.00273979e+02    -1.22474137e+03   
    3.31900000e+03     1.65950000e+00    -1.22467149e+03     2.99134076e+02    -1.22474036e+03   
    3.32000000e+03     1.66000000e+00    -1.22467148e+03     2.92944744e+02    -1.22473965e+03   
    3.32100000e+03     1.66050000e+00    -1.22467147e+03     2.89706240e+02    -1.22473922e+03   
    3.32200000e+03     1.66100000e+00    -1.22467157e+03     2.89720802e+02    -1.22473922e+03   
    3.32300000e+03     1.66150000e+00    -1.22467155e+03     2.82899713e+02    -1.22473936e+03   
    3.32400000e+03     1.66200000e+00    -1.22467153e+03     2.84599979e+02    -1.22473936e+03   
    3.32500000e+03     1.66250000e+00    -1.22467159e+03     2.80959161e+02    -1.22473950e+03   
    3.32600000e+03     1.66300000e+00    -1.22467155e+03     2.84397986e+02    -1.22473979e+03   
    3.32700000e+03     1.66350000e+00    -1.22467154e+03     2.90791294e+02    -1.22474022e+03   
    3.32800000e+03     1.66400000e+00    -1.22467155e+03     2.96742213e+02    -1.22474079e+03   
    3.32900000e+03     1.66450000e+00    -1.22467153e+03     3.03106004e+02    -1.22474137e+03   
    3.33000000e+03     1.66500000e+00    -1.22467159e+03     3.05775359e+02    -1.22474194e+03   
    3.33100000e+03     1.66550000e+00    -1.22467161e+03     3.06102045e+02    -1.22474252e+03   
    3.33200000e+03     1.66600000e+00    -1.22467159e+03     3.05108424e+02    -1.22474309e+03   
    3.33300000e+03     1.66650000e+00    -1.22467161e+03     3.09712458e+02    -1.22474352e+03   
    3.33400000e+03     1.66700000e+00    -1.22467159e+03     3.08821040e+02    -1.22474367e+03   
    3.33500000e+03     1.66750000e+00    -1.22467155e+03     3.09650017e+02    -1.22474323e+03   
    3.33600000e+03     1.66800000e+00    -1.22467166e+03     3.10736312e+02    -1.22474237e+03   
    3.33700000e+03     1.66850000e+00    -1.22467163e+03     3.08563993e+02    -1.22474094e+03   
    3.33800000e+03     1.66900000e+00    -1.22467161e+03     3.01987245e+02    -1.22473922e+03   
    3.33900000e+03     1.66950000e+00    -1.22467158e+03     2.94828958e+02    -1.22473749e+03   
    3.34000000e+03     1.67000000e+00    -1.22467155e+03     2.89123824e+02    -1.22473591e+03   
    3.34100000e+03     1.67050000e+00    -1.22467154e+03     2.81784517e+02    -1.22473433e+03   
    3.34200000e+03     1.67100000e+00    -1.22467155e+03     2.76563060e+02    -1.22473319e+03   
    3.34300000e+03     1.67150000e+00    -1.22467153e+03     2.74918551e+02    -1.22473247e+03   
    3.34400000e+03     1.67200000e+00    -1.22467157e+03     2.73018853e+02    -1.22473232e+03   
    3.34500000e+03     1.67250000e+00    -1.22467154e+03     2.71397369e+02    -1.22473261e+03   
    3.34600000e+03     1.67300000e+00    -1.22467157e+03     2.75351632e+02    -1.22473333e+03   
    3.34700000e+03     1.67350000e+00    -1.22467161e+03     2.75614046e+02    -1.22473390e+03   
    3.34800000e+03     1.67400000e+00    -1.22467160e+03     2.80281575e+02    -1.22473405e+03   
    3.34900000e+03     1.67450000e+00    -1.22467156e+03     2.76766817e+02    -1.22473390e+03   
    3.35000000e+03     1.67500000e+00    -1.22467145e+03     2.81914892e+02    -1.22473405e+03   
    3.35100000e+03     1.67550000e+00    -1.22467150e+03     2.88412591e+02    -1.22473505e+03   
    3.35200000e+03     1.67600000e+00    -1.22467155e+03     2.93189709e+02    -1.22473677e+03   
    3.35300000e+03     1.67650000e+00    -1.22467154e+03     3.02679092e+02    -1.22473878e+03   
    3.35400000e+03     1.67700000e+00    -1.22467161e+03     3.15983567e+02    -1.22474065e+03   
    3.35500000e+03     1.67750000e+00    -1.22467165e+03     3.19526206e+02    -1.22474151e+03   
    3.35600000e+03     1.67800000e+00    -1.22467156e+03     3.18508043e+02    -1.22474122e+03   
    3.35700000e+03     1.67850000e+00    -1.22467158e+03     3.07653442e+02    -1.22474008e+03   
    3.35800000e+03     1.67900000e+00    -1.22467155e+03     3.01153835e+02    -1.22473878e+03   
    3.35900000e+03     1.67950000e+00    -1.22467149e+03     3.04894272e+02    -1.22473764e+03   
    3.36000000e+03     1.68000000e+00    -1.22467147e+03     3.08037776e+02    -1.22473692e+03   
    3.36100000e+03     1.68050000e+00    -1.22467154e+03     3.05437968e+02    -1.22473692e+03   
    3.36200000e+03     1.68100000e+00    -1.22467147e+03     3.10726275e+02    -1.22473721e+03   
    3.36300000e+03     1.68150000e+00    -1.22467148e+03     3.11932723e+02    -1.22473821e+03   
    3.36400000e+03     1.68200000e+00    -1.22467148e+03     3.18981750e+02    -1.22473950e+03   
    3.36500000e+03     1.68250000e+00    -1.22467153e+03     3.23443355e+02    -1.22474051e+03   
    3.36600000e+03     1.68300000e+00    -1.22467162e+03     3.20713942e+02    -1.22474079e+03   
    3.36700000e+03     1.68350000e+00    -1.22467163e+03     3.23656656e+02    -1.22474022e+03   
    3.36800000e+03     1.68400000e+00    -1.22467146e+03     3.17296934e+02    -1.22473878e+03   
    3.36900000e+03     1.68450000e+00    -1.22467155e+03     3.14260446e+02    -1.22473821e+03   
    3.37000000e+03     1.68500000e+00    -1.22467144e+03     3.16504310e+02    -1.22473807e+03   
    3.37100000e+03     1.68550000e+00    -1.22467155e+03     3.23008364e+02    -1.22473893e+03   
    3.37200000e+03     1.68600000e+00    -1.22467151e+03     3.27586584e+02    -1.22473993e+03   
    3.37300000e+03     1.68650000e+00    -1.22467164e+03     3.29237002e+02    -1.22474065e+03   
    3.37400000e+03     1.68700000e+00    -1.22467158e+03     3.22134265e+02    -1.22474036e+03   
    3.37500000e+03     1.68750000e+00    -1.22467158e+03     3.18090753e+02    -1.22473950e+03   
    3.37600000e+03     1.68800000e+00    -1.22467153e+03     3.11826096e+02    -1.22473821e+03   
    3.37700000e+03     1.68850000e+00    -1.22467149e+03     3.05783973e+02    -1.22473634e+03   
    3.37800000e+03     1.68900000e+00    -1.22467150e+03     2.92197384e+02    -1.22473390e+03   
    3.37900000e+03     1.68950000e+00    -1.22467157e+03     2.73714043e+02    -1.22473089e+03   
    3.38000000e+03     1.69000000e+00    -1.22467143e+03     2.60717287e+02    -1.22472787e+03   
    3.38100000e+03     1.69050000e+00    -1.22467150e+03     2.56615440e+02    -1.22472586e+03   
    3.38200000e+03     1.69100000e+00    -1.22467141e+03     2.46176720e+02    -1.22472500e+03   
    3.38300000e+03     1.69150000e+00    -1.22467142e+03     2.53653368e+02    -1.22472558e+03   
    3.38400000e+03     1.69200000e+00    -1.22467158e+03     2.52115274e+02    -1.22472701e+03   
    3.38500000e+03     1.69250000e+00    -1.22467150e+03     2.56958010e+02    -1.22472802e+03   
    3.38600000e+03     1.69300000e+00    -1.22467165e+03     2.58312365e+02    -1.22472874e+03   
    3.38700000e+03     1.69350000e+00    -1.22467163e+03     2.55047797e+02    -1.22472874e+03   
    3.38800000e+03     1.69400000e+00    -1.22467154e+03     2.47841536e+02    -1.22472831e+03   
    3.38900000e+03     1.69450000e+00    -1.22467147e+03     2.45368981e+02    -1.22472831e+03   
    3.39000000e+03     1.69500000e+00    -1.22467150e+03     2.52859406e+02    -1.22472917e+03   
    3.39100000e+03     1.69550000e+00    -1.22467146e+03     2.62418685e+02    -1.22473089e+03   
    3.39200000e+03     1.69600000e+00    -1.22467148e+03     2.71155655e+02    -1.22473319e+03   
    3.39300000e+03     1.69650000e+00    -1.22467160e+03     2.84157627e+02    -1.22473591e+03   
    3.39400000e+03     1.69700000e+00    -1.22467164e+03     2.94210279e+02    -1.22473807e+03   
    3.39500000e+03     1.69750000e+00    -1.22467166e+03     3.03701188e+02    -1.22473936e+03   
    3.39600000e+03     1.69800000e+00    -1.22467161e+03     3.02456903e+02    -1.22473922e+03   
    3.39700000e+03     1.69850000e+00    -1.22467158e+03     2.93802723e+02    -1.22473778e+03   
    3.39800000e+03     1.69900000e+00    -1.22467153e+03     2.85063864e+02    -1.22473563e+03   
    3.39900000e+03     1.69950000e+00    -1.22467150e+03     2.77574358e+02    -1.22473347e+03   
    3.40000000e+03     1.70000000e+00    -1.22467140e+03     2.70652944e+02    -1.22473218e+03   
    3.40100000e+03     1.70050000e+00    -1.22467137e+03     2.75972620e+02    -1.22473218e+03   
    3.40200000e+03     1.70100000e+00    -1.22467151e+03     2.84675085e+02    -1.22473347e+03   
    3.40300000e+03     1.70150000e+00    -1.22467148e+03     2.92971819e+02    -1.22473505e+03   
    3.40400000e+03     1.70200000e+00    -1.22467148e+03     2.97624565e+02    -1.22473663e+03   
    3.40500000e+03     1.70250000e+00    -1.22467162e+03     2.95668925e+02    -1.22473749e+03   
    3.40600000e+03     1.70300000e+00    -1.22467150e+03     3.01382814e+02    -1.22473735e+03   
    3.40700000e+03     1.70350000e+00    -1.22467143e+03     3.03914671e+02    -1.22473692e+03   
    3.40800000e+03     1.70400000e+00    -1.22467151e+03     3.01181676e+02    -1.22473663e+03   
    3.40900000e+03     1.70450000e+00    -1.22467148e+03     3.03920503e+02    -1.22473677e+03   
    3.41000000e+03     1.70500000e+00    -1.22467138e+03     3.06729300e+02    -1.22473764e+03   
    3.41100000e+03     1.70550000e+00    -1.22467149e+03     3.15587089e+02    -1.22473965e+03   
    3.41200000e+03     1.70600000e+00    -1.22467152e+03     3.23645432e+02    -1.22474194e+03   
    3.41300000e+03     1.70650000e+00    -1.22467160e+03     3.36945086e+02    -1.22474395e+03   
    3.41400000e+03     1.70700000e+00    -1.22467153e+03     3.43657186e+02    -1.22474467e+03   
    3.41500000e+03     1.70750000e+00    -1.22467160e+03     3.37057696e+02    -1.22474424e+03   
    3.41600000e+03     1.70800000e+00    -1.22467159e+03     3.27911147e+02    -1.22474223e+03   
    3.41700000e+03     1.70850000e+00    -1.22467148e+03     3.21016615e+02    -1.22473878e+03   
    3.41800000e+03     1.70900000e+00    -1.22467142e+03     3.02918762e+02    -1.22473477e+03   
    3.41900000e+03     1.70950000e+00    -1.22467140e+03     2.87065463e+02    -1.22473103e+03   
    3.42000000e+03     1.71000000e+00    -1.22467146e+03     2.80204169e+02    -1.22472859e+03   
    3.42100000e+03     1.71050000e+00    -1.22467147e+03     2.77296245e+02    -1.22472759e+03   
    3.42200000e+03     1.71100000e+00    -1.22467149e+03     2.78718702e+02    -1.22472744e+03   
    3.42300000e+03     1.71150000e+00    -1.22467141e+03     2.78805645e+02    -1.22472787e+03   
    3.42400000e+03     1.71200000e+00    -1.22467151e+03     2.77596108e+02    -1.22472874e+03   
    3.42500000e+03     1.71250000e+00    -1.22467158e+03     2.79827984e+02    -1.22472960e+03   
    3.42600000e+03     1.71300000e+00    -1.22467150e+03     2.81030900e+02    -1.22472960e+03   
    3.42700000e+03     1.71350000e+00    -1.22467149e+03     2.77131754e+02    -1.22472902e+03   
    3.42800000e+03     1.71400000e+00    -1.22467143e+03     2.73146193e+02    -1.22472816e+03   
    3.42900000e+03     1.71450000e+00    -1.22467142e+03     2.68937890e+02    -1.22472802e+03   
    3.43000000e+03     1.71500000e+00    -1.22467136e+03     2.73119280e+02    -1.22472888e+03   
    3.43100000e+03     1.71550000e+00    -1.22467142e+03     2.75432567e+02    -1.22473089e+03   
    3.43200000e+03     1.71600000e+00    -1.22467152e+03     2.79959308e+02    -1.22473333e+03   
    3.43300000e+03     1.71650000e+00    -1.22467158e+03     2.90926981e+02    -1.22473577e+03   
    3.43400000e+03     1.71700000e+00    -1.22467154e+03     2.97439743e+02    -1.22473749e+03   
    3.43500000e+03     1.71750000e+00    -1.22467155e+03     2.99363311e+02    -1.22473850e+03   
    3.43600000e+03     1.71800000e+00    -1.22467159e+03     3.02574774e+02    -1.22473878e+03   
    3.43700000e+03     1.71850000e+00    -1.22467156e+03     2.99799893e+02    -1.22473850e+03   
    3.43800000e+03     1.71900000e+00    -1.22467150e+03     2.96867630e+02    -1.22473778e+03   
    3.43900000e+03     1.71950000e+00    -1.22467154e+03     3.02486760e+02    -1.22473692e+03   
    3.44000000e+03     1.72000000e+00    -1.22467145e+03     3.04206586e+02    -1.22473620e+03   
    3.44100000e+03     1.72050000e+00    -1.22467146e+03     2.94365116e+02    -1.22473577e+03   
    3.44200000e+03     1.72100000e+00    -1.22467148e+03     2.93075801e+02    -1.22473548e+03   
    3.44300000e+03     1.72150000e+00    -1.22467154e+03     2.93960671e+02    -1.22473591e+03   
    3.44400000e+03     1.72200000e+00    -1.22467147e+03     3.00473826e+02    -1.22473649e+03   
    3.44500000e+03     1.72250000e+00    -1.22467153e+03     3.06066491e+02    -1.22473721e+03   
    3.44600000e+03     1.72300000e+00    -1.22467145e+03     3.09503442e+02    -1.22473764e+03   
    3.44700000e+03     1.72350000e+00    -1.22467154e+03     3.12835959e+02    -1.22473821e+03   
    3.44800000e+03     1.72400000e+00    -1.22467147e+03     3.14183006e+02    -1.22473864e+03   
    3.44900000e+03     1.72450000e+00    -1.22467143e+03     3.15353301e+02    -1.22473936e+03   
    3.45000000e+03     1.72500000e+00    -1.22467150e+03     3.26631413e+02    -1.22474079e+03   
    3.45100000e+03     1.72550000e+00    -1.22467145e+03     3.32372684e+02    -1.22474223e+03   
    3.45200000e+03     1.72600000e+00    -1.22467161e+03     3.44734824e+02    -1.22474381e+03   
    3.45300000e+03     1.72650000e+00    -1.22467149e+03     3.48169142e+02    -1.22474438e+03   
    3.45400000e+03     1.72700000e+00    -1.22467150e+03     3.48492221e+02    -1.22474395e+03   
    3.45500000e+03     1.72750000e+00    -1.22467150e+03     3.40026027e+02    -1.22474266e+03   
    3.45600000e+03     1.72800000e+00    -1.22467139e+03     3.34229554e+02    -1.22474108e+03   
    3.45700000e+03     1.72850000e+00    -1.22467144e+03     3.22537879e+02    -1.22474008e+03   
    3.45800000e+03     1.72900000e+00    -1.22467149e+03     3.20471128e+02    -1.22473936e+03   
    3.45900000e+03     1.72950000e+00    -1.22467148e+03     3.11938321e+02    -1.22473864e+03   
    3.46000000e+03     1.73000000e+00    -1.22467151e+03     3.05422012e+02    -1.22473792e+03   
    3.46100000e+03     1.73050000e+00    -1.22467152e+03     2.99414858e+02    -1.22473692e+03   
    3.46200000e+03     1.73100000e+00    -1.22467147e+03     2.94301631e+02    -1.22473534e+03   
    3.46300000e+03     1.73150000e+00    -1.22467148e+03     2.93264620e+02    -1.22473376e+03   
    3.46400000e+03     1.73200000e+00    -1.22467136e+03     2.87391486e+02    -1.22473204e+03   
    3.46500000e+03     1.73250000e+00    -1.22467146e+03     2.79479881e+02    -1.22473060e+03   
    3.46600000e+03     1.73300000e+00    -1.22467142e+03     2.75553057e+02    -1.22472988e+03   
    3.46700000e+03     1.73350000e+00    -1.22467134e+03     2.79556213e+02    -1.22473017e+03   
    3.46800000e+03     1.73400000e+00    -1.22467137e+03     2.88954735e+02    -1.22473146e+03   
    3.46900000e+03     1.73450000e+00    -1.22467147e+03     2.97121013e+02    -1.22473347e+03   
    3.47000000e+03     1.73500000e+00    -1.22467152e+03     3.00486672e+02    -1.22473534e+03   
    3.47100000e+03     1.73550000e+00    -1.22467150e+03     3.06161929e+02    -1.22473649e+03   
    3.47200000e+03     1.73600000e+00    -1.22467153e+03     3.06366486e+02    -1.22473677e+03   
    3.47300000e+03     1.73650000e+00    -1.22467152e+03     3.07929518e+02    -1.22473606e+03   
    3.47400000e+03     1.73700000e+00    -1.22467142e+03     3.07198104e+02    -1.22473462e+03   
    3.47500000e+03     1.73750000e+00    -1.22467141e+03     3.06009035e+02    -1.22473347e+03   
    3.47600000e+03     1.73800000e+00    -1.22467140e+03     3.06561809e+02    -1.22473290e+03   
    3.47700000e+03     1.73850000e+00    -1.22467138e+03     3.13484366e+02    -1.22473347e+03   
    3.47800000e+03     1.73900000e+00    -1.22467140e+03     3.18268049e+02    -1.22473505e+03   
    3.47900000e+03     1.73950000e+00    -1.22467145e+03     3.29702710e+02    -1.22473706e+03   
    3.48000000e+03     1.74000000e+00    -1.22467149e+03     3.33712636e+02    -1.22473850e+03   
    3.48100000e+03     1.74050000e+00    -1.22467151e+03     3.33399048e+02    -1.22473893e+03   
    3.48200000e+03     1.74100000e+00    -1.22467147e+03     3.21260007e+02    -1.22473835e+03   
    3.48300000e+03     1.74150000e+00    -1.22467134e+03     3.22145482e+02    -1.22473735e+03   
    3.48400000e+03     1.74200000e+00    -1.22467136e+03     3.18410079e+02    -1.22473721e+03   
    3.48500000e+03     1.74250000e+00    -1.22467132e+03     3.16858822e+02    -1.22473764e+03   
    3.48600000e+03     1.74300000e+00    -1.22467135e+03     3.23629259e+02    -1.22473922e+03   
    3.48700000e+03     1.74350000e+00    -1.22467145e+03     3.33370290e+02    -1.22474209e+03   
    3.48800000e+03     1.74400000e+00    -1.22467145e+03     3.47136036e+02    -1.22474539e+03   
    3.48900000e+03     1.74450000e+00    -1.22467147e+03     3.56224707e+02    -1.22474855e+03   
    3.49000000e+03     1.74500000e+00    -1.22467152e+03     3.71574845e+02    -1.22475070e+03   
    3.49100000e+03     1.74550000e+00    -1.22467159e+03     3.78816097e+02    -1.22475156e+03   
    3.49200000e+03     1.74600000e+00    -1.22467155e+03     3.68883119e+02    -1.22475099e+03   
    3.49300000e+03     1.74650000e+00    -1.22467155e+03     3.56532838e+02    -1.22474926e+03   
    3.49400000e+03     1.74700000e+00    -1.22467149e+03     3.42623057e+02    -1.22474639e+03   
    3.49500000e+03     1.74750000e+00    -1.22467140e+03     3.29531616e+02    -1.22474309e+03   
    3.49600000e+03     1.74800000e+00    -1.22467142e+03     3.13972444e+02    -1.22474051e+03   
    3.49700000e+03     1.74850000e+00    -1.22467141e+03     3.07093280e+02    -1.22473965e+03   
    3.49800000e+03     1.74900000e+00    -1.22467149e+03     3.11297941e+02    -1.22474051e+03   
    3.49900000e+03     1.74950000e+00    -1.22467146e+03     3.15897129e+02    -1.22474180e+03   
    3.50000000e+03     1.75000000e+00    -1.22467145e+03     3.21744648e+02    -1.22474280e+03   
    3.50100000e+03     1.75050000e+00    -1.22467153e+03     3.28396179e+02    -1.22474295e+03   
    3.50200000e+03     1.75100000e+00    -1.22467155e+03     3.32062292e+02    -1.22474209e+03   
    3.50300000e+03     1.75150000e+00    -1.22467144e+03     3.16597218e+02    -1.22474036e+03   
    3.50400000e+03     1.75200000e+00    -1.22467147e+03     3.05598353e+02    -1.22473864e+03   
    3.50500000e+03     1.75250000e+00    -1.22467132e+03     3.00808971e+02    -1.22473749e+03   
    3.50600000e+03     1.75300000e+00    -1.22467140e+03     3.01287958e+02    -1.22473807e+03   
    3.50700000e+03     1.75350000e+00    -1.22467147e+03     3.06671420e+02    -1.22474008e+03   
    3.50800000e+03     1.75400000e+00    -1.22467148e+03     3.15854831e+02    -1.22474295e+03   
    3.50900000e+03     1.75450000e+00    -1.22467162e+03     3.27934603e+02    -1.22474553e+03   
    3.51000000e+03     1.75500000e+00    -1.22467163e+03     3.33608948e+02    -1.22474611e+03   
    3.51100000e+03     1.75550000e+00    -1.22467156e+03     3.20546974e+02    -1.22474438e+03   
    3.51200000e+03     1.75600000e+00    -1.22467145e+03     3.10519617e+02    -1.22474094e+03   
    3.51300000e+03     1.75650000e+00    -1.22467145e+03     3.00816436e+02    -1.22473735e+03   
    3.51400000e+03     1.75700000e+00    -1.22467134e+03     2.86208127e+02    -1.22473491e+03   
    3.51500000e+03     1.75750000e+00    -1.22467146e+03     2.82573146e+02    -1.22473448e+03   
    3.51600000e+03     1.75800000e+00    -1.22467144e+03     2.84270817e+02    -1.22473520e+03   
    3.51700000e+03     1.75850000e+00    -1.22467158e+03     2.85395139e+02    -1.22473649e+03   
    3.51800000e+03     1.75900000e+00    -1.22467156e+03     2.85140676e+02    -1.22473721e+03   
    3.51900000e+03     1.75950000e+00    -1.22467150e+03     2.85991021e+02    -1.22473749e+03   
    3.52000000e+03     1.76000000e+00    -1.22467150e+03     2.90741122e+02    -1.22473764e+03   
    3.52100000e+03     1.76050000e+00    -1.22467144e+03     2.87215802e+02    -1.22473764e+03   
    3.52200000e+03     1.76100000e+00    -1.22467141e+03     2.86773344e+02    -1.22473749e+03   
    3.52300000e+03     1.76150000e+00    -1.22467147e+03     2.82737642e+02    -1.22473749e+03   
    3.52400000e+03     1.76200000e+00    -1.22467145e+03     2.85256434e+02    -1.22473807e+03   
    3.52500000e+03     1.76250000e+00    -1.22467143e+03     2.95497904e+02    -1.22473965e+03   
    3.52600000e+03     1.76300000e+00    -1.22467152e+03     3.05498961e+02    -1.22474266e+03   
    3.52700000e+03     1.76350000e+00    -1.22467154e+03     3.21988584e+02    -1.22474611e+03   
    3.52800000e+03     1.76400000e+00    -1.22467156e+03     3.34042823e+02    -1.22474941e+03   
    3.52900000e+03     1.76450000e+00    -1.22467165e+03     3.40886181e+02    -1.22475142e+03   
    3.53000000e+03     1.76500000e+00    -1.22467167e+03     3.34695038e+02    -1.22475113e+03   
    3.53100000e+03     1.76550000e+00    -1.22467154e+03     3.32586072e+02    -1.22474883e+03   
    3.53200000e+03     1.76600000e+00    -1.22467149e+03     3.22049887e+02    -1.22474611e+03   
    3.53300000e+03     1.76650000e+00    -1.22467138e+03     3.16290954e+02    -1.22474410e+03   
    3.53400000e+03     1.76700000e+00    -1.22467147e+03     3.07430794e+02    -1.22474352e+03   
    3.53500000e+03     1.76750000e+00    -1.22467148e+03     3.10975686e+02    -1.22474381e+03   
    3.53600000e+03     1.76800000e+00    -1.22467150e+03     3.10349156e+02    -1.22474424e+03   
    3.53700000e+03     1.76850000e+00    -1.22467156e+03     3.12744335e+02    -1.22474481e+03   
    3.53800000e+03     1.76900000e+00    -1.22467154e+03     3.12238223e+02    -1.22474510e+03   
    3.53900000e+03     1.76950000e+00    -1.22467158e+03     3.08863117e+02    -1.22474481e+03   
    3.54000000e+03     1.77000000e+00    -1.22467155e+03     3.11200987e+02    -1.22474424e+03   
    3.54100000e+03     1.77050000e+00    -1.22467157e+03     3.06315465e+02    -1.22474338e+03   
    3.54200000e+03     1.77100000e+00    -1.22467139e+03     3.05078651e+02    -1.22474252e+03   
    3.54300000e+03     1.77150000e+00    -1.22467139e+03     3.12212669e+02    -1.22474280e+03   
    3.54400000e+03     1.77200000e+00    -1.22467144e+03     3.21483118e+02    -1.22474381e+03   
    3.54500000e+03     1.77250000e+00    -1.22467152e+03     3.33059610e+02    -1.22474596e+03   
    3.54600000e+03     1.77300000e+00    -1.22467152e+03     3.48032921e+02    -1.22474869e+03   
    3.54700000e+03     1.77350000e+00    -1.22467164e+03     3.58144072e+02    -1.22475084e+03   
    3.54800000e+03     1.77400000e+00    -1.22467167e+03     3.63290027e+02    -1.22475084e+03   
    3.54900000e+03     1.77450000e+00    -1.22467157e+03     3.51296334e+02    -1.22474840e+03   
    3.55000000e+03     1.77500000e+00    -1.22467156e+03     3.30816149e+02    -1.22474496e+03   
    3.55100000e+03     1.77550000e+00    -1.22467141e+03     3.15583785e+02    -1.22474180e+03   
    3.55200000e+03     1.77600000e+00    -1.22467149e+03     3.07586995e+02    -1.22473979e+03   
    3.55300000e+03     1.77650000e+00    -1.22467153e+03     3.07860662e+02    -1.22473864e+03   
    3.55400000e+03     1.77700000e+00    -1.22467144e+03     3.09094964e+02    -1.22473749e+03   
    3.55500000e+03     1.77750000e+00    -1.22467147e+03     3.08330302e+02    -1.22473634e+03   
    3.55600000e+03     1.77800000e+00    -1.22467152e+03     3.05497241e+02    -1.22473563e+03   
    3.55700000e+03     1.77850000e+00    -1.22467146e+03     3.06798515e+02    -1.22473520e+03   
    3.55800000e+03     1.77900000e+00    -1.22467151e+03     3.01382334e+02    -1.22473491e+03   
    3.55900000e+03     1.77950000e+00    -1.22467157e+03     2.98531563e+02    -1.22473419e+03   
    3.56000000e+03     1.78000000e+00    -1.22467147e+03     2.94180782e+02    -1.22473290e+03   
    3.56100000e+03     1.78050000e+00    -1.22467136e+03     2.88601454e+02    -1.22473175e+03   
    3.56200000e+03     1.78100000e+00    -1.22467144e+03     2.84145339e+02    -1.22473175e+03   
    3.56300000e+03     1.78150000e+00    -1.22467137e+03     2.89987207e+02    -1.22473319e+03   
    3.56400000e+03     1.78200000e+00    -1.22467151e+03     3.01054373e+02    -1.22473634e+03   
    3.56500000e+03     1.78250000e+00    -1.22467164e+03     3.16352404e+02    -1.22473979e+03   
    3.56600000e+03     1.78300000e+00    -1.22467159e+03     3.28281712e+02    -1.22474209e+03   
    3.56700000e+03     1.78350000e+00    -1.22467163e+03     3.30613643e+02    -1.22474280e+03   
    3.56800000e+03     1.78400000e+00    -1.22467150e+03     3.28986417e+02    -1.22474237e+03   
    3.56900000e+03     1.78450000e+00    -1.22467150e+03     3.27021885e+02    -1.22474180e+03   
    3.57000000e+03     1.78500000e+00    -1.22467158e+03     3.25159769e+02    -1.22474122e+03   
    3.57100000e+03     1.78550000e+00    -1.22467148e+03     3.23931948e+02    -1.22474051e+03   
    3.57200000e+03     1.78600000e+00    -1.22467154e+03     3.19310590e+02    -1.22473965e+03   
    3.57300000e+03     1.78650000e+00    -1.22467140e+03     3.19430507e+02    -1.22473907e+03   
    3.57400000e+03     1.78700000e+00    -1.22467145e+03     3.25062784e+02    -1.22473993e+03   
    3.57500000e+03     1.78750000e+00    -1.22467146e+03     3.24932449e+02    -1.22474122e+03   
    3.57600000e+03     1.78800000e+00    -1.22467157e+03     3.29886642e+02    -1.22474280e+03   
    3.57700000e+03     1.78850000e+00    -1.22467164e+03     3.26157181e+02    -1.22474352e+03   
    3.57800000e+03     1.78900000e+00    -1.22467160e+03     3.22944821e+02    -1.22474280e+03   
    3.57900000e+03     1.78950000e+00    -1.22467151e+03     3.18315838e+02    -1.22474108e+03   
    3.58000000e+03     1.79000000e+00    -1.22467142e+03     3.03946384e+02    -1.22473907e+03   
    3.58100000e+03     1.79050000e+00    -1.22467148e+03     2.93856157e+02    -1.22473778e+03   
    3.58200000e+03     1.79100000e+00    -1.22467141e+03     2.93205924e+02    -1.22473749e+03   
    3.58300000e+03     1.79150000e+00    -1.22467153e+03     2.95164100e+02    -1.22473835e+03   
    3.58400000e+03     1.79200000e+00    -1.22467156e+03     2.98030255e+02    -1.22473979e+03   
    3.58500000e+03     1.79250000e+00    -1.22467161e+03     3.02251865e+02    -1.22474166e+03   
    3.58600000e+03     1.79300000e+00    -1.22467165e+03     3.08517906e+02    -1.22474381e+03   
    3.58700000e+03     1.79350000e+00    -1.22467173e+03     3.17443513e+02    -1.22474539e+03   
    3.58800000e+03     1.79400000e+00    -1.22467173e+03     3.22103581e+02    -1.22474510e+03   
    3.58900000e+03     1.79450000e+00    -1.22467162e+03     3.09186855e+02    -1.22474237e+03   
    3.59000000e+03     1.79500000e+00    -1.22467158e+03     2.86737739e+02    -1.22473807e+03   
    3.59100000e+03     1.79550000e+00    -1.22467138e+03     2.63582353e+02    -1.22473419e+03   
    3.59200000e+03     1.79600000e+00    -1.22467140e+03     2.51429493e+02    -1.22473261e+03   
    3.59300000e+03     1.79650000e+00    -1.22467147e+03     2.57279948e+02    -1.22473390e+03   
    3.59400000e+03     1.79700000e+00    -1.22467152e+03     2.75563283e+02    -1.22473692e+03   
    3.59500000e+03     1.79750000e+00    -1.22467161e+03     2.91370504e+02    -1.22473965e+03   
    3.59600000e+03     1.79800000e+00    -1.22467173e+03     2.95030125e+02    -1.22474079e+03   
    3.59700000e+03     1.79850000e+00    -1.22467163e+03     2.89184679e+02    -1.22473965e+03   
    3.59800000e+03     1.79900000e+00    -1.22467158e+03     2.82287295e+02    -1.22473634e+03   
    3.59900000e+03     1.79950000e+00    -1.22467155e+03     2.60917789e+02    -1.22473175e+03   
    3.60000000e+03     1.80000000e+00    -1.22467139e+03     2.41023690e+02    -1.22472744e+03   
    3.60100000e+03     1.80050000e+00    -1.22467129e+03     2.29973310e+02    -1.22472486e+03   
    3.60200000e+03     1.80100000e+00    -1.22467134e+03     2.35785573e+02    -1.22472572e+03   
    3.60300000e+03     1.80150000e+00    -1.22467144e+03     2.57853166e+02    -1.22472974e+03   
    3.60400000e+03     1.80200000e+00    -1.22467155e+03     2.82596044e+02    -1.22473563e+03   
    3.60500000e+03     1.80250000e+00    -1.22467180e+03     3.07107360e+02    -1.22474151e+03   
    3.60600000e+03     1.80300000e+00    -1.22467185e+03     3.20052738e+02    -1.22474453e+03   
    3.60700000e+03     1.80350000e+00    -1.22467181e+03     3.09335679e+02    -1.22474352e+03   
    3.60800000e+03     1.80400000e+00    -1.22467168e+03     2.92776185e+02    -1.22473922e+03   
    3.60900000e+03     1.80450000e+00    -1.22467147e+03     2.71697298e+02    -1.22473405e+03   
    3.61000000e+03     1.80500000e+00    -1.22467126e+03     2.61125055e+02    -1.22473075e+03   
    3.61100000e+03     1.80550000e+00    -1.22467134e+03     2.63976605e+02    -1.22473118e+03   
    3.61200000e+03     1.80600000e+00    -1.22467136e+03     2.81681751e+02    -1.22473505e+03   
    3.61300000e+03     1.80650000e+00    -1.22467163e+03     3.06527244e+02    -1.22474094e+03   
    3.61400000e+03     1.80700000e+00    -1.22467161e+03     3.26959361e+02    -1.22474611e+03   
    3.61500000e+03     1.80750000e+00    -1.22467170e+03     3.39606029e+02    -1.22474941e+03   
    3.61600000e+03     1.80800000e+00    -1.22467171e+03     3.40510122e+02    -1.22474984e+03   
    3.61700000e+03     1.80850000e+00    -1.22467169e+03     3.35092814e+02    -1.22474754e+03   
    3.61800000e+03     1.80900000e+00    -1.22467161e+03     3.17340363e+02    -1.22474309e+03   
    3.61900000e+03     1.80950000e+00    -1.22467147e+03     2.96928891e+02    -1.22473792e+03   
    3.62000000e+03     1.81000000e+00    -1.22467139e+03     2.87200962e+02    -1.22473405e+03   
    3.62100000e+03     1.81050000e+00    -1.22467136e+03     2.79550449e+02    -1.22473347e+03   
    3.62200000e+03     1.81100000e+00    -1.22467143e+03     2.95219966e+02    -1.22473677e+03   
    3.62300000e+03     1.81150000e+00    -1.22467151e+03     3.15926982e+02    -1.22474237e+03   
    3.62400000e+03     1.81200000e+00    -1.22467168e+03     3.36520324e+02    -1.22474768e+03   
    3.62500000e+03     1.81250000e+00    -1.22467177e+03     3.39412835e+02    -1.22475056e+03   
    3.62600000e+03     1.81300000e+00    -1.22467171e+03     3.34265545e+02    -1.22474955e+03   
    3.62700000e+03     1.81350000e+00    -1.22467168e+03     3.17603836e+02    -1.22474524e+03   
    3.62800000e+03     1.81400000e+00    -1.22467147e+03     2.91928731e+02    -1.22473965e+03   
    3.62900000e+03     1.81450000e+00    -1.22467131e+03     2.75390022e+02    -1.22473577e+03   
    3.63000000e+03     1.81500000e+00    -1.22467137e+03     2.75895686e+02    -1.22473563e+03   
    3.63100000e+03     1.81550000e+00    -1.22467144e+03     2.91407082e+02    -1.22473878e+03   
    3.63200000e+03     1.81600000e+00    -1.22467160e+03     3.14373867e+02    -1.22474367e+03   
    3.63300000e+03     1.81650000e+00    -1.22467170e+03     3.30630133e+02    -1.22474768e+03   
    3.63400000e+03     1.81700000e+00    -1.22467174e+03     3.37677039e+02    -1.22474926e+03   
    3.63500000e+03     1.81750000e+00    -1.22467164e+03     3.35217967e+02    -1.22474797e+03   
    3.63600000e+03     1.81800000e+00    -1.22467165e+03     3.24431282e+02    -1.22474424e+03   
    3.63700000e+03     1.81850000e+00    -1.22467153e+03     3.04445385e+02    -1.22473922e+03   
    3.63800000e+03     1.81900000e+00    -1.22467139e+03     2.92198317e+02    -1.22473505e+03   
    3.63900000e+03     1.81950000e+00    -1.22467135e+03     2.86931513e+02    -1.22473333e+03   
    3.64000000e+03     1.82000000e+00    -1.22467148e+03     2.94599543e+02    -1.22473477e+03   
    3.64100000e+03     1.82050000e+00    -1.22467146e+03     3.13520150e+02    -1.22473778e+03   
    3.64200000e+03     1.82100000e+00    -1.22467157e+03     3.25747165e+02    -1.22474151e+03   
    3.64300000e+03     1.82150000e+00    -1.22467166e+03     3.38352253e+02    -1.22474424e+03   
    3.64400000e+03     1.82200000e+00    -1.22467165e+03     3.45523581e+02    -1.22474524e+03   
    3.64500000e+03     1.82250000e+00    -1.22467167e+03     3.40244144e+02    -1.22474424e+03   
    3.64600000e+03     1.82300000e+00    -1.22467163e+03     3.28513683e+02    -1.22474137e+03   
    3.64700000e+03     1.82350000e+00    -1.22467145e+03     3.17150141e+02    -1.22473735e+03   
    3.64800000e+03     1.82400000e+00    -1.22467144e+03     2.97204318e+02    -1.22473390e+03   
    3.64900000e+03     1.82450000e+00    -1.22467135e+03     2.92088570e+02    -1.22473247e+03   
    3.65000000e+03     1.82500000e+00    -1.22467133e+03     3.00120349e+02    -1.22473390e+03   
    3.65100000e+03     1.82550000e+00    -1.22467146e+03     3.18213917e+02    -1.22473721e+03   
    3.65200000e+03     1.82600000e+00    -1.22467166e+03     3.33954307e+02    -1.22474094e+03   
    3.65300000e+03     1.82650000e+00    -1.22467178e+03     3.42528702e+02    -1.22474295e+03   
    3.65400000e+03     1.82700000e+00    -1.22467172e+03     3.42071078e+02    -1.22474223e+03   
    3.65500000e+03     1.82750000e+00    -1.22467156e+03     3.27951623e+02    -1.22473922e+03   
    3.65600000e+03     1.82800000e+00    -1.22467148e+03     3.13242532e+02    -1.22473591e+03   
    3.65700000e+03     1.82850000e+00    -1.22467146e+03     3.00039000e+02    -1.22473376e+03   
    3.65800000e+03     1.82900000e+00    -1.22467152e+03     3.00574832e+02    -1.22473347e+03   
    3.65900000e+03     1.82950000e+00    -1.22467156e+03     3.02823939e+02    -1.22473419e+03   
    3.66000000e+03     1.83000000e+00    -1.22467160e+03     3.08890525e+02    -1.22473505e+03   
    3.66100000e+03     1.83050000e+00    -1.22467152e+03     3.12319512e+02    -1.22473520e+03   
    3.66200000e+03     1.83100000e+00    -1.22467148e+03     3.13083157e+02    -1.22473491e+03   
    3.66300000e+03     1.83150000e+00    -1.22467146e+03     3.17670995e+02    -1.22473462e+03   
    3.66400000e+03     1.83200000e+00    -1.22467147e+03     3.15108298e+02    -1.22473433e+03   
    3.66500000e+03     1.83250000e+00    -1.22467157e+03     3.05803037e+02    -1.22473390e+03   
    3.66600000e+03     1.83300000e+00    -1.22467145e+03     2.98867911e+02    -1.22473304e+03   
    3.66700000e+03     1.83350000e+00    -1.22467143e+03     2.95853320e+02    -1.22473247e+03   
    3.66800000e+03     1.83400000e+00    -1.22467142e+03     3.01952035e+02    -1.22473261e+03   
    3.66900000e+03     1.83450000e+00    -1.22467146e+03     3.08863308e+02    -1.22473390e+03   
    3.67000000e+03     1.83500000e+00    -1.22467164e+03     3.10066850e+02    -1.22473548e+03   
    3.67100000e+03     1.83550000e+00    -1.22467164e+03     3.12836876e+02    -1.22473591e+03   
    3.67200000e+03     1.83600000e+00    -1.22467170e+03     3.06731488e+02    -1.22473477e+03   
    3.67300000e+03     1.83650000e+00    -1.22467145e+03     2.92445106e+02    -1.22473189e+03   
    3.67400000e+03     1.83700000e+00    -1.22467141e+03     2.79618170e+02    -1.22473003e+03   
    3.67500000e+03     1.83750000e+00    -1.22467142e+03     2.83538599e+02    -1.22473017e+03   
    3.67600000e+03     1.83800000e+00    -1.22467156e+03     2.86864709e+02    -1.22473218e+03   
    3.67700000e+03     1.83850000e+00    -1.22467162e+03     3.04007734e+02    -1.22473462e+03   
    3.67800000e+03     1.83900000e+00    -1.22467155e+03     3.14981246e+02    -1.22473620e+03   
    3.67900000e+03     1.83950000e+00    -1.22467158e+03     3.25488413e+02    -1.22473649e+03   
    3.68000000e+03     1.84000000e+00    -1.22467154e+03     3.23232472e+02    -1.22473577e+03   
    3.68100000e+03     1.84050000e+00    -1.22467146e+03     3.23875831e+02    -1.22473491e+03   
    3.68200000e+03     1.84100000e+00    -1.22467144e+03     3.26591476e+02    -1.22473462e+03   
    3.68300000e+03     1.84150000e+00    -1.22467148e+03     3.35812432e+02    -1.22473563e+03   
    3.68400000e+03     1.84200000e+00    -1.22467147e+03     3.45839182e+02    -1.22473721e+03   
    3.68500000e+03     1.84250000e+00    -1.22467154e+03     3.44756496e+02    -1.22473922e+03   
    3.68600000e+03     1.84300000e+00    -1.22467146e+03     3.53314166e+02    -1.22474108e+03   
    3.68700000e+03     1.84350000e+00    -1.22467154e+03     3.64577768e+02    -1.22474295e+03   
    3.68800000e+03     1.84400000e+00    -1.22467167e+03     3.72507913e+02    -1.22474424e+03   
    3.68900000e+03     1.84450000e+00    -1.22467162e+03     3.69535345e+02    -1.22474410e+03   
    3.69000000e+03     1.84500000e+00    -1.22467165e+03     3.61166298e+02    -1.22474252e+03   
    3.69100000e+03     1.84550000e+00    -1.22467141e+03     3.54389820e+02    -1.22473979e+03   
    3.69200000e+03     1.84600000e+00    -1.22467136e+03     3.48360888e+02    -1.22473807e+03   
    3.69300000e+03     1.84650000e+00    -1.22467135e+03     3.51198142e+02    -1.22473835e+03   
    3.69400000e+03     1.84700000e+00    -1.22467154e+03     3.62597346e+02    -1.22474051e+03   
    3.69500000e+03     1.84750000e+00    -1.22467158e+03     3.75895328e+02    -1.22474309e+03   
    3.69600000e+03     1.84800000e+00    -1.22467159e+03     3.91020563e+02    -1.22474524e+03   
    3.69700000e+03     1.84850000e+00    -1.22467148e+03     3.93871841e+02    -1.22474639e+03   
    3.69800000e+03     1.84900000e+00    -1.22467156e+03     4.00789681e+02    -1.22474668e+03   
    3.69900000e+03     1.84950000e+00    -1.22467158e+03     3.91229512e+02    -1.22474596e+03   
    3.70000000e+03     1.85000000e+00    -1.22467146e+03     3.84529337e+02    -1.22474467e+03   
    3.70100000e+03     1.85050000e+00    -1.22467143e+03     3.80191753e+02    -1.22474352e+03   
    3.70200000e+03     1.85100000e+00    -1.22467145e+03     3.85421156e+02    -1.22474280e+03   
    3.70300000e+03     1.85150000e+00    -1.22467142e+03     3.82633474e+02    -1.22474252e+03   
    3.70400000e+03     1.85200000e+00    -1.22467150e+03     3.81676351e+02    -1.22474309e+03   
    3.70500000e+03     1.85250000e+00    -1.22467153e+03     3.89007737e+02    -1.22474395e+03   
    3.70600000e+03     1.85300000e+00    -1.22467147e+03     3.93935086e+02    -1.22474510e+03   
    3.70700000e+03     1.85350000e+00    -1.22467163e+03     3.92747921e+02    -1.22474611e+03   
    3.70800000e+03     1.85400000e+00    -1.22467160e+03     3.95394186e+02    -1.22474567e+03   
    3.70900000e+03     1.85450000e+00    -1.22467166e+03     3.88302586e+02    -1.22474352e+03   
    3.71000000e+03     1.85500000e+00    -1.22467147e+03     3.66310589e+02    -1.22473950e+03   
    3.71100000e+03     1.85550000e+00    -1.22467133e+03     3.54579366e+02    -1.22473577e+03   
    3.71200000e+03     1.85600000e+00    -1.22467139e+03     3.43275188e+02    -1.22473419e+03   
    3.71300000e+03     1.85650000e+00    -1.22467139e+03     3.40060664e+02    -1.22473433e+03   
    3.71400000e+03     1.85700000e+00    -1.22467154e+03     3.39355650e+02    -1.22473548e+03   
    3.71500000e+03     1.85750000e+00    -1.22467155e+03     3.41605073e+02    -1.22473620e+03   
    3.71600000e+03     1.85800000e+00    -1.22467158e+03     3.46417247e+02    -1.22473649e+03   
    3.71700000e+03     1.85850000e+00    -1.22467146e+03     3.41398696e+02    -1.22473606e+03   
    3.71800000e+03     1.85900000e+00    -1.22467158e+03     3.29482544e+02    -1.22473534e+03   
    3.71900000e+03     1.85950000e+00    -1.22467149e+03     3.20936571e+02    -1.22473376e+03   
    3.72000000e+03     1.86000000e+00    -1.22467143e+03     3.16343988e+02    -1.22473189e+03   
    3.72100000e+03     1.86050000e+00    -1.22467150e+03     3.09422626e+02    -1.22473017e+03   
    3.72200000e+03     1.86100000e+00    -1.22467145e+03     3.06381886e+02    -1.22472888e+03   
    3.72300000e+03     1.86150000e+00    -1.22467137e+03     3.04466831e+02    -1.22472859e+03   
    3.72400000e+03     1.86200000e+00    -1.22467138e+03     3.11569134e+02    -1.22473017e+03   
    3.72500000e+03     1.86250000e+00    -1.22467151e+03     3.21017074e+02    -1.22473290e+03   
    3.72600000e+03     1.86300000e+00    -1.22467167e+03     3.38694932e+02    -1.22473591e+03   
    3.72700000e+03     1.86350000e+00    -1.22467174e+03     3.41764792e+02    -1.22473721e+03   
    3.72800000e+03     1.86400000e+00    -1.22467172e+03     3.40966422e+02    -1.22473591e+03   
    3.72900000e+03     1.86450000e+00    -1.22467154e+03     3.22128448e+02    -1.22473189e+03   
    3.73000000e+03     1.86500000e+00    -1.22467148e+03     2.96072272e+02    -1.22472744e+03   
    3.73100000e+03     1.86550000e+00    -1.22467140e+03     2.88592046e+02    -1.22472500e+03   
    3.73200000e+03     1.86600000e+00    -1.22467133e+03     2.92538467e+02    -1.22472529e+03   
    3.73300000e+03     1.86650000e+00    -1.22467149e+03     3.02789593e+02    -1.22472716e+03   
    3.73400000e+03     1.86700000e+00    -1.22467158e+03     3.06420421e+02    -1.22472931e+03   
    3.73500000e+03     1.86750000e+00    -1.22467147e+03     3.06533236e+02    -1.22473075e+03   
    3.73600000e+03     1.86800000e+00    -1.22467148e+03     3.13269413e+02    -1.22473161e+03   
    3.73700000e+03     1.86850000e+00    -1.22467148e+03     3.13772004e+02    -1.22473189e+03   
    3.73800000e+03     1.86900000e+00    -1.22467145e+03     3.14590262e+02    -1.22473161e+03   
    3.73900000e+03     1.86950000e+00    -1.22467147e+03     3.17520439e+02    -1.22473118e+03   
    3.74000000e+03     1.87000000e+00    -1.22467148e+03     3.13945566e+02    -1.22473017e+03   
    3.74100000e+03     1.87050000e+00    -1.22467146e+03     3.05402031e+02    -1.22472945e+03   
    3.74200000e+03     1.87100000e+00    -1.22467142e+03     3.02578789e+02    -1.22473017e+03   
    3.74300000e+03     1.87150000e+00    -1.22467136e+03     3.14171437e+02    -1.22473276e+03   
    3.74400000e+03     1.87200000e+00    -1.22467152e+03     3.30917352e+02    -1.22473721e+03   
    3.74500000e+03     1.87250000e+00    -1.22467155e+03     3.48965935e+02    -1.22474166e+03   
    3.74600000e+03     1.87300000e+00    -1.22467174e+03     3.57639694e+02    -1.22474438e+03   
    3.74700000e+03     1.87350000e+00    -1.22467169e+03     3.49287127e+02    -1.22474381e+03   
    3.74800000e+03     1.87400000e+00    -1.22467170e+03     3.38865312e+02    -1.22474036e+03   
    3.74900000e+03     1.87450000e+00    -1.22467143e+03     3.18894529e+02    -1.22473477e+03   
    3.75000000e+03     1.87500000e+00    -1.22467137e+03     2.92296240e+02    -1.22472988e+03   
    3.75100000e+03     1.87550000e+00    -1.22467138e+03     2.85173391e+02    -1.22472773e+03   
    3.75200000e+03     1.87600000e+00    -1.22467141e+03     2.89169102e+02    -1.22472845e+03   
    3.75300000e+03     1.87650000e+00    -1.22467155e+03     3.01813622e+02    -1.22473075e+03   
    3.75400000e+03     1.87700000e+00    -1.22467160e+03     3.15792332e+02    -1.22473333e+03   
    3.75500000e+03     1.87750000e+00    -1.22467158e+03     3.21441434e+02    -1.22473505e+03   
    3.75600000e+03     1.87800000e+00    -1.22467164e+03     3.20767596e+02    -1.22473563e+03   
    3.75700000e+03     1.87850000e+00    -1.22467163e+03     3.09314429e+02    -1.22473448e+03   
    3.75800000e+03     1.87900000e+00    -1.22467153e+03     2.97229964e+02    -1.22473204e+03   
    3.75900000e+03     1.87950000e+00    -1.22467145e+03     2.86477326e+02    -1.22472902e+03   
    3.76000000e+03     1.88000000e+00    -1.22467145e+03     2.80215613e+02    -1.22472701e+03   
    3.76100000e+03     1.88050000e+00    -1.22467137e+03     2.76943026e+02    -1.22472701e+03   
    3.76200000e+03     1.88100000e+00    -1.22467141e+03     2.87036966e+02    -1.22472974e+03   
    3.76300000e+03     1.88150000e+00    -1.22467145e+03     3.11505468e+02    -1.22473433e+03   
    3.76400000e+03     1.88200000e+00    -1.22467165e+03     3.35515448e+02    -1.22473950e+03   
    3.76500000e+03     1.88250000e+00    -1.22467177e+03     3.45002153e+02    -1.22474295e+03   
    3.76600000e+03     1.88300000e+00    -1.22467175e+03     3.45072005e+02    -1.22474338e+03   
    3.76700000e+03     1.88350000e+00    -1.22467169e+03     3.36343708e+02    -1.22474079e+03   
    3.76800000e+03     1.88400000e+00    -1.22467150e+03     3.15686535e+02    -1.22473649e+03   
    3.76900000e+03     1.88450000e+00    -1.22467140e+03     3.05225905e+02    -1.22473261e+03   
    3.77000000e+03     1.88500000e+00    -1.22467139e+03     3.04934371e+02    -1.22473089e+03   
    3.77100000e+03     1.88550000e+00    -1.22467144e+03     3.12358191e+02    -1.22473175e+03   
    3.77200000e+03     1.88600000e+00    -1.22467145e+03     3.17431325e+02    -1.22473405e+03   
    3.77300000e+03     1.88650000e+00    -1.22467151e+03     3.25735135e+02    -1.22473692e+03   
    3.77400000e+03     1.88700000e+00    -1.22467154e+03     3.37208924e+02    -1.22473922e+03   
    3.77500000e+03     1.88750000e+00    -1.22467160e+03     3.37993538e+02    -1.22474022e+03   
    3.77600000e+03     1.88800000e+00    -1.22467164e+03     3.34036447e+02    -1.22473979e+03   
    3.77700000e+03     1.88850000e+00    -1.22467159e+03     3.21770466e+02    -1.22473792e+03   
    3.77800000e+03     1.88900000e+00    -1.22467155e+03     3.13040146e+02    -1.22473520e+03   
    3.77900000e+03     1.88950000e+00    -1.22467139e+03     3.06100974e+02    -1.22473290e+03   
    3.78000000e+03     1.89000000e+00    -1.22467131e+03     3.06572519e+02    -1.22473232e+03   
    3.78100000e+03     1.89050000e+00    -1.22467134e+03     3.12421665e+02    -1.22473405e+03   
    3.78200000e+03     1.89100000e+00    -1.22467148e+03     3.32039240e+02    -1.22473778e+03   
    3.78300000e+03     1.89150000e+00    -1.22467159e+03     3.47676109e+02    -1.22474137e+03   
    3.78400000e+03     1.89200000e+00    -1.22467170e+03     3.53547740e+02    -1.22474338e+03   
    3.78500000e+03     1.89250000e+00    -1.22467172e+03     3.50840251e+02    -1.22474309e+03   
    3.78600000e+03     1.89300000e+00    -1.22467163e+03     3.48379069e+02    -1.22474065e+03   
    3.78700000e+03     1.89350000e+00    -1.22467154e+03     3.33679796e+02    -1.22473735e+03   
    3.78800000e+03     1.89400000e+00    -1.22467139e+03     3.22656693e+02    -1.22473448e+03   
    3.78900000e+03     1.89450000e+00    -1.22467147e+03     3.16786018e+02    -1.22473362e+03   
    3.79000000e+03     1.89500000e+00    -1.22467153e+03     3.19642628e+02    -1.22473433e+03   
    3.79100000e+03     1.89550000e+00    -1.22467152e+03     3.29513371e+02    -1.22473591e+03   
    3.79200000e+03     1.89600000e+00    -1.22467163e+03     3.28494002e+02    -1.22473706e+03   
    3.79300000e+03     1.89650000e+00    -1.22467162e+03     3.20100459e+02    -1.22473663e+03   
    3.79400000e+03     1.89700000e+00    -1.22467165e+03     3.10438047e+02    -1.22473491e+03   
    3.79500000e+03     1.89750000e+00    -1.22467153e+03     2.95105869e+02    -1.22473247e+03   
    3.79600000e+03     1.89800000e+00    -1.22467148e+03     2.80281375e+02    -1.22473031e+03   
    3.79700000e+03     1.89850000e+00    -1.22467153e+03     2.77686605e+02    -1.22472902e+03   
    3.79800000e+03     1.89900000e+00    -1.22467142e+03     2.79160296e+02    -1.22472888e+03   
    3.79900000e+03     1.89950000e+00    -1.22467150e+03     2.80296996e+02    -1.22473017e+03   
    3.80000000e+03     1.90000000e+00    -1.22467146e+03     2.92610269e+02    -1.22473247e+03   
    3.80100000e+03     1.90050000e+00    -1.22467155e+03     3.10861188e+02    -1.22473563e+03   
    3.80200000e+03     1.90100000e+00    -1.22467165e+03     3.21170572e+02    -1.22473864e+03   
    3.80300000e+03     1.90150000e+00    -1.22467165e+03     3.16665714e+02    -1.22474036e+03   
    3.80400000e+03     1.90200000e+00    -1.22467168e+03     3.21399187e+02    -1.22473993e+03   
    3.80500000e+03     1.90250000e+00    -1.22467163e+03     3.10564383e+02    -1.22473735e+03   
    3.80600000e+03     1.90300000e+00    -1.22467155e+03     2.99489529e+02    -1.22473390e+03   
    3.80700000e+03     1.90350000e+00    -1.22467141e+03     2.92807862e+02    -1.22473146e+03   
    3.80800000e+03     1.90400000e+00    -1.22467134e+03     2.95363401e+02    -1.22473161e+03   
    3.80900000e+03     1.90450000e+00    -1.22467149e+03     3.07470994e+02    -1.22473462e+03   
    3.81000000e+03     1.90500000e+00    -1.22467155e+03     3.28097414e+02    -1.22473835e+03   
    3.81100000e+03     1.90550000e+00    -1.22467171e+03     3.37628314e+02    -1.22474151e+03   
    3.81200000e+03     1.90600000e+00    -1.22467170e+03     3.35418087e+02    -1.22474295e+03   
    3.81300000e+03     1.90650000e+00    -1.22467164e+03     3.27979418e+02    -1.22474266e+03   
    3.81400000e+03     1.90700000e+00    -1.22467158e+03     3.23566539e+02    -1.22474108e+03   
    3.81500000e+03     1.90750000e+00    -1.22467150e+03     3.12342155e+02    -1.22473907e+03   
    3.81600000e+03     1.90800000e+00    -1.22467143e+03     3.09636707e+02    -1.22473778e+03   
    3.81700000e+03     1.90850000e+00    -1.22467151e+03     3.09603428e+02    -1.22473749e+03   
    3.81800000e+03     1.90900000e+00    -1.22467141e+03     3.04915725e+02    -1.22473835e+03   
    3.81900000e+03     1.90950000e+00    -1.22467144e+03     3.13232959e+02    -1.22474065e+03   
    3.82000000e+03     1.91000000e+00    -1.22467154e+03     3.27710086e+02    -1.22474395e+03   
    3.82100000e+03     1.91050000e+00    -1.22467161e+03     3.37392151e+02    -1.22474740e+03   
    3.82200000e+03     1.91100000e+00    -1.22467177e+03     3.37798172e+02    -1.22474984e+03   
    3.82300000e+03     1.91150000e+00    -1.22467179e+03     3.42021572e+02    -1.22475027e+03   
    3.82400000e+03     1.91200000e+00    -1.22467167e+03     3.36809152e+02    -1.22474840e+03   
    3.82500000e+03     1.91250000e+00    -1.22467161e+03     3.25767917e+02    -1.22474524e+03   
    3.82600000e+03     1.91300000e+00    -1.22467146e+03     3.08402678e+02    -1.22474209e+03   
    3.82700000e+03     1.91350000e+00    -1.22467149e+03     2.98459599e+02    -1.22474065e+03   
    3.82800000e+03     1.91400000e+00    -1.22467144e+03     3.01390499e+02    -1.22474122e+03   
    3.82900000e+03     1.91450000e+00    -1.22467163e+03     3.09106789e+02    -1.22474338e+03   
    3.83000000e+03     1.91500000e+00    -1.22467164e+03     3.14970302e+02    -1.22474539e+03   
    3.83100000e+03     1.91550000e+00    -1.22467172e+03     3.17494167e+02    -1.22474668e+03   
    3.83200000e+03     1.91600000e+00    -1.22467167e+03     3.20105682e+02    -1.22474668e+03   
    3.83300000e+03     1.91650000e+00    -1.22467161e+03     3.13825314e+02    -1.22474539e+03   
    3.83400000e+03     1.91700000e+00    -1.22467157e+03     3.06874050e+02    -1.22474309e+03   
    3.83500000e+03     1.91750000e+00    -1.22467154e+03     2.95117881e+02    -1.22474008e+03   
    3.83600000e+03     1.91800000e+00    -1.22467153e+03     2.84532565e+02    -1.22473706e+03   
    3.83700000e+03     1.91850000e+00    -1.22467146e+03     2.73533370e+02    -1.22473491e+03   
    3.83800000e+03     1.91900000e+00    -1.22467138e+03     2.78237235e+02    -1.22473433e+03   
    3.83900000e+03     1.91950000e+00    -1.22467147e+03     2.81309060e+02    -1.22473591e+03   
    3.84000000e+03     1.92000000e+00    -1.22467156e+03     2.93857075e+02    -1.22473864e+03   
    3.84100000e+03     1.92050000e+00    -1.22467159e+03     3.02575799e+02    -1.22474151e+03   
    3.84200000e+03     1.92100000e+00    -1.22467169e+03     3.12627814e+02    -1.22474381e+03   
    3.84300000e+03     1.92150000e+00    -1.22467174e+03     3.17413482e+02    -1.22474467e+03   
    3.84400000e+03     1.92200000e+00    -1.22467167e+03     3.24029294e+02    -1.22474367e+03   
    3.84500000e+03     1.92250000e+00    -1.22467153e+03     3.12894382e+02    -1.22474108e+03   
    3.84600000e+03     1.92300000e+00    -1.22467149e+03     3.02929700e+02    -1.22473821e+03   
    3.84700000e+03     1.92350000e+00    -1.22467148e+03     3.01405908e+02    -1.22473620e+03   
    3.84800000e+03     1.92400000e+00    -1.22467144e+03     2.98175177e+02    -1.22473634e+03   
    3.84900000e+03     1.92450000e+00    -1.22467154e+03     3.06645547e+02    -1.22473878e+03   
    3.85000000e+03     1.92500000e+00    -1.22467152e+03     3.22745022e+02    -1.22474237e+03   
    3.85100000e+03     1.92550000e+00    -1.22467164e+03     3.36477951e+02    -1.22474567e+03   
    3.85200000e+03     1.92600000e+00    -1.22467168e+03     3.45940669e+02    -1.22474768e+03   
    3.85300000e+03     1.92650000e+00    -1.22467176e+03     3.46870444e+02    -1.22474754e+03   
    3.85400000e+03     1.92700000e+00    -1.22467167e+03     3.41136791e+02    -1.22474496e+03   
    3.85500000e+03     1.92750000e+00    -1.22467159e+03     3.24870070e+02    -1.22474065e+03   
    3.85600000e+03     1.92800000e+00    -1.22467138e+03     3.08553475e+02    -1.22473577e+03   
    3.85700000e+03     1.92850000e+00    -1.22467139e+03     2.98047747e+02    -1.22473261e+03   
    3.85800000e+03     1.92900000e+00    -1.22467140e+03     2.95777837e+02    -1.22473132e+03   
    3.85900000e+03     1.92950000e+00    -1.22467140e+03     3.03342999e+02    -1.22473276e+03   
    3.86000000e+03     1.93000000e+00    -1.22467142e+03     3.13748173e+02    -1.22473606e+03   
    3.86100000e+03     1.93050000e+00    -1.22467152e+03     3.31872768e+02    -1.22473979e+03   
    3.86200000e+03     1.93100000e+00    -1.22467166e+03     3.40412395e+02    -1.22474252e+03   
    3.86300000e+03     1.93150000e+00    -1.22467157e+03     3.45064465e+02    -1.22474309e+03   
    3.86400000e+03     1.93200000e+00    -1.22467161e+03     3.40346682e+02    -1.22474209e+03   
    3.86500000e+03     1.93250000e+00    -1.22467153e+03     3.25306203e+02    -1.22474008e+03   
    3.86600000e+03     1.93300000e+00    -1.22467133e+03     3.21437586e+02    -1.22473893e+03   
    3.86700000e+03     1.93350000e+00    -1.22467142e+03     3.28084799e+02    -1.22474022e+03   
    3.86800000e+03     1.93400000e+00    -1.22467158e+03     3.47113607e+02    -1.22474323e+03   
    3.86900000e+03     1.93450000e+00    -1.22467160e+03     3.63693933e+02    -1.22474654e+03   
    3.87000000e+03     1.93500000e+00    -1.22467168e+03     3.73613438e+02    -1.22474855e+03   
    3.87100000e+03     1.93550000e+00    -1.22467156e+03     3.70279859e+02    -1.22474855e+03   
    3.87200000e+03     1.93600000e+00    -1.22467159e+03     3.63096068e+02    -1.22474754e+03   
    3.87300000e+03     1.93650000e+00    -1.22467154e+03     3.53534684e+02    -1.22474582e+03   
    3.87400000e+03     1.93700000e+00    -1.22467162e+03     3.42612794e+02    -1.22474352e+03   
    3.87500000e+03     1.93750000e+00    -1.22467149e+03     3.30892891e+02    -1.22474022e+03   
    3.87600000e+03     1.93800000e+00    -1.22467140e+03     3.28899376e+02    -1.22473706e+03   
    3.87700000e+03     1.93850000e+00    -1.22467136e+03     3.19948247e+02    -1.22473491e+03   
    3.87800000e+03     1.93900000e+00    -1.22467141e+03     3.17331247e+02    -1.22473462e+03   
    3.87900000e+03     1.93950000e+00    -1.22467152e+03     3.20574761e+02    -1.22473606e+03   
    3.88000000e+03     1.94000000e+00    -1.22467147e+03     3.30987261e+02    -1.22473807e+03   
    3.88100000e+03     1.94050000e+00    -1.22467154e+03     3.41975461e+02    -1.22474008e+03   
    3.88200000e+03     1.94100000e+00    -1.22467162e+03     3.46201115e+02    -1.22474122e+03   
    3.88300000e+03     1.94150000e+00    -1.22467159e+03     3.45925012e+02    -1.22474122e+03   
    3.88400000e+03     1.94200000e+00    -1.22467147e+03     3.45135863e+02    -1.22474051e+03   
    3.88500000e+03     1.94250000e+00    -1.22467138e+03     3.45076780e+02    -1.22474022e+03   
    3.88600000e+03     1.94300000e+00    -1.22467147e+03     3.51236479e+02    -1.22474122e+03   
    3.88700000e+03     1.94350000e+00    -1.22467154e+03     3.56487545e+02    -1.22474295e+03   
    3.88800000e+03     1.94400000e+00    -1.22467156e+03     3.67101164e+02    -1.22474467e+03   
    3.88900000e+03     1.94450000e+00    -1.22467156e+03     3.73142579e+02    -1.22474582e+03   
    3.89000000e+03     1.94500000e+00    -1.22467148e+03     3.78746802e+02    -1.22474596e+03   
    3.89100000e+03     1.94550000e+00    -1.22467143e+03     3.74109789e+02    -1.22474596e+03   
    3.89200000e+03     1.94600000e+00    -1.22467152e+03     3.75359184e+02    -1.22474611e+03   
    3.89300000e+03     1.94650000e+00    -1.22467163e+03     3.77350208e+02    -1.22474596e+03   
    3.89400000e+03     1.94700000e+00    -1.22467154e+03     3.71480081e+02    -1.22474453e+03   
    3.89500000e+03     1.94750000e+00    -1.22467153e+03     3.64485151e+02    -1.22474223e+03   
    3.89600000e+03     1.94800000e+00    -1.22467149e+03     3.46196857e+02    -1.22473979e+03   
    3.89700000e+03     1.94850000e+00    -1.22467143e+03     3.33431839e+02    -1.22473792e+03   
    3.89800000e+03     1.94900000e+00    -1.22467139e+03     3.33524447e+02    -1.22473721e+03   
    3.89900000e+03     1.94950000e+00    -1.22467151e+03     3.28361780e+02    -1.22473721e+03   
    3.90000000e+03     1.95000000e+00    -1.22467144e+03     3.27424903e+02    -1.22473721e+03   
    3.90100000e+03     1.95050000e+00    -1.22467153e+03     3.25474764e+02    -1.22473692e+03   
    3.90200000e+03     1.95100000e+00    -1.22467153e+03     3.23524942e+02    -1.22473634e+03   
    3.90300000e+03     1.95150000e+00    -1.22467145e+03     3.21449148e+02    -1.22473577e+03   
    3.90400000e+03     1.95200000e+00    -1.22467144e+03     3.28261321e+02    -1.22473620e+03   
    3.90500000e+03     1.95250000e+00    -1.22467144e+03     3.34397982e+02    -1.22473792e+03   
    3.90600000e+03     1.95300000e+00    -1.22467150e+03     3.42620276e+02    -1.22474051e+03   
    3.90700000e+03     1.95350000e+00    -1.22467163e+03     3.55161711e+02    -1.22474323e+03   
    3.90800000e+03     1.95400000e+00    -1.22467167e+03     3.59440402e+02    -1.22474467e+03   
    3.90900000e+03     1.95450000e+00    -1.22467148e+03     3.59552269e+02    -1.22474424e+03   
    3.91000000e+03     1.95500000e+00    -1.22467155e+03     3.60434084e+02    -1.22474367e+03   
    3.91100000e+03     1.95550000e+00    -1.22467154e+03     3.51930910e+02    -1.22474295e+03   
    3.91200000e+03     1.95600000e+00    -1.22467146e+03     3.48459612e+02    -1.22474209e+03   
    3.91300000e+03     1.95650000e+00    -1.22467151e+03     3.49507523e+02    -1.22474108e+03   
    3.91400000e+03     1.95700000e+00    -1.22467148e+03     3.45289217e+02    -1.22473979e+03   
    3.91500000e+03     1.95750000e+00    -1.22467144e+03     3.41066611e+02    -1.22473878e+03   
    3.91600000e+03     1.95800000e+00    -1.22467141e+03     3.36352497e+02    -1.22473821e+03   
    3.91700000e+03     1.95850000e+00    -1.22467149e+03     3.33548791e+02    -1.22473807e+03   
    3.91800000e+03     1.95900000e+00    -1.22467143e+03     3.26591200e+02    -1.22473749e+03   
    3.91900000e+03     1.95950000e+00    -1.22467154e+03     3.16886557e+02    -1.22473677e+03   
    3.92000000e+03     1.96000000e+00    -1.22467145e+03     3.08371219e+02    -1.22473548e+03   
    3.92100000e+03     1.96050000e+00    -1.22467151e+03     3.03070439e+02    -1.22473477e+03   
    3.92200000e+03     1.96100000e+00    -1.22467141e+03     2.99262611e+02    -1.22473448e+03   
    3.92300000e+03     1.96150000e+00    -1.22467130e+03     3.10114421e+02    -1.22473577e+03   
    3.92400000e+03     1.96200000e+00    -1.22467144e+03     3.27703165e+02    -1.22473907e+03   
    3.92500000e+03     1.96250000e+00    -1.22467148e+03     3.50291089e+02    -1.22474323e+03   
    3.92600000e+03     1.96300000e+00    -1.22467164e+03     3.56710760e+02    -1.22474668e+03   
    3.92700000e+03     1.96350000e+00    -1.22467164e+03     3.59427693e+02    -1.22474783e+03   
    3.92800000e+03     1.96400000e+00    -1.22467163e+03     3.55361700e+02    -1.22474682e+03   
    3.92900000e+03     1.96450000e+00    -1.22467155e+03     3.41882037e+02    -1.22474453e+03   
    3.93000000e+03     1.96500000e+00    -1.22467139e+03     3.30772860e+02    -1.22474252e+03   
    3.93100000e+03     1.96550000e+00    -1.22467137e+03     3.31376638e+02    -1.22474266e+03   
    3.93200000e+03     1.96600000e+00    -1.22467145e+03     3.38492797e+02    -1.22474481e+03   
    3.93300000e+03     1.96650000e+00    -1.22467160e+03     3.51113784e+02    -1.22474768e+03   
    3.93400000e+03     1.96700000e+00    -1.22467161e+03     3.49035050e+02    -1.22474998e+03   
    3.93500000e+03     1.96750000e+00    -1.22467162e+03     3.55406738e+02    -1.22475113e+03   
    3.93600000e+03     1.96800000e+00    -1.22467167e+03     3.54659360e+02    -1.22475070e+03   
    3.93700000e+03     1.96850000e+00    -1.22467160e+03     3.46698151e+02    -1.22474840e+03   
    3.93800000e+03     1.96900000e+00    -1.22467154e+03     3.29150572e+02    -1.22474496e+03   
    3.93900000e+03     1.96950000e+00    -1.22467145e+03     3.13372284e+02    -1.22474137e+03   
    3.94000000e+03     1.97000000e+00    -1.22467142e+03     2.99073566e+02    -1.22473850e+03   
    3.94100000e+03     1.97050000e+00    -1.22467130e+03     2.98194965e+02    -1.22473706e+03   
    3.94200000e+03     1.97100000e+00    -1.22467136e+03     2.98238296e+02    -1.22473764e+03   
    3.94300000e+03     1.97150000e+00    -1.22467138e+03     3.04346492e+02    -1.22474008e+03   
    3.94400000e+03     1.97200000e+00    -1.22467147e+03     3.17563171e+02    -1.22474395e+03   
    3.94500000e+03     1.97250000e+00    -1.22467167e+03     3.31166425e+02    -1.22474754e+03   
    3.94600000e+03     1.97300000e+00    -1.22467163e+03     3.38977620e+02    -1.22474912e+03   
    3.94700000e+03     1.97350000e+00    -1.22467163e+03     3.32946905e+02    -1.22474812e+03   
    3.94800000e+03     1.97400000e+00    -1.22467159e+03     3.15597907e+02    -1.22474496e+03   
    3.94900000e+03     1.97450000e+00    -1.22467149e+03     3.00760875e+02    -1.22474137e+03   
    3.95000000e+03     1.97500000e+00    -1.22467140e+03     2.95305896e+02    -1.22473950e+03   
    3.95100000e+03     1.97550000e+00    -1.22467143e+03     2.99894707e+02    -1.22474008e+03   
    3.95200000e+03     1.97600000e+00    -1.22467151e+03     3.06951981e+02    -1.22474295e+03   
    3.95300000e+03     1.97650000e+00    -1.22467167e+03     3.19250589e+02    -1.22474654e+03   
    3.95400000e+03     1.97700000e+00    -1.22467175e+03     3.26556632e+02    -1.22474869e+03   
    3.95500000e+03     1.97750000e+00    -1.22467172e+03     3.28518429e+02    -1.22474840e+03   
    3.95600000e+03     1.97800000e+00    -1.22467168e+03     3.18805816e+02    -1.22474567e+03   
    3.95700000e+03     1.97850000e+00    -1.22467158e+03     2.97296726e+02    -1.22474108e+03   
    3.95800000e+03     1.97900000e+00    -1.22467156e+03     2.76925086e+02    -1.22473577e+03   
    3.95900000e+03     1.97950000e+00    -1.22467138e+03     2.57804944e+02    -1.22473089e+03   
    3.96000000e+03     1.98000000e+00    -1.22467139e+03     2.51610213e+02    -1.22472816e+03   
    3.96100000e+03     1.98050000e+00    -1.22467133e+03     2.51585423e+02    -1.22472831e+03   
    3.96200000e+03     1.98100000e+00    -1.22467146e+03     2.58802901e+02    -1.22473118e+03   
    3.96300000e+03     1.98150000e+00    -1.22467149e+03     2.71549187e+02    -1.22473505e+03   
    3.96400000e+03     1.98200000e+00    -1.22467158e+03     2.85325463e+02    -1.22473864e+03   
    3.96500000e+03     1.98250000e+00    -1.22467160e+03     2.92790362e+02    -1.22474079e+03   
    3.96600000e+03     1.98300000e+00    -1.22467172e+03     2.90606337e+02    -1.22474094e+03   
    3.96700000e+03     1.98350000e+00    -1.22467163e+03     2.84565436e+02    -1.22473893e+03   
    3.96800000e+03     1.98400000e+00    -1.22467145e+03     2.68820896e+02    -1.22473548e+03   
    3.96900000e+03     1.98450000e+00    -1.22467130e+03     2.58080752e+02    -1.22473276e+03   
    3.97000000e+03     1.98500000e+00    -1.22467128e+03     2.60276910e+02    -1.22473304e+03   
    3.97100000e+03     1.98550000e+00    -1.22467140e+03     2.81612721e+02    -1.22473706e+03   
    3.97200000e+03     1.98600000e+00    -1.22467157e+03     3.11913041e+02    -1.22474295e+03   
    3.97300000e+03     1.98650000e+00    -1.22467168e+03     3.40838542e+02    -1.22474826e+03   
    3.97400000e+03     1.98700000e+00    -1.22467177e+03     3.52692062e+02    -1.22475099e+03   
    3.97500000e+03     1.98750000e+00    -1.22467177e+03     3.46543482e+02    -1.22475027e+03   
    3.97600000e+03     1.98800000e+00    -1.22467160e+03     3.25259621e+02    -1.22474639e+03   
    3.97700000e+03     1.98850000e+00    -1.22467155e+03     3.06261412e+02    -1.22474094e+03   
    3.97800000e+03     1.98900000e+00    -1.22467139e+03     2.83936406e+02    -1.22473520e+03   
    3.97900000e+03     1.98950000e+00    -1.22467133e+03     2.65992306e+02    -1.22473189e+03   
    3.98000000e+03     1.99000000e+00    -1.22467127e+03     2.63910944e+02    -1.22473232e+03   
    3.98100000e+03     1.99050000e+00    -1.22467141e+03     2.81599380e+02    -1.22473606e+03   
    3.98200000e+03     1.99100000e+00    -1.22467158e+03     3.04457718e+02    -1.22474122e+03   
    3.98300000e+03     1.99150000e+00    -1.22467170e+03     3.23571682e+02    -1.22474553e+03   
    3.98400000e+03     1.99200000e+00    -1.22467168e+03     3.28632306e+02    -1.22474711e+03   
    3.98500000e+03     1.99250000e+00    -1.22467176e+03     3.19657280e+02    -1.22474611e+03   
    3.98600000e+03     1.99300000e+00    -1.22467162e+03     3.03014362e+02    -1.22474237e+03   
    3.98700000e+03     1.99350000e+00    -1.22467155e+03     2.83792186e+02    -1.22473778e+03   
    3.98800000e+03     1.99400000e+00    -1.22467134e+03     2.65077238e+02    -1.22473419e+03   
    3.98900000e+03     1.99450000e+00    -1.22467132e+03     2.62133611e+02    -1.22473419e+03   
    3.99000000e+03     1.99500000e+00    -1.22467139e+03     2.76539039e+02    -1.22473778e+03   
    3.99100000e+03     1.99550000e+00    -1.22467165e+03     3.05885723e+02    -1.22474352e+03   
    3.99200000e+03     1.99600000e+00    -1.22467176e+03     3.31911646e+02    -1.22474840e+03   
    3.99300000e+03     1.99650000e+00    -1.22467184e+03     3.35599413e+02    -1.22475041e+03   
    3.99400000e+03     1.99700000e+00    -1.22467170e+03     3.28713919e+02    -1.22474869e+03   
    3.99500000e+03     1.99750000e+00    -1.22467161e+03     3.08103134e+02    -1.22474438e+03   
    3.99600000e+03     1.99800000e+00    -1.22467148e+03     2.82718398e+02    -1.22473864e+03   
    3.99700000e+03     1.99850000e+00    -1.22467137e+03     2.60164701e+02    -1.22473347e+03   
    3.99800000e+03     1.99900000e+00    -1.22467131e+03     2.47613552e+02    -1.22473060e+03   
    3.99900000e+03     1.99950000e+00    -1.22467139e+03     2.47964339e+02    -1.22473118e+03   
    4.00000000e+03     2.00000000e+00    -1.22467143e+03     2.63017048e+02    -1.22473448e+03   
    4.00100000e+03     2.00050000e+00    -1.22467158e+03     2.79460842e+02    -1.22473893e+03   
    4.00200000e+03     2.00100000e+00    -1.22467173e+03     2.91122421e+02    -1.22474266e+03   
    4.00300000e+03     2.00150000e+00    -1.22467176e+03     3.00044826e+02    -1.22474424e+03   
    4.00400000e+03     2.00200000e+00    -1.22467172e+03     2.98460380e+02    -1.22474309e+03   
    4.00500000e+03     2.00250000e+00    -1.22467156e+03     2.81169641e+02    -1.22473936e+03   
    4.00600000e+03     2.00300000e+00    -1.22467146e+03     2.63481354e+02    -1.22473491e+03   
    4.00700000e+03     2.00350000e+00    -1.22467133e+03     2.56019676e+02    -1.22473204e+03   
    4.00800000e+03     2.00400000e+00    -1.22467132e+03     2.58127854e+02    -1.22473304e+03   
    4.00900000e+03     2.00450000e+00    -1.22467144e+03     2.78405977e+02    -1.22473778e+03   
    4.01000000e+03     2.00500000e+00    -1.22467155e+03     3.12935335e+02    -1.22474453e+03   
    4.01100000e+03     2.00550000e+00    -1.22467168e+03     3.38339118e+02    -1.22475084e+03   
    4.01200000e+03     2.00600000e+00    -1.22467172e+03     3.47635509e+02    -1.22475414e+03   
    4.01300000e+03     2.00650000e+00    -1.22467173e+03     3.41794815e+02    -1.22475357e+03   
    4.01400000e+03     2.00700000e+00    -1.22467164e+03     3.29585257e+02    -1.22474941e+03   
    4.01500000e+03     2.00750000e+00    -1.22467155e+03     3.02159970e+02    -1.22474338e+03   
    4.01600000e+03     2.00800000e+00    -1.22467141e+03     2.79799700e+02    -1.22473764e+03   
    4.01700000e+03     2.00850000e+00    -1.22467127e+03     2.65347915e+02    -1.22473433e+03   
    4.01800000e+03     2.00900000e+00    -1.22467135e+03     2.67858974e+02    -1.22473491e+03   
    4.01900000e+03     2.00950000e+00    -1.22467143e+03     2.85466609e+02    -1.22473878e+03   
    4.02000000e+03     2.01000000e+00    -1.22467161e+03     3.03683202e+02    -1.22474395e+03   
    4.02100000e+03     2.01050000e+00    -1.22467170e+03     3.22680008e+02    -1.22474826e+03   
    4.02200000e+03     2.01100000e+00    -1.22467172e+03     3.36666444e+02    -1.22474984e+03   
    4.02300000e+03     2.01150000e+00    -1.22467172e+03     3.26520432e+02    -1.22474812e+03   
    4.02400000e+03     2.01200000e+00    -1.22467161e+03     3.08147783e+02    -1.22474381e+03   
    4.02500000e+03     2.01250000e+00    -1.22467144e+03     2.91847756e+02    -1.22473878e+03   
    4.02600000e+03     2.01300000e+00    -1.22467126e+03     2.77752342e+02    -1.22473548e+03   
    4.02700000e+03     2.01350000e+00    -1.22467127e+03     2.81871039e+02    -1.22473577e+03   
    4.02800000e+03     2.01400000e+00    -1.22467145e+03     2.97660880e+02    -1.22473936e+03   
    4.02900000e+03     2.01450000e+00    -1.22467162e+03     3.22560604e+02    -1.22474467e+03   
    4.03000000e+03     2.01500000e+00    -1.22467170e+03     3.43615414e+02    -1.22474926e+03   
    4.03100000e+03     2.01550000e+00    -1.22467179e+03     3.47428916e+02    -1.22475127e+03   
    4.03200000e+03     2.01600000e+00    -1.22467171e+03     3.37734984e+02    -1.22474969e+03   
    4.03300000e+03     2.01650000e+00    -1.22467171e+03     3.18097046e+02    -1.22474481e+03   
    4.03400000e+03     2.01700000e+00    -1.22467144e+03     2.86707375e+02    -1.22473807e+03   
    4.03500000e+03     2.01750000e+00    -1.22467142e+03     2.63690031e+02    -1.22473247e+03   
    4.03600000e+03     2.01800000e+00    -1.22467137e+03     2.54178397e+02    -1.22473003e+03   
    4.03700000e+03     2.01850000e+00    -1.22467138e+03     2.54845400e+02    -1.22473089e+03   
    4.03800000e+03     2.01900000e+00    -1.22467145e+03     2.67908869e+02    -1.22473405e+03   
    4.03900000e+03     2.01950000e+00    -1.22467155e+03     2.81624563e+02    -1.22473835e+03   
    4.04000000e+03     2.02000000e+00    -1.22467162e+03     2.98529111e+02    -1.22474194e+03   
    4.04100000e+03     2.02050000e+00    -1.22467175e+03     3.06256252e+02    -1.22474381e+03   
    4.04200000e+03     2.02100000e+00    -1.22467169e+03     3.06264941e+02    -1.22474295e+03   
    4.04300000e+03     2.02150000e+00    -1.22467159e+03     2.88433202e+02    -1.22473965e+03   
    4.04400000e+03     2.02200000e+00    -1.22467160e+03     2.75819352e+02    -1.22473534e+03   
    4.04500000e+03     2.02250000e+00    -1.22467141e+03     2.56885639e+02    -1.22473146e+03   
    4.04600000e+03     2.02300000e+00    -1.22467137e+03     2.55057906e+02    -1.22473060e+03   
    4.04700000e+03     2.02350000e+00    -1.22467147e+03     2.64816371e+02    -1.22473347e+03   
    4.04800000e+03     2.02400000e+00    -1.22467153e+03     2.95062536e+02    -1.22473893e+03   
    4.04900000e+03     2.02450000e+00    -1.22467177e+03     3.29335381e+02    -1.22474481e+03   
    4.05000000e+03     2.02500000e+00    -1.22467181e+03     3.48234408e+02    -1.22474855e+03   
    4.05100000e+03     2.02550000e+00    -1.22467170e+03     3.49425721e+02    -1.22474898e+03   
    4.05200000e+03     2.02600000e+00    -1.22467168e+03     3.35207068e+02    -1.22474697e+03   
    4.05300000e+03     2.02650000e+00    -1.22467153e+03     3.24117223e+02    -1.22474381e+03   
    4.05400000e+03     2.02700000e+00    -1.22467147e+03     3.15312834e+02    -1.22474137e+03   
    4.05500000e+03     2.02750000e+00    -1.22467148e+03     3.13267753e+02    -1.22474008e+03   
    4.05600000e+03     2.02800000e+00    -1.22467154e+03     3.11280074e+02    -1.22473993e+03   
    4.05700000e+03     2.02850000e+00    -1.22467147e+03     3.14064455e+02    -1.22474108e+03   
    4.05800000e+03     2.02900000e+00    -1.22467154e+03     3.27486419e+02    -1.22474367e+03   
    4.05900000e+03     2.02950000e+00    -1.22467164e+03     3.43989691e+02    -1.22474682e+03   
    4.06000000e+03     2.03000000e+00    -1.22467175e+03     3.53296569e+02    -1.22474912e+03   
    4.06100000e+03     2.03050000e+00    -1.22467173e+03     3.57789602e+02    -1.22474926e+03   
    4.06200000e+03     2.03100000e+00    -1.22467160e+03     3.45177302e+02    -1.22474697e+03   
    4.06300000e+03     2.03150000e+00    -1.22467154e+03     3.28661188e+02    -1.22474338e+03   
    4.06400000e+03     2.03200000e+00    -1.22467140e+03     3.14167592e+02    -1.22474022e+03   
    4.06500000e+03     2.03250000e+00    -1.22467133e+03     3.08082901e+02    -1.22473907e+03   
    4.06600000e+03     2.03300000e+00    -1.22467136e+03     3.19152899e+02    -1.22474094e+03   
    4.06700000e+03     2.03350000e+00    -1.22467148e+03     3.40035886e+02    -1.22474481e+03   
    4.06800000e+03     2.03400000e+00    -1.22467160e+03     3.57013661e+02    -1.22474883e+03   
    4.06900000e+03     2.03450000e+00    -1.22467166e+03     3.69909903e+02    -1.22475170e+03   
    4.07000000e+03     2.03500000e+00    -1.22467170e+03     3.68407781e+02    -1.22475213e+03   
    4.07100000e+03     2.03550000e+00    -1.22467174e+03     3.59213898e+02    -1.22475056e+03   
    4.07200000e+03     2.03600000e+00    -1.22467164e+03     3.50001157e+02    -1.22474783e+03   
    4.07300000e+03     2.03650000e+00    -1.22467150e+03     3.39626215e+02    -1.22474467e+03   
    4.07400000e+03     2.03700000e+00    -1.22467154e+03     3.25453399e+02    -1.22474180e+03   
    4.07500000e+03     2.03750000e+00    -1.22467143e+03     3.20064562e+02    -1.22473979e+03   
    4.07600000e+03     2.03800000e+00    -1.22467146e+03     3.15368565e+02    -1.22473950e+03   
    4.07700000e+03     2.03850000e+00    -1.22467153e+03     3.23543636e+02    -1.22474108e+03   
    4.07800000e+03     2.03900000e+00    -1.22467167e+03     3.33846936e+02    -1.22474367e+03   
    4.07900000e+03     2.03950000e+00    -1.22467169e+03     3.47836147e+02    -1.22474553e+03   
    4.08000000e+03     2.04000000e+00    -1.22467163e+03     3.47147463e+02    -1.22474596e+03   
    4.08100000e+03     2.04050000e+00    -1.22467162e+03     3.39719206e+02    -1.22474453e+03   
    4.08200000e+03     2.04100000e+00    -1.22467148e+03     3.26419881e+02    -1.22474151e+03   
    4.08300000e+03     2.04150000e+00    -1.22467152e+03     3.16011416e+02    -1.22473893e+03   
    4.08400000e+03     2.04200000e+00    -1.22467137e+03     3.15634135e+02    -1.22473749e+03   
    4.08500000e+03     2.04250000e+00    -1.22467144e+03     3.20302103e+02    -1.22473778e+03   
    4.08600000e+03     2.04300000e+00    -1.22467152e+03     3.30891285e+02    -1.22473950e+03   
    4.08700000e+03     2.04350000e+00    -1.22467154e+03     3.45350266e+02    -1.22474194e+03   
    4.08800000e+03     2.04400000e+00    -1.22467164e+03     3.49306495e+02    -1.22474395e+03   
    4.08900000e+03     2.04450000e+00    -1.22467163e+03     3.55921753e+02    -1.22474438e+03   
    4.09000000e+03     2.04500000e+00    -1.22467164e+03     3.52078796e+02    -1.22474309e+03   
    4.09100000e+03     2.04550000e+00    -1.22467153e+03     3.41243845e+02    -1.22474051e+03   
    4.09200000e+03     2.04600000e+00    -1.22467145e+03     3.27078102e+02    -1.22473792e+03   
    4.09300000e+03     2.04650000e+00    -1.22467153e+03     3.17850566e+02    -1.22473620e+03   
    4.09400000e+03     2.04700000e+00    -1.22467146e+03     3.08745669e+02    -1.22473520e+03   
    4.09500000e+03     2.04750000e+00    -1.22467154e+03     3.12123890e+02    -1.22473520e+03   
    4.09600000e+03     2.04800000e+00    -1.22467156e+03     3.11068641e+02    -1.22473563e+03   
    4.09700000e+03     2.04850000e+00    -1.22467156e+03     3.07988295e+02    -1.22473620e+03   
    4.09800000e+03     2.04900000e+00    -1.22467154e+03     3.10928459e+02    -1.22473677e+03   
    4.09900000e+03     2.04950000e+00    -1.22467168e+03     3.12457728e+02    -1.22473663e+03   
    4.10000000e+03     2.05000000e+00    -1.22467167e+03     3.07863187e+02    -1.22473548e+03   
    4.10100000e+03     2.05050000e+00    -1.22467157e+03     2.99479656e+02    -1.22473376e+03   
    4.10200000e+03     2.05100000e+00    -1.22467158e+03     2.88739081e+02    -1.22473204e+03   
    4.10300000e+03     2.05150000e+00    -1.22467148e+03     2.82870580e+02    -1.22473103e+03   
    4.10400000e+03     2.05200000e+00    -1.22467149e+03     2.82559020e+02    -1.22473146e+03   
    4.10500000e+03     2.05250000e+00    -1.22467161e+03     2.88047527e+02    -1.22473290e+03   
    4.10600000e+03     2.05300000e+00    -1.22467166e+03     2.99441672e+02    -1.22473462e+03   
    4.10700000e+03     2.05350000e+00    -1.22467162e+03     3.02250435e+02    -1.22473591e+03   
    4.10800000e+03     2.05400000e+00    -1.22467157e+03     3.07308250e+02    -1.22473663e+03   
    4.10900000e+03     2.05450000e+00    -1.22467162e+03     3.13622604e+02    -1.22473735e+03   
    4.11000000e+03     2.05500000e+00    -1.22467149e+03     3.20864198e+02    -1.22473792e+03   
    4.11100000e+03     2.05550000e+00    -1.22467156e+03     3.25616579e+02    -1.22473936e+03   
    4.11200000e+03     2.05600000e+00    -1.22467160e+03     3.38681181e+02    -1.22474151e+03   
    4.11300000e+03     2.05650000e+00    -1.22467158e+03     3.55577852e+02    -1.22474352e+03   
    4.11400000e+03     2.05700000e+00    -1.22467158e+03     3.64539350e+02    -1.22474510e+03   
    4.11500000e+03     2.05750000e+00    -1.22467165e+03     3.67196864e+02    -1.22474596e+03   
    4.11600000e+03     2.05800000e+00    -1.22467159e+03     3.67968245e+02    -1.22474582e+03   
    4.11700000e+03     2.05850000e+00    -1.22467157e+03     3.72342693e+02    -1.22474553e+03   
    4.11800000e+03     2.05900000e+00    -1.22467157e+03     3.74866874e+02    -1.22474524e+03   
    4.11900000e+03     2.05950000e+00    -1.22467147e+03     3.75105430e+02    -1.22474510e+03   
    4.12000000e+03     2.06000000e+00    -1.22467148e+03     3.82645104e+02    -1.22474539e+03   
    4.12100000e+03     2.06050000e+00    -1.22467149e+03     3.86368304e+02    -1.22474596e+03   
    4.12200000e+03     2.06100000e+00    -1.22467159e+03     3.88757672e+02    -1.22474668e+03   
    4.12300000e+03     2.06150000e+00    -1.22467150e+03     3.92080152e+02    -1.22474740e+03   
    4.12400000e+03     2.06200000e+00    -1.22467149e+03     3.93405998e+02    -1.22474840e+03   
    4.12500000e+03     2.06250000e+00    -1.22467153e+03     4.03896985e+02    -1.22474955e+03   
    4.12600000e+03     2.06300000e+00    -1.22467166e+03     4.06231920e+02    -1.22475056e+03   
    4.12700000e+03     2.06350000e+00    -1.22467162e+03     4.12233143e+02    -1.22475070e+03   
    4.12800000e+03     2.06400000e+00    -1.22467157e+03     4.09573506e+02    -1.22474955e+03   
    4.12900000e+03     2.06450000e+00    -1.22467152e+03     4.02226790e+02    -1.22474783e+03   
    4.13000000e+03     2.06500000e+00    -1.22467146e+03     3.92186391e+02    -1.22474639e+03   
    4.13100000e+03     2.06550000e+00    -1.22467150e+03     3.93318057e+02    -1.22474596e+03   
    4.13200000e+03     2.06600000e+00    -1.22467161e+03     3.88820433e+02    -1.22474625e+03   
    4.13300000e+03     2.06650000e+00    -1.22467165e+03     3.92641568e+02    -1.22474668e+03   
    4.13400000e+03     2.06700000e+00    -1.22467161e+03     3.88265562e+02    -1.22474639e+03   
    4.13500000e+03     2.06750000e+00    -1.22467162e+03     3.82004916e+02    -1.22474539e+03   
    4.13600000e+03     2.06800000e+00    -1.22467164e+03     3.75292134e+02    -1.22474395e+03   
    4.13700000e+03     2.06850000e+00    -1.22467165e+03     3.68757579e+02    -1.22474237e+03   
    4.13800000e+03     2.06900000e+00    -1.22467165e+03     3.59098648e+02    -1.22474079e+03   
    4.13900000e+03     2.06950000e+00    -1.22467156e+03     3.49544444e+02    -1.22473893e+03   
    4.14000000e+03     2.07000000e+00    -1.22467154e+03     3.42513826e+02    -1.22473677e+03   
    4.14100000e+03     2.07050000e+00    -1.22467157e+03     3.35252058e+02    -1.22473462e+03   
    4.14200000e+03     2.07100000e+00    -1.22467151e+03     3.36220920e+02    -1.22473247e+03   
    4.14300000e+03     2.07150000e+00    -1.22467150e+03     3.32433766e+02    -1.22473103e+03   
    4.14400000e+03     2.07200000e+00    -1.22467147e+03     3.28804057e+02    -1.22473003e+03   
    4.14500000e+03     2.07250000e+00    -1.22467150e+03     3.24189221e+02    -1.22472974e+03   
    4.14600000e+03     2.07300000e+00    -1.22467155e+03     3.31869621e+02    -1.22472945e+03   
    4.14700000e+03     2.07350000e+00    -1.22467162e+03     3.30842882e+02    -1.22472888e+03   
    4.14800000e+03     2.07400000e+00    -1.22467154e+03     3.30010105e+02    -1.22472816e+03   
    4.14900000e+03     2.07450000e+00    -1.22467152e+03     3.21836057e+02    -1.22472701e+03   
    4.15000000e+03     2.07500000e+00    -1.22467160e+03     3.16580517e+02    -1.22472615e+03   
    4.15100000e+03     2.07550000e+00    -1.22467150e+03     3.13964290e+02    -1.22472558e+03   
    4.15200000e+03     2.07600000e+00    -1.22467152e+03     3.14253740e+02    -1.22472644e+03   
    4.15300000e+03     2.07650000e+00    -1.22467163e+03     3.19580516e+02    -1.22472831e+03   
    4.15400000e+03     2.07700000e+00    -1.22467166e+03     3.26092117e+02    -1.22473003e+03   
    4.15500000e+03     2.07750000e+00    -1.22467158e+03     3.27163196e+02    -1.22473089e+03   
    4.15600000e+03     2.07800000e+00    -1.22467157e+03     3.26494558e+02    -1.22473132e+03   
    4.15700000e+03     2.07850000e+00    -1.22467162e+03     3.23545045e+02    -1.22473146e+03   
    4.15800000e+03     2.07900000e+00    -1.22467160e+03     3.21447427e+02    -1.22473132e+03   
    4.15900000e+03     2.07950000e+00    -1.22467162e+03     3.24778887e+02    -1.22473132e+03   
    4.16000000e+03     2.08000000e+00    -1.22467157e+03     3.24575034e+02    -1.22473118e+03   
    4.16100000e+03     2.08050000e+00    -1.22467154e+03     3.22461046e+02    -1.22473103e+03   
    4.16200000e+03     2.08100000e+00    -1.22467167e+03     3.20479170e+02    -1.22473089e+03   
    4.16300000e+03     2.08150000e+00    -1.22467157e+03     3.18560343e+02    -1.22473017e+03   
    4.16400000e+03     2.08200000e+00    -1.22467148e+03     3.17498807e+02    -1.22472988e+03   
    4.16500000e+03     2.08250000e+00    -1.22467157e+03     3.20203025e+02    -1.22473060e+03   
    4.16600000e+03     2.08300000e+00    -1.22467156e+03     3.27545645e+02    -1.22473189e+03   
    4.16700000e+03     2.08350000e+00    -1.22467162e+03     3.37624855e+02    -1.22473304e+03   
    4.16800000e+03     2.08400000e+00    -1.22467158e+03     3.40950118e+02    -1.22473319e+03   
    4.16900000e+03     2.08450000e+00    -1.22467162e+03     3.41046947e+02    -1.22473261e+03   
    4.17000000e+03     2.08500000e+00    -1.22467142e+03     3.39015156e+02    -1.22473161e+03   
    4.17100000e+03     2.08550000e+00    -1.22467147e+03     3.42012204e+02    -1.22473161e+03   
    4.17200000e+03     2.08600000e+00    -1.22467149e+03     3.41567008e+02    -1.22473261e+03   
    4.17300000e+03     2.08650000e+00    -1.22467160e+03     3.49307132e+02    -1.22473491e+03   
    4.17400000e+03     2.08700000e+00    -1.22467165e+03     3.56002942e+02    -1.22473721e+03   
    4.17500000e+03     2.08750000e+00    -1.22467164e+03     3.69944917e+02    -1.22473907e+03   
    4.17600000e+03     2.08800000e+00    -1.22467160e+03     3.71510562e+02    -1.22473993e+03   
    4.17700000e+03     2.08850000e+00    -1.22467165e+03     3.74375693e+02    -1.22474022e+03   
    4.17800000e+03     2.08900000e+00    -1.22467166e+03     3.69772798e+02    -1.22474008e+03   
    4.17900000e+03     2.08950000e+00    -1.22467157e+03     3.69225868e+02    -1.22473907e+03   
    4.18000000e+03     2.09000000e+00    -1.22467159e+03     3.61304554e+02    -1.22473735e+03   
    4.18100000e+03     2.09050000e+00    -1.22467148e+03     3.56080625e+02    -1.22473505e+03   
    4.18200000e+03     2.09100000e+00    -1.22467148e+03     3.45410838e+02    -1.22473319e+03   
    4.18300000e+03     2.09150000e+00    -1.22467144e+03     3.45140869e+02    -1.22473276e+03   
    4.18400000e+03     2.09200000e+00    -1.22467151e+03     3.55337438e+02    -1.22473405e+03   
    4.18500000e+03     2.09250000e+00    -1.22467169e+03     3.68609892e+02    -1.22473577e+03   
    4.18600000e+03     2.09300000e+00    -1.22467173e+03     3.68607728e+02    -1.22473620e+03   
    4.18700000e+03     2.09350000e+00    -1.22467169e+03     3.66822666e+02    -1.22473491e+03   
    4.18800000e+03     2.09400000e+00    -1.22467157e+03     3.61136900e+02    -1.22473232e+03   
    4.18900000e+03     2.09450000e+00    -1.22467154e+03     3.47905522e+02    -1.22472945e+03   
    4.19000000e+03     2.09500000e+00    -1.22467137e+03     3.40741302e+02    -1.22472730e+03   
    4.19100000e+03     2.09550000e+00    -1.22467136e+03     3.39696834e+02    -1.22472701e+03   
    4.19200000e+03     2.09600000e+00    -1.22467145e+03     3.43833635e+02    -1.22472888e+03   
    4.19300000e+03     2.09650000e+00    -1.22467157e+03     3.46578681e+02    -1.22473232e+03   
    4.19400000e+03     2.09700000e+00    -1.22467166e+03     3.59430510e+02    -1.22473606e+03   
    4.19500000e+03     2.09750000e+00    -1.22467168e+03     3.64148735e+02    -1.22473850e+03   
    4.19600000e+03     2.09800000e+00    -1.22467168e+03     3.67780865e+02    -1.22473922e+03   
    4.19700000e+03     2.09850000e+00    -1.22467163e+03     3.67797742e+02    -1.22473835e+03   
    4.19800000e+03     2.09900000e+00    -1.22467166e+03     3.56800376e+02    -1.22473677e+03   
    4.19900000e+03     2.09950000e+00    -1.22467163e+03     3.51861739e+02    -1.22473477e+03   
    4.20000000e+03     2.10000000e+00    -1.22467156e+03     3.40713895e+02    -1.22473290e+03   
    4.20100000e+03     2.10050000e+00    -1.22467147e+03     3.31700880e+02    -1.22473175e+03   
    4.20200000e+03     2.10100000e+00    -1.22467146e+03     3.31974100e+02    -1.22473218e+03   
    4.20300000e+03     2.10150000e+00    -1.22467154e+03     3.34314765e+02    -1.22473419e+03   
    4.20400000e+03     2.10200000e+00    -1.22467170e+03     3.42012615e+02    -1.22473649e+03   
    4.20500000e+03     2.10250000e+00    -1.22467165e+03     3.49801211e+02    -1.22473764e+03   
    4.20600000e+03     2.10300000e+00    -1.22467171e+03     3.46107837e+02    -1.22473721e+03   
    4.20700000e+03     2.10350000e+00    -1.22467167e+03     3.40742464e+02    -1.22473534e+03   
    4.20800000e+03     2.10400000e+00    -1.22467145e+03     3.36755493e+02    -1.22473304e+03   
    4.20900000e+03     2.10450000e+00    -1.22467149e+03     3.25897831e+02    -1.22473146e+03   
    4.21000000e+03     2.10500000e+00    -1.22467151e+03     3.27706859e+02    -1.22473175e+03   
    4.21100000e+03     2.10550000e+00    -1.22467147e+03     3.38235353e+02    -1.22473390e+03   
    4.21200000e+03     2.10600000e+00    -1.22467163e+03     3.51533481e+02    -1.22473749e+03   
    4.21300000e+03     2.10650000e+00    -1.22467168e+03     3.67454733e+02    -1.22474094e+03   
    4.21400000e+03     2.10700000e+00    -1.22467164e+03     3.79752509e+02    -1.22474309e+03   
    4.21500000e+03     2.10750000e+00    -1.22467162e+03     3.82278742e+02    -1.22474338e+03   
    4.21600000e+03     2.10800000e+00    -1.22467158e+03     3.73197728e+02    -1.22474194e+03   
    4.21700000e+03     2.10850000e+00    -1.22467162e+03     3.65743174e+02    -1.22473979e+03   
    4.21800000e+03     2.10900000e+00    -1.22467156e+03     3.51240250e+02    -1.22473706e+03   
    4.21900000e+03     2.10950000e+00    -1.22467151e+03     3.47177866e+02    -1.22473548e+03   
    4.22000000e+03     2.11000000e+00    -1.22467150e+03     3.54586581e+02    -1.22473577e+03   
    4.22100000e+03     2.11050000e+00    -1.22467163e+03     3.58444469e+02    -1.22473735e+03   
    4.22200000e+03     2.11100000e+00    -1.22467167e+03     3.57493290e+02    -1.22473864e+03   
    4.22300000e+03     2.11150000e+00    -1.22467170e+03     3.59599818e+02    -1.22473807e+03   
    4.22400000e+03     2.11200000e+00    -1.22467172e+03     3.46294782e+02    -1.22473548e+03   
    4.22500000e+03     2.11250000e+00    -1.22467150e+03     3.29600654e+02    -1.22473103e+03   
    4.22600000e+03     2.11300000e+00    -1.22467142e+03     3.12329777e+02    -1.22472658e+03   
    4.22700000e+03     2.11350000e+00    -1.22467144e+03     2.93455377e+02    -1.22472342e+03   
    4.22800000e+03     2.11400000e+00    -1.22467135e+03     2.90583336e+02    -1.22472285e+03   
    4.22900000e+03     2.11450000e+00    -1.22467137e+03     3.06495143e+02    -1.22472515e+03   
    4.23000000e+03     2.11500000e+00    -1.22467150e+03     3.17641504e+02    -1.22472931e+03   
    4.23100000e+03     2.11550000e+00    -1.22467167e+03     3.42585941e+02    -1.22473333e+03   
    4.23200000e+03     2.11600000e+00    -1.22467171e+03     3.53214333e+02    -1.22473563e+03   
    4.23300000e+03     2.11650000e+00    -1.22467166e+03     3.58578431e+02    -1.22473577e+03   
    4.23400000e+03     2.11700000e+00    -1.22467155e+03     3.47812558e+02    -1.22473433e+03   
    4.23500000e+03     2.11750000e+00    -1.22467154e+03     3.41958414e+02    -1.22473247e+03   
    4.23600000e+03     2.11800000e+00    -1.22467156e+03     3.31908160e+02    -1.22473060e+03   
    4.23700000e+03     2.11850000e+00    -1.22467150e+03     3.27718133e+02    -1.22472945e+03   
    4.23800000e+03     2.11900000e+00    -1.22467138e+03     3.36172944e+02    -1.22472974e+03   
    4.23900000e+03     2.11950000e+00    -1.22467147e+03     3.46676500e+02    -1.22473189e+03   
    4.24000000e+03     2.12000000e+00    -1.22467161e+03     3.61326380e+02    -1.22473477e+03   
    4.24100000e+03     2.12050000e+00    -1.22467167e+03     3.67964067e+02    -1.22473649e+03   
    4.24200000e+03     2.12100000e+00    -1.22467172e+03     3.66122383e+02    -1.22473620e+03   
    4.24300000e+03     2.12150000e+00    -1.22467158e+03     3.51869143e+02    -1.22473347e+03   
    4.24400000e+03     2.12200000e+00    -1.22467155e+03     3.32785600e+02    -1.22472988e+03   
    4.24500000e+03     2.12250000e+00    -1.22467144e+03     3.17905832e+02    -1.22472687e+03   
    4.24600000e+03     2.12300000e+00    -1.22467134e+03     3.12090398e+02    -1.22472572e+03   
    4.24700000e+03     2.12350000e+00    -1.22467144e+03     3.25318574e+02    -1.22472759e+03   
    4.24800000e+03     2.12400000e+00    -1.22467156e+03     3.37236668e+02    -1.22473146e+03   
    4.24900000e+03     2.12450000e+00    -1.22467173e+03     3.56358105e+02    -1.22473548e+03   
    4.25000000e+03     2.12500000e+00    -1.22467172e+03     3.67631582e+02    -1.22473764e+03   
    4.25100000e+03     2.12550000e+00    -1.22467165e+03     3.65278006e+02    -1.22473735e+03   
    4.25200000e+03     2.12600000e+00    -1.22467161e+03     3.57794865e+02    -1.22473491e+03   
    4.25300000e+03     2.12650000e+00    -1.22467154e+03     3.43605493e+02    -1.22473175e+03   
    4.25400000e+03     2.12700000e+00    -1.22467148e+03     3.32441823e+02    -1.22472945e+03   
    4.25500000e+03     2.12750000e+00    -1.22467147e+03     3.30328181e+02    -1.22472917e+03   
    4.25600000e+03     2.12800000e+00    -1.22467150e+03     3.31397660e+02    -1.22473089e+03   
    4.25700000e+03     2.12850000e+00    -1.22467160e+03     3.46478057e+02    -1.22473390e+03   
    4.25800000e+03     2.12900000e+00    -1.22467160e+03     3.57021814e+02    -1.22473692e+03   
    4.25900000e+03     2.12950000e+00    -1.22467173e+03     3.62254219e+02    -1.22473907e+03   
    4.26000000e+03     2.13000000e+00    -1.22467171e+03     3.61421896e+02    -1.22473936e+03   
    4.26100000e+03     2.13050000e+00    -1.22467170e+03     3.55662232e+02    -1.22473749e+03   
    4.26200000e+03     2.13100000e+00    -1.22467162e+03     3.43212114e+02    -1.22473362e+03   
    4.26300000e+03     2.13150000e+00    -1.22467157e+03     3.27103720e+02    -1.22472917e+03   
    4.26400000e+03     2.13200000e+00    -1.22467134e+03     3.13663434e+02    -1.22472572e+03   
    4.26500000e+03     2.13250000e+00    -1.22467133e+03     3.09236637e+02    -1.22472486e+03   
    4.26600000e+03     2.13300000e+00    -1.22467139e+03     3.23869726e+02    -1.22472730e+03   
    4.26700000e+03     2.13350000e+00    -1.22467151e+03     3.39875361e+02    -1.22473161e+03   
    4.26800000e+03     2.13400000e+00    -1.22467167e+03     3.56992147e+02    -1.22473591e+03   
    4.26900000e+03     2.13450000e+00    -1.22467170e+03     3.66087259e+02    -1.22473807e+03   
    4.27000000e+03     2.13500000e+00    -1.22467169e+03     3.74236487e+02    -1.22473792e+03   
    4.27100000e+03     2.13550000e+00    -1.22467158e+03     3.63197817e+02    -1.22473563e+03   
    4.27200000e+03     2.13600000e+00    -1.22467148e+03     3.46550991e+02    -1.22473290e+03   
    4.27300000e+03     2.13650000e+00    -1.22467141e+03     3.37016603e+02    -1.22473089e+03   
    4.27400000e+03     2.13700000e+00    -1.22467152e+03     3.36947826e+02    -1.22473118e+03   
    4.27500000e+03     2.13750000e+00    -1.22467148e+03     3.46452289e+02    -1.22473362e+03   
    4.27600000e+03     2.13800000e+00    -1.22467166e+03     3.60247819e+02    -1.22473764e+03   
    4.27700000e+03     2.13850000e+00    -1.22467175e+03     3.77211289e+02    -1.22474122e+03   
    4.27800000e+03     2.13900000e+00    -1.22467183e+03     3.84633635e+02    -1.22474309e+03   
    4.27900000e+03     2.13950000e+00    -1.22467178e+03     3.82301234e+02    -1.22474194e+03   
    4.28000000e+03     2.14000000e+00    -1.22467165e+03     3.66875628e+02    -1.22473735e+03   
    4.28100000e+03     2.14050000e+00    -1.22467156e+03     3.36262148e+02    -1.22473089e+03   
    4.28200000e+03     2.14100000e+00    -1.22467146e+03     3.09560680e+02    -1.22472414e+03   
    4.28300000e+03     2.14150000e+00    -1.22467126e+03     2.92117483e+02    -1.22471969e+03   
    4.28400000e+03     2.14200000e+00    -1.22467133e+03     2.88966262e+02    -1.22471926e+03   
    4.28500000e+03     2.14250000e+00    -1.22467149e+03     2.99953834e+02    -1.22472199e+03   
    4.28600000e+03     2.14300000e+00    -1.22467157e+03     3.15625548e+02    -1.22472601e+03   
    4.28700000e+03     2.14350000e+00    -1.22467173e+03     3.24085968e+02    -1.22472931e+03   
    4.28800000e+03     2.14400000e+00    -1.22467174e+03     3.24507520e+02    -1.22473060e+03   
    4.28900000e+03     2.14450000e+00    -1.22467162e+03     3.18017614e+02    -1.22472945e+03   
    4.29000000e+03     2.14500000e+00    -1.22467160e+03     3.09373964e+02    -1.22472658e+03   
    4.29100000e+03     2.14550000e+00    -1.22467157e+03     2.99805896e+02    -1.22472285e+03   
    4.29200000e+03     2.14600000e+00    -1.22467137e+03     2.92878808e+02    -1.22471969e+03   
    4.29300000e+03     2.14650000e+00    -1.22467131e+03     2.90345710e+02    -1.22471912e+03   
    4.29400000e+03     2.14700000e+00    -1.22467145e+03     3.07651577e+02    -1.22472170e+03   
    4.29500000e+03     2.14750000e+00    -1.22467161e+03     3.22075087e+02    -1.22472615e+03   
    4.29600000e+03     2.14800000e+00    -1.22467171e+03     3.38982399e+02    -1.22473046e+03   
    4.29700000e+03     2.14850000e+00    -1.22467173e+03     3.44018022e+02    -1.22473232e+03   
    4.29800000e+03     2.14900000e+00    -1.22467180e+03     3.33906780e+02    -1.22473060e+03   
    4.29900000e+03     2.14950000e+00    -1.22467165e+03     3.13071968e+02    -1.22472558e+03   
    4.30000000e+03     2.15000000e+00    -1.22467141e+03     2.85981489e+02    -1.22471940e+03   
    4.30100000e+03     2.15050000e+00    -1.22467138e+03     2.68197638e+02    -1.22471481e+03   
    4.30200000e+03     2.15100000e+00    -1.22467132e+03     2.66944499e+02    -1.22471323e+03   
    4.30300000e+03     2.15150000e+00    -1.22467141e+03     2.67888799e+02    -1.22471495e+03   
    4.30400000e+03     2.15200000e+00    -1.22467151e+03     2.84371582e+02    -1.22471897e+03   
    4.30500000e+03     2.15250000e+00    -1.22467156e+03     3.01513030e+02    -1.22472328e+03   
    4.30600000e+03     2.15300000e+00    -1.22467172e+03     3.18996908e+02    -1.22472673e+03   
    4.30700000e+03     2.15350000e+00    -1.22467174e+03     3.31329629e+02    -1.22472831e+03   
    4.30800000e+03     2.15400000e+00    -1.22467167e+03     3.25321691e+02    -1.22472787e+03   
    4.30900000e+03     2.15450000e+00    -1.22467161e+03     3.19838723e+02    -1.22472630e+03   
    4.31000000e+03     2.15500000e+00    -1.22467143e+03     3.17984552e+02    -1.22472414e+03   
    4.31100000e+03     2.15550000e+00    -1.22467143e+03     3.13864898e+02    -1.22472357e+03   
    4.31200000e+03     2.15600000e+00    -1.22467140e+03     3.23788226e+02    -1.22472558e+03   
    4.31300000e+03     2.15650000e+00    -1.22467146e+03     3.42217008e+02    -1.22473031e+03   
    4.31400000e+03     2.15700000e+00    -1.22467160e+03     3.58472357e+02    -1.22473649e+03   
    4.31500000e+03     2.15750000e+00    -1.22467177e+03     3.72850223e+02    -1.22474180e+03   
    4.31600000e+03     2.15800000e+00    -1.22467176e+03     3.85937168e+02    -1.22474410e+03   
    4.31700000e+03     2.15850000e+00    -1.22467175e+03     3.84684304e+02    -1.22474280e+03   
    4.31800000e+03     2.15900000e+00    -1.22467165e+03     3.65677383e+02    -1.22473835e+03   
    4.31900000e+03     2.15950000e+00    -1.22467154e+03     3.38644470e+02    -1.22473290e+03   
    4.32000000e+03     2.16000000e+00    -1.22467145e+03     3.27821300e+02    -1.22472888e+03   
    4.32100000e+03     2.16050000e+00    -1.22467140e+03     3.23096910e+02    -1.22472744e+03   
    4.32200000e+03     2.16100000e+00    -1.22467150e+03     3.29187922e+02    -1.22472859e+03   
    4.32300000e+03     2.16150000e+00    -1.22467160e+03     3.38183408e+02    -1.22473103e+03   
    4.32400000e+03     2.16200000e+00    -1.22467171e+03     3.45522625e+02    -1.22473319e+03   
    4.32500000e+03     2.16250000e+00    -1.22467171e+03     3.47840609e+02    -1.22473419e+03   
    4.32600000e+03     2.16300000e+00    -1.22467161e+03     3.43018046e+02    -1.22473376e+03   
    4.32700000e+03     2.16350000e+00    -1.22467153e+03     3.38294655e+02    -1.22473232e+03   
    4.32800000e+03     2.16400000e+00    -1.22467148e+03     3.28978617e+02    -1.22473075e+03   
    4.32900000e+03     2.16450000e+00    -1.22467152e+03     3.16886854e+02    -1.22472974e+03   
    4.33000000e+03     2.16500000e+00    -1.22467151e+03     3.18229629e+02    -1.22473031e+03   
    4.33100000e+03     2.16550000e+00    -1.22467146e+03     3.25189605e+02    -1.22473247e+03   
    4.33200000e+03     2.16600000e+00    -1.22467161e+03     3.45546765e+02    -1.22473620e+03   
    4.33300000e+03     2.16650000e+00    -1.22467169e+03     3.61155339e+02    -1.22474051e+03   
    4.33400000e+03     2.16700000e+00    -1.22467172e+03     3.75578766e+02    -1.22474410e+03   
    4.33500000e+03     2.16750000e+00    -1.22467180e+03     3.79418988e+02    -1.22474567e+03   
    4.33600000e+03     2.16800000e+00    -1.22467180e+03     3.67180555e+02    -1.22474481e+03   
    4.33700000e+03     2.16850000e+00    -1.22467166e+03     3.51333879e+02    -1.22474194e+03   
    4.33800000e+03     2.16900000e+00    -1.22467147e+03     3.28429643e+02    -1.22473864e+03   
    4.33900000e+03     2.16950000e+00    -1.22467153e+03     3.20813230e+02    -1.22473677e+03   
    4.34000000e+03     2.17000000e+00    -1.22467156e+03     3.21337924e+02    -1.22473706e+03   
    4.34100000e+03     2.17050000e+00    -1.22467160e+03     3.25939292e+02    -1.22473878e+03   
    4.34200000e+03     2.17100000e+00    -1.22467173e+03     3.36545225e+02    -1.22474036e+03   
    4.34300000e+03     2.17150000e+00    -1.22467168e+03     3.40778383e+02    -1.22474065e+03   
    4.34400000e+03     2.17200000e+00    -1.22467162e+03     3.38608169e+02    -1.22473979e+03   
    4.34500000e+03     2.17250000e+00    -1.22467159e+03     3.29355407e+02    -1.22473792e+03   
    4.34600000e+03     2.17300000e+00    -1.22467156e+03     3.20585824e+02    -1.22473634e+03   
    4.34700000e+03     2.17350000e+00    -1.22467151e+03     3.17888629e+02    -1.22473577e+03   
    4.34800000e+03     2.17400000e+00    -1.22467149e+03     3.28530118e+02    -1.22473692e+03   
    4.34900000e+03     2.17450000e+00    -1.22467148e+03     3.40923090e+02    -1.22473936e+03   
    4.35000000e+03     2.17500000e+00    -1.22467156e+03     3.57915007e+02    -1.22474266e+03   
    4.35100000e+03     2.17550000e+00    -1.22467166e+03     3.74203583e+02    -1.22474611e+03   
    4.35200000e+03     2.17600000e+00    -1.22467165e+03     3.85363770e+02    -1.22474883e+03   
    4.35300000e+03     2.17650000e+00    -1.22467173e+03     3.86088207e+02    -1.22475027e+03   
    4.35400000e+03     2.17700000e+00    -1.22467175e+03     3.88524870e+02    -1.22474969e+03   
    4.35500000e+03     2.17750000e+00    -1.22467165e+03     3.77984014e+02    -1.22474740e+03   
    4.35600000e+03     2.17800000e+00    -1.22467159e+03     3.67962750e+02    -1.22474453e+03   
    4.35700000e+03     2.17850000e+00    -1.22467150e+03     3.54618191e+02    -1.22474180e+03   
    4.35800000e+03     2.17900000e+00    -1.22467156e+03     3.48757832e+02    -1.22474051e+03   
    4.35900000e+03     2.17950000e+00    -1.22467153e+03     3.50661651e+02    -1.22474036e+03   
    4.36000000e+03     2.18000000e+00    -1.22467159e+03     3.46059732e+02    -1.22474065e+03   
    4.36100000e+03     2.18050000e+00    -1.22467175e+03     3.43023742e+02    -1.22474051e+03   
    4.36200000e+03     2.18100000e+00    -1.22467160e+03     3.40814453e+02    -1.22473893e+03   
    4.36300000e+03     2.18150000e+00    -1.22467153e+03     3.27650984e+02    -1.22473606e+03   
    4.36400000e+03     2.18200000e+00    -1.22467148e+03     3.20503649e+02    -1.22473304e+03   
    4.36500000e+03     2.18250000e+00    -1.22467149e+03     3.15577198e+02    -1.22473089e+03   
    4.36600000e+03     2.18300000e+00    -1.22467155e+03     3.08836012e+02    -1.22472988e+03   
    4.36700000e+03     2.18350000e+00    -1.22467150e+03     3.08617483e+02    -1.22472988e+03   
    4.36800000e+03     2.18400000e+00    -1.22467150e+03     3.18525977e+02    -1.22473089e+03   
    4.36900000e+03     2.18450000e+00    -1.22467155e+03     3.31963205e+02    -1.22473261e+03   
    4.37000000e+03     2.18500000e+00    -1.22467161e+03     3.32686116e+02    -1.22473477e+03   
    4.37100000e+03     2.18550000e+00    -1.22467155e+03     3.45510038e+02    -1.22473706e+03   
    4.37200000e+03     2.18600000e+00    -1.22467164e+03     3.51933764e+02    -1.22473907e+03   
    4.37300000e+03     2.18650000e+00    -1.22467165e+03     3.51602721e+02    -1.22473993e+03   
    4.37400000e+03     2.18700000e+00    -1.22467162e+03     3.45909464e+02    -1.22473950e+03   
    4.37500000e+03     2.18750000e+00    -1.22467157e+03     3.37777958e+02    -1.22473850e+03   
    4.37600000e+03     2.18800000e+00    -1.22467157e+03     3.39827106e+02    -1.22473778e+03   
    4.37700000e+03     2.18850000e+00    -1.22467151e+03     3.40929006e+02    -1.22473821e+03   
    4.37800000e+03     2.18900000e+00    -1.22467151e+03     3.41768255e+02    -1.22473950e+03   
    4.37900000e+03     2.18950000e+00    -1.22467158e+03     3.42479363e+02    -1.22474065e+03   
    4.38000000e+03     2.19000000e+00    -1.22467163e+03     3.45321517e+02    -1.22474108e+03   
    4.38100000e+03     2.19050000e+00    -1.22467156e+03     3.42526056e+02    -1.22474094e+03   
    4.38200000e+03     2.19100000e+00    -1.22467152e+03     3.41673855e+02    -1.22474051e+03   
    4.38300000e+03     2.19150000e+00    -1.22467151e+03     3.39053257e+02    -1.22474036e+03   
    4.38400000e+03     2.19200000e+00    -1.22467156e+03     3.34701020e+02    -1.22474079e+03   
    4.38500000e+03     2.19250000e+00    -1.22467157e+03     3.37378986e+02    -1.22474151e+03   
    4.38600000e+03     2.19300000e+00    -1.22467165e+03     3.44120996e+02    -1.22474223e+03   
    4.38700000e+03     2.19350000e+00    -1.22467154e+03     3.43509668e+02    -1.22474266e+03   
    4.38800000e+03     2.19400000e+00    -1.22467154e+03     3.46862573e+02    -1.22474338e+03   
    4.38900000e+03     2.19450000e+00    -1.22467156e+03     3.50056818e+02    -1.22474467e+03   
    4.39000000e+03     2.19500000e+00    -1.22467168e+03     3.56162915e+02    -1.22474611e+03   
    4.39100000e+03     2.19550000e+00    -1.22467157e+03     3.58737430e+02    -1.22474711e+03   
    4.39200000e+03     2.19600000e+00    -1.22467162e+03     3.55584676e+02    -1.22474783e+03   
    4.39300000e+03     2.19650000e+00    -1.22467162e+03     3.55187835e+02    -1.22474812e+03   
    4.39400000e+03     2.19700000e+00    -1.22467155e+03     3.50005394e+02    -1.22474826e+03   
    4.39500000e+03     2.19750000e+00    -1.22467157e+03     3.45930555e+02    -1.22474869e+03   
    4.39600000e+03     2.19800000e+00    -1.22467158e+03     3.49559668e+02    -1.22474883e+03   
    4.39700000e+03     2.19850000e+00    -1.22467169e+03     3.48095935e+02    -1.22474840e+03   
    4.39800000e+03     2.19900000e+00    -1.22467162e+03     3.34686763e+02    -1.22474682e+03   
    4.39900000e+03     2.19950000e+00    -1.22467165e+03     3.25679144e+02    -1.22474424e+03   
    4.40000000e+03     2.20000000e+00    -1.22467151e+03     3.14285352e+02    -1.22474166e+03   
    4.40100000e+03     2.20050000e+00    -1.22467151e+03     3.02132053e+02    -1.22474036e+03   
    4.40200000e+03     2.20100000e+00    -1.22467152e+03     3.00609528e+02    -1.22474036e+03   
    4.40300000e+03     2.20150000e+00    -1.22467163e+03     3.02588676e+02    -1.22474108e+03   
    4.40400000e+03     2.20200000e+00    -1.22467156e+03     3.12100572e+02    -1.22474166e+03   
    4.40500000e+03     2.20250000e+00    -1.22467167e+03     3.11645479e+02    -1.22474194e+03   
    4.40600000e+03     2.20300000e+00    -1.22467157e+03     3.06756295e+02    -1.22474122e+03   
    4.40700000e+03     2.20350000e+00    -1.22467157e+03     3.08675920e+02    -1.22474022e+03   
    4.40800000e+03     2.20400000e+00    -1.22467162e+03     3.01610048e+02    -1.22473893e+03   
    4.40900000e+03     2.20450000e+00    -1.22467151e+03     2.97072816e+02    -1.22473749e+03   
    4.41000000e+03     2.20500000e+00    -1.22467148e+03     2.91811952e+02    -1.22473663e+03   
    4.41100000e+03     2.20550000e+00    -1.22467144e+03     2.96454146e+02    -1.22473706e+03   
    4.41200000e+03     2.20600000e+00    -1.22467150e+03     3.02850229e+02    -1.22473893e+03   
    4.41300000e+03     2.20650000e+00    -1.22467158e+03     3.11369781e+02    -1.22474194e+03   
    4.41400000e+03     2.20700000e+00    -1.22467164e+03     3.29026302e+02    -1.22474467e+03   
    4.41500000e+03     2.20750000e+00    -1.22467167e+03     3.32917833e+02    -1.22474611e+03   
    4.41600000e+03     2.20800000e+00    -1.22467170e+03     3.34654445e+02    -1.22474553e+03   
    4.41700000e+03     2.20850000e+00    -1.22467169e+03     3.19123791e+02    -1.22474280e+03   
    4.41800000e+03     2.20900000e+00    -1.22467148e+03     3.06275057e+02    -1.22473878e+03   
    4.41900000e+03     2.20950000e+00    -1.22467144e+03     2.93151970e+02    -1.22473548e+03   
    4.42000000e+03     2.21000000e+00    -1.22467145e+03     2.83546084e+02    -1.22473405e+03   
    4.42100000e+03     2.21050000e+00    -1.22467146e+03     2.86573487e+02    -1.22473448e+03   
    4.42200000e+03     2.21100000e+00    -1.22467157e+03     2.94510095e+02    -1.22473634e+03   
    4.42300000e+03     2.21150000e+00    -1.22467157e+03     3.02136987e+02    -1.22473864e+03   
    4.42400000e+03     2.21200000e+00    -1.22467160e+03     3.11300662e+02    -1.22474036e+03   
    4.42500000e+03     2.21250000e+00    -1.22467174e+03     3.11316820e+02    -1.22474065e+03   
    4.42600000e+03     2.21300000e+00    -1.22467167e+03     3.09736137e+02    -1.22473936e+03   
    4.42700000e+03     2.21350000e+00    -1.22467155e+03     3.01317549e+02    -1.22473721e+03   
    4.42800000e+03     2.21400000e+00    -1.22467150e+03     2.94596947e+02    -1.22473520e+03   
    4.42900000e+03     2.21450000e+00    -1.22467151e+03     2.89214090e+02    -1.22473477e+03   
    4.43000000e+03     2.21500000e+00    -1.22467148e+03     3.01155663e+02    -1.22473649e+03   
    4.43100000e+03     2.21550000e+00    -1.22467157e+03     3.19918064e+02    -1.22474051e+03   
    4.43200000e+03     2.21600000e+00    -1.22467172e+03     3.41481757e+02    -1.22474524e+03   
    4.43300000e+03     2.21650000e+00    -1.22467169e+03     3.55908553e+02    -1.22474869e+03   
    4.43400000e+03     2.21700000e+00    -1.22467177e+03     3.60074197e+02    -1.22475013e+03   
    4.43500000e+03     2.21750000e+00    -1.22467171e+03     3.59236164e+02    -1.22474926e+03   
    4.43600000e+03     2.21800000e+00    -1.22467166e+03     3.47365440e+02    -1.22474668e+03   
    4.43700000e+03     2.21850000e+00    -1.22467159e+03     3.37470257e+02    -1.22474338e+03   
    4.43800000e+03     2.21900000e+00    -1.22467157e+03     3.24280596e+02    -1.22474065e+03   
    4.43900000e+03     2.21950000e+00    -1.22467159e+03     3.11962248e+02    -1.22473950e+03   
    4.44000000e+03     2.22000000e+00    -1.22467163e+03     3.14374063e+02    -1.22473993e+03   
    4.44100000e+03     2.22050000e+00    -1.22467164e+03     3.23333116e+02    -1.22474137e+03   
    4.44200000e+03     2.22100000e+00    -1.22467170e+03     3.34279579e+02    -1.22474309e+03   
    4.44300000e+03     2.22150000e+00    -1.22467176e+03     3.41337529e+02    -1.22474395e+03   
    4.44400000e+03     2.22200000e+00    -1.22467169e+03     3.40760977e+02    -1.22474295e+03   
    4.44500000e+03     2.22250000e+00    -1.22467172e+03     3.29846646e+02    -1.22474036e+03   
    4.44600000e+03     2.22300000e+00    -1.22467163e+03     3.17365080e+02    -1.22473663e+03   
    4.44700000e+03     2.22350000e+00    -1.22467147e+03     3.04587112e+02    -1.22473290e+03   
    4.44800000e+03     2.22400000e+00    -1.22467148e+03     2.96924434e+02    -1.22473118e+03   
    4.44900000e+03     2.22450000e+00    -1.22467153e+03     3.08822613e+02    -1.22473189e+03   
    4.45000000e+03     2.22500000e+00    -1.22467152e+03     3.17911189e+02    -1.22473448e+03   
    4.45100000e+03     2.22550000e+00    -1.22467168e+03     3.29589862e+02    -1.22473792e+03   
    4.45200000e+03     2.22600000e+00    -1.22467177e+03     3.39407822e+02    -1.22474051e+03   
    4.45300000e+03     2.22650000e+00    -1.22467173e+03     3.42008132e+02    -1.22474108e+03   
    4.45400000e+03     2.22700000e+00    -1.22467177e+03     3.33333736e+02    -1.22473950e+03   
    4.45500000e+03     2.22750000e+00    -1.22467168e+03     3.17876089e+02    -1.22473663e+03   
    4.45600000e+03     2.22800000e+00    -1.22467160e+03     3.05840667e+02    -1.22473333e+03   
    4.45700000e+03     2.22850000e+00    -1.22467151e+03     3.01740915e+02    -1.22473089e+03   
    4.45800000e+03     2.22900000e+00    -1.22467150e+03     2.99742130e+02    -1.22473003e+03   
    4.45900000e+03     2.22950000e+00    -1.22467158e+03     3.02403166e+02    -1.22473060e+03   
    4.46000000e+03     2.23000000e+00    -1.22467168e+03     3.11746169e+02    -1.22473218e+03   
    4.46100000e+03     2.23050000e+00    -1.22467168e+03     3.15762475e+02    -1.22473347e+03   
    4.46200000e+03     2.23100000e+00    -1.22467163e+03     3.15822284e+02    -1.22473376e+03   
    4.46300000e+03     2.23150000e+00    -1.22467164e+03     3.10210487e+02    -1.22473290e+03   
    4.46400000e+03     2.23200000e+00    -1.22467158e+03     2.99560470e+02    -1.22473089e+03   
    4.46500000e+03     2.23250000e+00    -1.22467147e+03     2.84584024e+02    -1.22472859e+03   
    4.46600000e+03     2.23300000e+00    -1.22467154e+03     2.77175769e+02    -1.22472716e+03   
    4.46700000e+03     2.23350000e+00    -1.22467145e+03     2.80283861e+02    -1.22472744e+03   
    4.46800000e+03     2.23400000e+00    -1.22467161e+03     2.92016966e+02    -1.22472945e+03   
    4.46900000e+03     2.23450000e+00    -1.22467164e+03     3.07508427e+02    -1.22473175e+03   
    4.47000000e+03     2.23500000e+00    -1.22467161e+03     3.15024947e+02    -1.22473304e+03   
    4.47100000e+03     2.23550000e+00    -1.22467170e+03     3.19901967e+02    -1.22473319e+03   
    4.47200000e+03     2.23600000e+00    -1.22467166e+03     3.19482685e+02    -1.22473247e+03   
    4.47300000e+03     2.23650000e+00    -1.22467150e+03     3.13056826e+02    -1.22473132e+03   
    4.47400000e+03     2.23700000e+00    -1.22467146e+03     3.13010257e+02    -1.22473046e+03   
    4.47500000e+03     2.23750000e+00    -1.22467155e+03     3.15982020e+02    -1.22473075e+03   
    4.47600000e+03     2.23800000e+00    -1.22467161e+03     3.18948069e+02    -1.22473204e+03   
    4.47700000e+03     2.23850000e+00    -1.22467164e+03     3.22189433e+02    -1.22473319e+03   
    4.47800000e+03     2.23900000e+00    -1.22467168e+03     3.25731935e+02    -1.22473390e+03   
    4.47900000e+03     2.23950000e+00    -1.22467158e+03     3.25614195e+02    -1.22473390e+03   
    4.48000000e+03     2.24000000e+00    -1.22467162e+03     3.27211464e+02    -1.22473347e+03   
    4.48100000e+03     2.24050000e+00    -1.22467163e+03     3.28003489e+02    -1.22473290e+03   
    4.48200000e+03     2.24100000e+00    -1.22467155e+03     3.24339035e+02    -1.22473232e+03   
    4.48300000e+03     2.24150000e+00    -1.22467162e+03     3.27863819e+02    -1.22473175e+03   
    4.48400000e+03     2.24200000e+00    -1.22467147e+03     3.26520842e+02    -1.22473118e+03   
    4.48500000e+03     2.24250000e+00    -1.22467155e+03     3.26165999e+02    -1.22473146e+03   
    4.48600000e+03     2.24300000e+00    -1.22467149e+03     3.28610125e+02    -1.22473247e+03   
    4.48700000e+03     2.24350000e+00    -1.22467157e+03     3.39121978e+02    -1.22473419e+03   
    4.48800000e+03     2.24400000e+00    -1.22467156e+03     3.47527694e+02    -1.22473563e+03   
    4.48900000e+03     2.24450000e+00    -1.22467165e+03     3.44237479e+02    -1.22473663e+03   
    4.49000000e+03     2.24500000e+00    -1.22467161e+03     3.44261188e+02    -1.22473649e+03   
    4.49100000e+03     2.24550000e+00    -1.22467156e+03     3.43991623e+02    -1.22473563e+03   
    4.49200000e+03     2.24600000e+00    -1.22467151e+03     3.38937942e+02    -1.22473462e+03   
    4.49300000e+03     2.24650000e+00    -1.22467152e+03     3.35152870e+02    -1.22473390e+03   
    4.49400000e+03     2.24700000e+00    -1.22467154e+03     3.33723423e+02    -1.22473390e+03   
    4.49500000e+03     2.24750000e+00    -1.22467148e+03     3.38500494e+02    -1.22473462e+03   
    4.49600000e+03     2.24800000e+00    -1.22467156e+03     3.43782346e+02    -1.22473606e+03   
    4.49700000e+03     2.24850000e+00    -1.22467161e+03     3.49594851e+02    -1.22473721e+03   
    4.49800000e+03     2.24900000e+00    -1.22467164e+03     3.52066101e+02    -1.22473692e+03   
    4.49900000e+03     2.24950000e+00    -1.22467161e+03     3.42221878e+02    -1.22473505e+03   
    4.50000000e+03     2.25000000e+00    -1.22467161e+03     3.33743704e+02    -1.22473247e+03   
    4.50100000e+03     2.25050000e+00    -1.22467153e+03     3.27300266e+02    -1.22472988e+03   
    4.50200000e+03     2.25100000e+00    -1.22467149e+03     3.20903065e+02    -1.22472874e+03   
    4.50300000e+03     2.25150000e+00    -1.22467145e+03     3.28439747e+02    -1.22472960e+03   
    4.50400000e+03     2.25200000e+00    -1.22467152e+03     3.39735000e+02    -1.22473204e+03   
    4.50500000e+03     2.25250000e+00    -1.22467170e+03     3.47850329e+02    -1.22473477e+03   
    4.50600000e+03     2.25300000e+00    -1.22467173e+03     3.57348941e+02    -1.22473634e+03   
    4.50700000e+03     2.25350000e+00    -1.22467162e+03     3.52805940e+02    -1.22473591e+03   
    4.50800000e+03     2.25400000e+00    -1.22467166e+03     3.51386502e+02    -1.22473448e+03   
    4.50900000e+03     2.25450000e+00    -1.22467153e+03     3.33744422e+02    -1.22473218e+03   
    4.51000000e+03     2.25500000e+00    -1.22467145e+03     3.18120769e+02    -1.22473031e+03   
    4.51100000e+03     2.25550000e+00    -1.22467149e+03     3.15277657e+02    -1.22472945e+03   
    4.51200000e+03     2.25600000e+00    -1.22467152e+03     3.08607865e+02    -1.22472945e+03   
    4.51300000e+03     2.25650000e+00    -1.22467158e+03     3.18268156e+02    -1.22473046e+03   
    4.51400000e+03     2.25700000e+00    -1.22467157e+03     3.17624825e+02    -1.22473204e+03   
    4.51500000e+03     2.25750000e+00    -1.22467153e+03     3.20013695e+02    -1.22473390e+03   
    4.51600000e+03     2.25800000e+00    -1.22467172e+03     3.33723462e+02    -1.22473577e+03   
    4.51700000e+03     2.25850000e+00    -1.22467174e+03     3.37626558e+02    -1.22473620e+03   
    4.51800000e+03     2.25900000e+00    -1.22467167e+03     3.35628053e+02    -1.22473477e+03   
    4.51900000e+03     2.25950000e+00    -1.22467157e+03     3.30757878e+02    -1.22473218e+03   
    4.52000000e+03     2.26000000e+00    -1.22467157e+03     3.17727321e+02    -1.22472931e+03   
    4.52100000e+03     2.26050000e+00    -1.22467149e+03     3.12371892e+02    -1.22472716e+03   
    4.52200000e+03     2.26100000e+00    -1.22467147e+03     3.11493412e+02    -1.22472644e+03   
    4.52300000e+03     2.26150000e+00    -1.22467149e+03     3.14058317e+02    -1.22472716e+03   
    4.52400000e+03     2.26200000e+00    -1.22467166e+03     3.17328576e+02    -1.22472831e+03   
    4.52500000e+03     2.26250000e+00    -1.22467158e+03     3.18690940e+02    -1.22472859e+03   
    4.52600000e+03     2.26300000e+00    -1.22467158e+03     3.22474825e+02    -1.22472802e+03   
    4.52700000e+03     2.26350000e+00    -1.22467158e+03     3.15503355e+02    -1.22472644e+03   
    4.52800000e+03     2.26400000e+00    -1.22467150e+03     3.07584702e+02    -1.22472457e+03   
    4.52900000e+03     2.26450000e+00    -1.22467148e+03     3.00355494e+02    -1.22472299e+03   
    4.53000000e+03     2.26500000e+00    -1.22467145e+03     3.01440826e+02    -1.22472228e+03   
    4.53100000e+03     2.26550000e+00    -1.22467157e+03     2.96053091e+02    -1.22472271e+03   
    4.53200000e+03     2.26600000e+00    -1.22467153e+03     3.03698919e+02    -1.22472371e+03   
    4.53300000e+03     2.26650000e+00    -1.22467161e+03     3.13682766e+02    -1.22472558e+03   
    4.53400000e+03     2.26700000e+00    -1.22467164e+03     3.26408000e+02    -1.22472744e+03   
    4.53500000e+03     2.26750000e+00    -1.22467166e+03     3.29403961e+02    -1.22472845e+03   
    4.53600000e+03     2.26800000e+00    -1.22467166e+03     3.28510470e+02    -1.22472816e+03   
    4.53700000e+03     2.26850000e+00    -1.22467161e+03     3.21297217e+02    -1.22472673e+03   
    4.53800000e+03     2.26900000e+00    -1.22467162e+03     3.12862548e+02    -1.22472472e+03   
    4.53900000e+03     2.26950000e+00    -1.22467149e+03     3.03024450e+02    -1.22472285e+03   
    4.54000000e+03     2.27000000e+00    -1.22467157e+03     2.94842806e+02    -1.22472228e+03   
    4.54100000e+03     2.27050000e+00    -1.22467151e+03     3.00090899e+02    -1.22472242e+03   
    4.54200000e+03     2.27100000e+00    -1.22467153e+03     3.03248508e+02    -1.22472342e+03   
    4.54300000e+03     2.27150000e+00    -1.22467165e+03     3.07231595e+02    -1.22472443e+03   
    4.54400000e+03     2.27200000e+00    -1.22467171e+03     3.07361140e+02    -1.22472414e+03   
    4.54500000e+03     2.27250000e+00    -1.22467159e+03     2.98782277e+02    -1.22472213e+03   
    4.54600000e+03     2.27300000e+00    -1.22467150e+03     2.90293849e+02    -1.22471897e+03   
    4.54700000e+03     2.27350000e+00    -1.22467140e+03     2.78113845e+02    -1.22471625e+03   
    4.54800000e+03     2.27400000e+00    -1.22467150e+03     2.78170806e+02    -1.22471510e+03   
    4.54900000e+03     2.27450000e+00    -1.22467151e+03     2.80855253e+02    -1.22471510e+03   
    4.55000000e+03     2.27500000e+00    -1.22467148e+03     2.88017484e+02    -1.22471582e+03   
    4.55100000e+03     2.27550000e+00    -1.22467159e+03     2.96420816e+02    -1.22471711e+03   
    4.55200000e+03     2.27600000e+00    -1.22467156e+03     2.96859165e+02    -1.22471797e+03   
    4.55300000e+03     2.27650000e+00    -1.22467153e+03     2.97186044e+02    -1.22471854e+03   
    4.55400000e+03     2.27700000e+00    -1.22467157e+03     3.02248079e+02    -1.22471840e+03   
    4.55500000e+03     2.27750000e+00    -1.22467153e+03     2.96317382e+02    -1.22471740e+03   
    4.55600000e+03     2.27800000e+00    -1.22467150e+03     2.89784021e+02    -1.22471596e+03   
    4.55700000e+03     2.27850000e+00    -1.22467152e+03     2.88678644e+02    -1.22471481e+03   
    4.55800000e+03     2.27900000e+00    -1.22467152e+03     2.85371536e+02    -1.22471438e+03   
    4.55900000e+03     2.27950000e+00    -1.22467150e+03     2.86140886e+02    -1.22471495e+03   
    4.56000000e+03     2.28000000e+00    -1.22467144e+03     2.92069313e+02    -1.22471639e+03   
    4.56100000e+03     2.28050000e+00    -1.22467151e+03     2.99895754e+02    -1.22471840e+03   
    4.56200000e+03     2.28100000e+00    -1.22467168e+03     3.08991422e+02    -1.22472027e+03   
    4.56300000e+03     2.28150000e+00    -1.22467161e+03     3.17764444e+02    -1.22472070e+03   
    4.56400000e+03     2.28200000e+00    -1.22467157e+03     3.08135429e+02    -1.22471969e+03   
    4.56500000e+03     2.28250000e+00    -1.22467157e+03     3.01501542e+02    -1.22471811e+03   
    4.56600000e+03     2.28300000e+00    -1.22467143e+03     2.97235466e+02    -1.22471610e+03   
    4.56700000e+03     2.28350000e+00    -1.22467135e+03     2.89557304e+02    -1.22471495e+03   
    4.56800000e+03     2.28400000e+00    -1.22467136e+03     2.92406503e+02    -1.22471539e+03   
    4.56900000e+03     2.28450000e+00    -1.22467140e+03     2.99362112e+02    -1.22471740e+03   
    4.57000000e+03     2.28500000e+00    -1.22467151e+03     3.14499355e+02    -1.22472041e+03   
    4.57100000e+03     2.28550000e+00    -1.22467150e+03     3.30056787e+02    -1.22472328e+03   
    4.57200000e+03     2.28600000e+00    -1.22467151e+03     3.36862749e+02    -1.22472515e+03   
    4.57300000e+03     2.28650000e+00    -1.22467160e+03     3.43056800e+02    -1.22472586e+03   
    4.57400000e+03     2.28700000e+00    -1.22467148e+03     3.40536139e+02    -1.22472543e+03   
    4.57500000e+03     2.28750000e+00    -1.22467140e+03     3.35534360e+02    -1.22472515e+03   
    4.57600000e+03     2.28800000e+00    -1.22467142e+03     3.37102032e+02    -1.22472558e+03   
    4.57700000e+03     2.28850000e+00    -1.22467152e+03     3.41006123e+02    -1.22472687e+03   
    4.57800000e+03     2.28900000e+00    -1.22467142e+03     3.48020337e+02    -1.22472874e+03   
    4.57900000e+03     2.28950000e+00    -1.22467146e+03     3.59002242e+02    -1.22473118e+03   
    4.58000000e+03     2.29000000e+00    -1.22467151e+03     3.66326082e+02    -1.22473319e+03   
    4.58100000e+03     2.29050000e+00    -1.22467149e+03     3.76612944e+02    -1.22473433e+03   
    4.58200000e+03     2.29100000e+00    -1.22467157e+03     3.75307976e+02    -1.22473477e+03   
    4.58300000e+03     2.29150000e+00    -1.22467157e+03     3.73835696e+02    -1.22473419e+03   
    4.58400000e+03     2.29200000e+00    -1.22467157e+03     3.70682745e+02    -1.22473319e+03   
    4.58500000e+03     2.29250000e+00    -1.22467144e+03     3.61974765e+02    -1.22473218e+03   
    4.58600000e+03     2.29300000e+00    -1.22467143e+03     3.64256492e+02    -1.22473189e+03   
    4.58700000e+03     2.29350000e+00    -1.22467152e+03     3.65946114e+02    -1.22473247e+03   
    4.58800000e+03     2.29400000e+00    -1.22467146e+03     3.64097051e+02    -1.22473347e+03   
    4.58900000e+03     2.29450000e+00    -1.22467151e+03     3.71332972e+02    -1.22473448e+03   
    4.59000000e+03     2.29500000e+00    -1.22467158e+03     3.69698003e+02    -1.22473462e+03   
    4.59100000e+03     2.29550000e+00    -1.22467151e+03     3.65493552e+02    -1.22473390e+03   
    4.59200000e+03     2.29600000e+00    -1.22467146e+03     3.63118389e+02    -1.22473261e+03   
    4.59300000e+03     2.29650000e+00    -1.22467149e+03     3.58086969e+02    -1.22473132e+03   
    4.59400000e+03     2.29700000e+00    -1.22467145e+03     3.53989365e+02    -1.22473031e+03   
    4.59500000e+03     2.29750000e+00    -1.22467142e+03     3.52991386e+02    -1.22473031e+03   
    4.59600000e+03     2.29800000e+00    -1.22467157e+03     3.56138721e+02    -1.22473132e+03   
    4.59700000e+03     2.29850000e+00    -1.22467148e+03     3.65283242e+02    -1.22473232e+03   
    4.59800000e+03     2.29900000e+00    -1.22467159e+03     3.69591790e+02    -1.22473333e+03   
    4.59900000e+03     2.29950000e+00    -1.22467161e+03     3.68566035e+02    -1.22473333e+03   
    4.60000000e+03     2.30000000e+00    -1.22467158e+03     3.62092085e+02    -1.22473247e+03   
    4.60100000e+03     2.30050000e+00    -1.22467143e+03     3.58000018e+02    -1.22473103e+03   
    4.60200000e+03     2.30100000e+00    -1.22467150e+03     3.56947891e+02    -1.22473003e+03   
    4.60300000e+03     2.30150000e+00    -1.22467149e+03     3.56322127e+02    -1.22472931e+03   
    4.60400000e+03     2.30200000e+00    -1.22467153e+03     3.52627498e+02    -1.22472902e+03   
    4.60500000e+03     2.30250000e+00    -1.22467142e+03     3.47878272e+02    -1.22472874e+03   
    4.60600000e+03     2.30300000e+00    -1.22467145e+03     3.39604176e+02    -1.22472902e+03   
    4.60700000e+03     2.30350000e+00    -1.22467156e+03     3.40724725e+02    -1.22472945e+03   
    4.60800000e+03     2.30400000e+00    -1.22467151e+03     3.37634707e+02    -1.22472931e+03   
    4.60900000e+03     2.30450000e+00    -1.22467159e+03     3.31314337e+02    -1.22472859e+03   
    4.61000000e+03     2.30500000e+00    -1.22467150e+03     3.29776237e+02    -1.22472658e+03   
    4.61100000e+03     2.30550000e+00    -1.22467149e+03     3.18829288e+02    -1.22472414e+03   
    4.61200000e+03     2.30600000e+00    -1.22467132e+03     3.13239514e+02    -1.22472228e+03   
    4.61300000e+03     2.30650000e+00    -1.22467136e+03     3.13740323e+02    -1.22472213e+03   
    4.61400000e+03     2.30700000e+00    -1.22467137e+03     3.21973098e+02    -1.22472414e+03   
    4.61500000e+03     2.30750000e+00    -1.22467147e+03     3.44165833e+02    -1.22472773e+03   
    4.61600000e+03     2.30800000e+00    -1.22467163e+03     3.57781802e+02    -1.22473161e+03   
    4.61700000e+03     2.30850000e+00    -1.22467171e+03     3.64480892e+02    -1.22473376e+03   
    4.61800000e+03     2.30900000e+00    -1.22467160e+03     3.69414296e+02    -1.22473362e+03   
    4.61900000e+03     2.30950000e+00    -1.22467155e+03     3.61934537e+02    -1.22473204e+03   
    4.62000000e+03     2.31000000e+00    -1.22467149e+03     3.55526592e+02    -1.22472988e+03   
    4.62100000e+03     2.31050000e+00    -1.22467143e+03     3.44987503e+02    -1.22472816e+03   
    4.62200000e+03     2.31100000e+00    -1.22467151e+03     3.41939984e+02    -1.22472730e+03   
    4.62300000e+03     2.31150000e+00    -1.22467152e+03     3.40376002e+02    -1.22472730e+03   
    4.62400000e+03     2.31200000e+00    -1.22467152e+03     3.41475138e+02    -1.22472802e+03   
    4.62500000e+03     2.31250000e+00    -1.22467157e+03     3.50059252e+02    -1.22472902e+03   
    4.62600000e+03     2.31300000e+00    -1.22467159e+03     3.52235922e+02    -1.22473017e+03   
    4.62700000e+03     2.31350000e+00    -1.22467163e+03     3.57925986e+02    -1.22473118e+03   
    4.62800000e+03     2.31400000e+00    -1.22467171e+03     3.59551509e+02    -1.22473103e+03   
    4.62900000e+03     2.31450000e+00    -1.22467155e+03     3.51116240e+02    -1.22472874e+03   
    4.63000000e+03     2.31500000e+00    -1.22467157e+03     3.40343950e+02    -1.22472543e+03   
    4.63100000e+03     2.31550000e+00    -1.22467139e+03     3.38057709e+02    -1.22472242e+03   
    4.63200000e+03     2.31600000e+00    -1.22467142e+03     3.35945404e+02    -1.22472084e+03   
    4.63300000e+03     2.31650000e+00    -1.22467140e+03     3.37155576e+02    -1.22472141e+03   
    4.63400000e+03     2.31700000e+00    -1.22467150e+03     3.53538623e+02    -1.22472400e+03   
    4.63500000e+03     2.31750000e+00    -1.22467153e+03     3.61321045e+02    -1.22472701e+03   
    4.63600000e+03     2.31800000e+00    -1.22467157e+03     3.66308187e+02    -1.22472945e+03   
    4.63700000e+03     2.31850000e+00    -1.22467166e+03     3.65504056e+02    -1.22473089e+03   
    4.63800000e+03     2.31900000e+00    -1.22467165e+03     3.60564759e+02    -1.22473075e+03   
    4.63900000e+03     2.31950000e+00    -1.22467158e+03     3.58432134e+02    -1.22472974e+03   
    4.64000000e+03     2.32000000e+00    -1.22467156e+03     3.56340892e+02    -1.22472888e+03   
    4.64100000e+03     2.32050000e+00    -1.22467154e+03     3.45928066e+02    -1.22472859e+03   
    4.64200000e+03     2.32100000e+00    -1.22467157e+03     3.47360989e+02    -1.22472931e+03   
    4.64300000e+03     2.32150000e+00    -1.22467156e+03     3.53191895e+02    -1.22473060e+03   
    4.64400000e+03     2.32200000e+00    -1.22467162e+03     3.63001480e+02    -1.22473218e+03   
    4.64500000e+03     2.32250000e+00    -1.22467167e+03     3.80081135e+02    -1.22473319e+03   
    4.64600000e+03     2.32300000e+00    -1.22467164e+03     3.72029830e+02    -1.22473304e+03   
    4.64700000e+03     2.32350000e+00    -1.22467160e+03     3.74566731e+02    -1.22473132e+03   
    4.64800000e+03     2.32400000e+00    -1.22467155e+03     3.63662065e+02    -1.22472787e+03   
    4.64900000e+03     2.32450000e+00    -1.22467151e+03     3.47721938e+02    -1.22472371e+03   
    4.65000000e+03     2.32500000e+00    -1.22467136e+03     3.36808748e+02    -1.22472027e+03   
    4.65100000e+03     2.32550000e+00    -1.22467131e+03     3.34371965e+02    -1.22471883e+03   
    4.65200000e+03     2.32600000e+00    -1.22467141e+03     3.37945603e+02    -1.22472012e+03   
    4.65300000e+03     2.32650000e+00    -1.22467159e+03     3.53234365e+02    -1.22472242e+03   
    4.65400000e+03     2.32700000e+00    -1.22467156e+03     3.58906566e+02    -1.22472443e+03   
    4.65500000e+03     2.32750000e+00    -1.22467153e+03     3.60335063e+02    -1.22472486e+03   
    4.65600000e+03     2.32800000e+00    -1.22467151e+03     3.54186922e+02    -1.22472357e+03   
    4.65700000e+03     2.32850000e+00    -1.22467151e+03     3.50914791e+02    -1.22472127e+03   
    4.65800000e+03     2.32900000e+00    -1.22467139e+03     3.42571095e+02    -1.22471897e+03   
    4.65900000e+03     2.32950000e+00    -1.22467134e+03     3.37834269e+02    -1.22471826e+03   
    4.66000000e+03     2.33000000e+00    -1.22467145e+03     3.41317991e+02    -1.22471940e+03   
    4.66100000e+03     2.33050000e+00    -1.22467138e+03     3.52911305e+02    -1.22472170e+03   
    4.66200000e+03     2.33100000e+00    -1.22467154e+03     3.66235974e+02    -1.22472500e+03   
    4.66300000e+03     2.33150000e+00    -1.22467164e+03     3.79252390e+02    -1.22472773e+03   
    4.66400000e+03     2.33200000e+00    -1.22467170e+03     3.76241634e+02    -1.22472917e+03   
    4.66500000e+03     2.33250000e+00    -1.22467168e+03     3.72225577e+02    -1.22472888e+03   
    4.66600000e+03     2.33300000e+00    -1.22467164e+03     3.61648716e+02    -1.22472716e+03   
    4.66700000e+03     2.33350000e+00    -1.22467151e+03     3.47384250e+02    -1.22472386e+03   
    4.66800000e+03     2.33400000e+00    -1.22467155e+03     3.26389592e+02    -1.22472027e+03   
    4.66900000e+03     2.33450000e+00    -1.22467147e+03     3.14763001e+02    -1.22471740e+03   
    4.67000000e+03     2.33500000e+00    -1.22467147e+03     3.09119323e+02    -1.22471625e+03   
    4.67100000e+03     2.33550000e+00    -1.22467144e+03     3.16289752e+02    -1.22471711e+03   
    4.67200000e+03     2.33600000e+00    -1.22467151e+03     3.27220649e+02    -1.22471897e+03   
    4.67300000e+03     2.33650000e+00    -1.22467159e+03     3.31723871e+02    -1.22472055e+03   
    4.67400000e+03     2.33700000e+00    -1.22467160e+03     3.34853420e+02    -1.22472055e+03   
    4.67500000e+03     2.33750000e+00    -1.22467153e+03     3.28085991e+02    -1.22471897e+03   
    4.67600000e+03     2.33800000e+00    -1.22467152e+03     3.23102335e+02    -1.22471668e+03   
    4.67700000e+03     2.33850000e+00    -1.22467135e+03     3.15053271e+02    -1.22471495e+03   
    4.67800000e+03     2.33900000e+00    -1.22467136e+03     3.16772597e+02    -1.22471510e+03   
    4.67900000e+03     2.33950000e+00    -1.22467140e+03     3.24942886e+02    -1.22471711e+03   
    4.68000000e+03     2.34000000e+00    -1.22467157e+03     3.36061714e+02    -1.22472012e+03   
    4.68100000e+03     2.34050000e+00    -1.22467157e+03     3.41636672e+02    -1.22472328e+03   
    4.68200000e+03     2.34100000e+00    -1.22467160e+03     3.42786894e+02    -1.22472586e+03   
    4.68300000e+03     2.34150000e+00    -1.22467171e+03     3.42732971e+02    -1.22472701e+03   
    4.68400000e+03     2.34200000e+00    -1.22467158e+03     3.36778461e+02    -1.22472601e+03   
    4.68500000e+03     2.34250000e+00    -1.22467165e+03     3.21550375e+02    -1.22472400e+03   
    4.68600000e+03     2.34300000e+00    -1.22467147e+03     3.12834796e+02    -1.22472141e+03   
    4.68700000e+03     2.34350000e+00    -1.22467146e+03     3.11013261e+02    -1.22471969e+03   
    4.68800000e+03     2.34400000e+00    -1.22467151e+03     3.07881793e+02    -1.22471926e+03   
    4.68900000e+03     2.34450000e+00    -1.22467144e+03     3.18303929e+02    -1.22471984e+03   
    4.69000000e+03     2.34500000e+00    -1.22467157e+03     3.26104724e+02    -1.22472156e+03   
    4.69100000e+03     2.34550000e+00    -1.22467163e+03     3.29474205e+02    -1.22472342e+03   
    4.69200000e+03     2.34600000e+00    -1.22467159e+03     3.30320669e+02    -1.22472429e+03   
    4.69300000e+03     2.34650000e+00    -1.22467166e+03     3.23036486e+02    -1.22472371e+03   
    4.69400000e+03     2.34700000e+00    -1.22467159e+03     3.16766060e+02    -1.22472141e+03   
    4.69500000e+03     2.34750000e+00    -1.22467149e+03     2.94452439e+02    -1.22471826e+03   
    4.69600000e+03     2.34800000e+00    -1.22467138e+03     2.83675560e+02    -1.22471582e+03   
    4.69700000e+03     2.34850000e+00    -1.22467139e+03     2.82321971e+02    -1.22471539e+03   
    4.69800000e+03     2.34900000e+00    -1.22467148e+03     2.83387919e+02    -1.22471696e+03   
    4.69900000e+03     2.34950000e+00    -1.22467157e+03     2.95971734e+02    -1.22471984e+03   
    4.70000000e+03     2.35000000e+00    -1.22467152e+03     3.11987286e+02    -1.22472271e+03   
    4.70100000e+03     2.35050000e+00    -1.22467164e+03     3.20225656e+02    -1.22472500e+03   
    4.70200000e+03     2.35100000e+00    -1.22467158e+03     3.30651997e+02    -1.22472630e+03   
    4.70300000e+03     2.35150000e+00    -1.22467150e+03     3.36731835e+02    -1.22472701e+03   
    4.70400000e+03     2.35200000e+00    -1.22467158e+03     3.42238097e+02    -1.22472773e+03   
    4.70500000e+03     2.35250000e+00    -1.22467149e+03     3.45343606e+02    -1.22472802e+03   
    4.70600000e+03     2.35300000e+00    -1.22467155e+03     3.48428949e+02    -1.22472802e+03   
    4.70700000e+03     2.35350000e+00    -1.22467142e+03     3.46750462e+02    -1.22472787e+03   
    4.70800000e+03     2.35400000e+00    -1.22467151e+03     3.53598895e+02    -1.22472859e+03   
    4.70900000e+03     2.35450000e+00    -1.22467153e+03     3.60743780e+02    -1.22472988e+03   
    4.71000000e+03     2.35500000e+00    -1.22467146e+03     3.73964557e+02    -1.22473118e+03   
    4.71100000e+03     2.35550000e+00    -1.22467153e+03     3.81402765e+02    -1.22473247e+03   
    4.71200000e+03     2.35600000e+00    -1.22467153e+03     3.85302886e+02    -1.22473304e+03   
    4.71300000e+03     2.35650000e+00    -1.22467153e+03     3.92509541e+02    -1.22473276e+03   
    4.71400000e+03     2.35700000e+00    -1.22467151e+03     3.85770486e+02    -1.22473161e+03   
    4.71500000e+03     2.35750000e+00    -1.22467145e+03     3.85464576e+02    -1.22473017e+03   
    4.71600000e+03     2.35800000e+00    -1.22467147e+03     3.77000939e+02    -1.22472945e+03   
    4.71700000e+03     2.35850000e+00    -1.22467147e+03     3.81460530e+02    -1.22472960e+03   
    4.71800000e+03     2.35900000e+00    -1.22467145e+03     3.82398570e+02    -1.22473046e+03   
    4.71900000e+03     2.35950000e+00    -1.22467155e+03     3.79854598e+02    -1.22473132e+03   
    4.72000000e+03     2.36000000e+00    -1.22467146e+03     3.75285477e+02    -1.22473218e+03   
    4.72100000e+03     2.36050000e+00    -1.22467149e+03     3.74495172e+02    -1.22473347e+03   
    4.72200000e+03     2.36100000e+00    -1.22467147e+03     3.77934241e+02    -1.22473491e+03   
    4.72300000e+03     2.36150000e+00    -1.22467155e+03     3.78674132e+02    -1.22473649e+03   
    4.72400000e+03     2.36200000e+00    -1.22467162e+03     3.80329479e+02    -1.22473749e+03   
    4.72500000e+03     2.36250000e+00    -1.22467158e+03     3.80751379e+02    -1.22473706e+03   
    4.72600000e+03     2.36300000e+00    -1.22467156e+03     3.70404884e+02    -1.22473520e+03   
    4.72700000e+03     2.36350000e+00    -1.22467145e+03     3.59717098e+02    -1.22473204e+03   
    4.72800000e+03     2.36400000e+00    -1.22467152e+03     3.44042397e+02    -1.22472888e+03   
    4.72900000e+03     2.36450000e+00    -1.22467141e+03     3.35974537e+02    -1.22472630e+03   
    4.73000000e+03     2.36500000e+00    -1.22467147e+03     3.26635247e+02    -1.22472558e+03   
    4.73100000e+03     2.36550000e+00    -1.22467143e+03     3.27696017e+02    -1.22472644e+03   
    4.73200000e+03     2.36600000e+00    -1.22467158e+03     3.24153790e+02    -1.22472816e+03   
    4.73300000e+03     2.36650000e+00    -1.22467165e+03     3.30155551e+02    -1.22472945e+03   
    4.73400000e+03     2.36700000e+00    -1.22467157e+03     3.28880421e+02    -1.22472945e+03   
    4.73500000e+03     2.36750000e+00    -1.22467162e+03     3.26114217e+02    -1.22472859e+03   
    4.73600000e+03     2.36800000e+00    -1.22467158e+03     3.18262447e+02    -1.22472658e+03   
    4.73700000e+03     2.36850000e+00    -1.22467149e+03     3.05750676e+02    -1.22472429e+03   
    4.73800000e+03     2.36900000e+00    -1.22467138e+03     2.99871233e+02    -1.22472256e+03   
    4.73900000e+03     2.36950000e+00    -1.22467142e+03     2.93430292e+02    -1.22472228e+03   
    4.74000000e+03     2.37000000e+00    -1.22467143e+03     2.96477013e+02    -1.22472371e+03   
    4.74100000e+03     2.37050000e+00    -1.22467151e+03     3.12622631e+02    -1.22472687e+03   
    4.74200000e+03     2.37100000e+00    -1.22467151e+03     3.38458360e+02    -1.22473075e+03   
    4.74300000e+03     2.37150000e+00    -1.22467165e+03     3.51492880e+02    -1.22473390e+03   
    4.74400000e+03     2.37200000e+00    -1.22467165e+03     3.56773693e+02    -1.22473505e+03   
    4.74500000e+03     2.37250000e+00    -1.22467156e+03     3.54135059e+02    -1.22473362e+03   
    4.74600000e+03     2.37300000e+00    -1.22467153e+03     3.46194715e+02    -1.22473060e+03   
    4.74700000e+03     2.37350000e+00    -1.22467143e+03     3.31374532e+02    -1.22472730e+03   
    4.74800000e+03     2.37400000e+00    -1.22467136e+03     3.26210840e+02    -1.22472543e+03   
    4.74900000e+03     2.37450000e+00    -1.22467139e+03     3.29876368e+02    -1.22472586e+03   
    4.75000000e+03     2.37500000e+00    -1.22467151e+03     3.38720940e+02    -1.22472831e+03   
    4.75100000e+03     2.37550000e+00    -1.22467152e+03     3.44553362e+02    -1.22473132e+03   
    4.75200000e+03     2.37600000e+00    -1.22467161e+03     3.52761858e+02    -1.22473362e+03   
    4.75300000e+03     2.37650000e+00    -1.22467170e+03     3.54299926e+02    -1.22473376e+03   
    4.75400000e+03     2.37700000e+00    -1.22467159e+03     3.38843309e+02    -1.22473118e+03   
    4.75500000e+03     2.37750000e+00    -1.22467150e+03     3.17991980e+02    -1.22472658e+03   
    4.75600000e+03     2.37800000e+00    -1.22467139e+03     2.96770303e+02    -1.22472185e+03   
    4.75700000e+03     2.37850000e+00    -1.22467123e+03     2.78693070e+02    -1.22471912e+03   
    4.75800000e+03     2.37900000e+00    -1.22467135e+03     2.79846951e+02    -1.22471984e+03   
    4.75900000e+03     2.37950000e+00    -1.22467133e+03     2.97335155e+02    -1.22472271e+03   
    4.76000000e+03     2.38000000e+00    -1.22467150e+03     3.17307650e+02    -1.22472730e+03   
    4.76100000e+03     2.38050000e+00    -1.22467156e+03     3.37787876e+02    -1.22473146e+03   
    4.76200000e+03     2.38100000e+00    -1.22467168e+03     3.46575538e+02    -1.22473333e+03   
    4.76300000e+03     2.38150000e+00    -1.22467165e+03     3.40399445e+02    -1.22473218e+03   
    4.76400000e+03     2.38200000e+00    -1.22467158e+03     3.24075940e+02    -1.22472831e+03   
    4.76500000e+03     2.38250000e+00    -1.22467145e+03     3.00308049e+02    -1.22472314e+03   
    4.76600000e+03     2.38300000e+00    -1.22467124e+03     2.83041447e+02    -1.22471883e+03   
    4.76700000e+03     2.38350000e+00    -1.22467129e+03     2.76718100e+02    -1.22471754e+03   
    4.76800000e+03     2.38400000e+00    -1.22467140e+03     2.84815946e+02    -1.22471955e+03   
    4.76900000e+03     2.38450000e+00    -1.22467153e+03     3.05471711e+02    -1.22472342e+03   
    4.77000000e+03     2.38500000e+00    -1.22467162e+03     3.26823937e+02    -1.22472716e+03   
    4.77100000e+03     2.38550000e+00    -1.22467168e+03     3.38451307e+02    -1.22472902e+03   
    4.77200000e+03     2.38600000e+00    -1.22467163e+03     3.40591244e+02    -1.22472845e+03   
    4.77300000e+03     2.38650000e+00    -1.22467148e+03     3.27596205e+02    -1.22472586e+03   
    4.77400000e+03     2.38700000e+00    -1.22467141e+03     3.17949441e+02    -1.22472271e+03   
    4.77500000e+03     2.38750000e+00    -1.22467128e+03     3.14570730e+02    -1.22471998e+03   
    4.77600000e+03     2.38800000e+00    -1.22467135e+03     3.18495287e+02    -1.22471926e+03   
    4.77700000e+03     2.38850000e+00    -1.22467130e+03     3.29394315e+02    -1.22472113e+03   
    4.77800000e+03     2.38900000e+00    -1.22467146e+03     3.44904930e+02    -1.22472543e+03   
    4.77900000e+03     2.38950000e+00    -1.22467146e+03     3.70208726e+02    -1.22473075e+03   
    4.78000000e+03     2.39000000e+00    -1.22467159e+03     3.88938411e+02    -1.22473577e+03   
    4.78100000e+03     2.39050000e+00    -1.22467163e+03     4.07785651e+02    -1.22473893e+03   
    4.78200000e+03     2.39100000e+00    -1.22467157e+03     4.15230303e+02    -1.22473922e+03   
    4.78300000e+03     2.39150000e+00    -1.22467160e+03     3.97873019e+02    -1.22473692e+03   
    4.78400000e+03     2.39200000e+00    -1.22467150e+03     3.75264180e+02    -1.22473290e+03   
    4.78500000e+03     2.39250000e+00    -1.22467131e+03     3.53097482e+02    -1.22472917e+03   
    4.78600000e+03     2.39300000e+00    -1.22467132e+03     3.39996019e+02    -1.22472744e+03   
    4.78700000e+03     2.39350000e+00    -1.22467134e+03     3.54367719e+02    -1.22472845e+03   
    4.78800000e+03     2.39400000e+00    -1.22467153e+03     3.64066109e+02    -1.22473118e+03   
    4.78900000e+03     2.39450000e+00    -1.22467154e+03     3.72694192e+02    -1.22473347e+03   
    4.79000000e+03     2.39500000e+00    -1.22467161e+03     3.83214141e+02    -1.22473448e+03   
    4.79100000e+03     2.39550000e+00    -1.22467152e+03     3.78731841e+02    -1.22473362e+03   
    4.79200000e+03     2.39600000e+00    -1.22467151e+03     3.68272969e+02    -1.22473089e+03   
    4.79300000e+03     2.39650000e+00    -1.22467149e+03     3.52129609e+02    -1.22472687e+03   
    4.79400000e+03     2.39700000e+00    -1.22467135e+03     3.31079398e+02    -1.22472299e+03   
    4.79500000e+03     2.39750000e+00    -1.22467128e+03     3.22362484e+02    -1.22472098e+03   
    4.79600000e+03     2.39800000e+00    -1.22467138e+03     3.26717995e+02    -1.22472156e+03   
    4.79700000e+03     2.39850000e+00    -1.22467137e+03     3.31190358e+02    -1.22472386e+03   
    4.79800000e+03     2.39900000e+00    -1.22467145e+03     3.41191778e+02    -1.22472673e+03   
    4.79900000e+03     2.39950000e+00    -1.22467160e+03     3.52833358e+02    -1.22472917e+03   
    4.80000000e+03     2.40000000e+00    -1.22467150e+03     3.59131400e+02    -1.22473017e+03   
    4.80100000e+03     2.40050000e+00    -1.22467151e+03     3.53044414e+02    -1.22472945e+03   
    4.80200000e+03     2.40100000e+00    -1.22467157e+03     3.41070718e+02    -1.22472744e+03   
    4.80300000e+03     2.40150000e+00    -1.22467152e+03     3.29157272e+02    -1.22472457e+03   
    4.80400000e+03     2.40200000e+00    -1.22467135e+03     3.10703135e+02    -1.22472199e+03   
    4.80500000e+03     2.40250000e+00    -1.22467144e+03     3.06525800e+02    -1.22472084e+03   
    4.80600000e+03     2.40300000e+00    -1.22467136e+03     3.10758711e+02    -1.22472127e+03   
    4.80700000e+03     2.40350000e+00    -1.22467140e+03     3.20295357e+02    -1.22472357e+03   
    4.80800000e+03     2.40400000e+00    -1.22467154e+03     3.31775761e+02    -1.22472630e+03   
    4.80900000e+03     2.40450000e+00    -1.22467164e+03     3.38618002e+02    -1.22472859e+03   
    4.81000000e+03     2.40500000e+00    -1.22467161e+03     3.41472339e+02    -1.22472960e+03   
    4.81100000e+03     2.40550000e+00    -1.22467151e+03     3.35967411e+02    -1.22472945e+03   
    4.81200000e+03     2.40600000e+00    -1.22467144e+03     3.32658811e+02    -1.22472859e+03   
    4.81300000e+03     2.40650000e+00    -1.22467143e+03     3.31311232e+02    -1.22472831e+03   
    4.81400000e+03     2.40700000e+00    -1.22467139e+03     3.32526491e+02    -1.22472931e+03   
    4.81500000e+03     2.40750000e+00    -1.22467152e+03     3.54245498e+02    -1.22473204e+03   
    4.81600000e+03     2.40800000e+00    -1.22467150e+03     3.68769141e+02    -1.22473563e+03   
    4.81700000e+03     2.40850000e+00    -1.22467158e+03     3.83343222e+02    -1.22473864e+03   
    4.81800000e+03     2.40900000e+00    -1.22467162e+03     3.87890185e+02    -1.22474008e+03   
    4.81900000e+03     2.40950000e+00    -1.22467163e+03     3.85265997e+02    -1.22473979e+03   
    4.82000000e+03     2.41000000e+00    -1.22467145e+03     3.80982122e+02    -1.22473807e+03   
    4.82100000e+03     2.41050000e+00    -1.22467145e+03     3.67116895e+02    -1.22473620e+03   
    4.82200000e+03     2.41100000e+00    -1.22467148e+03     3.60196690e+02    -1.22473491e+03   
    4.82300000e+03     2.41150000e+00    -1.22467150e+03     3.64256561e+02    -1.22473491e+03   
    4.82400000e+03     2.41200000e+00    -1.22467145e+03     3.65929006e+02    -1.22473548e+03   
    4.82500000e+03     2.41250000e+00    -1.22467144e+03     3.67612232e+02    -1.22473634e+03   
    4.82600000e+03     2.41300000e+00    -1.22467163e+03     3.80054780e+02    -1.22473721e+03   
    4.82700000e+03     2.41350000e+00    -1.22467153e+03     3.86359793e+02    -1.22473677e+03   
    4.82800000e+03     2.41400000e+00    -1.22467160e+03     3.85214611e+02    -1.22473505e+03   
    4.82900000e+03     2.41450000e+00    -1.22467151e+03     3.71202056e+02    -1.22473218e+03   
    4.83000000e+03     2.41500000e+00    -1.22467136e+03     3.67770828e+02    -1.22472960e+03   
    4.83100000e+03     2.41550000e+00    -1.22467143e+03     3.61377287e+02    -1.22472888e+03   
    4.83200000e+03     2.41600000e+00    -1.22467139e+03     3.75553951e+02    -1.22473017e+03   
    4.83300000e+03     2.41650000e+00    -1.22467149e+03     3.93154775e+02    -1.22473319e+03   
    4.83400000e+03     2.41700000e+00    -1.22467157e+03     4.09953753e+02    -1.22473634e+03   
    4.83500000e+03     2.41750000e+00    -1.22467165e+03     4.13990285e+02    -1.22473778e+03   
    4.83600000e+03     2.41800000e+00    -1.22467163e+03     4.07300373e+02    -1.22473706e+03   
    4.83700000e+03     2.41850000e+00    -1.22467150e+03     3.97106989e+02    -1.22473433e+03   
    4.83800000e+03     2.41900000e+00    -1.22467147e+03     3.80023373e+02    -1.22473075e+03   
    4.83900000e+03     2.41950000e+00    -1.22467136e+03     3.64296008e+02    -1.22472701e+03   
    4.84000000e+03     2.42000000e+00    -1.22467138e+03     3.56642398e+02    -1.22472443e+03   
    4.84100000e+03     2.42050000e+00    -1.22467134e+03     3.56269406e+02    -1.22472299e+03   
    4.84200000e+03     2.42100000e+00    -1.22467135e+03     3.67122240e+02    -1.22472314e+03   
    4.84300000e+03     2.42150000e+00    -1.22467149e+03     3.63081655e+02    -1.22472472e+03   
    4.84400000e+03     2.42200000e+00    -1.22467153e+03     3.67801606e+02    -1.22472630e+03   
    4.84500000e+03     2.42250000e+00    -1.22467169e+03     3.71121037e+02    -1.22472673e+03   
    4.84600000e+03     2.42300000e+00    -1.22467165e+03     3.56372480e+02    -1.22472472e+03   
    4.84700000e+03     2.42350000e+00    -1.22467152e+03     3.38081996e+02    -1.22472041e+03   
    4.84800000e+03     2.42400000e+00    -1.22467141e+03     3.23175155e+02    -1.22471524e+03   
    4.84900000e+03     2.42450000e+00    -1.22467125e+03     3.05835517e+02    -1.22471137e+03   
    4.85000000e+03     2.42500000e+00    -1.22467125e+03     3.02425017e+02    -1.22471094e+03   
    4.85100000e+03     2.42550000e+00    -1.22467125e+03     3.12412989e+02    -1.22471381e+03   
    4.85200000e+03     2.42600000e+00    -1.22467144e+03     3.37773124e+02    -1.22471883e+03   
    4.85300000e+03     2.42650000e+00    -1.22467146e+03     3.58936765e+02    -1.22472400e+03   
    4.85400000e+03     2.42700000e+00    -1.22467159e+03     3.74922074e+02    -1.22472831e+03   
    4.85500000e+03     2.42750000e+00    -1.22467150e+03     3.87167471e+02    -1.22473060e+03   
    4.85600000e+03     2.42800000e+00    -1.22467149e+03     3.92542968e+02    -1.22473089e+03   
    4.85700000e+03     2.42850000e+00    -1.22467146e+03     3.92940195e+02    -1.22472945e+03   
    4.85800000e+03     2.42900000e+00    -1.22467137e+03     3.74309609e+02    -1.22472701e+03   
    4.85900000e+03     2.42950000e+00    -1.22467133e+03     3.58659156e+02    -1.22472472e+03   
    4.86000000e+03     2.43000000e+00    -1.22467132e+03     3.58059054e+02    -1.22472386e+03   
    4.86100000e+03     2.43050000e+00    -1.22467130e+03     3.64172485e+02    -1.22472486e+03   
    4.86200000e+03     2.43100000e+00    -1.22467148e+03     3.74453863e+02    -1.22472744e+03   
    4.86300000e+03     2.43150000e+00    -1.22467156e+03     3.84953262e+02    -1.22472945e+03   
    4.86400000e+03     2.43200000e+00    -1.22467163e+03     3.78270878e+02    -1.22472888e+03   
    4.86500000e+03     2.43250000e+00    -1.22467164e+03     3.61559453e+02    -1.22472543e+03   
    4.86600000e+03     2.43300000e+00    -1.22467143e+03     3.38798549e+02    -1.22471984e+03   
    4.86700000e+03     2.43350000e+00    -1.22467140e+03     3.13599770e+02    -1.22471438e+03   
    4.86800000e+03     2.43400000e+00    -1.22467127e+03     3.00811594e+02    -1.22471079e+03   
    4.86900000e+03     2.43450000e+00    -1.22467123e+03     3.01140246e+02    -1.22471007e+03   
    4.87000000e+03     2.43500000e+00    -1.22467131e+03     3.10601319e+02    -1.22471237e+03   
    4.87100000e+03     2.43550000e+00    -1.22467149e+03     3.29780278e+02    -1.22471668e+03   
    4.87200000e+03     2.43600000e+00    -1.22467152e+03     3.57393360e+02    -1.22472127e+03   
    4.87300000e+03     2.43650000e+00    -1.22467162e+03     3.74322001e+02    -1.22472515e+03   
    4.87400000e+03     2.43700000e+00    -1.22467161e+03     3.78759686e+02    -1.22472716e+03   
    4.87500000e+03     2.43750000e+00    -1.22467162e+03     3.84583409e+02    -1.22472730e+03   
    4.87600000e+03     2.43800000e+00    -1.22467146e+03     3.78396523e+02    -1.22472572e+03   
    4.87700000e+03     2.43850000e+00    -1.22467139e+03     3.66311210e+02    -1.22472357e+03   
    4.87800000e+03     2.43900000e+00    -1.22467136e+03     3.58146168e+02    -1.22472213e+03   
    4.87900000e+03     2.43950000e+00    -1.22467137e+03     3.61335244e+02    -1.22472256e+03   
    4.88000000e+03     2.44000000e+00    -1.22467149e+03     3.76223702e+02    -1.22472486e+03   
    4.88100000e+03     2.44050000e+00    -1.22467155e+03     3.83944912e+02    -1.22472744e+03   
    4.88200000e+03     2.44100000e+00    -1.22467170e+03     3.87827809e+02    -1.22472902e+03   
    4.88300000e+03     2.44150000e+00    -1.22467167e+03     3.79047195e+02    -1.22472831e+03   
    4.88400000e+03     2.44200000e+00    -1.22467154e+03     3.64577010e+02    -1.22472558e+03   
    4.88500000e+03     2.44250000e+00    -1.22467141e+03     3.48940517e+02    -1.22472156e+03   
    4.88600000e+03     2.44300000e+00    -1.22467140e+03     3.37644596e+02    -1.22471797e+03   
    4.88700000e+03     2.44350000e+00    -1.22467136e+03     3.27200495e+02    -1.22471582e+03   
    4.88800000e+03     2.44400000e+00    -1.22467140e+03     3.21609925e+02    -1.22471553e+03   
    4.88900000e+03     2.44450000e+00    -1.22467140e+03     3.25771290e+02    -1.22471653e+03   
    4.89000000e+03     2.44500000e+00    -1.22467150e+03     3.43003545e+02    -1.22471840e+03   
    4.89100000e+03     2.44550000e+00    -1.22467147e+03     3.52206167e+02    -1.22472027e+03   
    4.89200000e+03     2.44600000e+00    -1.22467146e+03     3.56830596e+02    -1.22472228e+03   
    4.89300000e+03     2.44650000e+00    -1.22467153e+03     3.60110340e+02    -1.22472414e+03   
    4.89400000e+03     2.44700000e+00    -1.22467154e+03     3.58031607e+02    -1.22472515e+03   
    4.89500000e+03     2.44750000e+00    -1.22467163e+03     3.54009485e+02    -1.22472529e+03   
    4.89600000e+03     2.44800000e+00    -1.22467145e+03     3.56730664e+02    -1.22472443e+03   
    4.89700000e+03     2.44850000e+00    -1.22467141e+03     3.58320460e+02    -1.22472371e+03   
    4.89800000e+03     2.44900000e+00    -1.22467147e+03     3.58971428e+02    -1.22472414e+03   
    4.89900000e+03     2.44950000e+00    -1.22467151e+03     3.71967036e+02    -1.22472543e+03   
    4.90000000e+03     2.45000000e+00    -1.22467150e+03     3.74097617e+02    -1.22472644e+03   
    4.90100000e+03     2.45050000e+00    -1.22467160e+03     3.75743250e+02    -1.22472658e+03   
    4.90200000e+03     2.45100000e+00    -1.22467156e+03     3.68400965e+02    -1.22472515e+03   
    4.90300000e+03     2.45150000e+00    -1.22467155e+03     3.47005577e+02    -1.22472242e+03   
    4.90400000e+03     2.45200000e+00    -1.22467146e+03     3.30660502e+02    -1.22471912e+03   
    4.90500000e+03     2.45250000e+00    -1.22467141e+03     3.15858824e+02    -1.22471639e+03   
    4.90600000e+03     2.45300000e+00    -1.22467143e+03     3.07550448e+02    -1.22471481e+03   
    4.90700000e+03     2.45350000e+00    -1.22467150e+03     3.03475912e+02    -1.22471452e+03   
    4.90800000e+03     2.45400000e+00    -1.22467151e+03     3.08379691e+02    -1.22471524e+03   
    4.90900000e+03     2.45450000e+00    -1.22467154e+03     3.13594496e+02    -1.22471639e+03   
    4.91000000e+03     2.45500000e+00    -1.22467155e+03     3.25257235e+02    -1.22471740e+03   
    4.91100000e+03     2.45550000e+00    -1.22467151e+03     3.32268849e+02    -1.22471869e+03   
    4.91200000e+03     2.45600000e+00    -1.22467143e+03     3.43900781e+02    -1.22472070e+03   
    4.91300000e+03     2.45650000e+00    -1.22467156e+03     3.47813416e+02    -1.22472328e+03   
    4.91400000e+03     2.45700000e+00    -1.22467163e+03     3.62644228e+02    -1.22472529e+03   
    4.91500000e+03     2.45750000e+00    -1.22467149e+03     3.59133069e+02    -1.22472644e+03   
    4.91600000e+03     2.45800000e+00    -1.22467158e+03     3.56223326e+02    -1.22472730e+03   
    4.91700000e+03     2.45850000e+00    -1.22467149e+03     3.58564504e+02    -1.22472802e+03   
    4.91800000e+03     2.45900000e+00    -1.22467147e+03     3.59986158e+02    -1.22472874e+03   
    4.91900000e+03     2.45950000e+00    -1.22467157e+03     3.59094741e+02    -1.22472931e+03   
    4.92000000e+03     2.46000000e+00    -1.22467159e+03     3.54072911e+02    -1.22472917e+03   
    4.92100000e+03     2.46050000e+00    -1.22467150e+03     3.53978251e+02    -1.22472831e+03   
    4.92200000e+03     2.46100000e+00    -1.22467156e+03     3.43969104e+02    -1.22472687e+03   
    4.92300000e+03     2.46150000e+00    -1.22467150e+03     3.34981237e+02    -1.22472515e+03   
    4.92400000e+03     2.46200000e+00    -1.22467148e+03     3.27906810e+02    -1.22472414e+03   
    4.92500000e+03     2.46250000e+00    -1.22467144e+03     3.24584651e+02    -1.22472386e+03   
    4.92600000e+03     2.46300000e+00    -1.22467151e+03     3.27778561e+02    -1.22472443e+03   
    4.92700000e+03     2.46350000e+00    -1.22467158e+03     3.29238778e+02    -1.22472529e+03   
    4.92800000e+03     2.46400000e+00    -1.22467160e+03     3.31621585e+02    -1.22472529e+03   
    4.92900000e+03     2.46450000e+00    -1.22467148e+03     3.33061727e+02    -1.22472429e+03   
    4.93000000e+03     2.46500000e+00    -1.22467141e+03     3.26385173e+02    -1.22472328e+03   
    4.93100000e+03     2.46550000e+00    -1.22467140e+03     3.32375354e+02    -1.22472342e+03   
    4.93200000e+03     2.46600000e+00    -1.22467147e+03     3.43937171e+02    -1.22472500e+03   
    4.93300000e+03     2.46650000e+00    -1.22467160e+03     3.49292842e+02    -1.22472673e+03   
    4.93400000e+03     2.46700000e+00    -1.22467157e+03     3.56355929e+02    -1.22472730e+03   
    4.93500000e+03     2.46750000e+00    -1.22467159e+03     3.48625471e+02    -1.22472658e+03   
    4.93600000e+03     2.46800000e+00    -1.22467155e+03     3.44665330e+02    -1.22472529e+03   
    4.93700000e+03     2.46850000e+00    -1.22467141e+03     3.39799303e+02    -1.22472371e+03   
    4.93800000e+03     2.46900000e+00    -1.22467145e+03     3.45691434e+02    -1.22472285e+03   
    4.93900000e+03     2.46950000e+00    -1.22467146e+03     3.34245773e+02    -1.22472199e+03   
    4.94000000e+03     2.47000000e+00    -1.22467158e+03     3.23109812e+02    -1.22472084e+03   
    4.94100000e+03     2.47050000e+00    -1.22467154e+03     3.12036103e+02    -1.22471926e+03   
    4.94200000e+03     2.47100000e+00    -1.22467138e+03     3.05851228e+02    -1.22471783e+03   
    4.94300000e+03     2.47150000e+00    -1.22467147e+03     3.09137669e+02    -1.22471754e+03   
    4.94400000e+03     2.47200000e+00    -1.22467139e+03     3.11649455e+02    -1.22471811e+03   
    4.94500000e+03     2.47250000e+00    -1.22467158e+03     3.18114998e+02    -1.22471969e+03   
    4.94600000e+03     2.47300000e+00    -1.22467164e+03     3.21344299e+02    -1.22472070e+03   
    4.94700000e+03     2.47350000e+00    -1.22467155e+03     3.23412461e+02    -1.22472070e+03   
    4.94800000e+03     2.47400000e+00    -1.22467144e+03     3.18866879e+02    -1.22471969e+03   
    4.94900000e+03     2.47450000e+00    -1.22467149e+03     3.13648237e+02    -1.22471926e+03   
    4.95000000e+03     2.47500000e+00    -1.22467155e+03     3.23687810e+02    -1.22471955e+03   
    4.95100000e+03     2.47550000e+00    -1.22467158e+03     3.28680506e+02    -1.22472041e+03   
    4.95200000e+03     2.47600000e+00    -1.22467155e+03     3.32702487e+02    -1.22472098e+03   
    4.95300000e+03     2.47650000e+00    -1.22467156e+03     3.29638354e+02    -1.22472084e+03   
    4.95400000e+03     2.47700000e+00    -1.22467154e+03     3.26904443e+02    -1.22472098e+03   
    4.95500000e+03     2.47750000e+00    -1.22467152e+03     3.35028019e+02    -1.22472213e+03   
    4.95600000e+03     2.47800000e+00    -1.22467160e+03     3.46716053e+02    -1.22472400e+03   
    4.95700000e+03     2.47850000e+00    -1.22467154e+03     3.55749208e+02    -1.22472543e+03   
    4.95800000e+03     2.47900000e+00    -1.22467165e+03     3.52389958e+02    -1.22472558e+03   
    4.95900000e+03     2.47950000e+00    -1.22467162e+03     3.40519143e+02    -1.22472400e+03   
    4.96000000e+03     2.48000000e+00    -1.22467155e+03     3.25475899e+02    -1.22472113e+03   
    4.96100000e+03     2.48050000e+00    -1.22467141e+03     3.10108715e+02    -1.22471840e+03   
    4.96200000e+03     2.48100000e+00    -1.22467131e+03     3.03222180e+02    -1.22471725e+03   
    4.96300000e+03     2.48150000e+00    -1.22467134e+03     3.04426703e+02    -1.22471869e+03   
    4.96400000e+03     2.48200000e+00    -1.22467153e+03     3.16092985e+02    -1.22472256e+03   
    4.96500000e+03     2.48250000e+00    -1.22467162e+03     3.37982403e+02    -1.22472687e+03   
    4.96600000e+03     2.48300000e+00    -1.22467161e+03     3.52337040e+02    -1.22472960e+03   
    4.96700000e+03     2.48350000e+00    -1.22467164e+03     3.50405382e+02    -1.22473017e+03   
    4.96800000e+03     2.48400000e+00    -1.22467159e+03     3.47203084e+02    -1.22472902e+03   
    4.96900000e+03     2.48450000e+00    -1.22467140e+03     3.46739271e+02    -1.22472759e+03   
    4.97000000e+03     2.48500000e+00    -1.22467150e+03     3.48169957e+02    -1.22472716e+03   
    4.97100000e+03     2.48550000e+00    -1.22467140e+03     3.51480427e+02    -1.22472773e+03   
    4.97200000e+03     2.48600000e+00    -1.22467140e+03     3.52839891e+02    -1.22472931e+03   
    4.97300000e+03     2.48650000e+00    -1.22467152e+03     3.63887727e+02    -1.22473232e+03   
    4.97400000e+03     2.48700000e+00    -1.22467149e+03     3.78722676e+02    -1.22473534e+03   
    4.97500000e+03     2.48750000e+00    -1.22467162e+03     3.82354161e+02    -1.22473749e+03   
    4.97600000e+03     2.48800000e+00    -1.22467161e+03     3.82810351e+02    -1.22473778e+03   
    4.97700000e+03     2.48850000e+00    -1.22467165e+03     3.74315555e+02    -1.22473591e+03   
    4.97800000e+03     2.48900000e+00    -1.22467161e+03     3.60118256e+02    -1.22473204e+03   
    4.97900000e+03     2.48950000e+00    -1.22467147e+03     3.42810943e+02    -1.22472759e+03   
    4.98000000e+03     2.49000000e+00    -1.22467135e+03     3.32333575e+02    -1.22472400e+03   
    4.98100000e+03     2.49050000e+00    -1.22467141e+03     3.28876896e+02    -1.22472271e+03   
    4.98200000e+03     2.49100000e+00    -1.22467138e+03     3.35608585e+02    -1.22472342e+03   
    4.98300000e+03     2.49150000e+00    -1.22467146e+03     3.42930399e+02    -1.22472515e+03   
    4.98400000e+03     2.49200000e+00    -1.22467154e+03     3.51990025e+02    -1.22472701e+03   
    4.98500000e+03     2.49250000e+00    -1.22467147e+03     3.59935870e+02    -1.22472831e+03   
    4.98600000e+03     2.49300000e+00    -1.22467157e+03     3.63589087e+02    -1.22472902e+03   
    4.98700000e+03     2.49350000e+00    -1.22467154e+03     3.69922314e+02    -1.22472945e+03   
    4.98800000e+03     2.49400000e+00    -1.22467156e+03     3.68943637e+02    -1.22472931e+03   
    4.98900000e+03     2.49450000e+00    -1.22467161e+03     3.65692547e+02    -1.22472831e+03   
    4.99000000e+03     2.49500000e+00    -1.22467144e+03     3.59589030e+02    -1.22472615e+03   
    4.99100000e+03     2.49550000e+00    -1.22467138e+03     3.53480350e+02    -1.22472429e+03   
    4.99200000e+03     2.49600000e+00    -1.22467135e+03     3.51124496e+02    -1.22472386e+03   
    4.99300000e+03     2.49650000e+00    -1.22467145e+03     3.57240421e+02    -1.22472529e+03   
    4.99400000e+03     2.49700000e+00    -1.22467155e+03     3.78511688e+02    -1.22472787e+03   
    4.99500000e+03     2.49750000e+00    -1.22467163e+03     3.87718825e+02    -1.22473003e+03   
    4.99600000e+03     2.49800000e+00    -1.22467155e+03     3.84068027e+02    -1.22473031e+03   
    4.99700000e+03     2.49850000e+00    -1.22467156e+03     3.78644466e+02    -1.22472874e+03   
    4.99800000e+03     2.49900000e+00    -1.22467149e+03     3.60621011e+02    -1.22472615e+03   
    4.99900000e+03     2.49950000e+00    -1.22467143e+03     3.54539190e+02    -1.22472342e+03   
    5.00000000e+03     2.50000000e+00    -1.22467135e+03     3.45414576e+02    -1.22472127e+03   
    5.00100000e+03     2.50050000e+00    -1.22467134e+03     3.41905003e+02    -1.22472055e+03   
    5.00200000e+03     2.50100000e+00    -1.22467142e+03     3.51728675e+02    -1.22472127e+03   
    5.00300000e+03     2.50150000e+00    -1.22467140e+03     3.57012842e+02    -1.22472285e+03   
    5.00400000e+03     2.50200000e+00    -1.22467145e+03     3.70844826e+02    -1.22472572e+03   
    5.00500000e+03     2.50250000e+00    -1.22467154e+03     3.80078303e+02    -1.22472902e+03   
    5.00600000e+03     2.50300000e+00    -1.22467164e+03     3.86484175e+02    -1.22473132e+03   
    5.00700000e+03     2.50350000e+00    -1.22467170e+03     3.83362875e+02    -1.22473132e+03   
    5.00800000e+03     2.50400000e+00    -1.22467161e+03     3.65614486e+02    -1.22472859e+03   
    5.00900000e+03     2.50450000e+00    -1.22467139e+03     3.49096509e+02    -1.22472457e+03   
    5.01000000e+03     2.50500000e+00    -1.22467136e+03     3.31303271e+02    -1.22472156e+03   
    5.01100000e+03     2.50550000e+00    -1.22467136e+03     3.30877383e+02    -1.22472141e+03   
    5.01200000e+03     2.50600000e+00    -1.22467139e+03     3.42305801e+02    -1.22472400e+03   
    5.01300000e+03     2.50650000e+00    -1.22467151e+03     3.56241147e+02    -1.22472759e+03   
    5.01400000e+03     2.50700000e+00    -1.22467167e+03     3.76112341e+02    -1.22473060e+03   
    5.01500000e+03     2.50750000e+00    -1.22467157e+03     3.81916155e+02    -1.22473175e+03   
    5.01600000e+03     2.50800000e+00    -1.22467155e+03     3.70171979e+02    -1.22473060e+03   
    5.01700000e+03     2.50850000e+00    -1.22467147e+03     3.61060899e+02    -1.22472744e+03   
    5.01800000e+03     2.50900000e+00    -1.22467147e+03     3.43350230e+02    -1.22472371e+03   
    5.01900000e+03     2.50950000e+00    -1.22467145e+03     3.24873183e+02    -1.22472070e+03   
    5.02000000e+03     2.51000000e+00    -1.22467143e+03     3.16110535e+02    -1.22471883e+03   
    5.02100000e+03     2.51050000e+00    -1.22467134e+03     3.16025797e+02    -1.22471826e+03   
    5.02200000e+03     2.51100000e+00    -1.22467138e+03     3.15274999e+02    -1.22471897e+03   
    5.02300000e+03     2.51150000e+00    -1.22467143e+03     3.18116007e+02    -1.22472027e+03   
    5.02400000e+03     2.51200000e+00    -1.22467146e+03     3.34552846e+02    -1.22472213e+03   
    5.02500000e+03     2.51250000e+00    -1.22467154e+03     3.35736191e+02    -1.22472386e+03   
    5.02600000e+03     2.51300000e+00    -1.22467155e+03     3.37743103e+02    -1.22472472e+03   
    5.02700000e+03     2.51350000e+00    -1.22467151e+03     3.36081483e+02    -1.22472457e+03   
    5.02800000e+03     2.51400000e+00    -1.22467154e+03     3.36465201e+02    -1.22472386e+03   
    5.02900000e+03     2.51450000e+00    -1.22467150e+03     3.31821774e+02    -1.22472314e+03   
    5.03000000e+03     2.51500000e+00    -1.22467149e+03     3.32493865e+02    -1.22472357e+03   
    5.03100000e+03     2.51550000e+00    -1.22467155e+03     3.37371862e+02    -1.22472486e+03   
    5.03200000e+03     2.51600000e+00    -1.22467159e+03     3.44091596e+02    -1.22472644e+03   
    5.03300000e+03     2.51650000e+00    -1.22467162e+03     3.45540792e+02    -1.22472716e+03   
    5.03400000e+03     2.51700000e+00    -1.22467155e+03     3.43638167e+02    -1.22472630e+03   
    5.03500000e+03     2.51750000e+00    -1.22467155e+03     3.35489348e+02    -1.22472386e+03   
    5.03600000e+03     2.51800000e+00    -1.22467147e+03     3.26634290e+02    -1.22472127e+03   
    5.03700000e+03     2.51850000e+00    -1.22467131e+03     3.16329040e+02    -1.22471940e+03   
    5.03800000e+03     2.51900000e+00    -1.22467133e+03     3.11167422e+02    -1.22471926e+03   
    5.03900000e+03     2.51950000e+00    -1.22467144e+03     3.24318483e+02    -1.22472070e+03   
    5.04000000e+03     2.52000000e+00    -1.22467155e+03     3.38981587e+02    -1.22472285e+03   
    5.04100000e+03     2.52050000e+00    -1.22467153e+03     3.47473094e+02    -1.22472486e+03   
    5.04200000e+03     2.52100000e+00    -1.22467161e+03     3.56364943e+02    -1.22472615e+03   
    5.04300000e+03     2.52150000e+00    -1.22467158e+03     3.56772264e+02    -1.22472630e+03   
    5.04400000e+03     2.52200000e+00    -1.22467153e+03     3.56428221e+02    -1.22472543e+03   
    5.04500000e+03     2.52250000e+00    -1.22467144e+03     3.54293371e+02    -1.22472472e+03   
    5.04600000e+03     2.52300000e+00    -1.22467144e+03     3.52226472e+02    -1.22472443e+03   
    5.04700000e+03     2.52350000e+00    -1.22467141e+03     3.54538662e+02    -1.22472472e+03   
    5.04800000e+03     2.52400000e+00    -1.22467141e+03     3.46519130e+02    -1.22472572e+03   
    5.04900000e+03     2.52450000e+00    -1.22467139e+03     3.57650137e+02    -1.22472787e+03   
    5.05000000e+03     2.52500000e+00    -1.22467156e+03     3.68833105e+02    -1.22473118e+03   
    5.05100000e+03     2.52550000e+00    -1.22467165e+03     3.84959469e+02    -1.22473433e+03   
    5.05200000e+03     2.52600000e+00    -1.22467173e+03     3.98870074e+02    -1.22473620e+03   
    5.05300000e+03     2.52650000e+00    -1.22467163e+03     3.90253421e+02    -1.22473534e+03   
    5.05400000e+03     2.52700000e+00    -1.22467164e+03     3.77966958e+02    -1.22473232e+03   
    5.05500000e+03     2.52750000e+00    -1.22467147e+03     3.60323610e+02    -1.22472816e+03   
    5.05600000e+03     2.52800000e+00    -1.22467136e+03     3.44329416e+02    -1.22472457e+03   
    5.05700000e+03     2.52850000e+00    -1.22467139e+03     3.37834153e+02    -1.22472314e+03   
    5.05800000e+03     2.52900000e+00    -1.22467145e+03     3.44185684e+02    -1.22472429e+03   
    5.05900000e+03     2.52950000e+00    -1.22467147e+03     3.58671542e+02    -1.22472716e+03   
    5.06000000e+03     2.53000000e+00    -1.22467159e+03     3.72966326e+02    -1.22473003e+03   
    5.06100000e+03     2.53050000e+00    -1.22467160e+03     3.78516648e+02    -1.22473118e+03   
    5.06200000e+03     2.53100000e+00    -1.22467159e+03     3.68524810e+02    -1.22473003e+03   
    5.06300000e+03     2.53150000e+00    -1.22467152e+03     3.55633264e+02    -1.22472687e+03   
    5.06400000e+03     2.53200000e+00    -1.22467148e+03     3.39424941e+02    -1.22472285e+03   
    5.06500000e+03     2.53250000e+00    -1.22467148e+03     3.25442013e+02    -1.22471969e+03   
    5.06600000e+03     2.53300000e+00    -1.22467144e+03     3.19576601e+02    -1.22471811e+03   
    5.06700000e+03     2.53350000e+00    -1.22467148e+03     3.20557744e+02    -1.22471854e+03   
    5.06800000e+03     2.53400000e+00    -1.22467151e+03     3.35463531e+02    -1.22472027e+03   
    5.06900000e+03     2.53450000e+00    -1.22467157e+03     3.41746640e+02    -1.22472228e+03   
    5.07000000e+03     2.53500000e+00    -1.22467154e+03     3.50384359e+02    -1.22472328e+03   
    5.07100000e+03     2.53550000e+00    -1.22467155e+03     3.46935022e+02    -1.22472342e+03   
    5.07200000e+03     2.53600000e+00    -1.22467152e+03     3.47942307e+02    -1.22472285e+03   
    5.07300000e+03     2.53650000e+00    -1.22467148e+03     3.48907804e+02    -1.22472256e+03   
    5.07400000e+03     2.53700000e+00    -1.22467148e+03     3.51390978e+02    -1.22472328e+03   
    5.07500000e+03     2.53750000e+00    -1.22467151e+03     3.52326841e+02    -1.22472486e+03   
    5.07600000e+03     2.53800000e+00    -1.22467151e+03     3.59166025e+02    -1.22472658e+03   
    5.07700000e+03     2.53850000e+00    -1.22467161e+03     3.66403560e+02    -1.22472802e+03   
    5.07800000e+03     2.53900000e+00    -1.22467155e+03     3.64416647e+02    -1.22472831e+03   
    5.07900000e+03     2.53950000e+00    -1.22467156e+03     3.69421384e+02    -1.22472773e+03   
    5.08000000e+03     2.54000000e+00    -1.22467150e+03     3.64246919e+02    -1.22472701e+03   
    5.08100000e+03     2.54050000e+00    -1.22467149e+03     3.61940300e+02    -1.22472658e+03   
    5.08200000e+03     2.54100000e+00    -1.22467140e+03     3.67198566e+02    -1.22472701e+03   
    5.08300000e+03     2.54150000e+00    -1.22467144e+03     3.69613367e+02    -1.22472831e+03   
    5.08400000e+03     2.54200000e+00    -1.22467160e+03     3.78717074e+02    -1.22473046e+03   
    5.08500000e+03     2.54250000e+00    -1.22467157e+03     3.84893035e+02    -1.22473218e+03   
    5.08600000e+03     2.54300000e+00    -1.22467164e+03     3.87992392e+02    -1.22473290e+03   
    5.08700000e+03     2.54350000e+00    -1.22467168e+03     3.83955969e+02    -1.22473204e+03   
    5.08800000e+03     2.54400000e+00    -1.22467160e+03     3.69152100e+02    -1.22472960e+03   
    5.08900000e+03     2.54450000e+00    -1.22467152e+03     3.54645318e+02    -1.22472630e+03   
    5.09000000e+03     2.54500000e+00    -1.22467139e+03     3.47465840e+02    -1.22472299e+03   
    5.09100000e+03     2.54550000e+00    -1.22467148e+03     3.40629615e+02    -1.22472141e+03   
    5.09200000e+03     2.54600000e+00    -1.22467144e+03     3.35577597e+02    -1.22472156e+03   
    5.09300000e+03     2.54650000e+00    -1.22467145e+03     3.45405697e+02    -1.22472328e+03   
    5.09400000e+03     2.54700000e+00    -1.22467158e+03     3.54449226e+02    -1.22472558e+03   
    5.09500000e+03     2.54750000e+00    -1.22467166e+03     3.57176084e+02    -1.22472730e+03   
    5.09600000e+03     2.54800000e+00    -1.22467166e+03     3.53892896e+02    -1.22472744e+03   
    5.09700000e+03     2.54850000e+00    -1.22467163e+03     3.49509160e+02    -1.22472586e+03   
    5.09800000e+03     2.54900000e+00    -1.22467161e+03     3.36826513e+02    -1.22472228e+03   
    5.09900000e+03     2.54950000e+00    -1.22467146e+03     3.16690409e+02    -1.22471768e+03   
    5.10000000e+03     2.55000000e+00    -1.22467132e+03     3.00547859e+02    -1.22471381e+03   
    5.10100000e+03     2.55050000e+00    -1.22467130e+03     3.03993543e+02    -1.22471309e+03   
    5.10200000e+03     2.55100000e+00    -1.22467145e+03     3.09859477e+02    -1.22471596e+03   
    5.10300000e+03     2.55150000e+00    -1.22467158e+03     3.29551247e+02    -1.22472070e+03   
    5.10400000e+03     2.55200000e+00    -1.22467175e+03     3.46985575e+02    -1.22472472e+03   
    5.10500000e+03     2.55250000e+00    -1.22467179e+03     3.43570937e+02    -1.22472586e+03   
    5.10600000e+03     2.55300000e+00    -1.22467165e+03     3.43147569e+02    -1.22472371e+03   
    5.10700000e+03     2.55350000e+00    -1.22467153e+03     3.25518127e+02    -1.22471940e+03   
    5.10800000e+03     2.55400000e+00    -1.22467149e+03     3.02392633e+02    -1.22471524e+03   
    5.10900000e+03     2.55450000e+00    -1.22467144e+03     2.91030440e+02    -1.22471280e+03   
    5.11000000e+03     2.55500000e+00    -1.22467134e+03     2.89401900e+02    -1.22471309e+03   
    5.11100000e+03     2.55550000e+00    -1.22467146e+03     2.98315915e+02    -1.22471567e+03   
    5.11200000e+03     2.55600000e+00    -1.22467153e+03     3.15901828e+02    -1.22471969e+03   
    5.11300000e+03     2.55650000e+00    -1.22467159e+03     3.33396305e+02    -1.22472371e+03   
    5.11400000e+03     2.55700000e+00    -1.22467170e+03     3.47132851e+02    -1.22472658e+03   
    5.11500000e+03     2.55750000e+00    -1.22467170e+03     3.47472160e+02    -1.22472730e+03   
    5.11600000e+03     2.55800000e+00    -1.22467165e+03     3.39639232e+02    -1.22472558e+03   
    5.11700000e+03     2.55850000e+00    -1.22467162e+03     3.24841627e+02    -1.22472213e+03   
    5.11800000e+03     2.55900000e+00    -1.22467145e+03     3.04357220e+02    -1.22471797e+03   
    5.11900000e+03     2.55950000e+00    -1.22467134e+03     2.89364872e+02    -1.22471524e+03   
    5.12000000e+03     2.56000000e+00    -1.22467127e+03     2.89796614e+02    -1.22471582e+03   
    5.12100000e+03     2.56050000e+00    -1.22467149e+03     3.01208229e+02    -1.22471984e+03   
    5.12200000e+03     2.56100000e+00    -1.22467161e+03     3.26526603e+02    -1.22472558e+03   
    5.12300000e+03     2.56150000e+00    -1.22467170e+03     3.47764334e+02    -1.22473075e+03   
    5.12400000e+03     2.56200000e+00    -1.22467183e+03     3.54415711e+02    -1.22473276e+03   
    5.12500000e+03     2.56250000e+00    -1.22467177e+03     3.41985992e+02    -1.22473060e+03   
    5.12600000e+03     2.56300000e+00    -1.22467162e+03     3.20802461e+02    -1.22472543e+03   
    5.12700000e+03     2.56350000e+00    -1.22467137e+03     2.99096772e+02    -1.22471969e+03   
    5.12800000e+03     2.56400000e+00    -1.22467130e+03     2.82066965e+02    -1.22471625e+03   
    5.12900000e+03     2.56450000e+00    -1.22467131e+03     2.85771558e+02    -1.22471653e+03   
    5.13000000e+03     2.56500000e+00    -1.22467155e+03     3.01747071e+02    -1.22472027e+03   
    5.13100000e+03     2.56550000e+00    -1.22467157e+03     3.25830264e+02    -1.22472515e+03   
    5.13200000e+03     2.56600000e+00    -1.22467176e+03     3.43305442e+02    -1.22472974e+03   
    5.13300000e+03     2.56650000e+00    -1.22467180e+03     3.54121316e+02    -1.22473204e+03   
    5.13400000e+03     2.56700000e+00    -1.22467168e+03     3.55452522e+02    -1.22473132e+03   
    5.13500000e+03     2.56750000e+00    -1.22467163e+03     3.44540048e+02    -1.22472845e+03   
    5.13600000e+03     2.56800000e+00    -1.22467151e+03     3.26710599e+02    -1.22472429e+03   
    5.13700000e+03     2.56850000e+00    -1.22467134e+03     3.10398619e+02    -1.22472070e+03   
    5.13800000e+03     2.56900000e+00    -1.22467136e+03     3.02726187e+02    -1.22471969e+03   
    5.13900000e+03     2.56950000e+00    -1.22467143e+03     3.09784805e+02    -1.22472170e+03   
    5.14000000e+03     2.57000000e+00    -1.22467150e+03     3.32416383e+02    -1.22472601e+03   
    5.14100000e+03     2.57050000e+00    -1.22467165e+03     3.50737705e+02    -1.22473103e+03   
    5.14200000e+03     2.57100000e+00    -1.22467173e+03     3.76279032e+02    -1.22473505e+03   
    5.14300000e+03     2.57150000e+00    -1.22467183e+03     3.80349608e+02    -1.22473663e+03   
    5.14400000e+03     2.57200000e+00    -1.22467168e+03     3.63110529e+02    -1.22473491e+03   
    5.14500000e+03     2.57250000e+00    -1.22467154e+03     3.39633415e+02    -1.22473075e+03   
    5.14600000e+03     2.57300000e+00    -1.22467141e+03     3.23545710e+02    -1.22472630e+03   
    5.14700000e+03     2.57350000e+00    -1.22467134e+03     3.08711829e+02    -1.22472328e+03   
    5.14800000e+03     2.57400000e+00    -1.22467147e+03     3.06899756e+02    -1.22472357e+03   
    5.14900000e+03     2.57450000e+00    -1.22467147e+03     3.22675351e+02    -1.22472630e+03   
    5.15000000e+03     2.57500000e+00    -1.22467158e+03     3.47724150e+02    -1.22473046e+03   
    5.15100000e+03     2.57550000e+00    -1.22467166e+03     3.59759770e+02    -1.22473405e+03   
    5.15200000e+03     2.57600000e+00    -1.22467163e+03     3.70935127e+02    -1.22473577e+03   
    5.15300000e+03     2.57650000e+00    -1.22467167e+03     3.66583212e+02    -1.22473534e+03   
    5.15400000e+03     2.57700000e+00    -1.22467163e+03     3.55832327e+02    -1.22473333e+03   
    5.15500000e+03     2.57750000e+00    -1.22467148e+03     3.48782672e+02    -1.22473060e+03   
    5.15600000e+03     2.57800000e+00    -1.22467149e+03     3.40615739e+02    -1.22472859e+03   
    5.15700000e+03     2.57850000e+00    -1.22467143e+03     3.36349597e+02    -1.22472816e+03   
    5.15800000e+03     2.57900000e+00    -1.22467147e+03     3.49853806e+02    -1.22472974e+03   
    5.15900000e+03     2.57950000e+00    -1.22467151e+03     3.59948768e+02    -1.22473261e+03   
    5.16000000e+03     2.58000000e+00    -1.22467156e+03     3.78992117e+02    -1.22473577e+03   
    5.16100000e+03     2.58050000e+00    -1.22467168e+03     3.86394776e+02    -1.22473792e+03   
    5.16200000e+03     2.58100000e+00    -1.22467165e+03     3.86121381e+02    -1.22473835e+03   
    5.16300000e+03     2.58150000e+00    -1.22467171e+03     3.77869296e+02    -1.22473706e+03   
    5.16400000e+03     2.58200000e+00    -1.22467158e+03     3.62221609e+02    -1.22473405e+03   
    5.16500000e+03     2.58250000e+00    -1.22467156e+03     3.49708141e+02    -1.22473003e+03   
    5.16600000e+03     2.58300000e+00    -1.22467145e+03     3.32901696e+02    -1.22472586e+03   
    5.16700000e+03     2.58350000e+00    -1.22467138e+03     3.15398979e+02    -1.22472285e+03   
    5.16800000e+03     2.58400000e+00    -1.22467144e+03     3.07776090e+02    -1.22472156e+03   
    5.16900000e+03     2.58450000e+00    -1.22467148e+03     3.12454498e+02    -1.22472185e+03   
    5.17000000e+03     2.58500000e+00    -1.22467159e+03     3.10826577e+02    -1.22472271e+03   
    5.17100000e+03     2.58550000e+00    -1.22467159e+03     3.15649799e+02    -1.22472314e+03   
    5.17200000e+03     2.58600000e+00    -1.22467159e+03     3.19164827e+02    -1.22472342e+03   
    5.17300000e+03     2.58650000e+00    -1.22467160e+03     3.14624852e+02    -1.22472357e+03   
    5.17400000e+03     2.58700000e+00    -1.22467158e+03     3.05167322e+02    -1.22472328e+03   
    5.17500000e+03     2.58750000e+00    -1.22467153e+03     3.05533166e+02    -1.22472285e+03   
    5.17600000e+03     2.58800000e+00    -1.22467148e+03     3.04925129e+02    -1.22472256e+03   
    5.17700000e+03     2.58850000e+00    -1.22467145e+03     3.03786733e+02    -1.22472299e+03   
    5.17800000e+03     2.58900000e+00    -1.22467149e+03     3.12021775e+02    -1.22472414e+03   
    5.17900000e+03     2.58950000e+00    -1.22467156e+03     3.20065183e+02    -1.22472572e+03   
    5.18000000e+03     2.59000000e+00    -1.22467161e+03     3.27793635e+02    -1.22472759e+03   
    5.18100000e+03     2.59050000e+00    -1.22467156e+03     3.30561865e+02    -1.22472859e+03   
    5.18200000e+03     2.59100000e+00    -1.22467160e+03     3.34093509e+02    -1.22472874e+03   
    5.18300000e+03     2.59150000e+00    -1.22467157e+03     3.32045640e+02    -1.22472759e+03   
    5.18400000e+03     2.59200000e+00    -1.22467149e+03     3.23741583e+02    -1.22472586e+03   
    5.18500000e+03     2.59250000e+00    -1.22467152e+03     3.12178495e+02    -1.22472486e+03   
    5.18600000e+03     2.59300000e+00    -1.22467149e+03     3.10837583e+02    -1.22472500e+03   
    5.18700000e+03     2.59350000e+00    -1.22467161e+03     3.15279878e+02    -1.22472630e+03   
    5.18800000e+03     2.59400000e+00    -1.22467161e+03     3.28395070e+02    -1.22472759e+03   
    5.18900000e+03     2.59450000e+00    -1.22467165e+03     3.32867668e+02    -1.22472831e+03   
    5.19000000e+03     2.59500000e+00    -1.22467161e+03     3.31562895e+02    -1.22472859e+03   
    5.19100000e+03     2.59550000e+00    -1.22467147e+03     3.34091914e+02    -1.22472831e+03   
    5.19200000e+03     2.59600000e+00    -1.22467154e+03     3.42725186e+02    -1.22472902e+03   
    5.19300000e+03     2.59650000e+00    -1.22467158e+03     3.49245105e+02    -1.22472988e+03   
    5.19400000e+03     2.59700000e+00    -1.22467155e+03     3.52453381e+02    -1.22473103e+03   
    5.19500000e+03     2.59750000e+00    -1.22467157e+03     3.62730513e+02    -1.22473261e+03   
    5.19600000e+03     2.59800000e+00    -1.22467151e+03     3.74828080e+02    -1.22473505e+03   
    5.19700000e+03     2.59850000e+00    -1.22467152e+03     3.80338010e+02    -1.22473778e+03   
    5.19800000e+03     2.59900000e+00    -1.22467164e+03     3.87946558e+02    -1.22473993e+03   
    5.19900000e+03     2.59950000e+00    -1.22467163e+03     3.89492251e+02    -1.22474108e+03   
    5.20000000e+03     2.60000000e+00    -1.22467173e+03     3.92456461e+02    -1.22474051e+03   
    5.20100000e+03     2.60050000e+00    -1.22467163e+03     3.76294704e+02    -1.22473835e+03   
    5.20200000e+03     2.60100000e+00    -1.22467148e+03     3.65988392e+02    -1.22473534e+03   
    5.20300000e+03     2.60150000e+00    -1.22467144e+03     3.50667039e+02    -1.22473261e+03   
    5.20400000e+03     2.60200000e+00    -1.22467145e+03     3.42436480e+02    -1.22473132e+03   
    5.20500000e+03     2.60250000e+00    -1.22467157e+03     3.41363465e+02    -1.22473132e+03   
    5.20600000e+03     2.60300000e+00    -1.22467160e+03     3.36023932e+02    -1.22473132e+03   
    5.20700000e+03     2.60350000e+00    -1.22467153e+03     3.28645705e+02    -1.22473046e+03   
    5.20800000e+03     2.60400000e+00    -1.22467156e+03     3.22397946e+02    -1.22472902e+03   
    5.20900000e+03     2.60450000e+00    -1.22467163e+03     3.16652315e+02    -1.22472744e+03   
    5.21000000e+03     2.60500000e+00    -1.22467162e+03     3.12780844e+02    -1.22472601e+03   
    5.21100000e+03     2.60550000e+00    -1.22467165e+03     3.12258274e+02    -1.22472500e+03   
    5.21200000e+03     2.60600000e+00    -1.22467157e+03     3.06105393e+02    -1.22472414e+03   
    5.21300000e+03     2.60650000e+00    -1.22467152e+03     3.13464911e+02    -1.22472371e+03   
    5.21400000e+03     2.60700000e+00    -1.22467154e+03     3.15686703e+02    -1.22472472e+03   
    5.21500000e+03     2.60750000e+00    -1.22467156e+03     3.24219349e+02    -1.22472716e+03   
    5.21600000e+03     2.60800000e+00    -1.22467156e+03     3.38277587e+02    -1.22473031e+03   
    5.21700000e+03     2.60850000e+00    -1.22467170e+03     3.50216675e+02    -1.22473347e+03   
    5.21800000e+03     2.60900000e+00    -1.22467173e+03     3.59041270e+02    -1.22473520e+03   
    5.21900000e+03     2.60950000e+00    -1.22467168e+03     3.58929823e+02    -1.22473462e+03   
    5.22000000e+03     2.61000000e+00    -1.22467157e+03     3.49571158e+02    -1.22473175e+03   
    5.22100000e+03     2.61050000e+00    -1.22467152e+03     3.29648750e+02    -1.22472816e+03   
    5.22200000e+03     2.61100000e+00    -1.22467138e+03     3.15596550e+02    -1.22472500e+03   
    5.22300000e+03     2.61150000e+00    -1.22467139e+03     3.14357836e+02    -1.22472371e+03   
    5.22400000e+03     2.61200000e+00    -1.22467147e+03     3.14379053e+02    -1.22472400e+03   
    5.22500000e+03     2.61250000e+00    -1.22467151e+03     3.21035076e+02    -1.22472486e+03   
    5.22600000e+03     2.61300000e+00    -1.22467158e+03     3.27896139e+02    -1.22472586e+03   
    5.22700000e+03     2.61350000e+00    -1.22467148e+03     3.31954501e+02    -1.22472658e+03   
    5.22800000e+03     2.61400000e+00    -1.22467153e+03     3.31021260e+02    -1.22472730e+03   
    5.22900000e+03     2.61450000e+00    -1.22467166e+03     3.37009530e+02    -1.22472744e+03   
    5.23000000e+03     2.61500000e+00    -1.22467165e+03     3.27341473e+02    -1.22472615e+03   
    5.23100000e+03     2.61550000e+00    -1.22467156e+03     3.13224108e+02    -1.22472342e+03   
    5.23200000e+03     2.61600000e+00    -1.22467140e+03     2.99465835e+02    -1.22472070e+03   
    5.23300000e+03     2.61650000e+00    -1.22467128e+03     2.95001000e+02    -1.22471998e+03   
    5.23400000e+03     2.61700000e+00    -1.22467136e+03     3.07896201e+02    -1.22472242e+03   
    5.23500000e+03     2.61750000e+00    -1.22467146e+03     3.36601852e+02    -1.22472744e+03   
    5.23600000e+03     2.61800000e+00    -1.22467170e+03     3.61246243e+02    -1.22473304e+03   
    5.23700000e+03     2.61850000e+00    -1.22467178e+03     3.76345312e+02    -1.22473649e+03   
    5.23800000e+03     2.61900000e+00    -1.22467169e+03     3.76242792e+02    -1.22473663e+03   
    5.23900000e+03     2.61950000e+00    -1.22467161e+03     3.63191024e+02    -1.22473405e+03   
    5.24000000e+03     2.62000000e+00    -1.22467153e+03     3.39307185e+02    -1.22473031e+03   
    5.24100000e+03     2.62050000e+00    -1.22467147e+03     3.21228188e+02    -1.22472687e+03   
    5.24200000e+03     2.62100000e+00    -1.22467153e+03     3.10802770e+02    -1.22472414e+03   
    5.24300000e+03     2.62150000e+00    -1.22467155e+03     3.04696193e+02    -1.22472170e+03   
    5.24400000e+03     2.62200000e+00    -1.22467154e+03     2.90736631e+02    -1.22471940e+03   
    5.24500000e+03     2.62250000e+00    -1.22467149e+03     2.85433300e+02    -1.22471826e+03   
    5.24600000e+03     2.62300000e+00    -1.22467153e+03     2.87512407e+02    -1.22471826e+03   
    5.24700000e+03     2.62350000e+00    -1.22467163e+03     2.90959005e+02    -1.22471897e+03   
    5.24800000e+03     2.62400000e+00    -1.22467166e+03     2.89163337e+02    -1.22471897e+03   
    5.24900000e+03     2.62450000e+00    -1.22467166e+03     2.82295017e+02    -1.22471725e+03   
    5.25000000e+03     2.62500000e+00    -1.22467157e+03     2.67594662e+02    -1.22471409e+03   
    5.25100000e+03     2.62550000e+00    -1.22467148e+03     2.58372350e+02    -1.22471108e+03   
    5.25200000e+03     2.62600000e+00    -1.22467140e+03     2.50893738e+02    -1.22470964e+03   
    5.25300000e+03     2.62650000e+00    -1.22467139e+03     2.51701260e+02    -1.22471065e+03   
    5.25400000e+03     2.62700000e+00    -1.22467148e+03     2.64576531e+02    -1.22471395e+03   
    5.25500000e+03     2.62750000e+00    -1.22467171e+03     2.89233609e+02    -1.22471826e+03   
    5.25600000e+03     2.62800000e+00    -1.22467175e+03     2.98592469e+02    -1.22472170e+03   
    5.25700000e+03     2.62850000e+00    -1.22467165e+03     3.04275592e+02    -1.22472342e+03   
    5.25800000e+03     2.62900000e+00    -1.22467168e+03     3.05135787e+02    -1.22472400e+03   
    5.25900000e+03     2.62950000e+00    -1.22467167e+03     3.07327691e+02    -1.22472386e+03   
    5.26000000e+03     2.63000000e+00    -1.22467159e+03     3.00456962e+02    -1.22472357e+03   
    5.26100000e+03     2.63050000e+00    -1.22467165e+03     2.97615916e+02    -1.22472328e+03   
    5.26200000e+03     2.63100000e+00    -1.22467158e+03     2.99943861e+02    -1.22472242e+03   
    5.26300000e+03     2.63150000e+00    -1.22467159e+03     2.96383405e+02    -1.22472156e+03   
    5.26400000e+03     2.63200000e+00    -1.22467165e+03     2.94851990e+02    -1.22472055e+03   
    5.26500000e+03     2.63250000e+00    -1.22467161e+03     2.89524706e+02    -1.22471926e+03   
    5.26600000e+03     2.63300000e+00    -1.22467156e+03     2.73522141e+02    -1.22471725e+03   
    5.26700000e+03     2.63350000e+00    -1.22467158e+03     2.56941318e+02    -1.22471495e+03   
    5.26800000e+03     2.63400000e+00    -1.22467153e+03     2.55452420e+02    -1.22471323e+03   
    5.26900000e+03     2.63450000e+00    -1.22467151e+03     2.55971418e+02    -1.22471309e+03   
    5.27000000e+03     2.63500000e+00    -1.22467156e+03     2.68406796e+02    -1.22471510e+03   
    5.27100000e+03     2.63550000e+00    -1.22467154e+03     2.84075287e+02    -1.22471826e+03   
    5.27200000e+03     2.63600000e+00    -1.22467176e+03     2.92538415e+02    -1.22472141e+03   
    5.27300000e+03     2.63650000e+00    -1.22467164e+03     2.93777172e+02    -1.22472242e+03   
    5.27400000e+03     2.63700000e+00    -1.22467167e+03     2.91578816e+02    -1.22472213e+03   
    5.27500000e+03     2.63750000e+00    -1.22467148e+03     2.82808927e+02    -1.22472127e+03   
    5.27600000e+03     2.63800000e+00    -1.22467153e+03     2.88866928e+02    -1.22472199e+03   
    5.27700000e+03     2.63850000e+00    -1.22467160e+03     2.98267514e+02    -1.22472472e+03   
    5.27800000e+03     2.63900000e+00    -1.22467168e+03     3.15484010e+02    -1.22472845e+03   
    5.27900000e+03     2.63950000e+00    -1.22467172e+03     3.25516034e+02    -1.22473132e+03   
    5.28000000e+03     2.64000000e+00    -1.22467171e+03     3.29854946e+02    -1.22473218e+03   
    5.28100000e+03     2.64050000e+00    -1.22467171e+03     3.26888970e+02    -1.22473118e+03   
    5.28200000e+03     2.64100000e+00    -1.22467164e+03     3.17760902e+02    -1.22472888e+03   
    5.28300000e+03     2.64150000e+00    -1.22467164e+03     3.08263567e+02    -1.22472615e+03   
    5.28400000e+03     2.64200000e+00    -1.22467159e+03     2.95174628e+02    -1.22472314e+03   
    5.28500000e+03     2.64250000e+00    -1.22467159e+03     2.79489035e+02    -1.22472041e+03   
    5.28600000e+03     2.64300000e+00    -1.22467152e+03     2.71773401e+02    -1.22471826e+03   
    5.28700000e+03     2.64350000e+00    -1.22467158e+03     2.68959005e+02    -1.22471768e+03   
    5.28800000e+03     2.64400000e+00    -1.22467152e+03     2.74159143e+02    -1.22471840e+03   
    5.28900000e+03     2.64450000e+00    -1.22467160e+03     2.86037637e+02    -1.22471998e+03   
    5.29000000e+03     2.64500000e+00    -1.22467177e+03     2.83276267e+02    -1.22472084e+03   
    5.29100000e+03     2.64550000e+00    -1.22467170e+03     2.81197841e+02    -1.22472027e+03   
    5.29200000e+03     2.64600000e+00    -1.22467165e+03     2.71529590e+02    -1.22471869e+03   
    5.29300000e+03     2.64650000e+00    -1.22467159e+03     2.65681347e+02    -1.22471696e+03   
    5.29400000e+03     2.64700000e+00    -1.22467145e+03     2.60561732e+02    -1.22471653e+03   
    5.29500000e+03     2.64750000e+00    -1.22467152e+03     2.69493367e+02    -1.22471811e+03   
    5.29600000e+03     2.64800000e+00    -1.22467164e+03     2.81081250e+02    -1.22472127e+03   
    5.29700000e+03     2.64850000e+00    -1.22467162e+03     3.00434674e+02    -1.22472486e+03   
    5.29800000e+03     2.64900000e+00    -1.22467171e+03     3.13306434e+02    -1.22472831e+03   
    5.29900000e+03     2.64950000e+00    -1.22467169e+03     3.24113466e+02    -1.22473046e+03   
    5.30000000e+03     2.65000000e+00    -1.22467174e+03     3.24038173e+02    -1.22473132e+03   
    5.30100000e+03     2.65050000e+00    -1.22467167e+03     3.30030063e+02    -1.22473046e+03   
    5.30200000e+03     2.65100000e+00    -1.22467165e+03     3.17734054e+02    -1.22472802e+03   
    5.30300000e+03     2.65150000e+00    -1.22467154e+03     3.06392674e+02    -1.22472486e+03   
    5.30400000e+03     2.65200000e+00    -1.22467146e+03     2.93646340e+02    -1.22472242e+03   
    5.30500000e+03     2.65250000e+00    -1.22467143e+03     2.89425089e+02    -1.22472170e+03   
    5.30600000e+03     2.65300000e+00    -1.22467153e+03     2.92848703e+02    -1.22472285e+03   
    5.30700000e+03     2.65350000e+00    -1.22467164e+03     3.03134425e+02    -1.22472515e+03   
    5.30800000e+03     2.65400000e+00    -1.22467170e+03     3.09711473e+02    -1.22472701e+03   
    5.30900000e+03     2.65450000e+00    -1.22467168e+03     3.09736891e+02    -1.22472730e+03   
    5.31000000e+03     2.65500000e+00    -1.22467166e+03     3.06880242e+02    -1.22472601e+03   
    5.31100000e+03     2.65550000e+00    -1.22467156e+03     2.93237294e+02    -1.22472371e+03   
    5.31200000e+03     2.65600000e+00    -1.22467155e+03     2.84392817e+02    -1.22472213e+03   
    5.31300000e+03     2.65650000e+00    -1.22467146e+03     2.89241996e+02    -1.22472213e+03   
    5.31400000e+03     2.65700000e+00    -1.22467160e+03     2.94346854e+02    -1.22472400e+03   
    5.31500000e+03     2.65750000e+00    -1.22467167e+03     3.06312782e+02    -1.22472673e+03   
    5.31600000e+03     2.65800000e+00    -1.22467169e+03     3.21186301e+02    -1.22472988e+03   
    5.31700000e+03     2.65850000e+00    -1.22467171e+03     3.33731162e+02    -1.22473290e+03   
    5.31800000e+03     2.65900000e+00    -1.22467173e+03     3.42144620e+02    -1.22473520e+03   
    5.31900000e+03     2.65950000e+00    -1.22467179e+03     3.42328112e+02    -1.22473620e+03   
    5.32000000e+03     2.66000000e+00    -1.22467174e+03     3.34539364e+02    -1.22473520e+03   
    5.32100000e+03     2.66050000e+00    -1.22467166e+03     3.19065549e+02    -1.22473290e+03   
    5.32200000e+03     2.66100000e+00    -1.22467161e+03     3.11511329e+02    -1.22473060e+03   
    5.32300000e+03     2.66150000e+00    -1.22467156e+03     3.04992356e+02    -1.22472917e+03   
    5.32400000e+03     2.66200000e+00    -1.22467157e+03     3.03314271e+02    -1.22472902e+03   
    5.32500000e+03     2.66250000e+00    -1.22467171e+03     2.98175135e+02    -1.22472974e+03   
    5.32600000e+03     2.66300000e+00    -1.22467170e+03     3.07460122e+02    -1.22473046e+03   
    5.32700000e+03     2.66350000e+00    -1.22467178e+03     3.04104620e+02    -1.22473031e+03   
    5.32800000e+03     2.66400000e+00    -1.22467169e+03     2.92113253e+02    -1.22472874e+03   
    5.32900000e+03     2.66450000e+00    -1.22467168e+03     2.82191345e+02    -1.22472644e+03   
    5.33000000e+03     2.66500000e+00    -1.22467171e+03     2.74932151e+02    -1.22472400e+03   
    5.33100000e+03     2.66550000e+00    -1.22467166e+03     2.66332867e+02    -1.22472213e+03   
    5.33200000e+03     2.66600000e+00    -1.22467159e+03     2.64057052e+02    -1.22472113e+03   
    5.33300000e+03     2.66650000e+00    -1.22467164e+03     2.65504172e+02    -1.22472141e+03   
    5.33400000e+03     2.66700000e+00    -1.22467158e+03     2.65320781e+02    -1.22472256e+03   
    5.33500000e+03     2.66750000e+00    -1.22467169e+03     2.70934810e+02    -1.22472472e+03   
    5.33600000e+03     2.66800000e+00    -1.22467168e+03     2.80856097e+02    -1.22472759e+03   
    5.33700000e+03     2.66850000e+00    -1.22467183e+03     2.96097679e+02    -1.22473060e+03   
    5.33800000e+03     2.66900000e+00    -1.22467175e+03     3.05280685e+02    -1.22473232e+03   
    5.33900000e+03     2.66950000e+00    -1.22467179e+03     3.07176172e+02    -1.22473304e+03   
    5.34000000e+03     2.67000000e+00    -1.22467164e+03     2.99616355e+02    -1.22473247e+03   
    5.34100000e+03     2.67050000e+00    -1.22467171e+03     2.99640072e+02    -1.22473218e+03   
    5.34200000e+03     2.67100000e+00    -1.22467160e+03     2.97574401e+02    -1.22473232e+03   
    5.34300000e+03     2.67150000e+00    -1.22467164e+03     3.10476837e+02    -1.22473347e+03   
    5.34400000e+03     2.67200000e+00    -1.22467165e+03     3.14595358e+02    -1.22473491e+03   
    5.34500000e+03     2.67250000e+00    -1.22467172e+03     3.15343293e+02    -1.22473620e+03   
    5.34600000e+03     2.67300000e+00    -1.22467180e+03     3.13728540e+02    -1.22473692e+03   
    5.34700000e+03     2.67350000e+00    -1.22467180e+03     3.11207952e+02    -1.22473677e+03   
    5.34800000e+03     2.67400000e+00    -1.22467180e+03     3.06599981e+02    -1.22473591e+03   
    5.34900000e+03     2.67450000e+00    -1.22467171e+03     2.99731148e+02    -1.22473405e+03   
    5.35000000e+03     2.67500000e+00    -1.22467172e+03     2.92499481e+02    -1.22473204e+03   
    5.35100000e+03     2.67550000e+00    -1.22467160e+03     2.80181403e+02    -1.22473031e+03   
    5.35200000e+03     2.67600000e+00    -1.22467166e+03     2.76015837e+02    -1.22473017e+03   
    5.35300000e+03     2.67650000e+00    -1.22467166e+03     2.86804969e+02    -1.22473146e+03   
    5.35400000e+03     2.67700000e+00    -1.22467170e+03     2.97413035e+02    -1.22473362e+03   
    5.35500000e+03     2.67750000e+00    -1.22467169e+03     3.12036400e+02    -1.22473591e+03   
    5.35600000e+03     2.67800000e+00    -1.22467180e+03     3.16702258e+02    -1.22473749e+03   
    5.35700000e+03     2.67850000e+00    -1.22467175e+03     3.14706602e+02    -1.22473778e+03   
    5.35800000e+03     2.67900000e+00    -1.22467177e+03     3.10053991e+02    -1.22473721e+03   
    5.35900000e+03     2.67950000e+00    -1.22467167e+03     3.06933246e+02    -1.22473606e+03   
    5.36000000e+03     2.68000000e+00    -1.22467170e+03     3.03900145e+02    -1.22473505e+03   
    5.36100000e+03     2.68050000e+00    -1.22467161e+03     2.99268345e+02    -1.22473448e+03   
    5.36200000e+03     2.68100000e+00    -1.22467161e+03     3.00744943e+02    -1.22473477e+03   
    5.36300000e+03     2.68150000e+00    -1.22467164e+03     3.03999940e+02    -1.22473591e+03   
    5.36400000e+03     2.68200000e+00    -1.22467173e+03     3.10129084e+02    -1.22473749e+03   
    5.36500000e+03     2.68250000e+00    -1.22467174e+03     3.14321520e+02    -1.22473864e+03   
    5.36600000e+03     2.68300000e+00    -1.22467178e+03     3.11654233e+02    -1.22473878e+03   
    5.36700000e+03     2.68350000e+00    -1.22467175e+03     3.06725411e+02    -1.22473749e+03   
    5.36800000e+03     2.68400000e+00    -1.22467164e+03     2.93368377e+02    -1.22473491e+03   
    5.36900000e+03     2.68450000e+00    -1.22467168e+03     2.76394519e+02    -1.22473232e+03   
    5.37000000e+03     2.68500000e+00    -1.22467158e+03     2.65557017e+02    -1.22473060e+03   
    5.37100000e+03     2.68550000e+00    -1.22467154e+03     2.65325845e+02    -1.22473031e+03   
    5.37200000e+03     2.68600000e+00    -1.22467160e+03     2.73481941e+02    -1.22473175e+03   
    5.37300000e+03     2.68650000e+00    -1.22467172e+03     2.88564158e+02    -1.22473390e+03   
    5.37400000e+03     2.68700000e+00    -1.22467172e+03     2.94440907e+02    -1.22473534e+03   
    5.37500000e+03     2.68750000e+00    -1.22467176e+03     2.98721741e+02    -1.22473563e+03   
    5.37600000e+03     2.68800000e+00    -1.22467170e+03     2.86767289e+02    -1.22473462e+03   
    5.37700000e+03     2.68850000e+00    -1.22467163e+03     2.82096278e+02    -1.22473319e+03   
    5.37800000e+03     2.68900000e+00    -1.22467169e+03     2.86253556e+02    -1.22473218e+03   
    5.37900000e+03     2.68950000e+00    -1.22467155e+03     2.87396828e+02    -1.22473204e+03   
    5.38000000e+03     2.69000000e+00    -1.22467169e+03     2.97232015e+02    -1.22473333e+03   
    5.38100000e+03     2.69050000e+00    -1.22467168e+03     3.12746659e+02    -1.22473520e+03   
    5.38200000e+03     2.69100000e+00    -1.22467168e+03     3.20072562e+02    -1.22473735e+03   
    5.38300000e+03     2.69150000e+00    -1.22467165e+03     3.31446923e+02    -1.22473936e+03   
    5.38400000e+03     2.69200000e+00    -1.22467175e+03     3.37108281e+02    -1.22474094e+03   
    5.38500000e+03     2.69250000e+00    -1.22467180e+03     3.41818658e+02    -1.22474166e+03   
    5.38600000e+03     2.69300000e+00    -1.22467170e+03     3.40049138e+02    -1.22474051e+03   
    5.38700000e+03     2.69350000e+00    -1.22467169e+03     3.25427856e+02    -1.22473778e+03   
    5.38800000e+03     2.69400000e+00    -1.22467162e+03     3.16639532e+02    -1.22473462e+03   
    5.38900000e+03     2.69450000e+00    -1.22467157e+03     3.06318555e+02    -1.22473276e+03   
    5.39000000e+03     2.69500000e+00    -1.22467158e+03     3.05471457e+02    -1.22473304e+03   
    5.39100000e+03     2.69550000e+00    -1.22467170e+03     3.11141703e+02    -1.22473491e+03   
    5.39200000e+03     2.69600000e+00    -1.22467180e+03     3.15909128e+02    -1.22473649e+03   
    5.39300000e+03     2.69650000e+00    -1.22467176e+03     3.17635702e+02    -1.22473663e+03   
    5.39400000e+03     2.69700000e+00    -1.22467182e+03     3.13008687e+02    -1.22473505e+03   
    5.39500000e+03     2.69750000e+00    -1.22467166e+03     3.02250106e+02    -1.22473175e+03   
    5.39600000e+03     2.69800000e+00    -1.22467165e+03     2.85452737e+02    -1.22472787e+03   
    5.39700000e+03     2.69850000e+00    -1.22467161e+03     2.71322795e+02    -1.22472486e+03   
    5.39800000e+03     2.69900000e+00    -1.22467153e+03     2.63015018e+02    -1.22472328e+03   
    5.39900000e+03     2.69950000e+00    -1.22467151e+03     2.69839383e+02    -1.22472472e+03   
    5.40000000e+03     2.70000000e+00    -1.22467165e+03     2.87348730e+02    -1.22472845e+03   
    5.40100000e+03     2.70050000e+00    -1.22467165e+03     3.08438619e+02    -1.22473304e+03   
    5.40200000e+03     2.70100000e+00    -1.22467181e+03     3.26951328e+02    -1.22473706e+03   
    5.40300000e+03     2.70150000e+00    -1.22467190e+03     3.36189411e+02    -1.22473893e+03   
    5.40400000e+03     2.70200000e+00    -1.22467177e+03     3.31177716e+02    -1.22473764e+03   
    5.40500000e+03     2.70250000e+00    -1.22467175e+03     3.16235408e+02    -1.22473419e+03   
    5.40600000e+03     2.70300000e+00    -1.22467162e+03     2.96617110e+02    -1.22472945e+03   
    5.40700000e+03     2.70350000e+00    -1.22467141e+03     2.83909890e+02    -1.22472615e+03   
    5.40800000e+03     2.70400000e+00    -1.22467151e+03     2.84634857e+02    -1.22472586e+03   
    5.40900000e+03     2.70450000e+00    -1.22467154e+03     2.97368910e+02    -1.22472831e+03   
    5.41000000e+03     2.70500000e+00    -1.22467168e+03     3.09516630e+02    -1.22473175e+03   
    5.41100000e+03     2.70550000e+00    -1.22467180e+03     3.21866819e+02    -1.22473390e+03   
    5.41200000e+03     2.70600000e+00    -1.22467174e+03     3.19507173e+02    -1.22473376e+03   
    5.41300000e+03     2.70650000e+00    -1.22467173e+03     3.05139057e+02    -1.22473161e+03   
    5.41400000e+03     2.70700000e+00    -1.22467165e+03     2.88110940e+02    -1.22472802e+03   
    5.41500000e+03     2.70750000e+00    -1.22467158e+03     2.71997752e+02    -1.22472400e+03   
    5.41600000e+03     2.70800000e+00    -1.22467155e+03     2.55396833e+02    -1.22472113e+03   
    5.41700000e+03     2.70850000e+00    -1.22467144e+03     2.53136215e+02    -1.22472012e+03   
    5.41800000e+03     2.70900000e+00    -1.22467148e+03     2.59415339e+02    -1.22472185e+03   
    5.41900000e+03     2.70950000e+00    -1.22467151e+03     2.79183420e+02    -1.22472572e+03   
    5.42000000e+03     2.71000000e+00    -1.22467166e+03     3.05486010e+02    -1.22473075e+03   
    5.42100000e+03     2.71050000e+00    -1.22467183e+03     3.18888945e+02    -1.22473491e+03   
    5.42200000e+03     2.71100000e+00    -1.22467192e+03     3.27301442e+02    -1.22473663e+03   
    5.42300000e+03     2.71150000e+00    -1.22467184e+03     3.20274288e+02    -1.22473520e+03   
    5.42400000e+03     2.71200000e+00    -1.22467177e+03     3.08323842e+02    -1.22473118e+03   
    5.42500000e+03     2.71250000e+00    -1.22467157e+03     2.85103250e+02    -1.22472644e+03   
    5.42600000e+03     2.71300000e+00    -1.22467141e+03     2.70904733e+02    -1.22472328e+03   
    5.42700000e+03     2.71350000e+00    -1.22467146e+03     2.68619530e+02    -1.22472314e+03   
    5.42800000e+03     2.71400000e+00    -1.22467163e+03     2.78109117e+02    -1.22472500e+03   
    5.42900000e+03     2.71450000e+00    -1.22467170e+03     2.84530184e+02    -1.22472701e+03   
    5.43000000e+03     2.71500000e+00    -1.22467174e+03     2.94882551e+02    -1.22472831e+03   
    5.43100000e+03     2.71550000e+00    -1.22467173e+03     2.96751973e+02    -1.22472845e+03   
    5.43200000e+03     2.71600000e+00    -1.22467169e+03     2.91730146e+02    -1.22472744e+03   
    5.43300000e+03     2.71650000e+00    -1.22467166e+03     2.88128979e+02    -1.22472515e+03   
    5.43400000e+03     2.71700000e+00    -1.22467164e+03     2.73525891e+02    -1.22472170e+03   
    5.43500000e+03     2.71750000e+00    -1.22467148e+03     2.56774477e+02    -1.22471797e+03   
    5.43600000e+03     2.71800000e+00    -1.22467147e+03     2.54057951e+02    -1.22471582e+03   
    5.43700000e+03     2.71850000e+00    -1.22467141e+03     2.53556149e+02    -1.22471653e+03   
    5.43800000e+03     2.71900000e+00    -1.22467143e+03     2.73566278e+02    -1.22472041e+03   
    5.43900000e+03     2.71950000e+00    -1.22467166e+03     2.99253243e+02    -1.22472687e+03   
    5.44000000e+03     2.72000000e+00    -1.22467179e+03     3.23933162e+02    -1.22473347e+03   
    5.44100000e+03     2.72050000e+00    -1.22467179e+03     3.44012137e+02    -1.22473807e+03   
    5.44200000e+03     2.72100000e+00    -1.22467189e+03     3.51336383e+02    -1.22473993e+03   
    5.44300000e+03     2.72150000e+00    -1.22467168e+03     3.41829051e+02    -1.22473864e+03   
    5.44400000e+03     2.72200000e+00    -1.22467158e+03     3.23432062e+02    -1.22473620e+03   
    5.44500000e+03     2.72250000e+00    -1.22467151e+03     3.12715055e+02    -1.22473390e+03   
    5.44600000e+03     2.72300000e+00    -1.22467157e+03     3.04982311e+02    -1.22473304e+03   
    5.44700000e+03     2.72350000e+00    -1.22467165e+03     3.07140698e+02    -1.22473362e+03   
    5.44800000e+03     2.72400000e+00    -1.22467163e+03     3.09108232e+02    -1.22473491e+03   
    5.44900000e+03     2.72450000e+00    -1.22467160e+03     3.14181575e+02    -1.22473663e+03   
    5.45000000e+03     2.72500000e+00    -1.22467169e+03     3.23079188e+02    -1.22473835e+03   
    5.45100000e+03     2.72550000e+00    -1.22467174e+03     3.26803388e+02    -1.22473922e+03   
    5.45200000e+03     2.72600000e+00    -1.22467183e+03     3.23760667e+02    -1.22473878e+03   
    5.45300000e+03     2.72650000e+00    -1.22467175e+03     3.11705057e+02    -1.22473649e+03   
    5.45400000e+03     2.72700000e+00    -1.22467165e+03     2.95918937e+02    -1.22473333e+03   
    5.45500000e+03     2.72750000e+00    -1.22467156e+03     2.76766628e+02    -1.22473003e+03   
    5.45600000e+03     2.72800000e+00    -1.22467142e+03     2.71884727e+02    -1.22472802e+03   
    5.45700000e+03     2.72850000e+00    -1.22467150e+03     2.77013364e+02    -1.22472859e+03   
    5.45800000e+03     2.72900000e+00    -1.22467161e+03     2.90987584e+02    -1.22473189e+03   
    5.45900000e+03     2.72950000e+00    -1.22467166e+03     3.13477057e+02    -1.22473677e+03   
    5.46000000e+03     2.73000000e+00    -1.22467179e+03     3.31883330e+02    -1.22474122e+03   
    5.46100000e+03     2.73050000e+00    -1.22467179e+03     3.41878569e+02    -1.22474367e+03   
    5.46200000e+03     2.73100000e+00    -1.22467175e+03     3.40992336e+02    -1.22474367e+03   
    5.46300000e+03     2.73150000e+00    -1.22467169e+03     3.30631567e+02    -1.22474166e+03   
    5.46400000e+03     2.73200000e+00    -1.22467170e+03     3.20077477e+02    -1.22473878e+03   
    5.46500000e+03     2.73250000e+00    -1.22467162e+03     3.04022085e+02    -1.22473591e+03   
    5.46600000e+03     2.73300000e+00    -1.22467164e+03     2.93701509e+02    -1.22473390e+03   
    5.46700000e+03     2.73350000e+00    -1.22467155e+03     2.82944792e+02    -1.22473319e+03   
    5.46800000e+03     2.73400000e+00    -1.22467162e+03     2.87334743e+02    -1.22473333e+03   
    5.46900000e+03     2.73450000e+00    -1.22467166e+03     2.87406652e+02    -1.22473390e+03   
    5.47000000e+03     2.73500000e+00    -1.22467177e+03     2.93827934e+02    -1.22473477e+03   
    5.47100000e+03     2.73550000e+00    -1.22467177e+03     2.95714445e+02    -1.22473491e+03   
    5.47200000e+03     2.73600000e+00    -1.22467177e+03     2.90003406e+02    -1.22473347e+03   
    5.47300000e+03     2.73650000e+00    -1.22467179e+03     2.74851669e+02    -1.22473017e+03   
    5.47400000e+03     2.73700000e+00    -1.22467156e+03     2.60316870e+02    -1.22472586e+03   
    5.47500000e+03     2.73750000e+00    -1.22467148e+03     2.44231578e+02    -1.22472228e+03   
    5.47600000e+03     2.73800000e+00    -1.22467144e+03     2.37444063e+02    -1.22472055e+03   
    5.47700000e+03     2.73850000e+00    -1.22467155e+03     2.42201818e+02    -1.22472228e+03   
    5.47800000e+03     2.73900000e+00    -1.22467155e+03     2.55420345e+02    -1.22472658e+03   
    5.47900000e+03     2.73950000e+00    -1.22467180e+03     2.77439461e+02    -1.22473204e+03   
    5.48000000e+03     2.74000000e+00    -1.22467186e+03     3.00402992e+02    -1.22473649e+03   
    5.48100000e+03     2.74050000e+00    -1.22467184e+03     3.10048835e+02    -1.22473907e+03   
    5.48200000e+03     2.74100000e+00    -1.22467168e+03     3.16282069e+02    -1.22473950e+03   
    5.48300000e+03     2.74150000e+00    -1.22467173e+03     3.09978922e+02    -1.22473893e+03   
    5.48400000e+03     2.74200000e+00    -1.22467165e+03     3.03133229e+02    -1.22473792e+03   
    5.48500000e+03     2.74250000e+00    -1.22467159e+03     3.05293349e+02    -1.22473749e+03   
    5.48600000e+03     2.74300000e+00    -1.22467163e+03     3.01866562e+02    -1.22473792e+03   
    5.48700000e+03     2.74350000e+00    -1.22467158e+03     3.06957471e+02    -1.22473850e+03   
    5.48800000e+03     2.74400000e+00    -1.22467171e+03     3.15518948e+02    -1.22473965e+03   
    5.48900000e+03     2.74450000e+00    -1.22467173e+03     3.24076317e+02    -1.22474122e+03   
    5.49000000e+03     2.74500000e+00    -1.22467174e+03     3.26066674e+02    -1.22474223e+03   
    5.49100000e+03     2.74550000e+00    -1.22467176e+03     3.24822179e+02    -1.22474209e+03   
    5.49200000e+03     2.74600000e+00    -1.22467181e+03     3.18780371e+02    -1.22474051e+03   
    5.49300000e+03     2.74650000e+00    -1.22467175e+03     3.11789034e+02    -1.22473764e+03   
    5.49400000e+03     2.74700000e+00    -1.22467169e+03     2.98931313e+02    -1.22473462e+03   
    5.49500000e+03     2.74750000e+00    -1.22467162e+03     2.93449915e+02    -1.22473261e+03   
    5.49600000e+03     2.74800000e+00    -1.22467155e+03     2.92709562e+02    -1.22473247e+03   
    5.49700000e+03     2.74850000e+00    -1.22467164e+03     3.01940894e+02    -1.22473448e+03   
    5.49800000e+03     2.74900000e+00    -1.22467173e+03     3.15024571e+02    -1.22473778e+03   
    5.49900000e+03     2.74950000e+00    -1.22467176e+03     3.30656961e+02    -1.22474094e+03   
    5.50000000e+03     2.75000000e+00    -1.22467174e+03     3.38496656e+02    -1.22474295e+03   
    5.50100000e+03     2.75050000e+00    -1.22467177e+03     3.39928227e+02    -1.22474367e+03   
    5.50200000e+03     2.75100000e+00    -1.22467180e+03     3.34574648e+02    -1.22474323e+03   
    5.50300000e+03     2.75150000e+00    -1.22467170e+03     3.28541729e+02    -1.22474209e+03   
    5.50400000e+03     2.75200000e+00    -1.22467169e+03     3.25620740e+02    -1.22474122e+03   
    5.50500000e+03     2.75250000e+00    -1.22467171e+03     3.24576028e+02    -1.22474094e+03   
    5.50600000e+03     2.75300000e+00    -1.22467169e+03     3.25350876e+02    -1.22474122e+03   
    5.50700000e+03     2.75350000e+00    -1.22467178e+03     3.28010241e+02    -1.22474194e+03   
    5.50800000e+03     2.75400000e+00    -1.22467173e+03     3.28843469e+02    -1.22474252e+03   
    5.50900000e+03     2.75450000e+00    -1.22467176e+03     3.32581832e+02    -1.22474266e+03   
    5.51000000e+03     2.75500000e+00    -1.22467186e+03     3.27841011e+02    -1.22474209e+03   
    5.51100000e+03     2.75550000e+00    -1.22467174e+03     3.20722947e+02    -1.22474008e+03   
    5.51200000e+03     2.75600000e+00    -1.22467171e+03     3.06753938e+02    -1.22473721e+03   
    5.51300000e+03     2.75650000e+00    -1.22467170e+03     2.96887029e+02    -1.22473419e+03   
    5.51400000e+03     2.75700000e+00    -1.22467168e+03     2.89375547e+02    -1.22473232e+03   
    5.51500000e+03     2.75750000e+00    -1.22467166e+03     2.87825457e+02    -1.22473204e+03   
    5.51600000e+03     2.75800000e+00    -1.22467171e+03     2.90643173e+02    -1.22473290e+03   
    5.51700000e+03     2.75850000e+00    -1.22467170e+03     2.97209439e+02    -1.22473419e+03   
    5.51800000e+03     2.75900000e+00    -1.22467178e+03     2.96059984e+02    -1.22473520e+03   
    5.51900000e+03     2.75950000e+00    -1.22467171e+03     2.97385086e+02    -1.22473520e+03   
    5.52000000e+03     2.76000000e+00    -1.22467166e+03     2.94191953e+02    -1.22473477e+03   
    5.52100000e+03     2.76050000e+00    -1.22467173e+03     2.95139622e+02    -1.22473462e+03   
    5.52200000e+03     2.76100000e+00    -1.22467160e+03     2.95623752e+02    -1.22473491e+03   
    5.52300000e+03     2.76150000e+00    -1.22467169e+03     3.04758079e+02    -1.22473663e+03   
    5.52400000e+03     2.76200000e+00    -1.22467176e+03     3.06185539e+02    -1.22473893e+03   
    5.52500000e+03     2.76250000e+00    -1.22467177e+03     3.17782059e+02    -1.22474122e+03   
    5.52600000e+03     2.76300000e+00    -1.22467187e+03     3.28136370e+02    -1.22474280e+03   
    5.52700000e+03     2.76350000e+00    -1.22467177e+03     3.28827611e+02    -1.22474280e+03   
    5.52800000e+03     2.76400000e+00    -1.22467179e+03     3.20970320e+02    -1.22474194e+03   
    5.52900000e+03     2.76450000e+00    -1.22467166e+03     3.15627270e+02    -1.22474065e+03   
    5.53000000e+03     2.76500000e+00    -1.22467164e+03     3.12654605e+02    -1.22473993e+03   
    5.53100000e+03     2.76550000e+00    -1.22467161e+03     3.03736226e+02    -1.22473965e+03   
    5.53200000e+03     2.76600000e+00    -1.22467165e+03     3.04610243e+02    -1.22474036e+03   
    5.53300000e+03     2.76650000e+00    -1.22467173e+03     3.10595091e+02    -1.22474137e+03   
    5.53400000e+03     2.76700000e+00    -1.22467183e+03     3.09343057e+02    -1.22474209e+03   
    5.53500000e+03     2.76750000e+00    -1.22467183e+03     3.12341462e+02    -1.22474180e+03   
    5.53600000e+03     2.76800000e+00    -1.22467179e+03     3.05760066e+02    -1.22474036e+03   
    5.53700000e+03     2.76850000e+00    -1.22467170e+03     2.94526494e+02    -1.22473792e+03   
    5.53800000e+03     2.76900000e+00    -1.22467178e+03     2.82013855e+02    -1.22473505e+03   
    5.53900000e+03     2.76950000e+00    -1.22467172e+03     2.73455461e+02    -1.22473232e+03   
    5.54000000e+03     2.77000000e+00    -1.22467161e+03     2.65372260e+02    -1.22473046e+03   
    5.54100000e+03     2.77050000e+00    -1.22467156e+03     2.64044520e+02    -1.22473046e+03   
    5.54200000e+03     2.77100000e+00    -1.22467164e+03     2.65217621e+02    -1.22473218e+03   
    5.54300000e+03     2.77150000e+00    -1.22467174e+03     2.76510853e+02    -1.22473491e+03   
    5.54400000e+03     2.77200000e+00    -1.22467185e+03     2.89475863e+02    -1.22473764e+03   
    5.54500000e+03     2.77250000e+00    -1.22467178e+03     2.94842919e+02    -1.22473893e+03   
    5.54600000e+03     2.77300000e+00    -1.22467191e+03     2.92611021e+02    -1.22473878e+03   
    5.54700000e+03     2.77350000e+00    -1.22467171e+03     2.86590492e+02    -1.22473692e+03   
    5.54800000e+03     2.77400000e+00    -1.22467167e+03     2.79904962e+02    -1.22473477e+03   
    5.54900000e+03     2.77450000e+00    -1.22467161e+03     2.72071441e+02    -1.22473319e+03   
    5.55000000e+03     2.77500000e+00    -1.22467166e+03     2.75211221e+02    -1.22473319e+03   
    5.55100000e+03     2.77550000e+00    -1.22467168e+03     2.84845079e+02    -1.22473477e+03   
    5.55200000e+03     2.77600000e+00    -1.22467185e+03     2.97283392e+02    -1.22473735e+03   
    5.55300000e+03     2.77650000e+00    -1.22467187e+03     3.06651852e+02    -1.22473936e+03   
    5.55400000e+03     2.77700000e+00    -1.22467185e+03     3.05622352e+02    -1.22473979e+03   
    5.55500000e+03     2.77750000e+00    -1.22467182e+03     2.93940942e+02    -1.22473792e+03   
    5.55600000e+03     2.77800000e+00    -1.22467176e+03     2.83262914e+02    -1.22473433e+03   
    5.55700000e+03     2.77850000e+00    -1.22467160e+03     2.64283230e+02    -1.22473031e+03   
    5.55800000e+03     2.77900000e+00    -1.22467157e+03     2.50429805e+02    -1.22472744e+03   
    5.55900000e+03     2.77950000e+00    -1.22467156e+03     2.44011742e+02    -1.22472658e+03   
    5.56000000e+03     2.78000000e+00    -1.22467164e+03     2.45915133e+02    -1.22472816e+03   
    5.56100000e+03     2.78050000e+00    -1.22467175e+03     2.61422847e+02    -1.22473132e+03   
    5.56200000e+03     2.78100000e+00    -1.22467175e+03     2.79401520e+02    -1.22473505e+03   
    5.56300000e+03     2.78150000e+00    -1.22467176e+03     2.95290938e+02    -1.22473864e+03   
    5.56400000e+03     2.78200000e+00    -1.22467186e+03     3.01051419e+02    -1.22474079e+03   
    5.56500000e+03     2.78250000e+00    -1.22467180e+03     2.95863370e+02    -1.22474051e+03   
    5.56600000e+03     2.78300000e+00    -1.22467184e+03     2.88755652e+02    -1.22473864e+03   
    5.56700000e+03     2.78350000e+00    -1.22467175e+03     2.81223815e+02    -1.22473649e+03   
    5.56800000e+03     2.78400000e+00    -1.22467157e+03     2.78632686e+02    -1.22473534e+03   
    5.56900000e+03     2.78450000e+00    -1.22467159e+03     2.82613800e+02    -1.22473634e+03   
    5.57000000e+03     2.78500000e+00    -1.22467175e+03     2.95787346e+02    -1.22473893e+03   
    5.57100000e+03     2.78550000e+00    -1.22467179e+03     3.11378419e+02    -1.22474209e+03   
    5.57200000e+03     2.78600000e+00    -1.22467190e+03     3.25973168e+02    -1.22474467e+03   
    5.57300000e+03     2.78650000e+00    -1.22467186e+03     3.32918665e+02    -1.22474510e+03   
    5.57400000e+03     2.78700000e+00    -1.22467186e+03     3.18921044e+02    -1.22474323e+03   
    5.57500000e+03     2.78750000e+00    -1.22467174e+03     2.99799422e+02    -1.22473965e+03   
    5.57600000e+03     2.78800000e+00    -1.22467165e+03     2.77871106e+02    -1.22473591e+03   
    5.57700000e+03     2.78850000e+00    -1.22467161e+03     2.70305152e+02    -1.22473376e+03   
    5.57800000e+03     2.78900000e+00    -1.22467160e+03     2.69670795e+02    -1.22473390e+03   
    5.57900000e+03     2.78950000e+00    -1.22467161e+03     2.81333805e+02    -1.22473620e+03   
    5.58000000e+03     2.79000000e+00    -1.22467171e+03     2.96488772e+02    -1.22473979e+03   
    5.58100000e+03     2.79050000e+00    -1.22467175e+03     3.08883568e+02    -1.22474309e+03   
    5.58200000e+03     2.79100000e+00    -1.22467183e+03     3.18640438e+02    -1.22474539e+03   
    5.58300000e+03     2.79150000e+00    -1.22467182e+03     3.21545158e+02    -1.22474582e+03   
    5.58400000e+03     2.79200000e+00    -1.22467175e+03     3.16547706e+02    -1.22474438e+03   
    5.58500000e+03     2.79250000e+00    -1.22467166e+03     3.07442545e+02    -1.22474194e+03   
    5.58600000e+03     2.79300000e+00    -1.22467163e+03     3.01666060e+02    -1.22473993e+03   
    5.58700000e+03     2.79350000e+00    -1.22467159e+03     3.07508139e+02    -1.22473936e+03   
    5.58800000e+03     2.79400000e+00    -1.22467164e+03     3.14971529e+02    -1.22474094e+03   
    5.58900000e+03     2.79450000e+00    -1.22467167e+03     3.28186597e+02    -1.22474395e+03   
    5.59000000e+03     2.79500000e+00    -1.22467175e+03     3.43154363e+02    -1.22474725e+03   
    5.59100000e+03     2.79550000e+00    -1.22467182e+03     3.49920166e+02    -1.22474955e+03   
    5.59200000e+03     2.79600000e+00    -1.22467187e+03     3.49691589e+02    -1.22474998e+03   
    5.59300000e+03     2.79650000e+00    -1.22467184e+03     3.50487079e+02    -1.22474826e+03   
    5.59400000e+03     2.79700000e+00    -1.22467176e+03     3.39586386e+02    -1.22474496e+03   
    5.59500000e+03     2.79750000e+00    -1.22467162e+03     3.17926738e+02    -1.22474108e+03   
    5.59600000e+03     2.79800000e+00    -1.22467155e+03     3.07156363e+02    -1.22473807e+03   
    5.59700000e+03     2.79850000e+00    -1.22467163e+03     3.04167964e+02    -1.22473706e+03   
    5.59800000e+03     2.79900000e+00    -1.22467162e+03     3.06807016e+02    -1.22473821e+03   
    5.59900000e+03     2.79950000e+00    -1.22467168e+03     3.16058393e+02    -1.22474108e+03   
    5.60000000e+03     2.80000000e+00    -1.22467184e+03     3.30102032e+02    -1.22474438e+03   
    5.60100000e+03     2.80050000e+00    -1.22467187e+03     3.38263880e+02    -1.22474654e+03   
    5.60200000e+03     2.80100000e+00    -1.22467188e+03     3.30911689e+02    -1.22474639e+03   
    5.60300000e+03     2.80150000e+00    -1.22467175e+03     3.19009548e+02    -1.22474438e+03   
    5.60400000e+03     2.80200000e+00    -1.22467175e+03     3.02431057e+02    -1.22474194e+03   
    5.60500000e+03     2.80250000e+00    -1.22467159e+03     2.98601758e+02    -1.22474036e+03   
    5.60600000e+03     2.80300000e+00    -1.22467163e+03     3.00669899e+02    -1.22474051e+03   
    5.60700000e+03     2.80350000e+00    -1.22467171e+03     3.09339440e+02    -1.22474223e+03   
    5.60800000e+03     2.80400000e+00    -1.22467180e+03     3.15881823e+02    -1.22474453e+03   
    5.60900000e+03     2.80450000e+00    -1.22467181e+03     3.19240399e+02    -1.22474639e+03   
    5.61000000e+03     2.80500000e+00    -1.22467186e+03     3.18908561e+02    -1.22474711e+03   
    5.61100000e+03     2.80550000e+00    -1.22467185e+03     3.11406292e+02    -1.22474625e+03   
    5.61200000e+03     2.80600000e+00    -1.22467187e+03     3.07688298e+02    -1.22474424e+03   
    5.61300000e+03     2.80650000e+00    -1.22467177e+03     2.90953814e+02    -1.22474151e+03   
    5.61400000e+03     2.80700000e+00    -1.22467177e+03     2.76430696e+02    -1.22473907e+03   
    5.61500000e+03     2.80750000e+00    -1.22467164e+03     2.71070583e+02    -1.22473749e+03   
    5.61600000e+03     2.80800000e+00    -1.22467170e+03     2.74234034e+02    -1.22473735e+03   
    5.61700000e+03     2.80850000e+00    -1.22467170e+03     2.79163619e+02    -1.22473878e+03   
    5.61800000e+03     2.80900000e+00    -1.22467180e+03     2.88490258e+02    -1.22474108e+03   
    5.61900000e+03     2.80950000e+00    -1.22467188e+03     2.94907450e+02    -1.22474309e+03   
    5.62000000e+03     2.81000000e+00    -1.22467181e+03     3.02591680e+02    -1.22474410e+03   
    5.62100000e+03     2.81050000e+00    -1.22467189e+03     3.00521391e+02    -1.22474395e+03   
    5.62200000e+03     2.81100000e+00    -1.22467178e+03     2.95051326e+02    -1.22474252e+03   
    5.62300000e+03     2.81150000e+00    -1.22467177e+03     2.90003385e+02    -1.22474108e+03   
    5.62400000e+03     2.81200000e+00    -1.22467163e+03     2.86462129e+02    -1.22474051e+03   
    5.62500000e+03     2.81250000e+00    -1.22467170e+03     2.91598479e+02    -1.22474166e+03   
    5.62600000e+03     2.81300000e+00    -1.22467176e+03     3.04119577e+02    -1.22474381e+03   
    5.62700000e+03     2.81350000e+00    -1.22467189e+03     3.08919368e+02    -1.22474596e+03   
    5.62800000e+03     2.81400000e+00    -1.22467190e+03     3.12266167e+02    -1.22474725e+03   
    5.62900000e+03     2.81450000e+00    -1.22467179e+03     3.17744620e+02    -1.22474740e+03   
    5.63000000e+03     2.81500000e+00    -1.22467178e+03     3.17893394e+02    -1.22474625e+03   
    5.63100000e+03     2.81550000e+00    -1.22467176e+03     3.09499185e+02    -1.22474424e+03   
    5.63200000e+03     2.81600000e+00    -1.22467181e+03     3.05520679e+02    -1.22474180e+03   
    5.63300000e+03     2.81650000e+00    -1.22467172e+03     2.91535428e+02    -1.22473950e+03   
    5.63400000e+03     2.81700000e+00    -1.22467176e+03     2.85722515e+02    -1.22473807e+03   
    5.63500000e+03     2.81750000e+00    -1.22467163e+03     2.83214708e+02    -1.22473749e+03   
    5.63600000e+03     2.81800000e+00    -1.22467171e+03     2.78379331e+02    -1.22473792e+03   
    5.63700000e+03     2.81850000e+00    -1.22467177e+03     2.85664801e+02    -1.22473893e+03   
    5.63800000e+03     2.81900000e+00    -1.22467178e+03     2.93671735e+02    -1.22473950e+03   
    5.63900000e+03     2.81950000e+00    -1.22467188e+03     2.95310972e+02    -1.22473907e+03   
    5.64000000e+03     2.82000000e+00    -1.22467172e+03     2.89928070e+02    -1.22473749e+03   
    5.64100000e+03     2.82050000e+00    -1.22467170e+03     2.83005081e+02    -1.22473548e+03   
    5.64200000e+03     2.82100000e+00    -1.22467172e+03     2.72066668e+02    -1.22473390e+03   
    5.64300000e+03     2.82150000e+00    -1.22467172e+03     2.71613812e+02    -1.22473362e+03   
    5.64400000e+03     2.82200000e+00    -1.22467166e+03     2.70539287e+02    -1.22473433e+03   
    5.64500000e+03     2.82250000e+00    -1.22467167e+03     2.79332867e+02    -1.22473591e+03   
    5.64600000e+03     2.82300000e+00    -1.22467176e+03     2.85933116e+02    -1.22473778e+03   
    5.64700000e+03     2.82350000e+00    -1.22467170e+03     2.93471690e+02    -1.22473922e+03   
    5.64800000e+03     2.82400000e+00    -1.22467173e+03     2.98901283e+02    -1.22474051e+03   
    5.64900000e+03     2.82450000e+00    -1.22467182e+03     2.97992717e+02    -1.22474137e+03   
    5.65000000e+03     2.82500000e+00    -1.22467178e+03     3.01223676e+02    -1.22474122e+03   
    5.65100000e+03     2.82550000e+00    -1.22467179e+03     3.05254396e+02    -1.22474036e+03   
    5.65200000e+03     2.82600000e+00    -1.22467170e+03     2.96162490e+02    -1.22473850e+03   
    5.65300000e+03     2.82650000e+00    -1.22467169e+03     2.86161179e+02    -1.22473634e+03   
    5.65400000e+03     2.82700000e+00    -1.22467165e+03     2.81812512e+02    -1.22473477e+03   
    5.65500000e+03     2.82750000e+00    -1.22467157e+03     2.74810489e+02    -1.22473462e+03   
    5.65600000e+03     2.82800000e+00    -1.22467165e+03     2.80819976e+02    -1.22473563e+03   
    5.65700000e+03     2.82850000e+00    -1.22467176e+03     2.88141886e+02    -1.22473735e+03   
    5.65800000e+03     2.82900000e+00    -1.22467177e+03     2.98199174e+02    -1.22473893e+03   
    5.65900000e+03     2.82950000e+00    -1.22467179e+03     3.02760423e+02    -1.22474022e+03   
    5.66000000e+03     2.83000000e+00    -1.22467176e+03     3.01801016e+02    -1.22474108e+03   
    5.66100000e+03     2.83050000e+00    -1.22467173e+03     3.03771054e+02    -1.22474194e+03   
    5.66200000e+03     2.83100000e+00    -1.22467171e+03     3.05366746e+02    -1.22474323e+03   
    5.66300000e+03     2.83150000e+00    -1.22467177e+03     3.14853236e+02    -1.22474467e+03   
    5.66400000e+03     2.83200000e+00    -1.22467162e+03     3.18151860e+02    -1.22474596e+03   
    5.66500000e+03     2.83250000e+00    -1.22467167e+03     3.22671288e+02    -1.22474754e+03   
    5.66600000e+03     2.83300000e+00    -1.22467169e+03     3.31201127e+02    -1.22474941e+03   
    5.66700000e+03     2.83350000e+00    -1.22467165e+03     3.45945391e+02    -1.22475170e+03   
    5.66800000e+03     2.83400000e+00    -1.22467171e+03     3.54628530e+02    -1.22475400e+03   
    5.66900000e+03     2.83450000e+00    -1.22467172e+03     3.54808855e+02    -1.22475529e+03   
    5.67000000e+03     2.83500000e+00    -1.22467175e+03     3.54547443e+02    -1.22475544e+03   
    5.67100000e+03     2.83550000e+00    -1.22467170e+03     3.47265283e+02    -1.22475414e+03   
    5.67200000e+03     2.83600000e+00    -1.22467164e+03     3.28896022e+02    -1.22475199e+03   
    5.67300000e+03     2.83650000e+00    -1.22467170e+03     3.22422996e+02    -1.22474998e+03   
    5.67400000e+03     2.83700000e+00    -1.22467164e+03     3.17468369e+02    -1.22474840e+03   
    5.67500000e+03     2.83750000e+00    -1.22467163e+03     3.16052135e+02    -1.22474783e+03   
    5.67600000e+03     2.83800000e+00    -1.22467176e+03     3.11128129e+02    -1.22474797e+03   
    5.67700000e+03     2.83850000e+00    -1.22467172e+03     3.13008653e+02    -1.22474768e+03   
    5.67800000e+03     2.83900000e+00    -1.22467179e+03     3.09738842e+02    -1.22474697e+03   
    5.67900000e+03     2.83950000e+00    -1.22467175e+03     3.09761715e+02    -1.22474567e+03   
    5.68000000e+03     2.84000000e+00    -1.22467168e+03     3.02979179e+02    -1.22474453e+03   
    5.68100000e+03     2.84050000e+00    -1.22467168e+03     2.98740140e+02    -1.22474395e+03   
    5.68200000e+03     2.84100000e+00    -1.22467166e+03     3.04087475e+02    -1.22474424e+03   
    5.68300000e+03     2.84150000e+00    -1.22467169e+03     3.07961222e+02    -1.22474510e+03   
    5.68400000e+03     2.84200000e+00    -1.22467166e+03     3.17008796e+02    -1.22474668e+03   
    5.68500000e+03     2.84250000e+00    -1.22467169e+03     3.21287947e+02    -1.22474869e+03   
    5.68600000e+03     2.84300000e+00    -1.22467174e+03     3.27775617e+02    -1.22475027e+03   
    5.68700000e+03     2.84350000e+00    -1.22467186e+03     3.27134947e+02    -1.22475084e+03   
    5.68800000e+03     2.84400000e+00    -1.22467177e+03     3.22800174e+02    -1.22474984e+03   
    5.68900000e+03     2.84450000e+00    -1.22467176e+03     3.04967772e+02    -1.22474768e+03   
    5.69000000e+03     2.84500000e+00    -1.22467164e+03     2.95984711e+02    -1.22474496e+03   
    5.69100000e+03     2.84550000e+00    -1.22467161e+03     2.92459221e+02    -1.22474266e+03   
    5.69200000e+03     2.84600000e+00    -1.22467164e+03     2.86253083e+02    -1.22474122e+03   
    5.69300000e+03     2.84650000e+00    -1.22467159e+03     2.91455878e+02    -1.22474122e+03   
    5.69400000e+03     2.84700000e+00    -1.22467168e+03     2.92806280e+02    -1.22474252e+03   
    5.69500000e+03     2.84750000e+00    -1.22467168e+03     2.96295240e+02    -1.22474395e+03   
    5.69600000e+03     2.84800000e+00    -1.22467177e+03     2.95437577e+02    -1.22474496e+03   
    5.69700000e+03     2.84850000e+00    -1.22467182e+03     3.01640266e+02    -1.22474524e+03   
    5.69800000e+03     2.84900000e+00    -1.22467171e+03     3.02043530e+02    -1.22474481e+03   
    5.69900000e+03     2.84950000e+00    -1.22467178e+03     3.00410337e+02    -1.22474395e+03   
    5.70000000e+03     2.85000000e+00    -1.22467174e+03     2.91267857e+02    -1.22474309e+03   
    5.70100000e+03     2.85050000e+00    -1.22467161e+03     2.97370897e+02    -1.22474295e+03   
    5.70200000e+03     2.85100000e+00    -1.22467162e+03     3.04026597e+02    -1.22474352e+03   
    5.70300000e+03     2.85150000e+00    -1.22467162e+03     3.14182297e+02    -1.22474553e+03   
    5.70400000e+03     2.85200000e+00    -1.22467173e+03     3.31185317e+02    -1.22474855e+03   
    5.70500000e+03     2.85250000e+00    -1.22467181e+03     3.48305797e+02    -1.22475156e+03   
    5.70600000e+03     2.85300000e+00    -1.22467184e+03     3.55953920e+02    -1.22475371e+03   
    5.70700000e+03     2.85350000e+00    -1.22467186e+03     3.61140719e+02    -1.22475414e+03   
    5.70800000e+03     2.85400000e+00    -1.22467171e+03     3.62467079e+02    -1.22475257e+03   
    5.70900000e+03     2.85450000e+00    -1.22467170e+03     3.44055903e+02    -1.22474969e+03   
    5.71000000e+03     2.85500000e+00    -1.22467168e+03     3.31979241e+02    -1.22474639e+03   
    5.71100000e+03     2.85550000e+00    -1.22467156e+03     3.25076804e+02    -1.22474367e+03   
    5.71200000e+03     2.85600000e+00    -1.22467154e+03     3.17146278e+02    -1.22474223e+03   
    5.71300000e+03     2.85650000e+00    -1.22467166e+03     3.16442275e+02    -1.22474252e+03   
    5.71400000e+03     2.85700000e+00    -1.22467164e+03     3.22872193e+02    -1.22474352e+03   
    5.71500000e+03     2.85750000e+00    -1.22467181e+03     3.29281211e+02    -1.22474453e+03   
    5.71600000e+03     2.85800000e+00    -1.22467184e+03     3.24733970e+02    -1.22474424e+03   
    5.71700000e+03     2.85850000e+00    -1.22467180e+03     3.20597490e+02    -1.22474209e+03   
    5.71800000e+03     2.85900000e+00    -1.22467172e+03     3.03366962e+02    -1.22473835e+03   
    5.71900000e+03     2.85950000e+00    -1.22467167e+03     2.86257349e+02    -1.22473405e+03   
    5.72000000e+03     2.86000000e+00    -1.22467156e+03     2.69726861e+02    -1.22473046e+03   
    5.72100000e+03     2.86050000e+00    -1.22467157e+03     2.61404750e+02    -1.22472917e+03   
    5.72200000e+03     2.86100000e+00    -1.22467159e+03     2.61203653e+02    -1.22473060e+03   
    5.72300000e+03     2.86150000e+00    -1.22467159e+03     2.70654286e+02    -1.22473419e+03   
    5.72400000e+03     2.86200000e+00    -1.22467174e+03     2.86770314e+02    -1.22473864e+03   
    5.72500000e+03     2.86250000e+00    -1.22467189e+03     3.04382630e+02    -1.22474209e+03   
    5.72600000e+03     2.86300000e+00    -1.22467187e+03     3.12239509e+02    -1.22474309e+03   
    5.72700000e+03     2.86350000e+00    -1.22467174e+03     3.06018707e+02    -1.22474180e+03   
    5.72800000e+03     2.86400000e+00    -1.22467174e+03     2.97058336e+02    -1.22473922e+03   
    5.72900000e+03     2.86450000e+00    -1.22467167e+03     2.85654948e+02    -1.22473634e+03   
    5.73000000e+03     2.86500000e+00    -1.22467161e+03     2.74345546e+02    -1.22473448e+03   
    5.73100000e+03     2.86550000e+00    -1.22467162e+03     2.69072521e+02    -1.22473433e+03   
    5.73200000e+03     2.86600000e+00    -1.22467159e+03     2.76051635e+02    -1.22473591e+03   
    5.73300000e+03     2.86650000e+00    -1.22467160e+03     2.84136700e+02    -1.22473850e+03   
    5.73400000e+03     2.86700000e+00    -1.22467174e+03     2.93886813e+02    -1.22474122e+03   
    5.73500000e+03     2.86750000e+00    -1.22467172e+03     3.00215054e+02    -1.22474266e+03   
    5.73600000e+03     2.86800000e+00    -1.22467186e+03     3.01972123e+02    -1.22474266e+03   
    5.73700000e+03     2.86850000e+00    -1.22467174e+03     2.93886364e+02    -1.22474051e+03   
    5.73800000e+03     2.86900000e+00    -1.22467176e+03     2.81852359e+02    -1.22473735e+03   
    5.73900000e+03     2.86950000e+00    -1.22467159e+03     2.64561855e+02    -1.22473390e+03   
    5.74000000e+03     2.87000000e+00    -1.22467146e+03     2.52128359e+02    -1.22473218e+03   
    5.74100000e+03     2.87050000e+00    -1.22467144e+03     2.51737368e+02    -1.22473347e+03   
    5.74200000e+03     2.87100000e+00    -1.22467164e+03     2.70405893e+02    -1.22473792e+03   
    5.74300000e+03     2.87150000e+00    -1.22467173e+03     2.96384984e+02    -1.22474367e+03   
    5.74400000e+03     2.87200000e+00    -1.22467186e+03     3.15852770e+02    -1.22474855e+03   
    5.74500000e+03     2.87250000e+00    -1.22467194e+03     3.23468335e+02    -1.22475084e+03   
    5.74600000e+03     2.87300000e+00    -1.22467184e+03     3.18444242e+02    -1.22475013e+03   
    5.74700000e+03     2.87350000e+00    -1.22467172e+03     3.06818247e+02    -1.22474783e+03   
    5.74800000e+03     2.87400000e+00    -1.22467157e+03     2.92098267e+02    -1.22474524e+03   
    5.74900000e+03     2.87450000e+00    -1.22467154e+03     2.87875309e+02    -1.22474381e+03   
    5.75000000e+03     2.87500000e+00    -1.22467158e+03     2.89747463e+02    -1.22474424e+03   
    5.75100000e+03     2.87550000e+00    -1.22467161e+03     3.00051361e+02    -1.22474654e+03   
    5.75200000e+03     2.87600000e+00    -1.22467168e+03     3.15468223e+02    -1.22474998e+03   
    5.75300000e+03     2.87650000e+00    -1.22467174e+03     3.25849794e+02    -1.22475314e+03   
    5.75400000e+03     2.87700000e+00    -1.22467186e+03     3.34593595e+02    -1.22475501e+03   
    5.75500000e+03     2.87750000e+00    -1.22467191e+03     3.30410361e+02    -1.22475458e+03   
    5.75600000e+03     2.87800000e+00    -1.22467181e+03     3.14728939e+02    -1.22475185e+03   
    5.75700000e+03     2.87850000e+00    -1.22467174e+03     2.97144085e+02    -1.22474768e+03   
    5.75800000e+03     2.87900000e+00    -1.22467151e+03     2.73332339e+02    -1.22474309e+03   
    5.75900000e+03     2.87950000e+00    -1.22467145e+03     2.59242331e+02    -1.22474022e+03   
    5.76000000e+03     2.88000000e+00    -1.22467149e+03     2.60645178e+02    -1.22474051e+03   
    5.76100000e+03     2.88050000e+00    -1.22467159e+03     2.75078285e+02    -1.22474352e+03   
    5.76200000e+03     2.88100000e+00    -1.22467178e+03     2.99520624e+02    -1.22474768e+03   
    5.76300000e+03     2.88150000e+00    -1.22467191e+03     3.15410267e+02    -1.22475084e+03   
    5.76400000e+03     2.88200000e+00    -1.22467179e+03     3.16980100e+02    -1.22475127e+03   
    5.76500000e+03     2.88250000e+00    -1.22467174e+03     3.06603349e+02    -1.22474883e+03   
    5.76600000e+03     2.88300000e+00    -1.22467169e+03     2.95424140e+02    -1.22474510e+03   
    5.76700000e+03     2.88350000e+00    -1.22467158e+03     2.78553865e+02    -1.22474151e+03   
    5.76800000e+03     2.88400000e+00    -1.22467146e+03     2.68677175e+02    -1.22473993e+03   
    5.76900000e+03     2.88450000e+00    -1.22467157e+03     2.72678374e+02    -1.22474094e+03   
    5.77000000e+03     2.88500000e+00    -1.22467162e+03     2.80851187e+02    -1.22474338e+03   
    5.77100000e+03     2.88550000e+00    -1.22467170e+03     2.91869709e+02    -1.22474625e+03   
    5.77200000e+03     2.88600000e+00    -1.22467167e+03     3.04433152e+02    -1.22474826e+03   
    5.77300000e+03     2.88650000e+00    -1.22467169e+03     3.05509036e+02    -1.22474883e+03   
    5.77400000e+03     2.88700000e+00    -1.22467179e+03     2.95691157e+02    -1.22474768e+03   
    5.77500000e+03     2.88750000e+00    -1.22467172e+03     2.82467289e+02    -1.22474467e+03   
    5.77600000e+03     2.88800000e+00    -1.22467163e+03     2.71854947e+02    -1.22474079e+03   
    5.77700000e+03     2.88850000e+00    -1.22467150e+03     2.55021121e+02    -1.22473749e+03   
    5.77800000e+03     2.88900000e+00    -1.22467151e+03     2.52235914e+02    -1.22473634e+03   
    5.77900000e+03     2.88950000e+00    -1.22467145e+03     2.62327110e+02    -1.22473749e+03   
    5.78000000e+03     2.89000000e+00    -1.22467166e+03     2.77238787e+02    -1.22474094e+03   
    5.78100000e+03     2.89050000e+00    -1.22467171e+03     3.01603345e+02    -1.22474510e+03   
    5.78200000e+03     2.89100000e+00    -1.22467179e+03     3.14004530e+02    -1.22474812e+03   
    5.78300000e+03     2.89150000e+00    -1.22467189e+03     3.18405725e+02    -1.22474883e+03   
    5.78400000e+03     2.89200000e+00    -1.22467181e+03     3.08693104e+02    -1.22474682e+03   
    5.78500000e+03     2.89250000e+00    -1.22467159e+03     2.95051637e+02    -1.22474309e+03   
    5.78600000e+03     2.89300000e+00    -1.22467143e+03     2.83118831e+02    -1.22474008e+03   
    5.78700000e+03     2.89350000e+00    -1.22467148e+03     2.79199942e+02    -1.22473922e+03   
    5.78800000e+03     2.89400000e+00    -1.22467151e+03     2.91096155e+02    -1.22474051e+03   
    5.78900000e+03     2.89450000e+00    -1.22467159e+03     3.03683477e+02    -1.22474323e+03   
    5.79000000e+03     2.89500000e+00    -1.22467163e+03     3.15523096e+02    -1.22474611e+03   
    5.79100000e+03     2.89550000e+00    -1.22467176e+03     3.20788091e+02    -1.22474826e+03   
    5.79200000e+03     2.89600000e+00    -1.22467170e+03     3.23226298e+02    -1.22474898e+03   
    5.79300000e+03     2.89650000e+00    -1.22467167e+03     3.22066109e+02    -1.22474840e+03   
    5.79400000e+03     2.89700000e+00    -1.22467165e+03     3.10653117e+02    -1.22474697e+03   
    5.79500000e+03     2.89750000e+00    -1.22467163e+03     3.05942440e+02    -1.22474553e+03   
    5.79600000e+03     2.89800000e+00    -1.22467155e+03     3.03928744e+02    -1.22474467e+03   
    5.79700000e+03     2.89850000e+00    -1.22467156e+03     3.03164687e+02    -1.22474467e+03   
    5.79800000e+03     2.89900000e+00    -1.22467158e+03     3.07671685e+02    -1.22474539e+03   
    5.79900000e+03     2.89950000e+00    -1.22467155e+03     3.09470385e+02    -1.22474654e+03   
    5.80000000e+03     2.90000000e+00    -1.22467165e+03     3.20300431e+02    -1.22474783e+03   
    5.80100000e+03     2.90050000e+00    -1.22467168e+03     3.25630042e+02    -1.22474883e+03   
    5.80200000e+03     2.90100000e+00    -1.22467173e+03     3.26253911e+02    -1.22474898e+03   
    5.80300000e+03     2.90150000e+00    -1.22467167e+03     3.16655726e+02    -1.22474783e+03   
    5.80400000e+03     2.90200000e+00    -1.22467161e+03     3.08617781e+02    -1.22474596e+03   
    5.80500000e+03     2.90250000e+00    -1.22467158e+03     2.99859768e+02    -1.22474367e+03   
    5.80600000e+03     2.90300000e+00    -1.22467159e+03     2.88355629e+02    -1.22474223e+03   
    5.80700000e+03     2.90350000e+00    -1.22467159e+03     2.86517929e+02    -1.22474194e+03   
    5.80800000e+03     2.90400000e+00    -1.22467168e+03     2.85650306e+02    -1.22474280e+03   
    5.80900000e+03     2.90450000e+00    -1.22467170e+03     2.86359320e+02    -1.22474424e+03   
    5.81000000e+03     2.90500000e+00    -1.22467168e+03     2.91179034e+02    -1.22474553e+03   
    5.81100000e+03     2.90550000e+00    -1.22467169e+03     2.91632952e+02    -1.22474596e+03   
    5.81200000e+03     2.90600000e+00    -1.22467170e+03     2.84985550e+02    -1.22474553e+03   
    5.81300000e+03     2.90650000e+00    -1.22467166e+03     2.76829960e+02    -1.22474481e+03   
    5.81400000e+03     2.90700000e+00    -1.22467161e+03     2.70323054e+02    -1.22474453e+03   
    5.81500000e+03     2.90750000e+00    -1.22467158e+03     2.76239208e+02    -1.22474524e+03   
    5.81600000e+03     2.90800000e+00    -1.22467162e+03     2.79762435e+02    -1.22474639e+03   
    5.81700000e+03     2.90850000e+00    -1.22467176e+03     2.83859094e+02    -1.22474754e+03   
    5.81800000e+03     2.90900000e+00    -1.22467177e+03     2.89672613e+02    -1.22474812e+03   
    5.81900000e+03     2.90950000e+00    -1.22467171e+03     2.87392358e+02    -1.22474797e+03   
    5.82000000e+03     2.91000000e+00    -1.22467172e+03     2.87021869e+02    -1.22474783e+03   
    5.82100000e+03     2.91050000e+00    -1.22467175e+03     2.89056518e+02    -1.22474783e+03   
    5.82200000e+03     2.91100000e+00    -1.22467172e+03     2.92359926e+02    -1.22474768e+03   
    5.82300000e+03     2.91150000e+00    -1.22467172e+03     2.87021810e+02    -1.22474725e+03   
    5.82400000e+03     2.91200000e+00    -1.22467169e+03     2.81673930e+02    -1.22474625e+03   
    5.82500000e+03     2.91250000e+00    -1.22467168e+03     2.79753829e+02    -1.22474467e+03   
    5.82600000e+03     2.91300000e+00    -1.22467165e+03     2.69418523e+02    -1.22474338e+03   
    5.82700000e+03     2.91350000e+00    -1.22467153e+03     2.69980857e+02    -1.22474280e+03   
    5.82800000e+03     2.91400000e+00    -1.22467161e+03     2.71153838e+02    -1.22474352e+03   
    5.82900000e+03     2.91450000e+00    -1.22467176e+03     2.74192751e+02    -1.22474510e+03   
    5.83000000e+03     2.91500000e+00    -1.22467167e+03     2.83512558e+02    -1.22474611e+03   
    5.83100000e+03     2.91550000e+00    -1.22467168e+03     2.78040301e+02    -1.22474625e+03   
    5.83200000e+03     2.91600000e+00    -1.22467167e+03     2.80261030e+02    -1.22474596e+03   
    5.83300000e+03     2.91650000e+00    -1.22467168e+03     2.75617535e+02    -1.22474567e+03   
    5.83400000e+03     2.91700000e+00    -1.22467168e+03     2.76562388e+02    -1.22474596e+03   
    5.83500000e+03     2.91750000e+00    -1.22467168e+03     2.83669790e+02    -1.22474654e+03   
    5.83600000e+03     2.91800000e+00    -1.22467171e+03     2.82401632e+02    -1.22474725e+03   
    5.83700000e+03     2.91850000e+00    -1.22467162e+03     2.82519464e+02    -1.22474740e+03   
    5.83800000e+03     2.91900000e+00    -1.22467163e+03     2.89262783e+02    -1.22474754e+03   
    5.83900000e+03     2.91950000e+00    -1.22467164e+03     2.84973451e+02    -1.22474826e+03   
    5.84000000e+03     2.92000000e+00    -1.22467165e+03     2.94197087e+02    -1.22474969e+03   
    5.84100000e+03     2.92050000e+00    -1.22467172e+03     3.00213473e+02    -1.22475170e+03   
    5.84200000e+03     2.92100000e+00    -1.22467186e+03     3.04193627e+02    -1.22475328e+03   
    5.84300000e+03     2.92150000e+00    -1.22467186e+03     3.00977835e+02    -1.22475328e+03   
    5.84400000e+03     2.92200000e+00    -1.22467174e+03     3.00274983e+02    -1.22475170e+03   
    5.84500000e+03     2.92250000e+00    -1.22467164e+03     2.92309374e+02    -1.22474941e+03   
    5.84600000e+03     2.92300000e+00    -1.22467162e+03     2.86305113e+02    -1.22474768e+03   
    5.84700000e+03     2.92350000e+00    -1.22467158e+03     2.87720965e+02    -1.22474682e+03   
    5.84800000e+03     2.92400000e+00    -1.22467173e+03     2.88361624e+02    -1.22474682e+03   
    5.84900000e+03     2.92450000e+00    -1.22467161e+03     2.83856277e+02    -1.22474682e+03   
    5.85000000e+03     2.92500000e+00    -1.22467173e+03     2.83119468e+02    -1.22474711e+03   
    5.85100000e+03     2.92550000e+00    -1.22467163e+03     2.87773941e+02    -1.22474697e+03   
    5.85200000e+03     2.92600000e+00    -1.22467164e+03     2.93539463e+02    -1.22474697e+03   
    5.85300000e+03     2.92650000e+00    -1.22467160e+03     2.90824899e+02    -1.22474682e+03   
    5.85400000e+03     2.92700000e+00    -1.22467161e+03     2.91468080e+02    -1.22474654e+03   
    5.85500000e+03     2.92750000e+00    -1.22467168e+03     2.93648452e+02    -1.22474582e+03   
    5.85600000e+03     2.92800000e+00    -1.22467167e+03     2.88389327e+02    -1.22474496e+03   
    5.85700000e+03     2.92850000e+00    -1.22467150e+03     2.91458545e+02    -1.22474467e+03   
    5.85800000e+03     2.92900000e+00    -1.22467153e+03     2.99170403e+02    -1.22474611e+03   
    5.85900000e+03     2.92950000e+00    -1.22467169e+03     3.04400738e+02    -1.22474883e+03   
    5.86000000e+03     2.93000000e+00    -1.22467170e+03     3.22729893e+02    -1.22475156e+03   
    5.86100000e+03     2.93050000e+00    -1.22467189e+03     3.28829924e+02    -1.22475314e+03   
    5.86200000e+03     2.93100000e+00    -1.22467182e+03     3.25177987e+02    -1.22475185e+03   
    5.86300000e+03     2.93150000e+00    -1.22467163e+03     3.12885613e+02    -1.22474826e+03   
    5.86400000e+03     2.93200000e+00    -1.22467162e+03     2.94517427e+02    -1.22474410e+03   
    5.86500000e+03     2.93250000e+00    -1.22467151e+03     2.80263725e+02    -1.22474094e+03   
    5.86600000e+03     2.93300000e+00    -1.22467161e+03     2.76985468e+02    -1.22473965e+03   
    5.86700000e+03     2.93350000e+00    -1.22467163e+03     2.78148604e+02    -1.22473993e+03   
    5.86800000e+03     2.93400000e+00    -1.22467166e+03     2.83858756e+02    -1.22474079e+03   
    5.86900000e+03     2.93450000e+00    -1.22467172e+03     2.87415937e+02    -1.22474180e+03   
    5.87000000e+03     2.93500000e+00    -1.22467170e+03     2.88465417e+02    -1.22474266e+03   
    5.87100000e+03     2.93550000e+00    -1.22467162e+03     2.92885071e+02    -1.22474309e+03   
    5.87200000e+03     2.93600000e+00    -1.22467174e+03     2.93785408e+02    -1.22474280e+03   
    5.87300000e+03     2.93650000e+00    -1.22467162e+03     2.83591660e+02    -1.22474151e+03   
    5.87400000e+03     2.93700000e+00    -1.22467161e+03     2.79961571e+02    -1.22474022e+03   
    5.87500000e+03     2.93750000e+00    -1.22467152e+03     2.76719194e+02    -1.22473936e+03   
    5.87600000e+03     2.93800000e+00    -1.22467154e+03     2.78599245e+02    -1.22473936e+03   
    5.87700000e+03     2.93850000e+00    -1.22467159e+03     2.86907806e+02    -1.22474065e+03   
    5.87800000e+03     2.93900000e+00    -1.22467160e+03     2.96980055e+02    -1.22474323e+03   
    5.87900000e+03     2.93950000e+00    -1.22467167e+03     3.05476608e+02    -1.22474625e+03   
    5.88000000e+03     2.94000000e+00    -1.22467178e+03     3.11419258e+02    -1.22474812e+03   
    5.88100000e+03     2.94050000e+00    -1.22467178e+03     3.15629840e+02    -1.22474783e+03   
    5.88200000e+03     2.94100000e+00    -1.22467174e+03     3.02712371e+02    -1.22474553e+03   
    5.88300000e+03     2.94150000e+00    -1.22467164e+03     2.85488889e+02    -1.22474223e+03   
    5.88400000e+03     2.94200000e+00    -1.22467159e+03     2.71616854e+02    -1.22473965e+03   
    5.88500000e+03     2.94250000e+00    -1.22467159e+03     2.61676124e+02    -1.22473850e+03   
    5.88600000e+03     2.94300000e+00    -1.22467156e+03     2.67442832e+02    -1.22473893e+03   
    5.88700000e+03     2.94350000e+00    -1.22467163e+03     2.66496255e+02    -1.22474008e+03   
    5.88800000e+03     2.94400000e+00    -1.22467173e+03     2.64807729e+02    -1.22474079e+03   
    5.88900000e+03     2.94450000e+00    -1.22467160e+03     2.66575074e+02    -1.22474079e+03   
    5.89000000e+03     2.94500000e+00    -1.22467172e+03     2.66876644e+02    -1.22474065e+03   
    5.89100000e+03     2.94550000e+00    -1.22467161e+03     2.67162356e+02    -1.22474022e+03   
    5.89200000e+03     2.94600000e+00    -1.22467164e+03     2.66220863e+02    -1.22473979e+03   
    5.89300000e+03     2.94650000e+00    -1.22467163e+03     2.67228728e+02    -1.22473950e+03   
    5.89400000e+03     2.94700000e+00    -1.22467164e+03     2.62607227e+02    -1.22473950e+03   
    5.89500000e+03     2.94750000e+00    -1.22467158e+03     2.62870691e+02    -1.22473993e+03   
    5.89600000e+03     2.94800000e+00    -1.22467166e+03     2.68764955e+02    -1.22474108e+03   
    5.89700000e+03     2.94850000e+00    -1.22467166e+03     2.78877451e+02    -1.22474266e+03   
    5.89800000e+03     2.94900000e+00    -1.22467170e+03     2.86112800e+02    -1.22474395e+03   
    5.89900000e+03     2.94950000e+00    -1.22467171e+03     2.87202792e+02    -1.22474453e+03   
    5.90000000e+03     2.95000000e+00    -1.22467173e+03     2.89290459e+02    -1.22474424e+03   
    5.90100000e+03     2.95050000e+00    -1.22467167e+03     2.83330814e+02    -1.22474280e+03   
    5.90200000e+03     2.95100000e+00    -1.22467173e+03     2.80402860e+02    -1.22474122e+03   
    5.90300000e+03     2.95150000e+00    -1.22467164e+03     2.74091347e+02    -1.22473993e+03   
    5.90400000e+03     2.95200000e+00    -1.22467157e+03     2.77210752e+02    -1.22473936e+03   
    5.90500000e+03     2.95250000e+00    -1.22467165e+03     2.79390566e+02    -1.22473979e+03   
    5.90600000e+03     2.95300000e+00    -1.22467177e+03     2.77875300e+02    -1.22474051e+03   
    5.90700000e+03     2.95350000e+00    -1.22467179e+03     2.82018868e+02    -1.22474036e+03   
    5.90800000e+03     2.95400000e+00    -1.22467172e+03     2.79183523e+02    -1.22473907e+03   
    5.90900000e+03     2.95450000e+00    -1.22467162e+03     2.71098976e+02    -1.22473677e+03   
    5.91000000e+03     2.95500000e+00    -1.22467156e+03     2.63592575e+02    -1.22473477e+03   
    5.91100000e+03     2.95550000e+00    -1.22467150e+03     2.59888378e+02    -1.22473376e+03   
    5.91200000e+03     2.95600000e+00    -1.22467162e+03     2.59793971e+02    -1.22473419e+03   
    5.91300000e+03     2.95650000e+00    -1.22467160e+03     2.68057300e+02    -1.22473548e+03   
    5.91400000e+03     2.95700000e+00    -1.22467164e+03     2.77516530e+02    -1.22473735e+03   
    5.91500000e+03     2.95750000e+00    -1.22467160e+03     2.86902557e+02    -1.22473950e+03   
    5.91600000e+03     2.95800000e+00    -1.22467168e+03     2.96614885e+02    -1.22474151e+03   
    5.91700000e+03     2.95850000e+00    -1.22467164e+03     3.01361931e+02    -1.22474252e+03   
    5.91800000e+03     2.95900000e+00    -1.22467171e+03     2.98988027e+02    -1.22474237e+03   
    5.91900000e+03     2.95950000e+00    -1.22467158e+03     2.96372029e+02    -1.22474122e+03   
    5.92000000e+03     2.96000000e+00    -1.22467157e+03     2.91392471e+02    -1.22474008e+03   
    5.92100000e+03     2.96050000e+00    -1.22467154e+03     2.87013965e+02    -1.22473950e+03   
    5.92200000e+03     2.96100000e+00    -1.22467149e+03     2.88522239e+02    -1.22473979e+03   
    5.92300000e+03     2.96150000e+00    -1.22467155e+03     2.94398648e+02    -1.22474122e+03   
    5.92400000e+03     2.96200000e+00    -1.22467159e+03     3.08571679e+02    -1.22474352e+03   
    5.92500000e+03     2.96250000e+00    -1.22467163e+03     3.18785383e+02    -1.22474567e+03   
    5.92600000e+03     2.96300000e+00    -1.22467171e+03     3.23852948e+02    -1.22474654e+03   
    5.92700000e+03     2.96350000e+00    -1.22467164e+03     3.23834290e+02    -1.22474539e+03   
    5.92800000e+03     2.96400000e+00    -1.22467157e+03     3.14605437e+02    -1.22474323e+03   
    5.92900000e+03     2.96450000e+00    -1.22467150e+03     3.02599270e+02    -1.22474065e+03   
    5.93000000e+03     2.96500000e+00    -1.22467149e+03     2.93215347e+02    -1.22473893e+03   
    5.93100000e+03     2.96550000e+00    -1.22467158e+03     2.90201898e+02    -1.22473864e+03   
    5.93200000e+03     2.96600000e+00    -1.22467153e+03     2.96715582e+02    -1.22473979e+03   
    5.93300000e+03     2.96650000e+00    -1.22467154e+03     3.02406133e+02    -1.22474194e+03   
    5.93400000e+03     2.96700000e+00    -1.22467158e+03     3.18715342e+02    -1.22474467e+03   
    5.93500000e+03     2.96750000e+00    -1.22467162e+03     3.26734014e+02    -1.22474740e+03   
    5.93600000e+03     2.96800000e+00    -1.22467164e+03     3.39011526e+02    -1.22474941e+03   
    5.93700000e+03     2.96850000e+00    -1.22467176e+03     3.42545469e+02    -1.22475027e+03   
    5.93800000e+03     2.96900000e+00    -1.22467173e+03     3.41383815e+02    -1.22474984e+03   
    5.93900000e+03     2.96950000e+00    -1.22467163e+03     3.37662433e+02    -1.22474840e+03   
    5.94000000e+03     2.97000000e+00    -1.22467158e+03     3.25569467e+02    -1.22474682e+03   
    5.94100000e+03     2.97050000e+00    -1.22467158e+03     3.26909517e+02    -1.22474611e+03   
    5.94200000e+03     2.97100000e+00    -1.22467156e+03     3.31234440e+02    -1.22474682e+03   
    5.94300000e+03     2.97150000e+00    -1.22467159e+03     3.33962721e+02    -1.22474883e+03   
    5.94400000e+03     2.97200000e+00    -1.22467168e+03     3.38083577e+02    -1.22475113e+03   
    5.94500000e+03     2.97250000e+00    -1.22467174e+03     3.43212800e+02    -1.22475228e+03   
    5.94600000e+03     2.97300000e+00    -1.22467175e+03     3.49278829e+02    -1.22475185e+03   
    5.94700000e+03     2.97350000e+00    -1.22467174e+03     3.47348975e+02    -1.22474998e+03   
    5.94800000e+03     2.97400000e+00    -1.22467162e+03     3.37444414e+02    -1.22474725e+03   
    5.94900000e+03     2.97450000e+00    -1.22467158e+03     3.33734672e+02    -1.22474453e+03   
    5.95000000e+03     2.97500000e+00    -1.22467150e+03     3.24380817e+02    -1.22474252e+03   
    5.95100000e+03     2.97550000e+00    -1.22467162e+03     3.20367129e+02    -1.22474151e+03   
    5.95200000e+03     2.97600000e+00    -1.22467155e+03     3.13778019e+02    -1.22474137e+03   
    5.95300000e+03     2.97650000e+00    -1.22467159e+03     3.22243040e+02    -1.22474280e+03   
    5.95400000e+03     2.97700000e+00    -1.22467156e+03     3.32392474e+02    -1.22474553e+03   
    5.95500000e+03     2.97750000e+00    -1.22467168e+03     3.46432465e+02    -1.22474869e+03   
    5.95600000e+03     2.97800000e+00    -1.22467175e+03     3.58445013e+02    -1.22475041e+03   
    5.95700000e+03     2.97850000e+00    -1.22467176e+03     3.57130611e+02    -1.22474941e+03   
    5.95800000e+03     2.97900000e+00    -1.22467159e+03     3.44782222e+02    -1.22474582e+03   
    5.95900000e+03     2.97950000e+00    -1.22467147e+03     3.26024959e+02    -1.22474194e+03   
    5.96000000e+03     2.98000000e+00    -1.22467147e+03     3.20691954e+02    -1.22473979e+03   
    5.96100000e+03     2.98050000e+00    -1.22467148e+03     3.21125497e+02    -1.22474022e+03   
    5.96200000e+03     2.98100000e+00    -1.22467148e+03     3.30829240e+02    -1.22474295e+03   
    5.96300000e+03     2.98150000e+00    -1.22467165e+03     3.44824849e+02    -1.22474697e+03   
    5.96400000e+03     2.98200000e+00    -1.22467173e+03     3.55719999e+02    -1.22475070e+03   
    5.96500000e+03     2.98250000e+00    -1.22467181e+03     3.59269771e+02    -1.22475300e+03   
    5.96600000e+03     2.98300000e+00    -1.22467172e+03     3.61124435e+02    -1.22475314e+03   
    5.96700000e+03     2.98350000e+00    -1.22467172e+03     3.56519073e+02    -1.22475185e+03   
    5.96800000e+03     2.98400000e+00    -1.22467166e+03     3.46849435e+02    -1.22474898e+03   
    5.96900000e+03     2.98450000e+00    -1.22467160e+03     3.36267043e+02    -1.22474567e+03   
    5.97000000e+03     2.98500000e+00    -1.22467152e+03     3.25816063e+02    -1.22474280e+03   
    5.97100000e+03     2.98550000e+00    -1.22467150e+03     3.19916009e+02    -1.22474151e+03   
    5.97200000e+03     2.98600000e+00    -1.22467159e+03     3.19352863e+02    -1.22474237e+03   
    5.97300000e+03     2.98650000e+00    -1.22467162e+03     3.31230093e+02    -1.22474510e+03   
    5.97400000e+03     2.98700000e+00    -1.22467180e+03     3.49502683e+02    -1.22474826e+03   
    5.97500000e+03     2.98750000e+00    -1.22467191e+03     3.44684507e+02    -1.22474969e+03   
    5.97600000e+03     2.98800000e+00    -1.22467190e+03     3.44621848e+02    -1.22474840e+03   
    5.97700000e+03     2.98850000e+00    -1.22467178e+03     3.26740155e+02    -1.22474424e+03   
    5.97800000e+03     2.98900000e+00    -1.22467158e+03     3.00473611e+02    -1.22473864e+03   
    5.97900000e+03     2.98950000e+00    -1.22467153e+03     2.77861580e+02    -1.22473433e+03   
    5.98000000e+03     2.99000000e+00    -1.22467151e+03     2.69641917e+02    -1.22473276e+03   
    5.98100000e+03     2.99050000e+00    -1.22467151e+03     2.83959099e+02    -1.22473433e+03   
    5.98200000e+03     2.99100000e+00    -1.22467158e+03     2.98265512e+02    -1.22473764e+03   
    5.98300000e+03     2.99150000e+00    -1.22467169e+03     3.16390819e+02    -1.22474108e+03   
    5.98400000e+03     2.99200000e+00    -1.22467177e+03     3.28320442e+02    -1.22474338e+03   
    5.98500000e+03     2.99250000e+00    -1.22467170e+03     3.31970234e+02    -1.22474367e+03   
    5.98600000e+03     2.99300000e+00    -1.22467176e+03     3.24840591e+02    -1.22474194e+03   
    5.98700000e+03     2.99350000e+00    -1.22467170e+03     3.03971152e+02    -1.22473835e+03   
    5.98800000e+03     2.99400000e+00    -1.22467154e+03     2.75783653e+02    -1.22473376e+03   
    5.98900000e+03     2.99450000e+00    -1.22467146e+03     2.58073999e+02    -1.22473017e+03   
    5.99000000e+03     2.99500000e+00    -1.22467138e+03     2.49606263e+02    -1.22472874e+03   
    5.99100000e+03     2.99550000e+00    -1.22467153e+03     2.55841603e+02    -1.22473075e+03   
    5.99200000e+03     2.99600000e+00    -1.22467164e+03     2.73333810e+02    -1.22473448e+03   
    5.99300000e+03     2.99650000e+00    -1.22467180e+03     2.95252299e+02    -1.22473821e+03   
    5.99400000e+03     2.99700000e+00    -1.22467185e+03     3.06409960e+02    -1.22473936e+03   
    5.99500000e+03     2.99750000e+00    -1.22467186e+03     2.95987415e+02    -1.22473692e+03   
    5.99600000e+03     2.99800000e+00    -1.22467170e+03     2.76974431e+02    -1.22473218e+03   
    5.99700000e+03     2.99850000e+00    -1.22467148e+03     2.58087950e+02    -1.22472759e+03   
    5.99800000e+03     2.99900000e+00    -1.22467148e+03     2.45829012e+02    -1.22472572e+03   
    5.99900000e+03     2.99950000e+00    -1.22467157e+03     2.46755417e+02    -1.22472701e+03   
    6.00000000e+03     3.00000000e+00    -1.22467160e+03     2.65373150e+02    -1.22473046e+03   
    6.00100000e+03     3.00050000e+00    -1.22467168e+03     2.85994728e+02    -1.22473462e+03   
    6.00200000e+03     3.00100000e+00    -1.22467178e+03     3.02703817e+02    -1.22473835e+03   
    6.00300000e+03     3.00150000e+00    -1.22467170e+03     3.15458835e+02    -1.22474122e+03   
    6.00400000e+03     3.00200000e+00    -1.22467178e+03     3.18927201e+02    -1.22474309e+03   
    6.00500000e+03     3.00250000e+00    -1.22467173e+03     3.21519238e+02    -1.22474338e+03   
    6.00600000e+03     3.00300000e+00    -1.22467175e+03     3.22706059e+02    -1.22474266e+03   
    6.00700000e+03     3.00350000e+00    -1.22467165e+03     3.16785129e+02    -1.22474108e+03   
    6.00800000e+03     3.00400000e+00    -1.22467151e+03     3.06366405e+02    -1.22473993e+03   
    6.00900000e+03     3.00450000e+00    -1.22467148e+03     3.04863919e+02    -1.22474065e+03   
    6.01000000e+03     3.00500000e+00    -1.22467154e+03     3.19324663e+02    -1.22474395e+03   
    6.01100000e+03     3.00550000e+00    -1.22467175e+03     3.36334706e+02    -1.22474883e+03   
    6.01200000e+03     3.00600000e+00    -1.22467185e+03     3.56589035e+02    -1.22475328e+03   
    6.01300000e+03     3.00650000e+00    -1.22467193e+03     3.63601467e+02    -1.22475501e+03   
    6.01400000e+03     3.00700000e+00    -1.22467186e+03     3.52627016e+02    -1.22475285e+03   
    6.01500000e+03     3.00750000e+00    -1.22467171e+03     3.35378660e+02    -1.22474840e+03   
    6.01600000e+03     3.00800000e+00    -1.22467153e+03     3.17480440e+02    -1.22474367e+03   
    6.01700000e+03     3.00850000e+00    -1.22467156e+03     3.02527276e+02    -1.22474051e+03   
    6.01800000e+03     3.00900000e+00    -1.22467158e+03     2.97255441e+02    -1.22473965e+03   
    6.01900000e+03     3.00950000e+00    -1.22467161e+03     3.06620568e+02    -1.22474065e+03   
    6.02000000e+03     3.01000000e+00    -1.22467158e+03     3.12916027e+02    -1.22474280e+03   
    6.02100000e+03     3.01050000e+00    -1.22467171e+03     3.21087444e+02    -1.22474510e+03   
    6.02200000e+03     3.01100000e+00    -1.22467179e+03     3.29997357e+02    -1.22474625e+03   
    6.02300000e+03     3.01150000e+00    -1.22467176e+03     3.29929686e+02    -1.22474553e+03   
    6.02400000e+03     3.01200000e+00    -1.22467166e+03     3.13511564e+02    -1.22474295e+03   
    6.02500000e+03     3.01250000e+00    -1.22467160e+03     2.94246124e+02    -1.22473907e+03   
    6.02600000e+03     3.01300000e+00    -1.22467154e+03     2.81333362e+02    -1.22473505e+03   
    6.02700000e+03     3.01350000e+00    -1.22467150e+03     2.70653295e+02    -1.22473247e+03   
    6.02800000e+03     3.01400000e+00    -1.22467152e+03     2.70199991e+02    -1.22473276e+03   
    6.02900000e+03     3.01450000e+00    -1.22467150e+03     2.77315483e+02    -1.22473563e+03   
    6.03000000e+03     3.01500000e+00    -1.22467171e+03     2.93685185e+02    -1.22473936e+03   
    6.03100000e+03     3.01550000e+00    -1.22467184e+03     2.99983808e+02    -1.22474180e+03   
    6.03200000e+03     3.01600000e+00    -1.22467188e+03     2.98582805e+02    -1.22474166e+03   
    6.03300000e+03     3.01650000e+00    -1.22467179e+03     2.84032228e+02    -1.22473850e+03   
    6.03400000e+03     3.01700000e+00    -1.22467171e+03     2.64330581e+02    -1.22473390e+03   
    6.03500000e+03     3.01750000e+00    -1.22467160e+03     2.51640659e+02    -1.22472945e+03   
    6.03600000e+03     3.01800000e+00    -1.22467155e+03     2.40294820e+02    -1.22472658e+03   
    6.03700000e+03     3.01850000e+00    -1.22467146e+03     2.38858680e+02    -1.22472572e+03   
    6.03800000e+03     3.01900000e+00    -1.22467164e+03     2.44199039e+02    -1.22472716e+03   
    6.03900000e+03     3.01950000e+00    -1.22467160e+03     2.58026763e+02    -1.22472945e+03   
    6.04000000e+03     3.02000000e+00    -1.22467162e+03     2.65637467e+02    -1.22473189e+03   
    6.04100000e+03     3.02050000e+00    -1.22467166e+03     2.70249355e+02    -1.22473390e+03   
    6.04200000e+03     3.02100000e+00    -1.22467172e+03     2.75601032e+02    -1.22473520e+03   
    6.04300000e+03     3.02150000e+00    -1.22467164e+03     2.84046206e+02    -1.22473563e+03   
    6.04400000e+03     3.02200000e+00    -1.22467161e+03     2.83375094e+02    -1.22473520e+03   
    6.04500000e+03     3.02250000e+00    -1.22467165e+03     2.83507721e+02    -1.22473477e+03   
    6.04600000e+03     3.02300000e+00    -1.22467162e+03     2.82389119e+02    -1.22473491e+03   
    6.04700000e+03     3.02350000e+00    -1.22467165e+03     2.80237574e+02    -1.22473606e+03   
    6.04800000e+03     3.02400000e+00    -1.22467163e+03     2.90602207e+02    -1.22473850e+03   
    6.04900000e+03     3.02450000e+00    -1.22467167e+03     3.07595365e+02    -1.22474137e+03   
    6.05000000e+03     3.02500000e+00    -1.22467166e+03     3.16299834e+02    -1.22474352e+03   
    6.05100000e+03     3.02550000e+00    -1.22467174e+03     3.15937789e+02    -1.22474481e+03   
    6.05200000e+03     3.02600000e+00    -1.22467167e+03     3.19116530e+02    -1.22474453e+03   
    6.05300000e+03     3.02650000e+00    -1.22467166e+03     3.16339518e+02    -1.22474309e+03   
    6.05400000e+03     3.02700000e+00    -1.22467155e+03     3.14858994e+02    -1.22474137e+03   
    6.05500000e+03     3.02750000e+00    -1.22467153e+03     3.12605726e+02    -1.22474036e+03   
    6.05600000e+03     3.02800000e+00    -1.22467152e+03     3.07868964e+02    -1.22474051e+03   
    6.05700000e+03     3.02850000e+00    -1.22467165e+03     3.09578981e+02    -1.22474194e+03   
    6.05800000e+03     3.02900000e+00    -1.22467170e+03     3.19976036e+02    -1.22474395e+03   
    6.05900000e+03     3.02950000e+00    -1.22467170e+03     3.24745047e+02    -1.22474567e+03   
    6.06000000e+03     3.03000000e+00    -1.22467168e+03     3.26421069e+02    -1.22474625e+03   
    6.06100000e+03     3.03050000e+00    -1.22467161e+03     3.29395319e+02    -1.22474596e+03   
    6.06200000e+03     3.03100000e+00    -1.22467158e+03     3.24280100e+02    -1.22474510e+03   
    6.06300000e+03     3.03150000e+00    -1.22467164e+03     3.22116257e+02    -1.22474453e+03   
    6.06400000e+03     3.03200000e+00    -1.22467165e+03     3.16364347e+02    -1.22474453e+03   
    6.06500000e+03     3.03250000e+00    -1.22467163e+03     3.17192456e+02    -1.22474496e+03   
    6.06600000e+03     3.03300000e+00    -1.22467157e+03     3.18589015e+02    -1.22474524e+03   
    6.06700000e+03     3.03350000e+00    -1.22467165e+03     3.26513100e+02    -1.22474567e+03   
    6.06800000e+03     3.03400000e+00    -1.22467166e+03     3.24552022e+02    -1.22474625e+03   
    6.06900000e+03     3.03450000e+00    -1.22467171e+03     3.23135875e+02    -1.22474654e+03   
    6.07000000e+03     3.03500000e+00    -1.22467175e+03     3.19526982e+02    -1.22474582e+03   
    6.07100000e+03     3.03550000e+00    -1.22467176e+03     3.17685568e+02    -1.22474367e+03   
    6.07200000e+03     3.03600000e+00    -1.22467155e+03     3.04225346e+02    -1.22474051e+03   
    6.07300000e+03     3.03650000e+00    -1.22467155e+03     2.95283582e+02    -1.22473778e+03   
    6.07400000e+03     3.03700000e+00    -1.22467157e+03     2.88142188e+02    -1.22473634e+03   
    6.07500000e+03     3.03750000e+00    -1.22467156e+03     2.88752893e+02    -1.22473620e+03   
    6.07600000e+03     3.03800000e+00    -1.22467165e+03     2.94330478e+02    -1.22473663e+03   
    6.07700000e+03     3.03850000e+00    -1.22467161e+03     2.93496446e+02    -1.22473634e+03   
    6.07800000e+03     3.03900000e+00    -1.22467167e+03     2.87887063e+02    -1.22473534e+03   
    6.07900000e+03     3.03950000e+00    -1.22467160e+03     2.79783430e+02    -1.22473390e+03   
    6.08000000e+03     3.04000000e+00    -1.22467156e+03     2.70533707e+02    -1.22473232e+03   
    6.08100000e+03     3.04050000e+00    -1.22467152e+03     2.70434596e+02    -1.22473132e+03   
    6.08200000e+03     3.04100000e+00    -1.22467156e+03     2.73594147e+02    -1.22473132e+03   
    6.08300000e+03     3.04150000e+00    -1.22467164e+03     2.77583263e+02    -1.22473261e+03   
    6.08400000e+03     3.04200000e+00    -1.22467162e+03     2.85189789e+02    -1.22473419e+03   
    6.08500000e+03     3.04250000e+00    -1.22467162e+03     2.90081740e+02    -1.22473563e+03   
    6.08600000e+03     3.04300000e+00    -1.22467155e+03     2.92036543e+02    -1.22473663e+03   
    6.08700000e+03     3.04350000e+00    -1.22467164e+03     2.94206243e+02    -1.22473749e+03   
    6.08800000e+03     3.04400000e+00    -1.22467175e+03     2.94422479e+02    -1.22473778e+03   
    6.08900000e+03     3.04450000e+00    -1.22467165e+03     2.93770925e+02    -1.22473677e+03   
    6.09000000e+03     3.04500000e+00    -1.22467170e+03     2.87233106e+02    -1.22473491e+03   
    6.09100000e+03     3.04550000e+00    -1.22467148e+03     2.76060205e+02    -1.22473261e+03   
    6.09200000e+03     3.04600000e+00    -1.22467158e+03     2.78243953e+02    -1.22473232e+03   
    6.09300000e+03     3.04650000e+00    -1.22467159e+03     2.86930948e+02    -1.22473376e+03   
    6.09400000e+03     3.04700000e+00    -1.22467172e+03     3.00742893e+02    -1.22473591e+03   
    6.09500000e+03     3.04750000e+00    -1.22467169e+03     3.10600289e+02    -1.22473721e+03   
    6.09600000e+03     3.04800000e+00    -1.22467162e+03     3.13603764e+02    -1.22473706e+03   
    6.09700000e+03     3.04850000e+00    -1.22467165e+03     3.10820343e+02    -1.22473591e+03   
    6.09800000e+03     3.04900000e+00    -1.22467153e+03     2.98202243e+02    -1.22473433e+03   
    6.09900000e+03     3.04950000e+00    -1.22467158e+03     2.95332869e+02    -1.22473347e+03   
    6.10000000e+03     3.05000000e+00    -1.22467151e+03     2.94965372e+02    -1.22473376e+03   
    6.10100000e+03     3.05050000e+00    -1.22467163e+03     3.00121006e+02    -1.22473505e+03   
    6.10200000e+03     3.05100000e+00    -1.22467154e+03     3.09777763e+02    -1.22473634e+03   
    6.10300000e+03     3.05150000e+00    -1.22467158e+03     3.22771826e+02    -1.22473764e+03   
    6.10400000e+03     3.05200000e+00    -1.22467158e+03     3.21110630e+02    -1.22473907e+03   
    6.10500000e+03     3.05250000e+00    -1.22467163e+03     3.23863027e+02    -1.22474079e+03   
    6.10600000e+03     3.05300000e+00    -1.22467172e+03     3.40629872e+02    -1.22474266e+03   
    6.10700000e+03     3.05350000e+00    -1.22467178e+03     3.42706252e+02    -1.22474323e+03   
    6.10800000e+03     3.05400000e+00    -1.22467173e+03     3.36866448e+02    -1.22474166e+03   
    6.10900000e+03     3.05450000e+00    -1.22467163e+03     3.25275870e+02    -1.22473864e+03   
    6.11000000e+03     3.05500000e+00    -1.22467148e+03     3.13717838e+02    -1.22473577e+03   
    6.11100000e+03     3.05550000e+00    -1.22467147e+03     3.05790463e+02    -1.22473419e+03   
    6.11200000e+03     3.05600000e+00    -1.22467161e+03     3.10945025e+02    -1.22473419e+03   
    6.11300000e+03     3.05650000e+00    -1.22467171e+03     3.07927274e+02    -1.22473462e+03   
    6.11400000e+03     3.05700000e+00    -1.22467169e+03     3.11277886e+02    -1.22473462e+03   
    6.11500000e+03     3.05750000e+00    -1.22467169e+03     3.08635105e+02    -1.22473376e+03   
    6.11600000e+03     3.05800000e+00    -1.22467158e+03     2.99105006e+02    -1.22473232e+03   
    6.11700000e+03     3.05850000e+00    -1.22467156e+03     2.92720775e+02    -1.22473103e+03   
    6.11800000e+03     3.05900000e+00    -1.22467162e+03     2.89854015e+02    -1.22473031e+03   
    6.11900000e+03     3.05950000e+00    -1.22467158e+03     2.89553723e+02    -1.22473003e+03   
    6.12000000e+03     3.06000000e+00    -1.22467164e+03     2.87759670e+02    -1.22472988e+03   
    6.12100000e+03     3.06050000e+00    -1.22467167e+03     2.86050610e+02    -1.22472945e+03   
    6.12200000e+03     3.06100000e+00    -1.22467155e+03     2.85332057e+02    -1.22472902e+03   
    6.12300000e+03     3.06150000e+00    -1.22467156e+03     2.87917827e+02    -1.22472931e+03   
    6.12400000e+03     3.06200000e+00    -1.22467161e+03     2.93472935e+02    -1.22473118e+03   
    6.12500000e+03     3.06250000e+00    -1.22467163e+03     3.01570208e+02    -1.22473390e+03   
    6.12600000e+03     3.06300000e+00    -1.22467172e+03     3.12825955e+02    -1.22473649e+03   
    6.12700000e+03     3.06350000e+00    -1.22467174e+03     3.18640484e+02    -1.22473792e+03   
    6.12800000e+03     3.06400000e+00    -1.22467167e+03     3.14701991e+02    -1.22473792e+03   
    6.12900000e+03     3.06450000e+00    -1.22467174e+03     3.06077054e+02    -1.22473706e+03   
    6.13000000e+03     3.06500000e+00    -1.22467163e+03     3.02831348e+02    -1.22473548e+03   
    6.13100000e+03     3.06550000e+00    -1.22467165e+03     2.91143308e+02    -1.22473376e+03   
    6.13200000e+03     3.06600000e+00    -1.22467162e+03     2.83600455e+02    -1.22473204e+03   
    6.13300000e+03     3.06650000e+00    -1.22467160e+03     2.81530001e+02    -1.22473089e+03   
    6.13400000e+03     3.06700000e+00    -1.22467150e+03     2.79810495e+02    -1.22473031e+03   
    6.13500000e+03     3.06750000e+00    -1.22467157e+03     2.82635033e+02    -1.22473089e+03   
    6.13600000e+03     3.06800000e+00    -1.22467164e+03     2.88877422e+02    -1.22473232e+03   
    6.13700000e+03     3.06850000e+00    -1.22467169e+03     3.06592621e+02    -1.22473433e+03   
    6.13800000e+03     3.06900000e+00    -1.22467165e+03     3.07779806e+02    -1.22473563e+03   
    6.13900000e+03     3.06950000e+00    -1.22467169e+03     3.10208802e+02    -1.22473606e+03   
    6.14000000e+03     3.07000000e+00    -1.22467166e+03     3.10691937e+02    -1.22473534e+03   
    6.14100000e+03     3.07050000e+00    -1.22467168e+03     3.04653251e+02    -1.22473448e+03   
    6.14200000e+03     3.07100000e+00    -1.22467166e+03     2.98406029e+02    -1.22473405e+03   
    6.14300000e+03     3.07150000e+00    -1.22467168e+03     3.00095672e+02    -1.22473477e+03   
    6.14400000e+03     3.07200000e+00    -1.22467169e+03     3.04017217e+02    -1.22473606e+03   
    6.14500000e+03     3.07250000e+00    -1.22467165e+03     3.05843591e+02    -1.22473764e+03   
    6.14600000e+03     3.07300000e+00    -1.22467165e+03     3.06426467e+02    -1.22473878e+03   
    6.14700000e+03     3.07350000e+00    -1.22467172e+03     3.07498309e+02    -1.22473950e+03   
    6.14800000e+03     3.07400000e+00    -1.22467170e+03     3.08655985e+02    -1.22473936e+03   
    6.14900000e+03     3.07450000e+00    -1.22467171e+03     3.09987223e+02    -1.22473878e+03   
    6.15000000e+03     3.07500000e+00    -1.22467160e+03     3.03649877e+02    -1.22473778e+03   
    6.15100000e+03     3.07550000e+00    -1.22467162e+03     2.99630398e+02    -1.22473692e+03   
    6.15200000e+03     3.07600000e+00    -1.22467157e+03     2.89682645e+02    -1.22473606e+03   
    6.15300000e+03     3.07650000e+00    -1.22467163e+03     2.92427938e+02    -1.22473577e+03   
    6.15400000e+03     3.07700000e+00    -1.22467160e+03     2.89205266e+02    -1.22473548e+03   
    6.15500000e+03     3.07750000e+00    -1.22467165e+03     2.85706464e+02    -1.22473563e+03   
    6.15600000e+03     3.07800000e+00    -1.22467173e+03     2.87310031e+02    -1.22473577e+03   
    6.15700000e+03     3.07850000e+00    -1.22467168e+03     2.83889938e+02    -1.22473534e+03   
    6.15800000e+03     3.07900000e+00    -1.22467164e+03     2.81849919e+02    -1.22473477e+03   
    6.15900000e+03     3.07950000e+00    -1.22467169e+03     2.76924997e+02    -1.22473462e+03   
    6.16000000e+03     3.08000000e+00    -1.22467164e+03     2.79247437e+02    -1.22473462e+03   
    6.16100000e+03     3.08050000e+00    -1.22467168e+03     2.85574918e+02    -1.22473505e+03   
    6.16200000e+03     3.08100000e+00    -1.22467162e+03     2.93288241e+02    -1.22473548e+03   
    6.16300000e+03     3.08150000e+00    -1.22467166e+03     2.90831281e+02    -1.22473563e+03   
    6.16400000e+03     3.08200000e+00    -1.22467166e+03     2.90788343e+02    -1.22473520e+03   
    6.16500000e+03     3.08250000e+00    -1.22467164e+03     2.90405276e+02    -1.22473462e+03   
    6.16600000e+03     3.08300000e+00    -1.22467166e+03     2.89586032e+02    -1.22473433e+03   
    6.16700000e+03     3.08350000e+00    -1.22467162e+03     2.94052847e+02    -1.22473390e+03   
    6.16800000e+03     3.08400000e+00    -1.22467166e+03     2.89403810e+02    -1.22473304e+03   
    6.16900000e+03     3.08450000e+00    -1.22467161e+03     2.82443088e+02    -1.22473189e+03   
    6.17000000e+03     3.08500000e+00    -1.22467161e+03     2.84724111e+02    -1.22473103e+03   
    6.17100000e+03     3.08550000e+00    -1.22467156e+03     2.82786819e+02    -1.22473031e+03   
    6.17200000e+03     3.08600000e+00    -1.22467162e+03     2.88540810e+02    -1.22472974e+03   
    6.17300000e+03     3.08650000e+00    -1.22467167e+03     2.86745402e+02    -1.22472845e+03   
    6.17400000e+03     3.08700000e+00    -1.22467155e+03     2.80962807e+02    -1.22472615e+03   
    6.17500000e+03     3.08750000e+00    -1.22467153e+03     2.68700544e+02    -1.22472371e+03   
    6.17600000e+03     3.08800000e+00    -1.22467146e+03     2.60658890e+02    -1.22472242e+03   
    6.17700000e+03     3.08850000e+00    -1.22467154e+03     2.64929650e+02    -1.22472285e+03   
    6.17800000e+03     3.08900000e+00    -1.22467150e+03     2.75390627e+02    -1.22472486e+03   
    6.17900000e+03     3.08950000e+00    -1.22467163e+03     2.84717308e+02    -1.22472773e+03   
    6.18000000e+03     3.09000000e+00    -1.22467166e+03     2.89124152e+02    -1.22473031e+03   
    6.18100000e+03     3.09050000e+00    -1.22467178e+03     2.91998380e+02    -1.22473175e+03   
    6.18200000e+03     3.09100000e+00    -1.22467175e+03     2.91850071e+02    -1.22473189e+03   
    6.18300000e+03     3.09150000e+00    -1.22467157e+03     2.93104945e+02    -1.22473132e+03   
    6.18400000e+03     3.09200000e+00    -1.22467156e+03     2.84787657e+02    -1.22473132e+03   
    6.18500000e+03     3.09250000e+00    -1.22467164e+03     2.85504383e+02    -1.22473204e+03   
    6.18600000e+03     3.09300000e+00    -1.22467163e+03     2.82146403e+02    -1.22473319e+03   
    6.18700000e+03     3.09350000e+00    -1.22467172e+03     2.87973835e+02    -1.22473462e+03   
    6.18800000e+03     3.09400000e+00    -1.22467175e+03     2.83487188e+02    -1.22473606e+03   
    6.18900000e+03     3.09450000e+00    -1.22467167e+03     2.91665618e+02    -1.22473735e+03   
    6.19000000e+03     3.09500000e+00    -1.22467172e+03     2.93646141e+02    -1.22473778e+03   
    6.19100000e+03     3.09550000e+00    -1.22467167e+03     3.00483782e+02    -1.22473735e+03   
    6.19200000e+03     3.09600000e+00    -1.22467163e+03     2.93198186e+02    -1.22473591e+03   
    6.19300000e+03     3.09650000e+00    -1.22467157e+03     2.84376166e+02    -1.22473390e+03   
    6.19400000e+03     3.09700000e+00    -1.22467157e+03     2.78610247e+02    -1.22473232e+03   
    6.19500000e+03     3.09750000e+00    -1.22467150e+03     2.76155630e+02    -1.22473218e+03   
    6.19600000e+03     3.09800000e+00    -1.22467151e+03     2.88283565e+02    -1.22473347e+03   
    6.19700000e+03     3.09850000e+00    -1.22467164e+03     2.97534664e+02    -1.22473620e+03   
    6.19800000e+03     3.09900000e+00    -1.22467171e+03     3.10601479e+02    -1.22473907e+03   
    6.19900000e+03     3.09950000e+00    -1.22467171e+03     3.16793809e+02    -1.22474122e+03   
    6.20000000e+03     3.10000000e+00    -1.22467171e+03     3.22155290e+02    -1.22474194e+03   
    6.20100000e+03     3.10050000e+00    -1.22467163e+03     3.12072800e+02    -1.22474065e+03   
    6.20200000e+03     3.10100000e+00    -1.22467165e+03     3.00613905e+02    -1.22473864e+03   
    6.20300000e+03     3.10150000e+00    -1.22467147e+03     2.91370250e+02    -1.22473721e+03   
    6.20400000e+03     3.10200000e+00    -1.22467160e+03     2.90095985e+02    -1.22473778e+03   
    6.20500000e+03     3.10250000e+00    -1.22467165e+03     3.01099199e+02    -1.22473936e+03   
    6.20600000e+03     3.10300000e+00    -1.22467163e+03     3.03828066e+02    -1.22474151e+03   
    6.20700000e+03     3.10350000e+00    -1.22467172e+03     3.09425327e+02    -1.22474367e+03   
    6.20800000e+03     3.10400000e+00    -1.22467179e+03     3.09277260e+02    -1.22474453e+03   
    6.20900000e+03     3.10450000e+00    -1.22467169e+03     3.05510183e+02    -1.22474367e+03   
    6.21000000e+03     3.10500000e+00    -1.22467173e+03     2.92453097e+02    -1.22474151e+03   
    6.21100000e+03     3.10550000e+00    -1.22467161e+03     2.79797035e+02    -1.22473864e+03   
    6.21200000e+03     3.10600000e+00    -1.22467162e+03     2.73936807e+02    -1.22473649e+03   
    6.21300000e+03     3.10650000e+00    -1.22467154e+03     2.68624683e+02    -1.22473505e+03   
    6.21400000e+03     3.10700000e+00    -1.22467152e+03     2.70466991e+02    -1.22473491e+03   
    6.21500000e+03     3.10750000e+00    -1.22467156e+03     2.74547219e+02    -1.22473606e+03   
    6.21600000e+03     3.10800000e+00    -1.22467159e+03     2.87285390e+02    -1.22473835e+03   
    6.21700000e+03     3.10850000e+00    -1.22467170e+03     3.01462280e+02    -1.22474079e+03   
    6.21800000e+03     3.10900000e+00    -1.22467173e+03     3.07433003e+02    -1.22474223e+03   
    6.21900000e+03     3.10950000e+00    -1.22467174e+03     3.02750972e+02    -1.22474194e+03   
    6.22000000e+03     3.11000000e+00    -1.22467171e+03     2.98260395e+02    -1.22474022e+03   
    6.22100000e+03     3.11050000e+00    -1.22467168e+03     2.91827055e+02    -1.22473792e+03   
    6.22200000e+03     3.11100000e+00    -1.22467154e+03     2.79809635e+02    -1.22473606e+03   
    6.22300000e+03     3.11150000e+00    -1.22467147e+03     2.78803209e+02    -1.22473577e+03   
    6.22400000e+03     3.11200000e+00    -1.22467153e+03     2.84664723e+02    -1.22473749e+03   
    6.22500000e+03     3.11250000e+00    -1.22467164e+03     2.95766341e+02    -1.22474065e+03   
    6.22600000e+03     3.11300000e+00    -1.22467175e+03     3.09332496e+02    -1.22474367e+03   
    6.22700000e+03     3.11350000e+00    -1.22467182e+03     3.05393511e+02    -1.22474467e+03   
    6.22800000e+03     3.11400000e+00    -1.22467171e+03     3.05447246e+02    -1.22474309e+03   
    6.22900000e+03     3.11450000e+00    -1.22467166e+03     2.91740789e+02    -1.22473993e+03   
    6.23000000e+03     3.11500000e+00    -1.22467155e+03     2.73407034e+02    -1.22473620e+03   
    6.23100000e+03     3.11550000e+00    -1.22467156e+03     2.61728624e+02    -1.22473347e+03   
    6.23200000e+03     3.11600000e+00    -1.22467147e+03     2.56666412e+02    -1.22473261e+03   
    6.23300000e+03     3.11650000e+00    -1.22467163e+03     2.65016760e+02    -1.22473433e+03   
    6.23400000e+03     3.11700000e+00    -1.22467167e+03     2.81822648e+02    -1.22473749e+03   
    6.23500000e+03     3.11750000e+00    -1.22467180e+03     3.05022276e+02    -1.22474122e+03   
    6.23600000e+03     3.11800000e+00    -1.22467187e+03     3.18229520e+02    -1.22474338e+03   
    6.23700000e+03     3.11850000e+00    -1.22467175e+03     3.12400958e+02    -1.22474280e+03   
    6.23800000e+03     3.11900000e+00    -1.22467172e+03     3.00951697e+02    -1.22474022e+03   
    6.23900000e+03     3.11950000e+00    -1.22467164e+03     2.85107064e+02    -1.22473706e+03   
    6.24000000e+03     3.12000000e+00    -1.22467152e+03     2.73523448e+02    -1.22473505e+03   
    6.24100000e+03     3.12050000e+00    -1.22467152e+03     2.77060075e+02    -1.22473591e+03   
    6.24200000e+03     3.12100000e+00    -1.22467160e+03     2.87315458e+02    -1.22473936e+03   
    6.24300000e+03     3.12150000e+00    -1.22467165e+03     3.02331703e+02    -1.22474381e+03   
    6.24400000e+03     3.12200000e+00    -1.22467179e+03     3.21942445e+02    -1.22474812e+03   
    6.24500000e+03     3.12250000e+00    -1.22467185e+03     3.31977443e+02    -1.22475099e+03   
    6.24600000e+03     3.12300000e+00    -1.22467184e+03     3.39550103e+02    -1.22475185e+03   
    6.24700000e+03     3.12350000e+00    -1.22467182e+03     3.29975760e+02    -1.22475041e+03   
    6.24800000e+03     3.12400000e+00    -1.22467173e+03     3.21165029e+02    -1.22474725e+03   
    6.24900000e+03     3.12450000e+00    -1.22467160e+03     3.00909293e+02    -1.22474410e+03   
    6.25000000e+03     3.12500000e+00    -1.22467148e+03     3.01190710e+02    -1.22474280e+03   
    6.25100000e+03     3.12550000e+00    -1.22467161e+03     3.05774896e+02    -1.22474424e+03   
    6.25200000e+03     3.12600000e+00    -1.22467172e+03     3.23754330e+02    -1.22474754e+03   
    6.25300000e+03     3.12650000e+00    -1.22467187e+03     3.46468856e+02    -1.22475127e+03   
    6.25400000e+03     3.12700000e+00    -1.22467182e+03     3.62096118e+02    -1.22475328e+03   
    6.25500000e+03     3.12750000e+00    -1.22467191e+03     3.63384232e+02    -1.22475257e+03   
    6.25600000e+03     3.12800000e+00    -1.22467175e+03     3.47139928e+02    -1.22474898e+03   
    6.25700000e+03     3.12850000e+00    -1.22467161e+03     3.27572902e+02    -1.22474496e+03   
    6.25800000e+03     3.12900000e+00    -1.22467153e+03     3.12179882e+02    -1.22474237e+03   
    6.25900000e+03     3.12950000e+00    -1.22467158e+03     3.11216073e+02    -1.22474209e+03   
    6.26000000e+03     3.13000000e+00    -1.22467159e+03     3.14898769e+02    -1.22474367e+03   
    6.26100000e+03     3.13050000e+00    -1.22467170e+03     3.24527113e+02    -1.22474625e+03   
    6.26200000e+03     3.13100000e+00    -1.22467175e+03     3.32199844e+02    -1.22474912e+03   
    6.26300000e+03     3.13150000e+00    -1.22467170e+03     3.36132654e+02    -1.22475142e+03   
    6.26400000e+03     3.13200000e+00    -1.22467171e+03     3.43256134e+02    -1.22475300e+03   
    6.26500000e+03     3.13250000e+00    -1.22467174e+03     3.46911484e+02    -1.22475328e+03   
    6.26600000e+03     3.13300000e+00    -1.22467177e+03     3.48437884e+02    -1.22475170e+03   
    6.26700000e+03     3.13350000e+00    -1.22467177e+03     3.34986317e+02    -1.22474855e+03   
    6.26800000e+03     3.13400000e+00    -1.22467164e+03     3.18655531e+02    -1.22474524e+03   
    6.26900000e+03     3.13450000e+00    -1.22467157e+03     3.12537686e+02    -1.22474352e+03   
    6.27000000e+03     3.13500000e+00    -1.22467157e+03     3.15095822e+02    -1.22474367e+03   
    6.27100000e+03     3.13550000e+00    -1.22467168e+03     3.26475233e+02    -1.22474539e+03   
    6.27200000e+03     3.13600000e+00    -1.22467191e+03     3.31396549e+02    -1.22474682e+03   
    6.27300000e+03     3.13650000e+00    -1.22467187e+03     3.22703747e+02    -1.22474611e+03   
    6.27400000e+03     3.13700000e+00    -1.22467186e+03     3.06560525e+02    -1.22474295e+03   
    6.27500000e+03     3.13750000e+00    -1.22467164e+03     2.88414619e+02    -1.22473807e+03   
    6.27600000e+03     3.13800000e+00    -1.22467166e+03     2.69912543e+02    -1.22473376e+03   
    6.27700000e+03     3.13850000e+00    -1.22467166e+03     2.56069672e+02    -1.22473103e+03   
    6.27800000e+03     3.13900000e+00    -1.22467166e+03     2.46928677e+02    -1.22472988e+03   
    6.27900000e+03     3.13950000e+00    -1.22467165e+03     2.54654124e+02    -1.22472974e+03   
    6.28000000e+03     3.14000000e+00    -1.22467170e+03     2.57593481e+02    -1.22473046e+03   
    6.28100000e+03     3.14050000e+00    -1.22467163e+03     2.58919349e+02    -1.22473146e+03   
    6.28200000e+03     3.14100000e+00    -1.22467172e+03     2.66596385e+02    -1.22473304e+03   
    6.28300000e+03     3.14150000e+00    -1.22467178e+03     2.75195623e+02    -1.22473462e+03   
    6.28400000e+03     3.14200000e+00    -1.22467172e+03     2.80032990e+02    -1.22473548e+03   
    6.28500000e+03     3.14250000e+00    -1.22467168e+03     2.84401531e+02    -1.22473563e+03   
    6.28600000e+03     3.14300000e+00    -1.22467161e+03     2.85305044e+02    -1.22473548e+03   
    6.28700000e+03     3.14350000e+00    -1.22467164e+03     2.81350493e+02    -1.22473577e+03   
    6.28800000e+03     3.14400000e+00    -1.22467166e+03     2.77958024e+02    -1.22473649e+03   
    6.28900000e+03     3.14450000e+00    -1.22467176e+03     2.88280590e+02    -1.22473792e+03   
    6.29000000e+03     3.14500000e+00    -1.22467178e+03     2.92074044e+02    -1.22473907e+03   
    6.29100000e+03     3.14550000e+00    -1.22467173e+03     2.96248218e+02    -1.22473936e+03   
    6.29200000e+03     3.14600000e+00    -1.22467181e+03     2.96573358e+02    -1.22473907e+03   
    6.29300000e+03     3.14650000e+00    -1.22467178e+03     2.98683945e+02    -1.22473792e+03   
    6.29400000e+03     3.14700000e+00    -1.22467176e+03     2.91651782e+02    -1.22473606e+03   
    6.29500000e+03     3.14750000e+00    -1.22467161e+03     2.80478261e+02    -1.22473362e+03   
    6.29600000e+03     3.14800000e+00    -1.22467167e+03     2.71166744e+02    -1.22473146e+03   
    6.29700000e+03     3.14850000e+00    -1.22467155e+03     2.65644596e+02    -1.22473003e+03   
    6.29800000e+03     3.14900000e+00    -1.22467153e+03     2.65791604e+02    -1.22472988e+03   
    6.29900000e+03     3.14950000e+00    -1.22467168e+03     2.64976995e+02    -1.22473103e+03   
    6.30000000e+03     3.15000000e+00    -1.22467164e+03     2.72318461e+02    -1.22473276e+03   
    6.30100000e+03     3.15050000e+00    -1.22467165e+03     2.82237021e+02    -1.22473462e+03   
    6.30200000e+03     3.15100000e+00    -1.22467171e+03     2.90361842e+02    -1.22473663e+03   
    6.30300000e+03     3.15150000e+00    -1.22467164e+03     3.00335066e+02    -1.22473835e+03   
    6.30400000e+03     3.15200000e+00    -1.22467173e+03     3.01527199e+02    -1.22474022e+03   
    6.30500000e+03     3.15250000e+00    -1.22467173e+03     3.14167993e+02    -1.22474209e+03   
    6.30600000e+03     3.15300000e+00    -1.22467169e+03     3.22425257e+02    -1.22474424e+03   
    6.30700000e+03     3.15350000e+00    -1.22467170e+03     3.30453782e+02    -1.22474639e+03   
    6.30800000e+03     3.15400000e+00    -1.22467180e+03     3.34514493e+02    -1.22474797e+03   
    6.30900000e+03     3.15450000e+00    -1.22467166e+03     3.40760260e+02    -1.22474840e+03   
    6.31000000e+03     3.15500000e+00    -1.22467177e+03     3.29641561e+02    -1.22474826e+03   
    6.31100000e+03     3.15550000e+00    -1.22467165e+03     3.33341109e+02    -1.22474754e+03   
    6.31200000e+03     3.15600000e+00    -1.22467172e+03     3.25064259e+02    -1.22474668e+03   
    6.31300000e+03     3.15650000e+00    -1.22467174e+03     3.20509392e+02    -1.22474524e+03   
    6.31400000e+03     3.15700000e+00    -1.22467173e+03     3.12369549e+02    -1.22474367e+03   
    6.31500000e+03     3.15750000e+00    -1.22467167e+03     3.02893745e+02    -1.22474223e+03   
    6.31600000e+03     3.15800000e+00    -1.22467167e+03     2.95780351e+02    -1.22474151e+03   
    6.31700000e+03     3.15850000e+00    -1.22467171e+03     2.90742264e+02    -1.22474137e+03   
    6.31800000e+03     3.15900000e+00    -1.22467169e+03     2.88916888e+02    -1.22474122e+03   
    6.31900000e+03     3.15950000e+00    -1.22467174e+03     2.86665497e+02    -1.22474094e+03   
    6.32000000e+03     3.16000000e+00    -1.22467167e+03     2.84213677e+02    -1.22474008e+03   
    6.32100000e+03     3.16050000e+00    -1.22467161e+03     2.79856546e+02    -1.22473936e+03   
    6.32200000e+03     3.16100000e+00    -1.22467154e+03     2.75946854e+02    -1.22473922e+03   
    6.32300000e+03     3.16150000e+00    -1.22467163e+03     2.77707770e+02    -1.22474079e+03   
    6.32400000e+03     3.16200000e+00    -1.22467161e+03     2.89678734e+02    -1.22474395e+03   
    6.32500000e+03     3.16250000e+00    -1.22467178e+03     3.09753967e+02    -1.22474783e+03   
    6.32600000e+03     3.16300000e+00    -1.22467179e+03     3.24913482e+02    -1.22475027e+03   
    6.32700000e+03     3.16350000e+00    -1.22467177e+03     3.26439112e+02    -1.22475056e+03   
    6.32800000e+03     3.16400000e+00    -1.22467176e+03     3.17174284e+02    -1.22474941e+03   
    6.32900000e+03     3.16450000e+00    -1.22467165e+03     3.07060570e+02    -1.22474768e+03   
    6.33000000e+03     3.16500000e+00    -1.22467165e+03     2.99376725e+02    -1.22474639e+03   
    6.33100000e+03     3.16550000e+00    -1.22467167e+03     2.97076875e+02    -1.22474567e+03   
    6.33200000e+03     3.16600000e+00    -1.22467167e+03     2.97915258e+02    -1.22474539e+03   
    6.33300000e+03     3.16650000e+00    -1.22467173e+03     2.92472566e+02    -1.22474496e+03   
    6.33400000e+03     3.16700000e+00    -1.22467172e+03     2.88472311e+02    -1.22474410e+03   
    6.33500000e+03     3.16750000e+00    -1.22467174e+03     2.80115141e+02    -1.22474252e+03   
    6.33600000e+03     3.16800000e+00    -1.22467173e+03     2.74710464e+02    -1.22474065e+03   
    6.33700000e+03     3.16850000e+00    -1.22467164e+03     2.65592582e+02    -1.22473864e+03   
    6.33800000e+03     3.16900000e+00    -1.22467170e+03     2.54010911e+02    -1.22473677e+03   
    6.33900000e+03     3.16950000e+00    -1.22467158e+03     2.47066807e+02    -1.22473477e+03   
    6.34000000e+03     3.17000000e+00    -1.22467159e+03     2.43010849e+02    -1.22473376e+03   
    6.34100000e+03     3.17050000e+00    -1.22467153e+03     2.40727612e+02    -1.22473419e+03   
    6.34200000e+03     3.17100000e+00    -1.22467162e+03     2.46937154e+02    -1.22473706e+03   
    6.34300000e+03     3.17150000e+00    -1.22467177e+03     2.61301118e+02    -1.22474108e+03   
    6.34400000e+03     3.17200000e+00    -1.22467178e+03     2.73790545e+02    -1.22474438e+03   
    6.34500000e+03     3.17250000e+00    -1.22467177e+03     2.80285705e+02    -1.22474596e+03   
    6.34600000e+03     3.17300000e+00    -1.22467170e+03     2.76053323e+02    -1.22474539e+03   
    6.34700000e+03     3.17350000e+00    -1.22467161e+03     2.71651576e+02    -1.22474381e+03   
    6.34800000e+03     3.17400000e+00    -1.22467161e+03     2.67930368e+02    -1.22474295e+03   
    6.34900000e+03     3.17450000e+00    -1.22467161e+03     2.63656867e+02    -1.22474295e+03   
    6.35000000e+03     3.17500000e+00    -1.22467171e+03     2.69607118e+02    -1.22474410e+03   
    6.35100000e+03     3.17550000e+00    -1.22467169e+03     2.74851780e+02    -1.22474582e+03   
    6.35200000e+03     3.17600000e+00    -1.22467179e+03     2.78273519e+02    -1.22474768e+03   
    6.35300000e+03     3.17650000e+00    -1.22467175e+03     2.81471857e+02    -1.22474883e+03   
    6.35400000e+03     3.17700000e+00    -1.22467180e+03     2.84642058e+02    -1.22474883e+03   
    6.35500000e+03     3.17750000e+00    -1.22467179e+03     2.87870189e+02    -1.22474768e+03   
    6.35600000e+03     3.17800000e+00    -1.22467165e+03     2.74242246e+02    -1.22474553e+03   
    6.35700000e+03     3.17850000e+00    -1.22467159e+03     2.67225030e+02    -1.22474323e+03   
    6.35800000e+03     3.17900000e+00    -1.22467159e+03     2.63391859e+02    -1.22474151e+03   
    6.35900000e+03     3.17950000e+00    -1.22467161e+03     2.68472718e+02    -1.22474108e+03   
    6.36000000e+03     3.18000000e+00    -1.22467156e+03     2.76829532e+02    -1.22474252e+03   
    6.36100000e+03     3.18050000e+00    -1.22467161e+03     2.91088483e+02    -1.22474567e+03   
    6.36200000e+03     3.18100000e+00    -1.22467181e+03     3.09311828e+02    -1.22474941e+03   
    6.36300000e+03     3.18150000e+00    -1.22467188e+03     3.19665432e+02    -1.22475142e+03   
    6.36400000e+03     3.18200000e+00    -1.22467175e+03     3.24182199e+02    -1.22475099e+03   
    6.36500000e+03     3.18250000e+00    -1.22467158e+03     3.12948724e+02    -1.22474869e+03   
    6.36600000e+03     3.18300000e+00    -1.22467156e+03     2.94173248e+02    -1.22474639e+03   
    6.36700000e+03     3.18350000e+00    -1.22467153e+03     2.92117198e+02    -1.22474567e+03   
    6.36800000e+03     3.18400000e+00    -1.22467154e+03     2.93101892e+02    -1.22474697e+03   
    6.36900000e+03     3.18450000e+00    -1.22467167e+03     3.01224883e+02    -1.22474969e+03   
    6.37000000e+03     3.18500000e+00    -1.22467171e+03     3.14646073e+02    -1.22475271e+03   
    6.37100000e+03     3.18550000e+00    -1.22467181e+03     3.17662264e+02    -1.22475486e+03   
    6.37200000e+03     3.18600000e+00    -1.22467170e+03     3.20753300e+02    -1.22475544e+03   
    6.37300000e+03     3.18650000e+00    -1.22467179e+03     3.19143564e+02    -1.22475429e+03   
    6.37400000e+03     3.18700000e+00    -1.22467170e+03     3.05454551e+02    -1.22475127e+03   
    6.37500000e+03     3.18750000e+00    -1.22467171e+03     2.84770668e+02    -1.22474725e+03   
    6.37600000e+03     3.18800000e+00    -1.22467149e+03     2.66034286e+02    -1.22474323e+03   
    6.37700000e+03     3.18850000e+00    -1.22467151e+03     2.60885782e+02    -1.22474122e+03   
    6.37800000e+03     3.18900000e+00    -1.22467156e+03     2.63633627e+02    -1.22474180e+03   
    6.37900000e+03     3.18950000e+00    -1.22467160e+03     2.74092726e+02    -1.22474424e+03   
    6.38000000e+03     3.19000000e+00    -1.22467167e+03     2.91070695e+02    -1.22474697e+03   
    6.38100000e+03     3.19050000e+00    -1.22467183e+03     2.92074807e+02    -1.22474855e+03   
    6.38200000e+03     3.19100000e+00    -1.22467169e+03     2.83283447e+02    -1.22474768e+03   
    6.38300000e+03     3.19150000e+00    -1.22467160e+03     2.75825499e+02    -1.22474539e+03   
    6.38400000e+03     3.19200000e+00    -1.22467166e+03     2.69369005e+02    -1.22474309e+03   
    6.38500000e+03     3.19250000e+00    -1.22467157e+03     2.68142616e+02    -1.22474166e+03   
    6.38600000e+03     3.19300000e+00    -1.22467154e+03     2.69345036e+02    -1.22474209e+03   
    6.38700000e+03     3.19350000e+00    -1.22467156e+03     2.74316115e+02    -1.22474424e+03   
    6.38800000e+03     3.19400000e+00    -1.22467169e+03     2.84019837e+02    -1.22474754e+03   
    6.38900000e+03     3.19450000e+00    -1.22467167e+03     3.01698134e+02    -1.22475099e+03   
    6.39000000e+03     3.19500000e+00    -1.22467172e+03     3.14610188e+02    -1.22475400e+03   
    6.39100000e+03     3.19550000e+00    -1.22467174e+03     3.23737258e+02    -1.22475558e+03   
    6.39200000e+03     3.19600000e+00    -1.22467169e+03     3.24389648e+02    -1.22475529e+03   
    6.39300000e+03     3.19650000e+00    -1.22467164e+03     3.16630112e+02    -1.22475314e+03   
    6.39400000e+03     3.19700000e+00    -1.22467164e+03     3.02969764e+02    -1.22475027e+03   
    6.39500000e+03     3.19750000e+00    -1.22467156e+03     2.91369436e+02    -1.22474812e+03   
    6.39600000e+03     3.19800000e+00    -1.22467154e+03     2.98684301e+02    -1.22474797e+03   
    6.39700000e+03     3.19850000e+00    -1.22467161e+03     3.11196061e+02    -1.22474998e+03   
    6.39800000e+03     3.19900000e+00    -1.22467171e+03     3.25827416e+02    -1.22475271e+03   
    6.39900000e+03     3.19950000e+00    -1.22467180e+03     3.32022544e+02    -1.22475458e+03   
    6.40000000e+03     3.20000000e+00    -1.22467177e+03     3.37929391e+02    -1.22475472e+03   
    6.40100000e+03     3.20050000e+00    -1.22467175e+03     3.33457704e+02    -1.22475328e+03   
    6.40200000e+03     3.20100000e+00    -1.22467165e+03     3.19247345e+02    -1.22475084e+03   
    6.40300000e+03     3.20150000e+00    -1.22467155e+03     3.10124459e+02    -1.22474855e+03   
    6.40400000e+03     3.20200000e+00    -1.22467154e+03     3.06185055e+02    -1.22474754e+03   
    6.40500000e+03     3.20250000e+00    -1.22467162e+03     3.08203752e+02    -1.22474783e+03   
    6.40600000e+03     3.20300000e+00    -1.22467166e+03     3.14575012e+02    -1.22474898e+03   
    6.40700000e+03     3.20350000e+00    -1.22467164e+03     3.11931620e+02    -1.22475013e+03   
    6.40800000e+03     3.20400000e+00    -1.22467171e+03     3.18751371e+02    -1.22475113e+03   
    6.40900000e+03     3.20450000e+00    -1.22467164e+03     3.23747365e+02    -1.22475185e+03   
    6.41000000e+03     3.20500000e+00    -1.22467167e+03     3.24181128e+02    -1.22475242e+03   
    6.41100000e+03     3.20550000e+00    -1.22467174e+03     3.27149948e+02    -1.22475228e+03   
    6.41200000e+03     3.20600000e+00    -1.22467163e+03     3.19481016e+02    -1.22475056e+03   
    6.41300000e+03     3.20650000e+00    -1.22467169e+03     3.04181042e+02    -1.22474797e+03   
    6.41400000e+03     3.20700000e+00    -1.22467152e+03     2.91666935e+02    -1.22474539e+03   
    6.41500000e+03     3.20750000e+00    -1.22467154e+03     2.86746811e+02    -1.22474395e+03   
    6.41600000e+03     3.20800000e+00    -1.22467155e+03     2.84735013e+02    -1.22474352e+03   
    6.41700000e+03     3.20850000e+00    -1.22467161e+03     2.84576953e+02    -1.22474367e+03   
    6.41800000e+03     3.20900000e+00    -1.22467173e+03     2.86531464e+02    -1.22474367e+03   
    6.41900000e+03     3.20950000e+00    -1.22467163e+03     2.83247002e+02    -1.22474266e+03   
    6.42000000e+03     3.21000000e+00    -1.22467159e+03     2.76578667e+02    -1.22474122e+03   
    6.42100000e+03     3.21050000e+00    -1.22467156e+03     2.74048667e+02    -1.22473993e+03   
    6.42200000e+03     3.21100000e+00    -1.22467162e+03     2.70619420e+02    -1.22473936e+03   
    6.42300000e+03     3.21150000e+00    -1.22467163e+03     2.74315131e+02    -1.22473979e+03   
    6.42400000e+03     3.21200000e+00    -1.22467165e+03     2.83823095e+02    -1.22474094e+03   
    6.42500000e+03     3.21250000e+00    -1.22467170e+03     2.87414177e+02    -1.22474237e+03   
    6.42600000e+03     3.21300000e+00    -1.22467171e+03     2.87425089e+02    -1.22474352e+03   
    6.42700000e+03     3.21350000e+00    -1.22467158e+03     2.91714287e+02    -1.22474438e+03   
    6.42800000e+03     3.21400000e+00    -1.22467166e+03     2.94189107e+02    -1.22474510e+03   
    6.42900000e+03     3.21450000e+00    -1.22467171e+03     2.91196145e+02    -1.22474553e+03   
    6.43000000e+03     3.21500000e+00    -1.22467167e+03     2.91780235e+02    -1.22474582e+03   
    6.43100000e+03     3.21550000e+00    -1.22467161e+03     2.90609683e+02    -1.22474625e+03   
    6.43200000e+03     3.21600000e+00    -1.22467161e+03     2.93504539e+02    -1.22474682e+03   
    6.43300000e+03     3.21650000e+00    -1.22467159e+03     2.99130913e+02    -1.22474797e+03   
    6.43400000e+03     3.21700000e+00    -1.22467162e+03     3.02311299e+02    -1.22474926e+03   
    6.43500000e+03     3.21750000e+00    -1.22467171e+03     3.03281621e+02    -1.22475013e+03   
    6.43600000e+03     3.21800000e+00    -1.22467169e+03     3.07021952e+02    -1.22474984e+03   
    6.43700000e+03     3.21850000e+00    -1.22467173e+03     3.01252596e+02    -1.22474869e+03   
    6.43800000e+03     3.21900000e+00    -1.22467164e+03     2.97136409e+02    -1.22474725e+03   
    6.43900000e+03     3.21950000e+00    -1.22467151e+03     2.94015226e+02    -1.22474611e+03   
    6.44000000e+03     3.22000000e+00    -1.22467150e+03     2.91225826e+02    -1.22474596e+03   
    6.44100000e+03     3.22050000e+00    -1.22467154e+03     2.85560637e+02    -1.22474711e+03   
    6.44200000e+03     3.22100000e+00    -1.22467161e+03     2.98429576e+02    -1.22474912e+03   
    6.44300000e+03     3.22150000e+00    -1.22467160e+03     3.00514089e+02    -1.22475142e+03   
    6.44400000e+03     3.22200000e+00    -1.22467163e+03     3.12121761e+02    -1.22475343e+03   
    6.44500000e+03     3.22250000e+00    -1.22467165e+03     3.19889737e+02    -1.22475429e+03   
    6.44600000e+03     3.22300000e+00    -1.22467169e+03     3.16124174e+02    -1.22475400e+03   
    6.44700000e+03     3.22350000e+00    -1.22467162e+03     3.07147612e+02    -1.22475271e+03   
    6.44800000e+03     3.22400000e+00    -1.22467157e+03     2.99339852e+02    -1.22475113e+03   
    6.44900000e+03     3.22450000e+00    -1.22467147e+03     2.96570220e+02    -1.22475056e+03   
    6.45000000e+03     3.22500000e+00    -1.22467152e+03     3.06129798e+02    -1.22475213e+03   
    6.45100000e+03     3.22550000e+00    -1.22467170e+03     3.23784180e+02    -1.22475529e+03   
    6.45200000e+03     3.22600000e+00    -1.22467178e+03     3.34865324e+02    -1.22475773e+03   
    6.45300000e+03     3.22650000e+00    -1.22467179e+03     3.32484388e+02    -1.22475816e+03   
    6.45400000e+03     3.22700000e+00    -1.22467171e+03     3.31663761e+02    -1.22475630e+03   
    6.45500000e+03     3.22750000e+00    -1.22467170e+03     3.13430063e+02    -1.22475300e+03   
    6.45600000e+03     3.22800000e+00    -1.22467164e+03     2.92906378e+02    -1.22474941e+03   
    6.45700000e+03     3.22850000e+00    -1.22467160e+03     2.78711239e+02    -1.22474682e+03   
    6.45800000e+03     3.22900000e+00    -1.22467151e+03     2.71962118e+02    -1.22474539e+03   
    6.45900000e+03     3.22950000e+00    -1.22467155e+03     2.63255215e+02    -1.22474539e+03   
    6.46000000e+03     3.23000000e+00    -1.22467162e+03     2.69110337e+02    -1.22474711e+03   
    6.46100000e+03     3.23050000e+00    -1.22467159e+03     2.83099951e+02    -1.22474955e+03   
    6.46200000e+03     3.23100000e+00    -1.22467166e+03     2.87226716e+02    -1.22475199e+03   
    6.46300000e+03     3.23150000e+00    -1.22467185e+03     2.98004843e+02    -1.22475328e+03   
    6.46400000e+03     3.23200000e+00    -1.22467183e+03     2.96996874e+02    -1.22475242e+03   
    6.46500000e+03     3.23250000e+00    -1.22467171e+03     2.87758491e+02    -1.22474955e+03   
    6.46600000e+03     3.23300000e+00    -1.22467164e+03     2.71140745e+02    -1.22474639e+03   
    6.46700000e+03     3.23350000e+00    -1.22467157e+03     2.61218443e+02    -1.22474424e+03   
    6.46800000e+03     3.23400000e+00    -1.22467147e+03     2.64376008e+02    -1.22474453e+03   
    6.46900000e+03     3.23450000e+00    -1.22467162e+03     2.75325375e+02    -1.22474754e+03   
    6.47000000e+03     3.23500000e+00    -1.22467180e+03     2.85766400e+02    -1.22475113e+03   
    6.47100000e+03     3.23550000e+00    -1.22467187e+03     2.94461054e+02    -1.22475328e+03   
    6.47200000e+03     3.23600000e+00    -1.22467175e+03     2.99316699e+02    -1.22475300e+03   
    6.47300000e+03     3.23650000e+00    -1.22467167e+03     2.93930351e+02    -1.22475070e+03   
    6.47400000e+03     3.23700000e+00    -1.22467164e+03     2.84091535e+02    -1.22474725e+03   
    6.47500000e+03     3.23750000e+00    -1.22467159e+03     2.70137544e+02    -1.22474381e+03   
    6.47600000e+03     3.23800000e+00    -1.22467156e+03     2.57215809e+02    -1.22474108e+03   
    6.47700000e+03     3.23850000e+00    -1.22467158e+03     2.48840955e+02    -1.22473965e+03   
    6.47800000e+03     3.23900000e+00    -1.22467156e+03     2.48195563e+02    -1.22473993e+03   
    6.47900000e+03     3.23950000e+00    -1.22467158e+03     2.55405439e+02    -1.22474209e+03   
    6.48000000e+03     3.24000000e+00    -1.22467167e+03     2.66661799e+02    -1.22474539e+03   
    6.48100000e+03     3.24050000e+00    -1.22467175e+03     2.80503489e+02    -1.22474840e+03   
    6.48200000e+03     3.24100000e+00    -1.22467171e+03     2.88009358e+02    -1.22474984e+03   
    6.48300000e+03     3.24150000e+00    -1.22467176e+03     2.88003317e+02    -1.22474969e+03   
    6.48400000e+03     3.24200000e+00    -1.22467172e+03     2.82069922e+02    -1.22474826e+03   
    6.48500000e+03     3.24250000e+00    -1.22467159e+03     2.76027611e+02    -1.22474682e+03   
    6.48600000e+03     3.24300000e+00    -1.22467158e+03     2.82352276e+02    -1.22474725e+03   
    6.48700000e+03     3.24350000e+00    -1.22467162e+03     2.96573594e+02    -1.22474998e+03   
    6.48800000e+03     3.24400000e+00    -1.22467167e+03     3.14131966e+02    -1.22475386e+03   
    6.48900000e+03     3.24450000e+00    -1.22467180e+03     3.25877966e+02    -1.22475687e+03   
    6.49000000e+03     3.24500000e+00    -1.22467180e+03     3.36016118e+02    -1.22475802e+03   
    6.49100000e+03     3.24550000e+00    -1.22467178e+03     3.39380709e+02    -1.22475730e+03   
    6.49200000e+03     3.24600000e+00    -1.22467167e+03     3.31358976e+02    -1.22475515e+03   
    6.49300000e+03     3.24650000e+00    -1.22467162e+03     3.22179159e+02    -1.22475271e+03   
    6.49400000e+03     3.24700000e+00    -1.22467155e+03     3.13281864e+02    -1.22475041e+03   
    6.49500000e+03     3.24750000e+00    -1.22467157e+03     3.02986971e+02    -1.22474855e+03   
    6.49600000e+03     3.24800000e+00    -1.22467157e+03     3.05705044e+02    -1.22474812e+03   
    6.49700000e+03     3.24850000e+00    -1.22467158e+03     3.11707769e+02    -1.22474898e+03   
    6.49800000e+03     3.24900000e+00    -1.22467162e+03     3.19573096e+02    -1.22475084e+03   
    6.49900000e+03     3.24950000e+00    -1.22467176e+03     3.29991382e+02    -1.22475271e+03   
    6.50000000e+03     3.25000000e+00    -1.22467172e+03     3.28437216e+02    -1.22475328e+03   
    6.50100000e+03     3.25050000e+00    -1.22467174e+03     3.28804389e+02    -1.22475228e+03   
    6.50200000e+03     3.25100000e+00    -1.22467169e+03     3.18108038e+02    -1.22474998e+03   
    6.50300000e+03     3.25150000e+00    -1.22467151e+03     3.11130763e+02    -1.22474740e+03   
    6.50400000e+03     3.25200000e+00    -1.22467144e+03     3.05360567e+02    -1.22474611e+03   
    6.50500000e+03     3.25250000e+00    -1.22467148e+03     3.19775398e+02    -1.22474740e+03   
    6.50600000e+03     3.25300000e+00    -1.22467164e+03     3.28563103e+02    -1.22475070e+03   
    6.50700000e+03     3.25350000e+00    -1.22467172e+03     3.40337091e+02    -1.22475400e+03   
    6.50800000e+03     3.25400000e+00    -1.22467174e+03     3.47913115e+02    -1.22475544e+03   
    6.50900000e+03     3.25450000e+00    -1.22467178e+03     3.41167254e+02    -1.22475458e+03   
    6.51000000e+03     3.25500000e+00    -1.22467176e+03     3.29649183e+02    -1.22475199e+03   
    6.51100000e+03     3.25550000e+00    -1.22467157e+03     3.15095870e+02    -1.22474840e+03   
    6.51200000e+03     3.25600000e+00    -1.22467158e+03     3.00255834e+02    -1.22474510e+03   
    6.51300000e+03     3.25650000e+00    -1.22467150e+03     2.94722447e+02    -1.22474266e+03   
    6.51400000e+03     3.25700000e+00    -1.22467155e+03     2.94979701e+02    -1.22474209e+03   
    6.51500000e+03     3.25750000e+00    -1.22467160e+03     3.05146087e+02    -1.22474323e+03   
    6.51600000e+03     3.25800000e+00    -1.22467159e+03     3.11244913e+02    -1.22474510e+03   
    6.51700000e+03     3.25850000e+00    -1.22467169e+03     3.19436574e+02    -1.22474697e+03   
    6.51800000e+03     3.25900000e+00    -1.22467170e+03     3.19411591e+02    -1.22474754e+03   
    6.51900000e+03     3.25950000e+00    -1.22467172e+03     3.14023800e+02    -1.22474639e+03   
    6.52000000e+03     3.26000000e+00    -1.22467158e+03     3.11475324e+02    -1.22474410e+03   
    6.52100000e+03     3.26050000e+00    -1.22467153e+03     3.08187832e+02    -1.22474194e+03   
    6.52200000e+03     3.26100000e+00    -1.22467148e+03     3.04417459e+02    -1.22474151e+03   
    6.52300000e+03     3.26150000e+00    -1.22467146e+03     3.15578815e+02    -1.22474367e+03   
    6.52400000e+03     3.26200000e+00    -1.22467156e+03     3.26081757e+02    -1.22474797e+03   
    6.52500000e+03     3.26250000e+00    -1.22467172e+03     3.39430018e+02    -1.22475213e+03   
    6.52600000e+03     3.26300000e+00    -1.22467178e+03     3.47938574e+02    -1.22475458e+03   
    6.52700000e+03     3.26350000e+00    -1.22467171e+03     3.53509064e+02    -1.22475458e+03   
    6.52800000e+03     3.26400000e+00    -1.22467161e+03     3.50679428e+02    -1.22475257e+03   
    6.52900000e+03     3.26450000e+00    -1.22467160e+03     3.38562627e+02    -1.22474969e+03   
    6.53000000e+03     3.26500000e+00    -1.22467165e+03     3.26625429e+02    -1.22474682e+03   
    6.53100000e+03     3.26550000e+00    -1.22467148e+03     3.17344781e+02    -1.22474467e+03   
    6.53200000e+03     3.26600000e+00    -1.22467153e+03     3.09319683e+02    -1.22474381e+03   
    6.53300000e+03     3.26650000e+00    -1.22467148e+03     3.07664580e+02    -1.22474410e+03   
    6.53400000e+03     3.26700000e+00    -1.22467156e+03     3.15806608e+02    -1.22474539e+03   
    6.53500000e+03     3.26750000e+00    -1.22467163e+03     3.19903109e+02    -1.22474682e+03   
    6.53600000e+03     3.26800000e+00    -1.22467176e+03     3.28664103e+02    -1.22474725e+03   
    6.53700000e+03     3.26850000e+00    -1.22467169e+03     3.26134120e+02    -1.22474567e+03   
    6.53800000e+03     3.26900000e+00    -1.22467160e+03     3.10841181e+02    -1.22474209e+03   
    6.53900000e+03     3.26950000e+00    -1.22467154e+03     2.92314074e+02    -1.22473764e+03   
    6.54000000e+03     3.27000000e+00    -1.22467147e+03     2.71988256e+02    -1.22473419e+03   
    6.54100000e+03     3.27050000e+00    -1.22467138e+03     2.69335103e+02    -1.22473362e+03   
    6.54200000e+03     3.27100000e+00    -1.22467147e+03     2.79438915e+02    -1.22473620e+03   
    6.54300000e+03     3.27150000e+00    -1.22467161e+03     2.96144488e+02    -1.22473993e+03   
    6.54400000e+03     3.27200000e+00    -1.22467169e+03     3.06212914e+02    -1.22474338e+03   
    6.54500000e+03     3.27250000e+00    -1.22467173e+03     3.14980604e+02    -1.22474467e+03   
    6.54600000e+03     3.27300000e+00    -1.22467183e+03     3.12822259e+02    -1.22474338e+03   
    6.54700000e+03     3.27350000e+00    -1.22467170e+03     2.95595194e+02    -1.22473950e+03   
    6.54800000e+03     3.27400000e+00    -1.22467151e+03     2.69903485e+02    -1.22473419e+03   
    6.54900000e+03     3.27450000e+00    -1.22467150e+03     2.49453331e+02    -1.22472988e+03   
    6.55000000e+03     3.27500000e+00    -1.22467144e+03     2.39793263e+02    -1.22472787e+03   
    6.55100000e+03     3.27550000e+00    -1.22467144e+03     2.45183290e+02    -1.22472917e+03   
    6.55200000e+03     3.27600000e+00    -1.22467156e+03     2.60201515e+02    -1.22473333e+03   
    6.55300000e+03     3.27650000e+00    -1.22467162e+03     2.83581951e+02    -1.22473778e+03   
    6.55400000e+03     3.27700000e+00    -1.22467182e+03     3.03727598e+02    -1.22474094e+03   
    6.55500000e+03     3.27750000e+00    -1.22467179e+03     3.07763288e+02    -1.22474108e+03   
    6.55600000e+03     3.27800000e+00    -1.22467163e+03     2.97222438e+02    -1.22473807e+03   
    6.55700000e+03     3.27850000e+00    -1.22467155e+03     2.80881583e+02    -1.22473319e+03   
    6.55800000e+03     3.27900000e+00    -1.22467146e+03     2.59693655e+02    -1.22472831e+03   
    6.55900000e+03     3.27950000e+00    -1.22467130e+03     2.49522181e+02    -1.22472543e+03   
    6.56000000e+03     3.28000000e+00    -1.22467136e+03     2.48926283e+02    -1.22472572e+03   
    6.56100000e+03     3.28050000e+00    -1.22467141e+03     2.61621964e+02    -1.22472902e+03   
    6.56200000e+03     3.28100000e+00    -1.22467148e+03     2.83745864e+02    -1.22473477e+03   
    6.56300000e+03     3.28150000e+00    -1.22467165e+03     3.13444176e+02    -1.22474108e+03   
    6.56400000e+03     3.28200000e+00    -1.22467167e+03     3.38802697e+02    -1.22474596e+03   
    6.56500000e+03     3.28250000e+00    -1.22467179e+03     3.48539688e+02    -1.22474797e+03   
    6.56600000e+03     3.28300000e+00    -1.22467179e+03     3.33433150e+02    -1.22474596e+03   
    6.56700000e+03     3.28350000e+00    -1.22467164e+03     3.17753298e+02    -1.22474079e+03   
    6.56800000e+03     3.28400000e+00    -1.22467140e+03     2.93284860e+02    -1.22473505e+03   
    6.56900000e+03     3.28450000e+00    -1.22467132e+03     2.79703764e+02    -1.22473161e+03   
    6.57000000e+03     3.28500000e+00    -1.22467129e+03     2.77341235e+02    -1.22473218e+03   
    6.57100000e+03     3.28550000e+00    -1.22467140e+03     2.96418625e+02    -1.22473677e+03   
    6.57200000e+03     3.28600000e+00    -1.22467169e+03     3.26396363e+02    -1.22474352e+03   
    6.57300000e+03     3.28650000e+00    -1.22467183e+03     3.49917608e+02    -1.22474912e+03   
    6.57400000e+03     3.28700000e+00    -1.22467181e+03     3.62692571e+02    -1.22475113e+03   
    6.57500000e+03     3.28750000e+00    -1.22467178e+03     3.48856134e+02    -1.22474869e+03   
    6.57600000e+03     3.28800000e+00    -1.22467161e+03     3.22199314e+02    -1.22474295e+03   
    6.57700000e+03     3.28850000e+00    -1.22467147e+03     2.91048536e+02    -1.22473591e+03   
    6.57800000e+03     3.28900000e+00    -1.22467135e+03     2.70957569e+02    -1.22473060e+03   
    6.57900000e+03     3.28950000e+00    -1.22467132e+03     2.61592532e+02    -1.22472874e+03   
    6.58000000e+03     3.29000000e+00    -1.22467138e+03     2.71980111e+02    -1.22473060e+03   
    6.58100000e+03     3.29050000e+00    -1.22467147e+03     2.88908926e+02    -1.22473520e+03   
    6.58200000e+03     3.29100000e+00    -1.22467168e+03     3.03522572e+02    -1.22474036e+03   
    6.58300000e+03     3.29150000e+00    -1.22467176e+03     3.10624344e+02    -1.22474309e+03   
    6.58400000e+03     3.29200000e+00    -1.22467177e+03     3.11462208e+02    -1.22474252e+03   
    6.58500000e+03     3.29250000e+00    -1.22467170e+03     2.91698565e+02    -1.22473864e+03   
    6.58600000e+03     3.29300000e+00    -1.22467150e+03     2.66192801e+02    -1.22473319e+03   
    6.58700000e+03     3.29350000e+00    -1.22467131e+03     2.46256778e+02    -1.22472888e+03   
    6.58800000e+03     3.29400000e+00    -1.22467138e+03     2.38049112e+02    -1.22472744e+03   
    6.58900000e+03     3.29450000e+00    -1.22467142e+03     2.49604767e+02    -1.22472974e+03   
    6.59000000e+03     3.29500000e+00    -1.22467143e+03     2.70947688e+02    -1.22473477e+03   
    6.59100000e+03     3.29550000e+00    -1.22467162e+03     2.98405568e+02    -1.22474108e+03   
    6.59200000e+03     3.29600000e+00    -1.22467173e+03     3.17134830e+02    -1.22474596e+03   
    6.59300000e+03     3.29650000e+00    -1.22467179e+03     3.25630051e+02    -1.22474768e+03   
    6.59400000e+03     3.29700000e+00    -1.22467176e+03     3.15309423e+02    -1.22474611e+03   
    6.59500000e+03     3.29750000e+00    -1.22467158e+03     2.97982690e+02    -1.22474209e+03   
    6.59600000e+03     3.29800000e+00    -1.22467148e+03     2.81632663e+02    -1.22473807e+03   
    6.59700000e+03     3.29850000e+00    -1.22467140e+03     2.68209422e+02    -1.22473577e+03   
    6.59800000e+03     3.29900000e+00    -1.22467139e+03     2.70850429e+02    -1.22473591e+03   
    6.59900000e+03     3.29950000e+00    -1.22467149e+03     2.74284636e+02    -1.22473835e+03   
    6.60000000e+03     3.30000000e+00    -1.22467162e+03     2.86298429e+02    -1.22474166e+03   
    6.60100000e+03     3.30050000e+00    -1.22467164e+03     2.97808816e+02    -1.22474453e+03   
    6.60200000e+03     3.30100000e+00    -1.22467177e+03     3.03168091e+02    -1.22474611e+03   
    6.60300000e+03     3.30150000e+00    -1.22467166e+03     2.99511701e+02    -1.22474582e+03   
    6.60400000e+03     3.30200000e+00    -1.22467167e+03     2.94488039e+02    -1.22474424e+03   
    6.60500000e+03     3.30250000e+00    -1.22467157e+03     2.83023629e+02    -1.22474209e+03   
    6.60600000e+03     3.30300000e+00    -1.22467154e+03     2.76278383e+02    -1.22474079e+03   
    6.60700000e+03     3.30350000e+00    -1.22467150e+03     2.75111016e+02    -1.22474108e+03   
    6.60800000e+03     3.30400000e+00    -1.22467156e+03     2.84648805e+02    -1.22474295e+03   
    6.60900000e+03     3.30450000e+00    -1.22467175e+03     2.95559103e+02    -1.22474553e+03   
    6.61000000e+03     3.30500000e+00    -1.22467169e+03     3.04370402e+02    -1.22474754e+03   
    6.61100000e+03     3.30550000e+00    -1.22467178e+03     3.08210434e+02    -1.22474840e+03   
    6.61200000e+03     3.30600000e+00    -1.22467171e+03     2.95458215e+02    -1.22474725e+03   
    6.61300000e+03     3.30650000e+00    -1.22467171e+03     2.82652687e+02    -1.22474510e+03   
    6.61400000e+03     3.30700000e+00    -1.22467159e+03     2.70500925e+02    -1.22474223e+03   
    6.61500000e+03     3.30750000e+00    -1.22467159e+03     2.57127165e+02    -1.22473993e+03   
    6.61600000e+03     3.30800000e+00    -1.22467157e+03     2.49771351e+02    -1.22473850e+03   
    6.61700000e+03     3.30850000e+00    -1.22467157e+03     2.50487844e+02    -1.22473821e+03   
    6.61800000e+03     3.30900000e+00    -1.22467162e+03     2.50724970e+02    -1.22473893e+03   
    6.61900000e+03     3.30950000e+00    -1.22467162e+03     2.58962812e+02    -1.22474022e+03   
    6.62000000e+03     3.31000000e+00    -1.22467166e+03     2.56701073e+02    -1.22474122e+03   
    6.62100000e+03     3.31050000e+00    -1.22467176e+03     2.57315671e+02    -1.22474151e+03   
    6.62200000e+03     3.31100000e+00    -1.22467171e+03     2.59262409e+02    -1.22474051e+03   
    6.62300000e+03     3.31150000e+00    -1.22467157e+03     2.54691976e+02    -1.22473907e+03   
    6.62400000e+03     3.31200000e+00    -1.22467154e+03     2.47264112e+02    -1.22473850e+03   
    6.62500000e+03     3.31250000e+00    -1.22467164e+03     2.49019668e+02    -1.22473893e+03   
    6.62600000e+03     3.31300000e+00    -1.22467168e+03     2.60931375e+02    -1.22474094e+03   
    6.62700000e+03     3.31350000e+00    -1.22467168e+03     2.73450017e+02    -1.22474381e+03   
    6.62800000e+03     3.31400000e+00    -1.22467182e+03     2.77111833e+02    -1.22474611e+03   
    6.62900000e+03     3.31450000e+00    -1.22467172e+03     2.80476933e+02    -1.22474668e+03   
    6.63000000e+03     3.31500000e+00    -1.22467167e+03     2.76918209e+02    -1.22474567e+03   
    6.63100000e+03     3.31550000e+00    -1.22467164e+03     2.69710585e+02    -1.22474395e+03   
    6.63200000e+03     3.31600000e+00    -1.22467164e+03     2.66173476e+02    -1.22474266e+03   
    6.63300000e+03     3.31650000e+00    -1.22467160e+03     2.66289623e+02    -1.22474223e+03   
    6.63400000e+03     3.31700000e+00    -1.22467169e+03     2.64120827e+02    -1.22474280e+03   
    6.63500000e+03     3.31750000e+00    -1.22467158e+03     2.69878449e+02    -1.22474410e+03   
    6.63600000e+03     3.31800000e+00    -1.22467168e+03     2.83300839e+02    -1.22474611e+03   
    6.63700000e+03     3.31850000e+00    -1.22467166e+03     2.93337108e+02    -1.22474797e+03   
    6.63800000e+03     3.31900000e+00    -1.22467176e+03     2.99999191e+02    -1.22474955e+03   
    6.63900000e+03     3.31950000e+00    -1.22467180e+03     3.02505169e+02    -1.22475041e+03   
    6.64000000e+03     3.32000000e+00    -1.22467169e+03     3.03717980e+02    -1.22474998e+03   
    6.64100000e+03     3.32050000e+00    -1.22467168e+03     2.95472032e+02    -1.22474883e+03   
    6.64200000e+03     3.32100000e+00    -1.22467164e+03     2.88299867e+02    -1.22474754e+03   
    6.64300000e+03     3.32150000e+00    -1.22467156e+03     2.92771729e+02    -1.22474725e+03   
    6.64400000e+03     3.32200000e+00    -1.22467160e+03     2.93458079e+02    -1.22474840e+03   
    6.64500000e+03     3.32250000e+00    -1.22467175e+03     3.03600721e+02    -1.22475084e+03   
    6.64600000e+03     3.32300000e+00    -1.22467175e+03     3.19737473e+02    -1.22475343e+03   
    6.64700000e+03     3.32350000e+00    -1.22467186e+03     3.18806640e+02    -1.22475458e+03   
    6.64800000e+03     3.32400000e+00    -1.22467178e+03     3.12705270e+02    -1.22475371e+03   
    6.64900000e+03     3.32450000e+00    -1.22467167e+03     3.01812816e+02    -1.22475127e+03   
    6.65000000e+03     3.32500000e+00    -1.22467169e+03     2.84826005e+02    -1.22474840e+03   
    6.65100000e+03     3.32550000e+00    -1.22467166e+03     2.79733158e+02    -1.22474611e+03   
    6.65200000e+03     3.32600000e+00    -1.22467165e+03     2.75999085e+02    -1.22474539e+03   
    6.65300000e+03     3.32650000e+00    -1.22467170e+03     2.81606939e+02    -1.22474582e+03   
    6.65400000e+03     3.32700000e+00    -1.22467175e+03     2.90336853e+02    -1.22474697e+03   
    6.65500000e+03     3.32750000e+00    -1.22467168e+03     2.90166557e+02    -1.22474797e+03   
    6.65600000e+03     3.32800000e+00    -1.22467176e+03     2.98584153e+02    -1.22474869e+03   
    6.65700000e+03     3.32850000e+00    -1.22467179e+03     2.92508323e+02    -1.22474840e+03   
    6.65800000e+03     3.32900000e+00    -1.22467167e+03     2.86867409e+02    -1.22474725e+03   
    6.65900000e+03     3.32950000e+00    -1.22467173e+03     2.82838404e+02    -1.22474553e+03   
    6.66000000e+03     3.33000000e+00    -1.22467167e+03     2.70808277e+02    -1.22474381e+03   
    6.66100000e+03     3.33050000e+00    -1.22467166e+03     2.69272169e+02    -1.22474280e+03   
    6.66200000e+03     3.33100000e+00    -1.22467164e+03     2.64558240e+02    -1.22474266e+03   
    6.66300000e+03     3.33150000e+00    -1.22467174e+03     2.72816712e+02    -1.22474367e+03   
    6.66400000e+03     3.33200000e+00    -1.22467168e+03     2.78625901e+02    -1.22474496e+03   
    6.66500000e+03     3.33250000e+00    -1.22467173e+03     2.87096163e+02    -1.22474596e+03   
    6.66600000e+03     3.33300000e+00    -1.22467177e+03     2.85725602e+02    -1.22474611e+03   
    6.66700000e+03     3.33350000e+00    -1.22467169e+03     2.87439752e+02    -1.22474567e+03   
    6.66800000e+03     3.33400000e+00    -1.22467176e+03     2.91154590e+02    -1.22474510e+03   
    6.66900000e+03     3.33450000e+00    -1.22467165e+03     2.94902508e+02    -1.22474438e+03   
    6.67000000e+03     3.33500000e+00    -1.22467175e+03     2.93457462e+02    -1.22474352e+03   
    6.67100000e+03     3.33550000e+00    -1.22467177e+03     2.90827520e+02    -1.22474223e+03   
    6.67200000e+03     3.33600000e+00    -1.22467170e+03     2.80925012e+02    -1.22474079e+03   
    6.67300000e+03     3.33650000e+00    -1.22467164e+03     2.75164056e+02    -1.22473979e+03   
    6.67400000e+03     3.33700000e+00    -1.22467166e+03     2.79624978e+02    -1.22473979e+03   
    6.67500000e+03     3.33750000e+00    -1.22467164e+03     2.89231649e+02    -1.22474079e+03   
    6.67600000e+03     3.33800000e+00    -1.22467174e+03     2.99516782e+02    -1.22474266e+03   
    6.67700000e+03     3.33850000e+00    -1.22467171e+03     3.05870658e+02    -1.22474424e+03   
    6.67800000e+03     3.33900000e+00    -1.22467177e+03     3.10261268e+02    -1.22474510e+03   
    6.67900000e+03     3.33950000e+00    -1.22467176e+03     3.13216329e+02    -1.22474496e+03   
    6.68000000e+03     3.34000000e+00    -1.22467166e+03     3.08517856e+02    -1.22474410e+03   
    6.68100000e+03     3.34050000e+00    -1.22467172e+03     3.04738777e+02    -1.22474338e+03   
    6.68200000e+03     3.34100000e+00    -1.22467170e+03     3.02988855e+02    -1.22474309e+03   
    6.68300000e+03     3.34150000e+00    -1.22467165e+03     3.07107438e+02    -1.22474338e+03   
    6.68400000e+03     3.34200000e+00    -1.22467168e+03     3.15657970e+02    -1.22474410e+03   
    6.68500000e+03     3.34250000e+00    -1.22467161e+03     3.24709380e+02    -1.22474467e+03   
    6.68600000e+03     3.34300000e+00    -1.22467167e+03     3.25623255e+02    -1.22474524e+03   
    6.68700000e+03     3.34350000e+00    -1.22467170e+03     3.26191788e+02    -1.22474582e+03   
    6.68800000e+03     3.34400000e+00    -1.22467170e+03     3.29416289e+02    -1.22474668e+03   
    6.68900000e+03     3.34450000e+00    -1.22467173e+03     3.32801941e+02    -1.22474725e+03   
    6.69000000e+03     3.34500000e+00    -1.22467171e+03     3.28118713e+02    -1.22474682e+03   
    6.69100000e+03     3.34550000e+00    -1.22467164e+03     3.22754322e+02    -1.22474539e+03   
    6.69200000e+03     3.34600000e+00    -1.22467166e+03     3.11912841e+02    -1.22474338e+03   
    6.69300000e+03     3.34650000e+00    -1.22467160e+03     3.03771724e+02    -1.22474151e+03   
    6.69400000e+03     3.34700000e+00    -1.22467158e+03     2.99418911e+02    -1.22474065e+03   
    6.69500000e+03     3.34750000e+00    -1.22467167e+03     3.03080007e+02    -1.22474122e+03   
    6.69600000e+03     3.34800000e+00    -1.22467172e+03     3.03374187e+02    -1.22474280e+03   
    6.69700000e+03     3.34850000e+00    -1.22467173e+03     3.12292499e+02    -1.22474467e+03   
    6.69800000e+03     3.34900000e+00    -1.22467167e+03     3.19252709e+02    -1.22474596e+03   
    6.69900000e+03     3.34950000e+00    -1.22467175e+03     3.28901747e+02    -1.22474668e+03   
    6.70000000e+03     3.35000000e+00    -1.22467176e+03     3.29705277e+02    -1.22474682e+03   
    6.70100000e+03     3.35050000e+00    -1.22467167e+03     3.27205913e+02    -1.22474611e+03   
    6.70200000e+03     3.35100000e+00    -1.22467162e+03     3.13656941e+02    -1.22474496e+03   
    6.70300000e+03     3.35150000e+00    -1.22467162e+03     3.07675605e+02    -1.22474395e+03   
    6.70400000e+03     3.35200000e+00    -1.22467158e+03     3.01787280e+02    -1.22474323e+03   
    6.70500000e+03     3.35250000e+00    -1.22467159e+03     3.05881527e+02    -1.22474338e+03   
    6.70600000e+03     3.35300000e+00    -1.22467171e+03     3.14625411e+02    -1.22474438e+03   
    6.70700000e+03     3.35350000e+00    -1.22467164e+03     3.23930958e+02    -1.22474567e+03   
    6.70800000e+03     3.35400000e+00    -1.22467171e+03     3.28554980e+02    -1.22474668e+03   
    6.70900000e+03     3.35450000e+00    -1.22467176e+03     3.30720149e+02    -1.22474668e+03   
    6.71000000e+03     3.35500000e+00    -1.22467166e+03     3.24789432e+02    -1.22474553e+03   
    6.71100000e+03     3.35550000e+00    -1.22467161e+03     3.19046382e+02    -1.22474381e+03   
    6.71200000e+03     3.35600000e+00    -1.22467166e+03     3.07507896e+02    -1.22474266e+03   
    6.71300000e+03     3.35650000e+00    -1.22467158e+03     3.01888457e+02    -1.22474223e+03   
    6.71400000e+03     3.35700000e+00    -1.22467162e+03     3.10671362e+02    -1.22474309e+03   
    6.71500000e+03     3.35750000e+00    -1.22467172e+03     3.19154289e+02    -1.22474496e+03   
    6.71600000e+03     3.35800000e+00    -1.22467180e+03     3.25872655e+02    -1.22474682e+03   
    6.71700000e+03     3.35850000e+00    -1.22467172e+03     3.32296560e+02    -1.22474768e+03   
    6.71800000e+03     3.35900000e+00    -1.22467171e+03     3.30477842e+02    -1.22474725e+03   
    6.71900000e+03     3.35950000e+00    -1.22467176e+03     3.22184530e+02    -1.22474582e+03   
    6.72000000e+03     3.36000000e+00    -1.22467164e+03     3.14337755e+02    -1.22474395e+03   
    6.72100000e+03     3.36050000e+00    -1.22467158e+03     3.06818155e+02    -1.22474280e+03   
    6.72200000e+03     3.36100000e+00    -1.22467166e+03     3.07480329e+02    -1.22474323e+03   
    6.72300000e+03     3.36150000e+00    -1.22467170e+03     3.10641101e+02    -1.22474524e+03   
    6.72400000e+03     3.36200000e+00    -1.22467169e+03     3.26136642e+02    -1.22474754e+03   
    6.72500000e+03     3.36250000e+00    -1.22467184e+03     3.29158577e+02    -1.22474941e+03   
    6.72600000e+03     3.36300000e+00    -1.22467182e+03     3.31731739e+02    -1.22474955e+03   
    6.72700000e+03     3.36350000e+00    -1.22467176e+03     3.23245255e+02    -1.22474768e+03   
    6.72800000e+03     3.36400000e+00    -1.22467168e+03     3.12492426e+02    -1.22474467e+03   
    6.72900000e+03     3.36450000e+00    -1.22467168e+03     2.97659122e+02    -1.22474180e+03   
    6.73000000e+03     3.36500000e+00    -1.22467163e+03     2.91677283e+02    -1.22473993e+03   
    6.73100000e+03     3.36550000e+00    -1.22467156e+03     2.89849132e+02    -1.22473907e+03   
    6.73200000e+03     3.36600000e+00    -1.22467160e+03     2.84863068e+02    -1.22473950e+03   
    6.73300000e+03     3.36650000e+00    -1.22467165e+03     2.89778347e+02    -1.22474094e+03   
    6.73400000e+03     3.36700000e+00    -1.22467177e+03     2.97689488e+02    -1.22474252e+03   
    6.73500000e+03     3.36750000e+00    -1.22467170e+03     3.03681193e+02    -1.22474352e+03   
    6.73600000e+03     3.36800000e+00    -1.22467165e+03     3.08027702e+02    -1.22474367e+03   
    6.73700000e+03     3.36850000e+00    -1.22467163e+03     3.06129665e+02    -1.22474323e+03   
    6.73800000e+03     3.36900000e+00    -1.22467166e+03     3.03486364e+02    -1.22474295e+03   
    6.73900000e+03     3.36950000e+00    -1.22467156e+03     3.11253757e+02    -1.22474352e+03   
    6.74000000e+03     3.37000000e+00    -1.22467173e+03     3.17894165e+02    -1.22474510e+03   
    6.74100000e+03     3.37050000e+00    -1.22467174e+03     3.22190548e+02    -1.22474668e+03   
    6.74200000e+03     3.37100000e+00    -1.22467176e+03     3.27190432e+02    -1.22474783e+03   
    6.74300000e+03     3.37150000e+00    -1.22467170e+03     3.33164645e+02    -1.22474840e+03   
    6.74400000e+03     3.37200000e+00    -1.22467173e+03     3.33796811e+02    -1.22474855e+03   
    6.74500000e+03     3.37250000e+00    -1.22467166e+03     3.37814531e+02    -1.22474783e+03   
    6.74600000e+03     3.37300000e+00    -1.22467168e+03     3.26445182e+02    -1.22474625e+03   
    6.74700000e+03     3.37350000e+00    -1.22467166e+03     3.12444549e+02    -1.22474395e+03   
    6.74800000e+03     3.37400000e+00    -1.22467159e+03     3.05155869e+02    -1.22474122e+03   
    6.74900000e+03     3.37450000e+00    -1.22467155e+03     3.03163595e+02    -1.22473907e+03   
    6.75000000e+03     3.37500000e+00    -1.22467158e+03     2.94296254e+02    -1.22473807e+03   
    6.75100000e+03     3.37550000e+00    -1.22467154e+03     2.94530703e+02    -1.22473807e+03   
    6.75200000e+03     3.37600000e+00    -1.22467165e+03     2.98666624e+02    -1.22473878e+03   
    6.75300000e+03     3.37650000e+00    -1.22467167e+03     3.00400459e+02    -1.22473922e+03   
    6.75400000e+03     3.37700000e+00    -1.22467176e+03     2.99379607e+02    -1.22473922e+03   
    6.75500000e+03     3.37750000e+00    -1.22467169e+03     2.96719709e+02    -1.22473835e+03   
    6.75600000e+03     3.37800000e+00    -1.22467164e+03     2.89047147e+02    -1.22473692e+03   
    6.75700000e+03     3.37850000e+00    -1.22467167e+03     2.83274888e+02    -1.22473606e+03   
    6.75800000e+03     3.37900000e+00    -1.22467159e+03     2.81702811e+02    -1.22473606e+03   
    6.75900000e+03     3.37950000e+00    -1.22467167e+03     2.84663611e+02    -1.22473663e+03   
    6.76000000e+03     3.38000000e+00    -1.22467166e+03     2.82180768e+02    -1.22473692e+03   
    6.76100000e+03     3.38050000e+00    -1.22467163e+03     2.87196837e+02    -1.22473706e+03   
    6.76200000e+03     3.38100000e+00    -1.22467162e+03     2.84005350e+02    -1.22473749e+03   
    6.76300000e+03     3.38150000e+00    -1.22467170e+03     2.90297653e+02    -1.22473835e+03   
    6.76400000e+03     3.38200000e+00    -1.22467174e+03     2.93226913e+02    -1.22473907e+03   
    6.76500000e+03     3.38250000e+00    -1.22467174e+03     2.98071048e+02    -1.22473950e+03   
    6.76600000e+03     3.38300000e+00    -1.22467169e+03     2.94215728e+02    -1.22473922e+03   
    6.76700000e+03     3.38350000e+00    -1.22467175e+03     2.87112331e+02    -1.22473821e+03   
    6.76800000e+03     3.38400000e+00    -1.22467165e+03     2.81072139e+02    -1.22473677e+03   
    6.76900000e+03     3.38450000e+00    -1.22467164e+03     2.70832965e+02    -1.22473563e+03   
    6.77000000e+03     3.38500000e+00    -1.22467165e+03     2.67109230e+02    -1.22473534e+03   
    6.77100000e+03     3.38550000e+00    -1.22467166e+03     2.70201532e+02    -1.22473591e+03   
    6.77200000e+03     3.38600000e+00    -1.22467175e+03     2.75920691e+02    -1.22473692e+03   
    6.77300000e+03     3.38650000e+00    -1.22467174e+03     2.75158367e+02    -1.22473764e+03   
    6.77400000e+03     3.38700000e+00    -1.22467173e+03     2.70647170e+02    -1.22473749e+03   
    6.77500000e+03     3.38750000e+00    -1.22467164e+03     2.68523394e+02    -1.22473706e+03   
    6.77600000e+03     3.38800000e+00    -1.22467164e+03     2.70506335e+02    -1.22473706e+03   
    6.77700000e+03     3.38850000e+00    -1.22467166e+03     2.73341519e+02    -1.22473821e+03   
    6.77800000e+03     3.38900000e+00    -1.22467173e+03     2.79346355e+02    -1.22473979e+03   
    6.77900000e+03     3.38950000e+00    -1.22467179e+03     2.85600080e+02    -1.22474108e+03   
    6.78000000e+03     3.39000000e+00    -1.22467177e+03     2.86215448e+02    -1.22474151e+03   
    6.78100000e+03     3.39050000e+00    -1.22467172e+03     2.91901629e+02    -1.22474166e+03   
    6.78200000e+03     3.39100000e+00    -1.22467173e+03     2.94322965e+02    -1.22474209e+03   
    6.78300000e+03     3.39150000e+00    -1.22467183e+03     2.97093544e+02    -1.22474280e+03   
    6.78400000e+03     3.39200000e+00    -1.22467179e+03     2.98966024e+02    -1.22474309e+03   
    6.78500000e+03     3.39250000e+00    -1.22467177e+03     2.95772504e+02    -1.22474295e+03   
    6.78600000e+03     3.39300000e+00    -1.22467175e+03     2.89957605e+02    -1.22474223e+03   
    6.78700000e+03     3.39350000e+00    -1.22467171e+03     2.85788608e+02    -1.22474094e+03   
    6.78800000e+03     3.39400000e+00    -1.22467166e+03     2.76388490e+02    -1.22473922e+03   
    6.78900000e+03     3.39450000e+00    -1.22467173e+03     2.69344183e+02    -1.22473778e+03   
    6.79000000e+03     3.39500000e+00    -1.22467164e+03     2.63172816e+02    -1.22473692e+03   
    6.79100000e+03     3.39550000e+00    -1.22467174e+03     2.59532948e+02    -1.22473721e+03   
    6.79200000e+03     3.39600000e+00    -1.22467177e+03     2.68680757e+02    -1.22473821e+03   
    6.79300000e+03     3.39650000e+00    -1.22467178e+03     2.74406814e+02    -1.22473979e+03   
    6.79400000e+03     3.39700000e+00    -1.22467182e+03     2.86349652e+02    -1.22474151e+03   
    6.79500000e+03     3.39750000e+00    -1.22467180e+03     2.88784928e+02    -1.22474237e+03   
    6.79600000e+03     3.39800000e+00    -1.22467175e+03     2.87754936e+02    -1.22474237e+03   
    6.79700000e+03     3.39850000e+00    -1.22467180e+03     2.88744251e+02    -1.22474137e+03   
    6.79800000e+03     3.39900000e+00    -1.22467167e+03     2.78039473e+02    -1.22473965e+03   
    6.79900000e+03     3.39950000e+00    -1.22467165e+03     2.67314389e+02    -1.22473821e+03   
    6.80000000e+03     3.40000000e+00    -1.22467163e+03     2.64652396e+02    -1.22473807e+03   
    6.80100000e+03     3.40050000e+00    -1.22467163e+03     2.68235334e+02    -1.22473979e+03   
    6.80200000e+03     3.40100000e+00    -1.22467169e+03     2.81552850e+02    -1.22474280e+03   
    6.80300000e+03     3.40150000e+00    -1.22467185e+03     2.97896850e+02    -1.22474596e+03   
    6.80400000e+03     3.40200000e+00    -1.22467183e+03     3.10480176e+02    -1.22474783e+03   
    6.80500000e+03     3.40250000e+00    -1.22467186e+03     3.11146216e+02    -1.22474797e+03   
    6.80600000e+03     3.40300000e+00    -1.22467176e+03     3.03123512e+02    -1.22474611e+03   
    6.80700000e+03     3.40350000e+00    -1.22467174e+03     2.85939763e+02    -1.22474309e+03   
    6.80800000e+03     3.40400000e+00    -1.22467174e+03     2.71201607e+02    -1.22474022e+03   
    6.80900000e+03     3.40450000e+00    -1.22467166e+03     2.60320896e+02    -1.22473807e+03   
    6.81000000e+03     3.40500000e+00    -1.22467161e+03     2.56531468e+02    -1.22473749e+03   
    6.81100000e+03     3.40550000e+00    -1.22467162e+03     2.61174902e+02    -1.22473893e+03   
    6.81200000e+03     3.40600000e+00    -1.22467172e+03     2.65068503e+02    -1.22474194e+03   
    6.81300000e+03     3.40650000e+00    -1.22467178e+03     2.75978580e+02    -1.22474524e+03   
    6.81400000e+03     3.40700000e+00    -1.22467190e+03     2.87308049e+02    -1.22474768e+03   
    6.81500000e+03     3.40750000e+00    -1.22467188e+03     2.85991760e+02    -1.22474812e+03   
    6.81600000e+03     3.40800000e+00    -1.22467183e+03     2.71856491e+02    -1.22474654e+03   
    6.81700000e+03     3.40850000e+00    -1.22467177e+03     2.56957235e+02    -1.22474367e+03   
    6.81800000e+03     3.40900000e+00    -1.22467175e+03     2.48912414e+02    -1.22474094e+03   
    6.81900000e+03     3.40950000e+00    -1.22467163e+03     2.46310571e+02    -1.22473936e+03   
    6.82000000e+03     3.41000000e+00    -1.22467163e+03     2.51235843e+02    -1.22473979e+03   
    6.82100000e+03     3.41050000e+00    -1.22467176e+03     2.62253809e+02    -1.22474194e+03   
    6.82200000e+03     3.41100000e+00    -1.22467181e+03     2.70866947e+02    -1.22474438e+03   
    6.82300000e+03     3.41150000e+00    -1.22467183e+03     2.78401509e+02    -1.22474625e+03   
    6.82400000e+03     3.41200000e+00    -1.22467187e+03     2.83729296e+02    -1.22474668e+03   
    6.82500000e+03     3.41250000e+00    -1.22467190e+03     2.75162978e+02    -1.22474510e+03   
    6.82600000e+03     3.41300000e+00    -1.22467189e+03     2.58018266e+02    -1.22474166e+03   
    6.82700000e+03     3.41350000e+00    -1.22467174e+03     2.40082627e+02    -1.22473706e+03   
    6.82800000e+03     3.41400000e+00    -1.22467154e+03     2.21385333e+02    -1.22473290e+03   
    6.82900000e+03     3.41450000e+00    -1.22467161e+03     2.09603149e+02    -1.22473075e+03   
    6.83000000e+03     3.41500000e+00    -1.22467153e+03     2.11837831e+02    -1.22473089e+03   
    6.83100000e+03     3.41550000e+00    -1.22467171e+03     2.20340880e+02    -1.22473376e+03   
    6.83200000e+03     3.41600000e+00    -1.22467170e+03     2.31274333e+02    -1.22473764e+03   
    6.83300000e+03     3.41650000e+00    -1.22467182e+03     2.43306377e+02    -1.22474122e+03   
    6.83400000e+03     3.41700000e+00    -1.22467184e+03     2.51506106e+02    -1.22474309e+03   
    6.83500000e+03     3.41750000e+00    -1.22467180e+03     2.47459722e+02    -1.22474252e+03   
    6.83600000e+03     3.41800000e+00    -1.22467180e+03     2.31435234e+02    -1.22474036e+03   
    6.83700000e+03     3.41850000e+00    -1.22467170e+03     2.23981014e+02    -1.22473807e+03   
    6.83800000e+03     3.41900000e+00    -1.22467159e+03     2.19214826e+02    -1.22473721e+03   
    6.83900000e+03     3.41950000e+00    -1.22467171e+03     2.28237985e+02    -1.22473878e+03   
    6.84000000e+03     3.42000000e+00    -1.22467174e+03     2.45382829e+02    -1.22474223e+03   
    6.84100000e+03     3.42050000e+00    -1.22467178e+03     2.63984919e+02    -1.22474668e+03   
    6.84200000e+03     3.42100000e+00    -1.22467187e+03     2.80054149e+02    -1.22475041e+03   
    6.84300000e+03     3.42150000e+00    -1.22467189e+03     2.91685209e+02    -1.22475228e+03   
    6.84400000e+03     3.42200000e+00    -1.22467194e+03     2.86775973e+02    -1.22475213e+03   
    6.84500000e+03     3.42250000e+00    -1.22467182e+03     2.76659562e+02    -1.22474998e+03   
    6.84600000e+03     3.42300000e+00    -1.22467181e+03     2.61746027e+02    -1.22474725e+03   
    6.84700000e+03     3.42350000e+00    -1.22467169e+03     2.51530723e+02    -1.22474481e+03   
    6.84800000e+03     3.42400000e+00    -1.22467167e+03     2.45973086e+02    -1.22474395e+03   
    6.84900000e+03     3.42450000e+00    -1.22467169e+03     2.53672706e+02    -1.22474524e+03   
    6.85000000e+03     3.42500000e+00    -1.22467167e+03     2.65474786e+02    -1.22474826e+03   
    6.85100000e+03     3.42550000e+00    -1.22467182e+03     2.82090843e+02    -1.22475213e+03   
    6.85200000e+03     3.42600000e+00    -1.22467188e+03     2.96580546e+02    -1.22475587e+03   
    6.85300000e+03     3.42650000e+00    -1.22467186e+03     3.08543636e+02    -1.22475831e+03   
    6.85400000e+03     3.42700000e+00    -1.22467187e+03     3.10548636e+02    -1.22475903e+03   
    6.85500000e+03     3.42750000e+00    -1.22467179e+03     3.05995658e+02    -1.22475773e+03   
    6.85600000e+03     3.42800000e+00    -1.22467172e+03     2.99958219e+02    -1.22475572e+03   
    6.85700000e+03     3.42850000e+00    -1.22467164e+03     2.90221942e+02    -1.22475443e+03   
    6.85800000e+03     3.42900000e+00    -1.22467164e+03     2.93076163e+02    -1.22475529e+03   
    6.85900000e+03     3.42950000e+00    -1.22467171e+03     3.03042283e+02    -1.22475845e+03   
    6.86000000e+03     3.43000000e+00    -1.22467191e+03     3.17926222e+02    -1.22476247e+03   
    6.86100000e+03     3.43050000e+00    -1.22467189e+03     3.35610026e+02    -1.22476563e+03   
    6.86200000e+03     3.43100000e+00    -1.22467202e+03     3.39347203e+02    -1.22476721e+03   
    6.86300000e+03     3.43150000e+00    -1.22467196e+03     3.33810203e+02    -1.22476620e+03   
    6.86400000e+03     3.43200000e+00    -1.22467189e+03     3.22373128e+02    -1.22476348e+03   
    6.86500000e+03     3.43250000e+00    -1.22467182e+03     3.06797925e+02    -1.22475989e+03   
    6.86600000e+03     3.43300000e+00    -1.22467181e+03     2.97645489e+02    -1.22475687e+03   
    6.86700000e+03     3.43350000e+00    -1.22467171e+03     2.90679945e+02    -1.22475515e+03   
    6.86800000e+03     3.43400000e+00    -1.22467172e+03     2.91636855e+02    -1.22475501e+03   
    6.86900000e+03     3.43450000e+00    -1.22467172e+03     2.90569403e+02    -1.22475615e+03   
    6.87000000e+03     3.43500000e+00    -1.22467184e+03     3.08021539e+02    -1.22475802e+03   
    6.87100000e+03     3.43550000e+00    -1.22467185e+03     3.11985142e+02    -1.22475931e+03   
    6.87200000e+03     3.43600000e+00    -1.22467199e+03     3.15319427e+02    -1.22475974e+03   
    6.87300000e+03     3.43650000e+00    -1.22467196e+03     3.06211580e+02    -1.22475859e+03   
    6.87400000e+03     3.43700000e+00    -1.22467182e+03     2.93782475e+02    -1.22475615e+03   
    6.87500000e+03     3.43750000e+00    -1.22467183e+03     2.81150811e+02    -1.22475343e+03   
    6.87600000e+03     3.43800000e+00    -1.22467173e+03     2.75684538e+02    -1.22475142e+03   
    6.87700000e+03     3.43850000e+00    -1.22467167e+03     2.70702171e+02    -1.22475084e+03   
    6.87800000e+03     3.43900000e+00    -1.22467184e+03     2.77007922e+02    -1.22475213e+03   
    6.87900000e+03     3.43950000e+00    -1.22467187e+03     2.81359797e+02    -1.22475386e+03   
    6.88000000e+03     3.44000000e+00    -1.22467195e+03     2.89025141e+02    -1.22475515e+03   
    6.88100000e+03     3.44050000e+00    -1.22467190e+03     2.88667365e+02    -1.22475515e+03   
    6.88200000e+03     3.44100000e+00    -1.22467186e+03     2.80328640e+02    -1.22475371e+03   
    6.88300000e+03     3.44150000e+00    -1.22467188e+03     2.67316201e+02    -1.22475127e+03   
    6.88400000e+03     3.44200000e+00    -1.22467181e+03     2.53688510e+02    -1.22474840e+03   
    6.88500000e+03     3.44250000e+00    -1.22467172e+03     2.47412960e+02    -1.22474625e+03   
    6.88600000e+03     3.44300000e+00    -1.22467174e+03     2.39578021e+02    -1.22474510e+03   
    6.88700000e+03     3.44350000e+00    -1.22467179e+03     2.38218319e+02    -1.22474496e+03   
    6.88800000e+03     3.44400000e+00    -1.22467181e+03     2.43407804e+02    -1.22474553e+03   
    6.88900000e+03     3.44450000e+00    -1.22467176e+03     2.44808482e+02    -1.22474639e+03   
    6.89000000e+03     3.44500000e+00    -1.22467184e+03     2.47458959e+02    -1.22474754e+03   
    6.89100000e+03     3.44550000e+00    -1.22467193e+03     2.50535882e+02    -1.22474840e+03   
    6.89200000e+03     3.44600000e+00    -1.22467184e+03     2.50470171e+02    -1.22474797e+03   
    6.89300000e+03     3.44650000e+00    -1.22467184e+03     2.42759723e+02    -1.22474639e+03   
    6.89400000e+03     3.44700000e+00    -1.22467179e+03     2.30794599e+02    -1.22474410e+03   
    6.89500000e+03     3.44750000e+00    -1.22467174e+03     2.29032574e+02    -1.22474252e+03   
    6.89600000e+03     3.44800000e+00    -1.22467169e+03     2.28930918e+02    -1.22474237e+03   
    6.89700000e+03     3.44850000e+00    -1.22467181e+03     2.36119112e+02    -1.22474395e+03   
    6.89800000e+03     3.44900000e+00    -1.22467179e+03     2.47773930e+02    -1.22474596e+03   
    6.89900000e+03     3.44950000e+00    -1.22467187e+03     2.56457245e+02    -1.22474768e+03   
    6.90000000e+03     3.45000000e+00    -1.22467185e+03     2.57065049e+02    -1.22474826e+03   
    6.90100000e+03     3.45050000e+00    -1.22467184e+03     2.54060064e+02    -1.22474768e+03   
    6.90200000e+03     3.45100000e+00    -1.22467179e+03     2.46408063e+02    -1.22474639e+03   
    6.90300000e+03     3.45150000e+00    -1.22467168e+03     2.36574509e+02    -1.22474496e+03   
    6.90400000e+03     3.45200000e+00    -1.22467174e+03     2.34927214e+02    -1.22474467e+03   
    6.90500000e+03     3.45250000e+00    -1.22467181e+03     2.42807769e+02    -1.22474539e+03   
    6.90600000e+03     3.45300000e+00    -1.22467182e+03     2.50493900e+02    -1.22474668e+03   
    6.90700000e+03     3.45350000e+00    -1.22467187e+03     2.60719817e+02    -1.22474768e+03   
    6.90800000e+03     3.45400000e+00    -1.22467177e+03     2.58677826e+02    -1.22474826e+03   
    6.90900000e+03     3.45450000e+00    -1.22467178e+03     2.61703457e+02    -1.22474883e+03   
    6.91000000e+03     3.45500000e+00    -1.22467180e+03     2.66867643e+02    -1.22474912e+03   
    6.91100000e+03     3.45550000e+00    -1.22467184e+03     2.71639281e+02    -1.22474883e+03   
    6.91200000e+03     3.45600000e+00    -1.22467186e+03     2.65458938e+02    -1.22474754e+03   
    6.91300000e+03     3.45650000e+00    -1.22467177e+03     2.59252703e+02    -1.22474596e+03   
    6.91400000e+03     3.45700000e+00    -1.22467177e+03     2.51171655e+02    -1.22474481e+03   
    6.91500000e+03     3.45750000e+00    -1.22467177e+03     2.48590197e+02    -1.22474481e+03   
    6.91600000e+03     3.45800000e+00    -1.22467175e+03     2.53549161e+02    -1.22474639e+03   
    6.91700000e+03     3.45850000e+00    -1.22467189e+03     2.66214039e+02    -1.22474912e+03   
    6.91800000e+03     3.45900000e+00    -1.22467192e+03     2.76002770e+02    -1.22475142e+03   
    6.91900000e+03     3.45950000e+00    -1.22467195e+03     2.79831978e+02    -1.22475242e+03   
    6.92000000e+03     3.46000000e+00    -1.22467192e+03     2.75117434e+02    -1.22475185e+03   
    6.92100000e+03     3.46050000e+00    -1.22467186e+03     2.67445564e+02    -1.22475013e+03   
    6.92200000e+03     3.46100000e+00    -1.22467174e+03     2.63278826e+02    -1.22474869e+03   
    6.92300000e+03     3.46150000e+00    -1.22467168e+03     2.59345229e+02    -1.22474812e+03   
    6.92400000e+03     3.46200000e+00    -1.22467183e+03     2.59659039e+02    -1.22474883e+03   
    6.92500000e+03     3.46250000e+00    -1.22467186e+03     2.61520611e+02    -1.22475027e+03   
    6.92600000e+03     3.46300000e+00    -1.22467179e+03     2.72763150e+02    -1.22475170e+03   
    6.92700000e+03     3.46350000e+00    -1.22467181e+03     2.77055464e+02    -1.22475285e+03   
    6.92800000e+03     3.46400000e+00    -1.22467176e+03     2.70922796e+02    -1.22475343e+03   
    6.92900000e+03     3.46450000e+00    -1.22467184e+03     2.70942269e+02    -1.22475371e+03   
    6.93000000e+03     3.46500000e+00    -1.22467191e+03     2.72883355e+02    -1.22475400e+03   
    6.93100000e+03     3.46550000e+00    -1.22467186e+03     2.71772530e+02    -1.22475371e+03   
    6.93200000e+03     3.46600000e+00    -1.22467187e+03     2.68029733e+02    -1.22475300e+03   
    6.93300000e+03     3.46650000e+00    -1.22467177e+03     2.68988798e+02    -1.22475228e+03   
    6.93400000e+03     3.46700000e+00    -1.22467176e+03     2.75968810e+02    -1.22475228e+03   
    6.93500000e+03     3.46750000e+00    -1.22467173e+03     2.83754808e+02    -1.22475328e+03   
    6.93600000e+03     3.46800000e+00    -1.22467185e+03     2.89903507e+02    -1.22475472e+03   
    6.93700000e+03     3.46850000e+00    -1.22467188e+03     2.91363762e+02    -1.22475558e+03   
    6.93800000e+03     3.46900000e+00    -1.22467187e+03     2.88423140e+02    -1.22475515e+03   
    6.93900000e+03     3.46950000e+00    -1.22467191e+03     2.81821115e+02    -1.22475357e+03   
    6.94000000e+03     3.47000000e+00    -1.22467181e+03     2.75047601e+02    -1.22475113e+03   
    6.94100000e+03     3.47050000e+00    -1.22467178e+03     2.68489828e+02    -1.22474912e+03   
    6.94200000e+03     3.47100000e+00    -1.22467177e+03     2.67307466e+02    -1.22474826e+03   
    6.94300000e+03     3.47150000e+00    -1.22467172e+03     2.67455537e+02    -1.22474840e+03   
    6.94400000e+03     3.47200000e+00    -1.22467173e+03     2.70494622e+02    -1.22474898e+03   
    6.94500000e+03     3.47250000e+00    -1.22467180e+03     2.73556879e+02    -1.22474955e+03   
    6.94600000e+03     3.47300000e+00    -1.22467181e+03     2.78015799e+02    -1.22474998e+03   
    6.94700000e+03     3.47350000e+00    -1.22467181e+03     2.83529345e+02    -1.22475056e+03   
    6.94800000e+03     3.47400000e+00    -1.22467177e+03     2.85916018e+02    -1.22475113e+03   
    6.94900000e+03     3.47450000e+00    -1.22467190e+03     2.92976929e+02    -1.22475156e+03   
    6.95000000e+03     3.47500000e+00    -1.22467193e+03     2.90239810e+02    -1.22475113e+03   
    6.95100000e+03     3.47550000e+00    -1.22467187e+03     2.82990959e+02    -1.22474969e+03   
    6.95200000e+03     3.47600000e+00    -1.22467170e+03     2.74951496e+02    -1.22474812e+03   
    6.95300000e+03     3.47650000e+00    -1.22467167e+03     2.71602742e+02    -1.22474754e+03   
    6.95400000e+03     3.47700000e+00    -1.22467178e+03     2.77074651e+02    -1.22474855e+03   
    6.95500000e+03     3.47750000e+00    -1.22467188e+03     2.83687752e+02    -1.22475013e+03   
    6.95600000e+03     3.47800000e+00    -1.22467187e+03     2.92934429e+02    -1.22475127e+03   
    6.95700000e+03     3.47850000e+00    -1.22467192e+03     2.91142489e+02    -1.22475142e+03   
    6.95800000e+03     3.47900000e+00    -1.22467189e+03     2.89194628e+02    -1.22475013e+03   
    6.95900000e+03     3.47950000e+00    -1.22467180e+03     2.77581609e+02    -1.22474768e+03   
    6.96000000e+03     3.48000000e+00    -1.22467184e+03     2.71923398e+02    -1.22474510e+03   
    6.96100000e+03     3.48050000e+00    -1.22467179e+03     2.61866270e+02    -1.22474309e+03   
    6.96200000e+03     3.48100000e+00    -1.22467170e+03     2.56842665e+02    -1.22474209e+03   
    6.96300000e+03     3.48150000e+00    -1.22467174e+03     2.56009237e+02    -1.22474252e+03   
    6.96400000e+03     3.48200000e+00    -1.22467185e+03     2.64307647e+02    -1.22474410e+03   
    6.96500000e+03     3.48250000e+00    -1.22467185e+03     2.70699027e+02    -1.22474596e+03   
    6.96600000e+03     3.48300000e+00    -1.22467189e+03     2.82371765e+02    -1.22474754e+03   
    6.96700000e+03     3.48350000e+00    -1.22467187e+03     2.88601336e+02    -1.22474826e+03   
    6.96800000e+03     3.48400000e+00    -1.22467189e+03     2.88109209e+02    -1.22474797e+03   
    6.96900000e+03     3.48450000e+00    -1.22467186e+03     2.86768023e+02    -1.22474668e+03   
    6.97000000e+03     3.48500000e+00    -1.22467174e+03     2.77418693e+02    -1.22474496e+03   
    6.97100000e+03     3.48550000e+00    -1.22467171e+03     2.74516925e+02    -1.22474395e+03   
    6.97200000e+03     3.48600000e+00    -1.22467172e+03     2.78139404e+02    -1.22474453e+03   
    6.97300000e+03     3.48650000e+00    -1.22467169e+03     2.87298130e+02    -1.22474654e+03   
    6.97400000e+03     3.48700000e+00    -1.22467187e+03     2.94624475e+02    -1.22474941e+03   
    6.97500000e+03     3.48750000e+00    -1.22467182e+03     3.09378104e+02    -1.22475185e+03   
    6.97600000e+03     3.48800000e+00    -1.22467185e+03     3.12293897e+02    -1.22475343e+03   
    6.97700000e+03     3.48850000e+00    -1.22467189e+03     3.15643154e+02    -1.22475400e+03   
    6.97800000e+03     3.48900000e+00    -1.22467187e+03     3.12722488e+02    -1.22475343e+03   
    6.97900000e+03     3.48950000e+00    -1.22467181e+03     3.04378497e+02    -1.22475213e+03   
    6.98000000e+03     3.49000000e+00    -1.22467170e+03     2.99145728e+02    -1.22475070e+03   
    6.98100000e+03     3.49050000e+00    -1.22467171e+03     3.06896753e+02    -1.22475013e+03   
    6.98200000e+03     3.49100000e+00    -1.22467177e+03     3.06592157e+02    -1.22475056e+03   
    6.98300000e+03     3.49150000e+00    -1.22467172e+03     3.10578226e+02    -1.22475185e+03   
    6.98400000e+03     3.49200000e+00    -1.22467176e+03     3.20507347e+02    -1.22475371e+03   
    6.98500000e+03     3.49250000e+00    -1.22467174e+03     3.29640809e+02    -1.22475572e+03   
    6.98600000e+03     3.49300000e+00    -1.22467175e+03     3.39476464e+02    -1.22475759e+03   
    6.98700000e+03     3.49350000e+00    -1.22467188e+03     3.44214555e+02    -1.22475874e+03   
    6.98800000e+03     3.49400000e+00    -1.22467182e+03     3.44469815e+02    -1.22475874e+03   
    6.98900000e+03     3.49450000e+00    -1.22467188e+03     3.39188213e+02    -1.22475802e+03   
    6.99000000e+03     3.49500000e+00    -1.22467184e+03     3.33165666e+02    -1.22475658e+03   
    6.99100000e+03     3.49550000e+00    -1.22467168e+03     3.26787146e+02    -1.22475515e+03   
    6.99200000e+03     3.49600000e+00    -1.22467174e+03     3.15685874e+02    -1.22475458e+03   
    6.99300000e+03     3.49650000e+00    -1.22467173e+03     3.10549264e+02    -1.22475472e+03   
    6.99400000e+03     3.49700000e+00    -1.22467184e+03     3.11563303e+02    -1.22475572e+03   
    6.99500000e+03     3.49750000e+00    -1.22467183e+03     3.15557056e+02    -1.22475687e+03   
    6.99600000e+03     3.49800000e+00    -1.22467186e+03     3.17246761e+02    -1.22475788e+03   
    6.99700000e+03     3.49850000e+00    -1.22467192e+03     3.19774267e+02    -1.22475773e+03   
    6.99800000e+03     3.49900000e+00    -1.22467186e+03     3.13773383e+02    -1.22475630e+03   
    6.99900000e+03     3.49950000e+00    -1.22467187e+03     3.01061641e+02    -1.22475400e+03   
    7.00000000e+03     3.50000000e+00    -1.22467178e+03     2.87497525e+02    -1.22475156e+03   
    7.00100000e+03     3.50050000e+00    -1.22467168e+03     2.75080090e+02    -1.22474955e+03   
    7.00200000e+03     3.50100000e+00    -1.22467173e+03     2.71313901e+02    -1.22474855e+03   
    7.00300000e+03     3.50150000e+00    -1.22467175e+03     2.72844468e+02    -1.22474883e+03   
    7.00400000e+03     3.50200000e+00    -1.22467176e+03     2.76638875e+02    -1.22474998e+03   
    7.00500000e+03     3.50250000e+00    -1.22467188e+03     2.85982516e+02    -1.22475142e+03   
    7.00600000e+03     3.50300000e+00    -1.22467190e+03     2.86078150e+02    -1.22475242e+03   
    7.00700000e+03     3.50350000e+00    -1.22467193e+03     2.91975976e+02    -1.22475242e+03   
    7.00800000e+03     3.50400000e+00    -1.22467191e+03     2.85493046e+02    -1.22475099e+03   
    7.00900000e+03     3.50450000e+00    -1.22467179e+03     2.81897321e+02    -1.22474855e+03   
    7.01000000e+03     3.50500000e+00    -1.22467180e+03     2.72626794e+02    -1.22474596e+03   
    7.01100000e+03     3.50550000e+00    -1.22467167e+03     2.63821434e+02    -1.22474395e+03   
    7.01200000e+03     3.50600000e+00    -1.22467165e+03     2.59278899e+02    -1.22474367e+03   
    7.01300000e+03     3.50650000e+00    -1.22467173e+03     2.65885897e+02    -1.22474481e+03   
    7.01400000e+03     3.50700000e+00    -1.22467180e+03     2.73799198e+02    -1.22474654e+03   
    7.01500000e+03     3.50750000e+00    -1.22467181e+03     2.80095539e+02    -1.22474783e+03   
    7.01600000e+03     3.50800000e+00    -1.22467184e+03     2.80679194e+02    -1.22474797e+03   
    7.01700000e+03     3.50850000e+00    -1.22467186e+03     2.74008008e+02    -1.22474682e+03   
    7.01800000e+03     3.50900000e+00    -1.22467179e+03     2.62771189e+02    -1.22474467e+03   
    7.01900000e+03     3.50950000e+00    -1.22467168e+03     2.56581100e+02    -1.22474252e+03   
    7.02000000e+03     3.51000000e+00    -1.22467169e+03     2.51550847e+02    -1.22474108e+03   
    7.02100000e+03     3.51050000e+00    -1.22467170e+03     2.49332743e+02    -1.22474022e+03   
    7.02200000e+03     3.51100000e+00    -1.22467181e+03     2.50377448e+02    -1.22474022e+03   
    7.02300000e+03     3.51150000e+00    -1.22467172e+03     2.50850993e+02    -1.22474079e+03   
    7.02400000e+03     3.51200000e+00    -1.22467171e+03     2.52828297e+02    -1.22474194e+03   
    7.02500000e+03     3.51250000e+00    -1.22467187e+03     2.59673341e+02    -1.22474381e+03   
    7.02600000e+03     3.51300000e+00    -1.22467184e+03     2.62497970e+02    -1.22474481e+03   
    7.02700000e+03     3.51350000e+00    -1.22467180e+03     2.62844945e+02    -1.22474481e+03   
    7.02800000e+03     3.51400000e+00    -1.22467179e+03     2.61137446e+02    -1.22474381e+03   
    7.02900000e+03     3.51450000e+00    -1.22467177e+03     2.53049035e+02    -1.22474252e+03   
    7.03000000e+03     3.51500000e+00    -1.22467175e+03     2.54995877e+02    -1.22474194e+03   
    7.03100000e+03     3.51550000e+00    -1.22467170e+03     2.57921502e+02    -1.22474252e+03   
    7.03200000e+03     3.51600000e+00    -1.22467185e+03     2.59262566e+02    -1.22474381e+03   
    7.03300000e+03     3.51650000e+00    -1.22467176e+03     2.67203133e+02    -1.22474481e+03   
    7.03400000e+03     3.51700000e+00    -1.22467190e+03     2.70397625e+02    -1.22474539e+03   
    7.03500000e+03     3.51750000e+00    -1.22467174e+03     2.66946388e+02    -1.22474481e+03   
    7.03600000e+03     3.51800000e+00    -1.22467171e+03     2.66371612e+02    -1.22474381e+03   
    7.03700000e+03     3.51850000e+00    -1.22467177e+03     2.64269932e+02    -1.22474338e+03   
    7.03800000e+03     3.51900000e+00    -1.22467166e+03     2.58915330e+02    -1.22474338e+03   
    7.03900000e+03     3.51950000e+00    -1.22467173e+03     2.64109887e+02    -1.22474424e+03   
    7.04000000e+03     3.52000000e+00    -1.22467174e+03     2.65997181e+02    -1.22474510e+03   
    7.04100000e+03     3.52050000e+00    -1.22467175e+03     2.69379969e+02    -1.22474582e+03   
    7.04200000e+03     3.52100000e+00    -1.22467172e+03     2.73574255e+02    -1.22474654e+03   
    7.04300000e+03     3.52150000e+00    -1.22467170e+03     2.79719337e+02    -1.22474725e+03   
    7.04400000e+03     3.52200000e+00    -1.22467182e+03     2.85801583e+02    -1.22474826e+03   
    7.04500000e+03     3.52250000e+00    -1.22467184e+03     2.93418610e+02    -1.22474926e+03   
    7.04600000e+03     3.52300000e+00    -1.22467175e+03     2.95965061e+02    -1.22475013e+03   
    7.04700000e+03     3.52350000e+00    -1.22467186e+03     3.00042423e+02    -1.22475070e+03   
    7.04800000e+03     3.52400000e+00    -1.22467184e+03     3.02567443e+02    -1.22475056e+03   
    7.04900000e+03     3.52450000e+00    -1.22467179e+03     3.01249875e+02    -1.22474984e+03   
    7.05000000e+03     3.52500000e+00    -1.22467165e+03     2.92205132e+02    -1.22474840e+03   
    7.05100000e+03     3.52550000e+00    -1.22467165e+03     2.95738006e+02    -1.22474740e+03   
    7.05200000e+03     3.52600000e+00    -1.22467168e+03     2.91068791e+02    -1.22474668e+03   
    7.05300000e+03     3.52650000e+00    -1.22467170e+03     2.88888722e+02    -1.22474611e+03   
    7.05400000e+03     3.52700000e+00    -1.22467179e+03     2.89192110e+02    -1.22474539e+03   
    7.05500000e+03     3.52750000e+00    -1.22467168e+03     2.87970945e+02    -1.22474481e+03   
    7.05600000e+03     3.52800000e+00    -1.22467175e+03     2.86754298e+02    -1.22474481e+03   
    7.05700000e+03     3.52850000e+00    -1.22467177e+03     2.80727405e+02    -1.22474539e+03   
    7.05800000e+03     3.52900000e+00    -1.22467183e+03     2.85589061e+02    -1.22474639e+03   
    7.05900000e+03     3.52950000e+00    -1.22467182e+03     2.92177076e+02    -1.22474682e+03   
    7.06000000e+03     3.53000000e+00    -1.22467177e+03     2.94247871e+02    -1.22474639e+03   
    7.06100000e+03     3.53050000e+00    -1.22467181e+03     2.88390960e+02    -1.22474496e+03   
    7.06200000e+03     3.53100000e+00    -1.22467173e+03     2.78708133e+02    -1.22474295e+03   
    7.06300000e+03     3.53150000e+00    -1.22467162e+03     2.70147226e+02    -1.22474094e+03   
    7.06400000e+03     3.53200000e+00    -1.22467167e+03     2.66672472e+02    -1.22474036e+03   
    7.06500000e+03     3.53250000e+00    -1.22467177e+03     2.77408847e+02    -1.22474166e+03   
    7.06600000e+03     3.53300000e+00    -1.22467173e+03     2.89127313e+02    -1.22474410e+03   
    7.06700000e+03     3.53350000e+00    -1.22467187e+03     3.00945210e+02    -1.22474654e+03   
    7.06800000e+03     3.53400000e+00    -1.22467193e+03     2.99444899e+02    -1.22474754e+03   
    7.06900000e+03     3.53450000e+00    -1.22467187e+03     2.97724044e+02    -1.22474654e+03   
    7.07000000e+03     3.53500000e+00    -1.22467182e+03     2.91161472e+02    -1.22474438e+03   
    7.07100000e+03     3.53550000e+00    -1.22467176e+03     2.83131144e+02    -1.22474180e+03   
    7.07200000e+03     3.53600000e+00    -1.22467176e+03     2.75979112e+02    -1.22473979e+03   
    7.07300000e+03     3.53650000e+00    -1.22467166e+03     2.74007622e+02    -1.22473864e+03   
    7.07400000e+03     3.53700000e+00    -1.22467167e+03     2.77268963e+02    -1.22473878e+03   
    7.07500000e+03     3.53750000e+00    -1.22467175e+03     2.77805117e+02    -1.22474008e+03   
    7.07600000e+03     3.53800000e+00    -1.22467174e+03     2.80234424e+02    -1.22474180e+03   
    7.07700000e+03     3.53850000e+00    -1.22467179e+03     2.93805159e+02    -1.22474381e+03   
    7.07800000e+03     3.53900000e+00    -1.22467181e+03     2.99481773e+02    -1.22474496e+03   
    7.07900000e+03     3.53950000e+00    -1.22467184e+03     2.99018308e+02    -1.22474453e+03   
    7.08000000e+03     3.54000000e+00    -1.22467187e+03     2.92508441e+02    -1.22474295e+03   
    7.08100000e+03     3.54050000e+00    -1.22467170e+03     2.79858173e+02    -1.22474079e+03   
    7.08200000e+03     3.54100000e+00    -1.22467160e+03     2.76720575e+02    -1.22473936e+03   
    7.08300000e+03     3.54150000e+00    -1.22467169e+03     2.77953585e+02    -1.22473993e+03   
    7.08400000e+03     3.54200000e+00    -1.22467172e+03     2.85811568e+02    -1.22474237e+03   
    7.08500000e+03     3.54250000e+00    -1.22467181e+03     3.03904914e+02    -1.22474596e+03   
    7.08600000e+03     3.54300000e+00    -1.22467188e+03     3.15775337e+02    -1.22474912e+03   
    7.08700000e+03     3.54350000e+00    -1.22467183e+03     3.27722587e+02    -1.22475099e+03   
    7.08800000e+03     3.54400000e+00    -1.22467187e+03     3.28686449e+02    -1.22475127e+03   
    7.08900000e+03     3.54450000e+00    -1.22467180e+03     3.23337395e+02    -1.22475013e+03   
    7.09000000e+03     3.54500000e+00    -1.22467172e+03     3.16020385e+02    -1.22474826e+03   
    7.09100000e+03     3.54550000e+00    -1.22467165e+03     3.09110195e+02    -1.22474625e+03   
    7.09200000e+03     3.54600000e+00    -1.22467163e+03     3.04608092e+02    -1.22474481e+03   
    7.09300000e+03     3.54650000e+00    -1.22467163e+03     3.04636053e+02    -1.22474438e+03   
    7.09400000e+03     3.54700000e+00    -1.22467165e+03     3.08676615e+02    -1.22474496e+03   
    7.09500000e+03     3.54750000e+00    -1.22467171e+03     3.10725418e+02    -1.22474596e+03   
    7.09600000e+03     3.54800000e+00    -1.22467180e+03     3.16786110e+02    -1.22474740e+03   
    7.09700000e+03     3.54850000e+00    -1.22467190e+03     3.26712441e+02    -1.22474869e+03   
    7.09800000e+03     3.54900000e+00    -1.22467184e+03     3.23109541e+02    -1.22474855e+03   
    7.09900000e+03     3.54950000e+00    -1.22467187e+03     3.11564632e+02    -1.22474668e+03   
    7.10000000e+03     3.55000000e+00    -1.22467174e+03     2.92355212e+02    -1.22474352e+03   
    7.10100000e+03     3.55050000e+00    -1.22467169e+03     2.81087403e+02    -1.22474079e+03   
    7.10200000e+03     3.55100000e+00    -1.22467156e+03     2.82801085e+02    -1.22473993e+03   
    7.10300000e+03     3.55150000e+00    -1.22467174e+03     2.92951560e+02    -1.22474166e+03   
    7.10400000e+03     3.55200000e+00    -1.22467179e+03     3.07342836e+02    -1.22474467e+03   
    7.10500000e+03     3.55250000e+00    -1.22467178e+03     3.21496893e+02    -1.22474768e+03   
    7.10600000e+03     3.55300000e+00    -1.22467186e+03     3.26140528e+02    -1.22474984e+03   
    7.10700000e+03     3.55350000e+00    -1.22467191e+03     3.29742069e+02    -1.22475027e+03   
    7.10800000e+03     3.55400000e+00    -1.22467179e+03     3.27266518e+02    -1.22474912e+03   
    7.10900000e+03     3.55450000e+00    -1.22467176e+03     3.22865034e+02    -1.22474711e+03   
    7.11000000e+03     3.55500000e+00    -1.22467178e+03     3.09207992e+02    -1.22474496e+03   
    7.11100000e+03     3.55550000e+00    -1.22467176e+03     3.01258534e+02    -1.22474323e+03   
    7.11200000e+03     3.55600000e+00    -1.22467168e+03     2.99582428e+02    -1.22474223e+03   
    7.11300000e+03     3.55650000e+00    -1.22467178e+03     3.01355452e+02    -1.22474252e+03   
    7.11400000e+03     3.55700000e+00    -1.22467173e+03     3.07959094e+02    -1.22474367e+03   
    7.11500000e+03     3.55750000e+00    -1.22467172e+03     3.14205288e+02    -1.22474524e+03   
    7.11600000e+03     3.55800000e+00    -1.22467182e+03     3.19285597e+02    -1.22474654e+03   
    7.11700000e+03     3.55850000e+00    -1.22467182e+03     3.13857130e+02    -1.22474668e+03   
    7.11800000e+03     3.55900000e+00    -1.22467178e+03     3.11019134e+02    -1.22474582e+03   
    7.11900000e+03     3.55950000e+00    -1.22467181e+03     3.10380737e+02    -1.22474453e+03   
    7.12000000e+03     3.56000000e+00    -1.22467167e+03     3.07085841e+02    -1.22474338e+03   
    7.12100000e+03     3.56050000e+00    -1.22467174e+03     3.07433374e+02    -1.22474367e+03   
    7.12200000e+03     3.56100000e+00    -1.22467175e+03     3.17914110e+02    -1.22474496e+03   
    7.12300000e+03     3.56150000e+00    -1.22467171e+03     3.26819364e+02    -1.22474668e+03   
    7.12400000e+03     3.56200000e+00    -1.22467173e+03     3.30331438e+02    -1.22474812e+03   
    7.12500000e+03     3.56250000e+00    -1.22467183e+03     3.30261709e+02    -1.22474883e+03   
    7.12600000e+03     3.56300000e+00    -1.22467182e+03     3.28124860e+02    -1.22474869e+03   
    7.12700000e+03     3.56350000e+00    -1.22467176e+03     3.31133249e+02    -1.22474826e+03   
    7.12800000e+03     3.56400000e+00    -1.22467179e+03     3.31149190e+02    -1.22474797e+03   
    7.12900000e+03     3.56450000e+00    -1.22467172e+03     3.27202272e+02    -1.22474754e+03   
    7.13000000e+03     3.56500000e+00    -1.22467172e+03     3.18800602e+02    -1.22474682e+03   
    7.13100000e+03     3.56550000e+00    -1.22467176e+03     3.19860833e+02    -1.22474582e+03   
    7.13200000e+03     3.56600000e+00    -1.22467168e+03     3.12556143e+02    -1.22474424e+03   
    7.13300000e+03     3.56650000e+00    -1.22467174e+03     3.05545392e+02    -1.22474266e+03   
    7.13400000e+03     3.56700000e+00    -1.22467178e+03     3.01165108e+02    -1.22474151e+03   
    7.13500000e+03     3.56750000e+00    -1.22467179e+03     2.97858239e+02    -1.22474094e+03   
    7.13600000e+03     3.56800000e+00    -1.22467169e+03     3.00633127e+02    -1.22474065e+03   
    7.13700000e+03     3.56850000e+00    -1.22467176e+03     3.04718667e+02    -1.22474036e+03   
    7.13800000e+03     3.56900000e+00    -1.22467170e+03     3.03533746e+02    -1.22473979e+03   
    7.13900000e+03     3.56950000e+00    -1.22467170e+03     2.99488312e+02    -1.22473907e+03   
    7.14000000e+03     3.57000000e+00    -1.22467165e+03     2.98512430e+02    -1.22473850e+03   
    7.14100000e+03     3.57050000e+00    -1.22467167e+03     2.96621925e+02    -1.22473821e+03   
    7.14200000e+03     3.57100000e+00    -1.22467177e+03     3.05416990e+02    -1.22473821e+03   
    7.14300000e+03     3.57150000e+00    -1.22467180e+03     3.06471840e+02    -1.22473807e+03   
    7.14400000e+03     3.57200000e+00    -1.22467177e+03     3.06298217e+02    -1.22473764e+03   
    7.14500000e+03     3.57250000e+00    -1.22467164e+03     3.00134594e+02    -1.22473721e+03   
    7.14600000e+03     3.57300000e+00    -1.22467163e+03     3.05939896e+02    -1.22473735e+03   
    7.14700000e+03     3.57350000e+00    -1.22467169e+03     3.07113747e+02    -1.22473835e+03   
    7.14800000e+03     3.57400000e+00    -1.22467173e+03     3.11813847e+02    -1.22473950e+03   
    7.14900000e+03     3.57450000e+00    -1.22467185e+03     3.21141644e+02    -1.22474022e+03   
    7.15000000e+03     3.57500000e+00    -1.22467175e+03     3.18453089e+02    -1.22473936e+03   
    7.15100000e+03     3.57550000e+00    -1.22467184e+03     3.07710533e+02    -1.22473677e+03   
    7.15200000e+03     3.57600000e+00    -1.22467166e+03     2.98416787e+02    -1.22473304e+03   
    7.15300000e+03     3.57650000e+00    -1.22467161e+03     2.87253472e+02    -1.22472931e+03   
    7.15400000e+03     3.57700000e+00    -1.22467157e+03     2.75610267e+02    -1.22472701e+03   
    7.15500000e+03     3.57750000e+00    -1.22467147e+03     2.78439447e+02    -1.22472730e+03   
    7.15600000e+03     3.57800000e+00    -1.22467154e+03     2.87639622e+02    -1.22473031e+03   
    7.15700000e+03     3.57850000e+00    -1.22467168e+03     3.06162484e+02    -1.22473491e+03   
    7.15800000e+03     3.57900000e+00    -1.22467184e+03     3.22382600e+02    -1.22473936e+03   
    7.15900000e+03     3.57950000e+00    -1.22467192e+03     3.33914705e+02    -1.22474194e+03   
    7.16000000e+03     3.58000000e+00    -1.22467186e+03     3.33685749e+02    -1.22474194e+03   
    7.16100000e+03     3.58050000e+00    -1.22467176e+03     3.30334842e+02    -1.22473965e+03   
    7.16200000e+03     3.58100000e+00    -1.22467163e+03     3.16360794e+02    -1.22473649e+03   
    7.16300000e+03     3.58150000e+00    -1.22467157e+03     3.14628786e+02    -1.22473419e+03   
    7.16400000e+03     3.58200000e+00    -1.22467144e+03     3.19395439e+02    -1.22473405e+03   
    7.16500000e+03     3.58250000e+00    -1.22467162e+03     3.30044097e+02    -1.22473677e+03   
    7.16600000e+03     3.58300000e+00    -1.22467158e+03     3.44447052e+02    -1.22474094e+03   
    7.16700000e+03     3.58350000e+00    -1.22467167e+03     3.62621782e+02    -1.22474510e+03   
    7.16800000e+03     3.58400000e+00    -1.22467171e+03     3.77397954e+02    -1.22474797e+03   
    7.16900000e+03     3.58450000e+00    -1.22467184e+03     3.85298174e+02    -1.22474912e+03   
    7.17000000e+03     3.58500000e+00    -1.22467182e+03     3.77132883e+02    -1.22474783e+03   
    7.17100000e+03     3.58550000e+00    -1.22467172e+03     3.62470221e+02    -1.22474438e+03   
    7.17200000e+03     3.58600000e+00    -1.22467164e+03     3.42938316e+02    -1.22473979e+03   
    7.17300000e+03     3.58650000e+00    -1.22467157e+03     3.22377173e+02    -1.22473563e+03   
    7.17400000e+03     3.58700000e+00    -1.22467144e+03     3.22942423e+02    -1.22473390e+03   
    7.17500000e+03     3.58750000e+00    -1.22467145e+03     3.36122340e+02    -1.22473606e+03   
    7.17600000e+03     3.58800000e+00    -1.22467162e+03     3.51464892e+02    -1.22474108e+03   
    7.17700000e+03     3.58850000e+00    -1.22467183e+03     3.78660024e+02    -1.22474639e+03   
    7.17800000e+03     3.58900000e+00    -1.22467188e+03     3.89186883e+02    -1.22474941e+03   
    7.17900000e+03     3.58950000e+00    -1.22467179e+03     3.84641144e+02    -1.22474898e+03   
    7.18000000e+03     3.59000000e+00    -1.22467170e+03     3.70446934e+02    -1.22474582e+03   
    7.18100000e+03     3.59050000e+00    -1.22467164e+03     3.45642963e+02    -1.22474122e+03   
    7.18200000e+03     3.59100000e+00    -1.22467155e+03     3.24143194e+02    -1.22473764e+03   
    7.18300000e+03     3.59150000e+00    -1.22467156e+03     3.16179941e+02    -1.22473634e+03   
    7.18400000e+03     3.59200000e+00    -1.22467154e+03     3.23013022e+02    -1.22473721e+03   
    7.18500000e+03     3.59250000e+00    -1.22467160e+03     3.36880661e+02    -1.22473979e+03   
    7.18600000e+03     3.59300000e+00    -1.22467166e+03     3.47123576e+02    -1.22474280e+03   
    7.18700000e+03     3.59350000e+00    -1.22467170e+03     3.57948871e+02    -1.22474496e+03   
    7.18800000e+03     3.59400000e+00    -1.22467176e+03     3.61360696e+02    -1.22474539e+03   
    7.18900000e+03     3.59450000e+00    -1.22467174e+03     3.56365417e+02    -1.22474381e+03   
    7.19000000e+03     3.59500000e+00    -1.22467179e+03     3.40449427e+02    -1.22474051e+03   
    7.19100000e+03     3.59550000e+00    -1.22467167e+03     3.16439373e+02    -1.22473577e+03   
    7.19200000e+03     3.59600000e+00    -1.22467161e+03     2.99654259e+02    -1.22473132e+03   
    7.19300000e+03     3.59650000e+00    -1.22467149e+03     2.86307321e+02    -1.22472816e+03   
    7.19400000e+03     3.59700000e+00    -1.22467156e+03     2.83549078e+02    -1.22472759e+03   
    7.19500000e+03     3.59750000e+00    -1.22467166e+03     2.90989607e+02    -1.22472960e+03   
    7.19600000e+03     3.59800000e+00    -1.22467170e+03     3.03991063e+02    -1.22473218e+03   
    7.19700000e+03     3.59850000e+00    -1.22467175e+03     3.11328021e+02    -1.22473390e+03   
    7.19800000e+03     3.59900000e+00    -1.22467183e+03     3.09180781e+02    -1.22473376e+03   
    7.19900000e+03     3.59950000e+00    -1.22467176e+03     3.05463810e+02    -1.22473175e+03   
    7.20000000e+03     3.60000000e+00    -1.22467165e+03     3.00106471e+02    -1.22472917e+03   
    7.20100000e+03     3.60050000e+00    -1.22467155e+03     2.95360138e+02    -1.22472716e+03   
    7.20200000e+03     3.60100000e+00    -1.22467152e+03     2.93543693e+02    -1.22472644e+03   
    7.20300000e+03     3.60150000e+00    -1.22467160e+03     2.98840467e+02    -1.22472744e+03   
    7.20400000e+03     3.60200000e+00    -1.22467157e+03     3.03895009e+02    -1.22472960e+03   
    7.20500000e+03     3.60250000e+00    -1.22467174e+03     3.16134512e+02    -1.22473232e+03   
    7.20600000e+03     3.60300000e+00    -1.22467169e+03     3.26199528e+02    -1.22473419e+03   
    7.20700000e+03     3.60350000e+00    -1.22467179e+03     3.33004077e+02    -1.22473477e+03   
    7.20800000e+03     3.60400000e+00    -1.22467165e+03     3.26472693e+02    -1.22473333e+03   
    7.20900000e+03     3.60450000e+00    -1.22467156e+03     3.20288046e+02    -1.22473118e+03   
    7.21000000e+03     3.60500000e+00    -1.22467153e+03     3.16679232e+02    -1.22472960e+03   
    7.21100000e+03     3.60550000e+00    -1.22467166e+03     3.13642746e+02    -1.22472945e+03   
    7.21200000e+03     3.60600000e+00    -1.22467172e+03     3.04137674e+02    -1.22472974e+03   
    7.21300000e+03     3.60650000e+00    -1.22467171e+03     3.08784403e+02    -1.22472988e+03   
    7.21400000e+03     3.60700000e+00    -1.22467163e+03     3.09261855e+02    -1.22472974e+03   
    7.21500000e+03     3.60750000e+00    -1.22467164e+03     3.09444085e+02    -1.22472988e+03   
    7.21600000e+03     3.60800000e+00    -1.22467170e+03     3.09476622e+02    -1.22473075e+03   
    7.21700000e+03     3.60850000e+00    -1.22467169e+03     3.15754418e+02    -1.22473189e+03   
    7.21800000e+03     3.60900000e+00    -1.22467176e+03     3.21212455e+02    -1.22473290e+03   
    7.21900000e+03     3.60950000e+00    -1.22467173e+03     3.22402153e+02    -1.22473290e+03   
    7.22000000e+03     3.61000000e+00    -1.22467160e+03     3.17756162e+02    -1.22473247e+03   
    7.22100000e+03     3.61050000e+00    -1.22467163e+03     3.24434374e+02    -1.22473276e+03   
    7.22200000e+03     3.61100000e+00    -1.22467161e+03     3.33757730e+02    -1.22473433e+03   
    7.22300000e+03     3.61150000e+00    -1.22467161e+03     3.45551261e+02    -1.22473692e+03   
    7.22400000e+03     3.61200000e+00    -1.22467173e+03     3.64902353e+02    -1.22474008e+03   
    7.22500000e+03     3.61250000e+00    -1.22467177e+03     3.81294741e+02    -1.22474252e+03   
    7.22600000e+03     3.61300000e+00    -1.22467168e+03     3.89759293e+02    -1.22474338e+03   
    7.22700000e+03     3.61350000e+00    -1.22467168e+03     3.94142068e+02    -1.22474338e+03   
    7.22800000e+03     3.61400000e+00    -1.22467154e+03     3.88408582e+02    -1.22474280e+03   
    7.22900000e+03     3.61450000e+00    -1.22467166e+03     3.83740395e+02    -1.22474237e+03   
    7.23000000e+03     3.61500000e+00    -1.22467166e+03     3.83876490e+02    -1.22474166e+03   
    7.23100000e+03     3.61550000e+00    -1.22467167e+03     3.78964884e+02    -1.22474036e+03   
    7.23200000e+03     3.61600000e+00    -1.22467172e+03     3.69729568e+02    -1.22473821e+03   
    7.23300000e+03     3.61650000e+00    -1.22467170e+03     3.58819756e+02    -1.22473534e+03   
    7.23400000e+03     3.61700000e+00    -1.22467155e+03     3.46140204e+02    -1.22473232e+03   
    7.23500000e+03     3.61750000e+00    -1.22467162e+03     3.40061641e+02    -1.22473060e+03   
    7.23600000e+03     3.61800000e+00    -1.22467152e+03     3.34871353e+02    -1.22472988e+03   
    7.23700000e+03     3.61850000e+00    -1.22467160e+03     3.41508091e+02    -1.22473046e+03   
    7.23800000e+03     3.61900000e+00    -1.22467157e+03     3.49330082e+02    -1.22473132e+03   
    7.23900000e+03     3.61950000e+00    -1.22467166e+03     3.51865340e+02    -1.22473218e+03   
    7.24000000e+03     3.62000000e+00    -1.22467159e+03     3.54944615e+02    -1.22473276e+03   
    7.24100000e+03     3.62050000e+00    -1.22467162e+03     3.53941306e+02    -1.22473333e+03   
    7.24200000e+03     3.62100000e+00    -1.22467167e+03     3.59766535e+02    -1.22473390e+03   
    7.24300000e+03     3.62150000e+00    -1.22467159e+03     3.53338597e+02    -1.22473405e+03   
    7.24400000e+03     3.62200000e+00    -1.22467164e+03     3.48903020e+02    -1.22473448e+03   
    7.24500000e+03     3.62250000e+00    -1.22467159e+03     3.52284213e+02    -1.22473520e+03   
    7.24600000e+03     3.62300000e+00    -1.22467152e+03     3.49078246e+02    -1.22473634e+03   
    7.24700000e+03     3.62350000e+00    -1.22467161e+03     3.56472516e+02    -1.22473850e+03   
    7.24800000e+03     3.62400000e+00    -1.22467163e+03     3.64511946e+02    -1.22474094e+03   
    7.24900000e+03     3.62450000e+00    -1.22467168e+03     3.71305244e+02    -1.22474295e+03   
    7.25000000e+03     3.62500000e+00    -1.22467181e+03     3.69701901e+02    -1.22474381e+03   
    7.25100000e+03     3.62550000e+00    -1.22467181e+03     3.65374266e+02    -1.22474266e+03   
    7.25200000e+03     3.62600000e+00    -1.22467165e+03     3.50708233e+02    -1.22473950e+03   
    7.25300000e+03     3.62650000e+00    -1.22467161e+03     3.35186990e+02    -1.22473563e+03   
    7.25400000e+03     3.62700000e+00    -1.22467158e+03     3.21363128e+02    -1.22473232e+03   
    7.25500000e+03     3.62750000e+00    -1.22467156e+03     3.09792030e+02    -1.22473089e+03   
    7.25600000e+03     3.62800000e+00    -1.22467153e+03     3.09452558e+02    -1.22473118e+03   
    7.25700000e+03     3.62850000e+00    -1.22467167e+03     3.10300750e+02    -1.22473276e+03   
    7.25800000e+03     3.62900000e+00    -1.22467170e+03     3.13281724e+02    -1.22473433e+03   
    7.25900000e+03     3.62950000e+00    -1.22467171e+03     3.16072628e+02    -1.22473548e+03   
    7.26000000e+03     3.63000000e+00    -1.22467180e+03     3.20253398e+02    -1.22473563e+03   
    7.26100000e+03     3.63050000e+00    -1.22467165e+03     3.19077420e+02    -1.22473433e+03   
    7.26200000e+03     3.63100000e+00    -1.22467161e+03     3.17118003e+02    -1.22473290e+03   
    7.26300000e+03     3.63150000e+00    -1.22467162e+03     3.11864490e+02    -1.22473204e+03   
    7.26400000e+03     3.63200000e+00    -1.22467151e+03     3.14958721e+02    -1.22473189e+03   
    7.26500000e+03     3.63250000e+00    -1.22467159e+03     3.16628459e+02    -1.22473347e+03   
    7.26600000e+03     3.63300000e+00    -1.22467161e+03     3.33311009e+02    -1.22473663e+03   
    7.26700000e+03     3.63350000e+00    -1.22467167e+03     3.59310779e+02    -1.22474051e+03   
    7.26800000e+03     3.63400000e+00    -1.22467169e+03     3.70836543e+02    -1.22474352e+03   
    7.26900000e+03     3.63450000e+00    -1.22467179e+03     3.86939939e+02    -1.22474481e+03   
    7.27000000e+03     3.63500000e+00    -1.22467172e+03     3.79921256e+02    -1.22474352e+03   
    7.27100000e+03     3.63550000e+00    -1.22467164e+03     3.64476997e+02    -1.22474022e+03   
    7.27200000e+03     3.63600000e+00    -1.22467167e+03     3.49441084e+02    -1.22473606e+03   
    7.27300000e+03     3.63650000e+00    -1.22467157e+03     3.38604016e+02    -1.22473218e+03   
    7.27400000e+03     3.63700000e+00    -1.22467160e+03     3.26647535e+02    -1.22472931e+03   
    7.27500000e+03     3.63750000e+00    -1.22467146e+03     3.26311863e+02    -1.22472759e+03   
    7.27600000e+03     3.63800000e+00    -1.22467155e+03     3.25052343e+02    -1.22472759e+03   
    7.27700000e+03     3.63850000e+00    -1.22467163e+03     3.34176910e+02    -1.22472917e+03   
    7.27800000e+03     3.63900000e+00    -1.22467177e+03     3.41578775e+02    -1.22473146e+03   
    7.27900000e+03     3.63950000e+00    -1.22467181e+03     3.44643461e+02    -1.22473276e+03   
    7.28000000e+03     3.64000000e+00    -1.22467178e+03     3.42256939e+02    -1.22473204e+03   
    7.28100000e+03     3.64050000e+00    -1.22467173e+03     3.31163750e+02    -1.22472931e+03   
    7.28200000e+03     3.64100000e+00    -1.22467152e+03     3.11327533e+02    -1.22472558e+03   
    7.28300000e+03     3.64150000e+00    -1.22467152e+03     3.05255801e+02    -1.22472371e+03   
    7.28400000e+03     3.64200000e+00    -1.22467146e+03     3.05130829e+02    -1.22472443e+03   
    7.28500000e+03     3.64250000e+00    -1.22467158e+03     3.20485999e+02    -1.22472802e+03   
    7.28600000e+03     3.64300000e+00    -1.22467162e+03     3.43046473e+02    -1.22473319e+03   
    7.28700000e+03     3.64350000e+00    -1.22467182e+03     3.63948458e+02    -1.22473835e+03   
    7.28800000e+03     3.64400000e+00    -1.22467176e+03     3.75335579e+02    -1.22474194e+03   
    7.28900000e+03     3.64450000e+00    -1.22467175e+03     3.78334238e+02    -1.22474323e+03   
    7.29000000e+03     3.64500000e+00    -1.22467185e+03     3.73732739e+02    -1.22474223e+03   
    7.29100000e+03     3.64550000e+00    -1.22467171e+03     3.60681765e+02    -1.22473878e+03   
    7.29200000e+03     3.64600000e+00    -1.22467164e+03     3.39785627e+02    -1.22473448e+03   
    7.29300000e+03     3.64650000e+00    -1.22467156e+03     3.14862770e+02    -1.22473060e+03   
    7.29400000e+03     3.64700000e+00    -1.22467149e+03     3.06662452e+02    -1.22472859e+03   
    7.29500000e+03     3.64750000e+00    -1.22467149e+03     3.14083077e+02    -1.22472931e+03   
    7.29600000e+03     3.64800000e+00    -1.22467169e+03     3.27368664e+02    -1.22473204e+03   
    7.29700000e+03     3.64850000e+00    -1.22467178e+03     3.45109145e+02    -1.22473462e+03   
    7.29800000e+03     3.64900000e+00    -1.22467188e+03     3.49188698e+02    -1.22473534e+03   
    7.29900000e+03     3.64950000e+00    -1.22467184e+03     3.38818208e+02    -1.22473376e+03   
    7.30000000e+03     3.65000000e+00    -1.22467171e+03     3.24614069e+02    -1.22473046e+03   
    7.30100000e+03     3.65050000e+00    -1.22467164e+03     3.11653502e+02    -1.22472687e+03   
    7.30200000e+03     3.65100000e+00    -1.22467156e+03     3.09101842e+02    -1.22472443e+03   
    7.30300000e+03     3.65150000e+00    -1.22467160e+03     3.10670204e+02    -1.22472386e+03   
    7.30400000e+03     3.65200000e+00    -1.22467151e+03     3.07874589e+02    -1.22472443e+03   
    7.30500000e+03     3.65250000e+00    -1.22467156e+03     3.19285603e+02    -1.22472630e+03   
    7.30600000e+03     3.65300000e+00    -1.22467168e+03     3.36172643e+02    -1.22472931e+03   
    7.30700000e+03     3.65350000e+00    -1.22467162e+03     3.52752136e+02    -1.22473276e+03   
    7.30800000e+03     3.65400000e+00    -1.22467172e+03     3.68766132e+02    -1.22473606e+03   
    7.30900000e+03     3.65450000e+00    -1.22467178e+03     3.70226329e+02    -1.22473792e+03   
    7.31000000e+03     3.65500000e+00    -1.22467175e+03     3.65882264e+02    -1.22473778e+03   
    7.31100000e+03     3.65550000e+00    -1.22467172e+03     3.48267574e+02    -1.22473548e+03   
    7.31200000e+03     3.65600000e+00    -1.22467171e+03     3.27498058e+02    -1.22473204e+03   
    7.31300000e+03     3.65650000e+00    -1.22467158e+03     3.15069502e+02    -1.22472888e+03   
    7.31400000e+03     3.65700000e+00    -1.22467149e+03     3.06820932e+02    -1.22472773e+03   
    7.31500000e+03     3.65750000e+00    -1.22467166e+03     3.07465760e+02    -1.22472902e+03   
    7.31600000e+03     3.65800000e+00    -1.22467175e+03     3.21212966e+02    -1.22473089e+03   
    7.31700000e+03     3.65850000e+00    -1.22467182e+03     3.21594116e+02    -1.22473161e+03   
    7.31800000e+03     3.65900000e+00    -1.22467181e+03     3.16183064e+02    -1.22473046e+03   
    7.31900000e+03     3.65950000e+00    -1.22467169e+03     3.01630099e+02    -1.22472802e+03   
    7.32000000e+03     3.66000000e+00    -1.22467166e+03     2.85684989e+02    -1.22472529e+03   
    7.32100000e+03     3.66050000e+00    -1.22467170e+03     2.76209579e+02    -1.22472328e+03   
    7.32200000e+03     3.66100000e+00    -1.22467156e+03     2.76401682e+02    -1.22472213e+03   
    7.32300000e+03     3.66150000e+00    -1.22467166e+03     2.80743691e+02    -1.22472242e+03   
    7.32400000e+03     3.66200000e+00    -1.22467163e+03     2.84601650e+02    -1.22472386e+03   
    7.32500000e+03     3.66250000e+00    -1.22467164e+03     2.96544509e+02    -1.22472673e+03   
    7.32600000e+03     3.66300000e+00    -1.22467176e+03     3.04324609e+02    -1.22473060e+03   
    7.32700000e+03     3.66350000e+00    -1.22467172e+03     3.21379741e+02    -1.22473477e+03   
    7.32800000e+03     3.66400000e+00    -1.22467185e+03     3.32379161e+02    -1.22473821e+03   
    7.32900000e+03     3.66450000e+00    -1.22467186e+03     3.42284145e+02    -1.22473950e+03   
    7.33000000e+03     3.66500000e+00    -1.22467182e+03     3.41453330e+02    -1.22473907e+03   
    7.33100000e+03     3.66550000e+00    -1.22467174e+03     3.33299754e+02    -1.22473764e+03   
    7.33200000e+03     3.66600000e+00    -1.22467177e+03     3.25322213e+02    -1.22473634e+03   
    7.33300000e+03     3.66650000e+00    -1.22467169e+03     3.28616077e+02    -1.22473548e+03   
    7.33400000e+03     3.66700000e+00    -1.22467177e+03     3.25728325e+02    -1.22473505e+03   
    7.33500000e+03     3.66750000e+00    -1.22467173e+03     3.17781989e+02    -1.22473491e+03   
    7.33600000e+03     3.66800000e+00    -1.22467179e+03     3.25680995e+02    -1.22473534e+03   
    7.33700000e+03     3.66850000e+00    -1.22467182e+03     3.32369919e+02    -1.22473606e+03   
    7.33800000e+03     3.66900000e+00    -1.22467181e+03     3.38135565e+02    -1.22473649e+03   
    7.33900000e+03     3.66950000e+00    -1.22467180e+03     3.41873128e+02    -1.22473591e+03   
    7.34000000e+03     3.67000000e+00    -1.22467181e+03     3.31600999e+02    -1.22473390e+03   
    7.34100000e+03     3.67050000e+00    -1.22467166e+03     3.22642491e+02    -1.22473046e+03   
    7.34200000e+03     3.67100000e+00    -1.22467159e+03     3.16132134e+02    -1.22472744e+03   
    7.34300000e+03     3.67150000e+00    -1.22467158e+03     3.15627393e+02    -1.22472644e+03   
    7.34400000e+03     3.67200000e+00    -1.22467160e+03     3.22458273e+02    -1.22472816e+03   
    7.34500000e+03     3.67250000e+00    -1.22467168e+03     3.36411652e+02    -1.22473232e+03   
    7.34600000e+03     3.67300000e+00    -1.22467177e+03     3.56676002e+02    -1.22473764e+03   
    7.34700000e+03     3.67350000e+00    -1.22467181e+03     3.74398822e+02    -1.22474252e+03   
    7.34800000e+03     3.67400000e+00    -1.22467183e+03     3.86996181e+02    -1.22474539e+03   
    7.34900000e+03     3.67450000e+00    -1.22467183e+03     3.83251894e+02    -1.22474611e+03   
    7.35000000e+03     3.67500000e+00    -1.22467172e+03     3.80994847e+02    -1.22474524e+03   
    7.35100000e+03     3.67550000e+00    -1.22467169e+03     3.77891572e+02    -1.22474424e+03   
    7.35200000e+03     3.67600000e+00    -1.22467178e+03     3.79137488e+02    -1.22474381e+03   
    7.35300000e+03     3.67650000e+00    -1.22467169e+03     3.83674832e+02    -1.22474338e+03   
    7.35400000e+03     3.67700000e+00    -1.22467179e+03     3.80361164e+02    -1.22474295e+03   
    7.35500000e+03     3.67750000e+00    -1.22467170e+03     3.78132403e+02    -1.22474209e+03   
    7.35600000e+03     3.67800000e+00    -1.22467176e+03     3.79182907e+02    -1.22474166e+03   
    7.35700000e+03     3.67850000e+00    -1.22467170e+03     3.74959890e+02    -1.22474122e+03   
    7.35800000e+03     3.67900000e+00    -1.22467169e+03     3.74544182e+02    -1.22474036e+03   
    7.35900000e+03     3.67950000e+00    -1.22467178e+03     3.68532227e+02    -1.22473893e+03   
    7.36000000e+03     3.68000000e+00    -1.22467182e+03     3.61469039e+02    -1.22473677e+03   
    7.36100000e+03     3.68050000e+00    -1.22467176e+03     3.50546809e+02    -1.22473405e+03   
    7.36200000e+03     3.68100000e+00    -1.22467162e+03     3.44439351e+02    -1.22473132e+03   
    7.36300000e+03     3.68150000e+00    -1.22467155e+03     3.39677095e+02    -1.22473003e+03   
    7.36400000e+03     3.68200000e+00    -1.22467169e+03     3.40960097e+02    -1.22473103e+03   
    7.36500000e+03     3.68250000e+00    -1.22467176e+03     3.51905486e+02    -1.22473376e+03   
    7.36600000e+03     3.68300000e+00    -1.22467180e+03     3.69023165e+02    -1.22473749e+03   
    7.36700000e+03     3.68350000e+00    -1.22467183e+03     3.77770556e+02    -1.22474079e+03   
    7.36800000e+03     3.68400000e+00    -1.22467190e+03     3.92243346e+02    -1.22474323e+03   
    7.36900000e+03     3.68450000e+00    -1.22467190e+03     4.00987478e+02    -1.22474424e+03   
    7.37000000e+03     3.68500000e+00    -1.22467183e+03     4.01671957e+02    -1.22474352e+03   
    7.37100000e+03     3.68550000e+00    -1.22467172e+03     3.97365783e+02    -1.22474137e+03   
    7.37200000e+03     3.68600000e+00    -1.22467165e+03     3.86504954e+02    -1.22473878e+03   
    7.37300000e+03     3.68650000e+00    -1.22467162e+03     3.78184578e+02    -1.22473735e+03   
    7.37400000e+03     3.68700000e+00    -1.22467166e+03     3.80039792e+02    -1.22473764e+03   
    7.37500000e+03     3.68750000e+00    -1.22467177e+03     3.79773188e+02    -1.22473922e+03   
    7.37600000e+03     3.68800000e+00    -1.22467183e+03     3.89895102e+02    -1.22474094e+03   
    7.37700000e+03     3.68850000e+00    -1.22467187e+03     3.86734426e+02    -1.22474194e+03   
    7.37800000e+03     3.68900000e+00    -1.22467187e+03     3.87145104e+02    -1.22474209e+03   
    7.37900000e+03     3.68950000e+00    -1.22467184e+03     3.83375525e+02    -1.22474079e+03   
    7.38000000e+03     3.69000000e+00    -1.22467175e+03     3.75557160e+02    -1.22473792e+03   
    7.38100000e+03     3.69050000e+00    -1.22467165e+03     3.58493181e+02    -1.22473433e+03   
    7.38200000e+03     3.69100000e+00    -1.22467156e+03     3.48729554e+02    -1.22473132e+03   
    7.38300000e+03     3.69150000e+00    -1.22467157e+03     3.37378854e+02    -1.22473060e+03   
    7.38400000e+03     3.69200000e+00    -1.22467159e+03     3.48404483e+02    -1.22473276e+03   
    7.38500000e+03     3.69250000e+00    -1.22467173e+03     3.64016851e+02    -1.22473706e+03   
    7.38600000e+03     3.69300000e+00    -1.22467172e+03     3.82472920e+02    -1.22474180e+03   
    7.38700000e+03     3.69350000e+00    -1.22467191e+03     4.03326246e+02    -1.22474582e+03   
    7.38800000e+03     3.69400000e+00    -1.22467187e+03     4.13891477e+02    -1.22474797e+03   
    7.38900000e+03     3.69450000e+00    -1.22467186e+03     4.13786952e+02    -1.22474797e+03   
    7.39000000e+03     3.69500000e+00    -1.22467180e+03     4.06792719e+02    -1.22474611e+03   
    7.39100000e+03     3.69550000e+00    -1.22467170e+03     3.88290468e+02    -1.22474338e+03   
    7.39200000e+03     3.69600000e+00    -1.22467170e+03     3.83243029e+02    -1.22474137e+03   
    7.39300000e+03     3.69650000e+00    -1.22467169e+03     3.81163528e+02    -1.22474065e+03   
    7.39400000e+03     3.69700000e+00    -1.22467177e+03     3.85441528e+02    -1.22474122e+03   
    7.39500000e+03     3.69750000e+00    -1.22467170e+03     3.93769050e+02    -1.22474223e+03   
    7.39600000e+03     3.69800000e+00    -1.22467182e+03     3.90902216e+02    -1.22474309e+03   
    7.39700000e+03     3.69850000e+00    -1.22467189e+03     3.85931272e+02    -1.22474280e+03   
    7.39800000e+03     3.69900000e+00    -1.22467184e+03     3.74346224e+02    -1.22474094e+03   
    7.39900000e+03     3.69950000e+00    -1.22467181e+03     3.65656760e+02    -1.22473807e+03   
    7.40000000e+03     3.70000000e+00    -1.22467165e+03     3.53684570e+02    -1.22473491e+03   
    7.40100000e+03     3.70050000e+00    -1.22467167e+03     3.40825788e+02    -1.22473261e+03   
    7.40200000e+03     3.70100000e+00    -1.22467163e+03     3.38774123e+02    -1.22473161e+03   
    7.40300000e+03     3.70150000e+00    -1.22467163e+03     3.35290658e+02    -1.22473189e+03   
    7.40400000e+03     3.70200000e+00    -1.22467174e+03     3.40047366e+02    -1.22473319e+03   
    7.40500000e+03     3.70250000e+00    -1.22467176e+03     3.47482444e+02    -1.22473505e+03   
    7.40600000e+03     3.70300000e+00    -1.22467175e+03     3.64066722e+02    -1.22473706e+03   
    7.40700000e+03     3.70350000e+00    -1.22467182e+03     3.70817721e+02    -1.22473893e+03   
    7.40800000e+03     3.70400000e+00    -1.22467175e+03     3.77785371e+02    -1.22474008e+03   
    7.40900000e+03     3.70450000e+00    -1.22467180e+03     3.85052230e+02    -1.22474051e+03   
    7.41000000e+03     3.70500000e+00    -1.22467174e+03     3.84953951e+02    -1.22473993e+03   
    7.41100000e+03     3.70550000e+00    -1.22467172e+03     3.79698441e+02    -1.22473821e+03   
    7.41200000e+03     3.70600000e+00    -1.22467171e+03     3.69662833e+02    -1.22473606e+03   
    7.41300000e+03     3.70650000e+00    -1.22467179e+03     3.65477705e+02    -1.22473433e+03   
    7.41400000e+03     3.70700000e+00    -1.22467166e+03     3.58713117e+02    -1.22473261e+03   
    7.41500000e+03     3.70750000e+00    -1.22467177e+03     3.51342218e+02    -1.22473132e+03   
    7.41600000e+03     3.70800000e+00    -1.22467170e+03     3.48227231e+02    -1.22472988e+03   
    7.41700000e+03     3.70850000e+00    -1.22467167e+03     3.39205576e+02    -1.22472845e+03   
    7.41800000e+03     3.70900000e+00    -1.22467171e+03     3.27963888e+02    -1.22472701e+03   
    7.41900000e+03     3.70950000e+00    -1.22467161e+03     3.28375941e+02    -1.22472601e+03   
    7.42000000e+03     3.71000000e+00    -1.22467170e+03     3.25557919e+02    -1.22472601e+03   
    7.42100000e+03     3.71050000e+00    -1.22467167e+03     3.25564207e+02    -1.22472658e+03   
    7.42200000e+03     3.71100000e+00    -1.22467174e+03     3.29656224e+02    -1.22472744e+03   
    7.42300000e+03     3.71150000e+00    -1.22467181e+03     3.30887137e+02    -1.22472773e+03   
    7.42400000e+03     3.71200000e+00    -1.22467171e+03     3.32458532e+02    -1.22472730e+03   
    7.42500000e+03     3.71250000e+00    -1.22467172e+03     3.32514097e+02    -1.22472701e+03   
    7.42600000e+03     3.71300000e+00    -1.22467163e+03     3.32718770e+02    -1.22472716e+03   
    7.42700000e+03     3.71350000e+00    -1.22467163e+03     3.39752272e+02    -1.22472859e+03   
    7.42800000e+03     3.71400000e+00    -1.22467170e+03     3.58555153e+02    -1.22473146e+03   
    7.42900000e+03     3.71450000e+00    -1.22467181e+03     3.78067855e+02    -1.22473491e+03   
    7.43000000e+03     3.71500000e+00    -1.22467182e+03     3.87620386e+02    -1.22473749e+03   
    7.43100000e+03     3.71550000e+00    -1.22467189e+03     3.93829479e+02    -1.22473778e+03   
    7.43200000e+03     3.71600000e+00    -1.22467184e+03     3.87716458e+02    -1.22473563e+03   
    7.43300000e+03     3.71650000e+00    -1.22467173e+03     3.66265104e+02    -1.22473204e+03   
    7.43400000e+03     3.71700000e+00    -1.22467162e+03     3.53647310e+02    -1.22472845e+03   
    7.43500000e+03     3.71750000e+00    -1.22467159e+03     3.42292941e+02    -1.22472572e+03   
    7.43600000e+03     3.71800000e+00    -1.22467169e+03     3.26724364e+02    -1.22472429e+03   
    7.43700000e+03     3.71850000e+00    -1.22467160e+03     3.26969497e+02    -1.22472386e+03   
    7.43800000e+03     3.71900000e+00    -1.22467159e+03     3.30929226e+02    -1.22472429e+03   
    7.43900000e+03     3.71950000e+00    -1.22467167e+03     3.39940448e+02    -1.22472558e+03   
    7.44000000e+03     3.72000000e+00    -1.22467171e+03     3.43969582e+02    -1.22472730e+03   
    7.44100000e+03     3.72050000e+00    -1.22467179e+03     3.45998963e+02    -1.22472845e+03   
    7.44200000e+03     3.72100000e+00    -1.22467187e+03     3.41811410e+02    -1.22472787e+03   
    7.44300000e+03     3.72150000e+00    -1.22467181e+03     3.32580486e+02    -1.22472558e+03   
    7.44400000e+03     3.72200000e+00    -1.22467168e+03     3.18872532e+02    -1.22472271e+03   
    7.44500000e+03     3.72250000e+00    -1.22467153e+03     3.06807717e+02    -1.22472113e+03   
    7.44600000e+03     3.72300000e+00    -1.22467166e+03     3.07479656e+02    -1.22472228e+03   
    7.44700000e+03     3.72350000e+00    -1.22467178e+03     3.24099781e+02    -1.22472586e+03   
    7.44800000e+03     3.72400000e+00    -1.22467192e+03     3.41735437e+02    -1.22473003e+03   
    7.44900000e+03     3.72450000e+00    -1.22467189e+03     3.52089170e+02    -1.22473290e+03   
    7.45000000e+03     3.72500000e+00    -1.22467197e+03     3.51659432e+02    -1.22473333e+03   
    7.45100000e+03     3.72550000e+00    -1.22467180e+03     3.39131019e+02    -1.22473075e+03   
    7.45200000e+03     3.72600000e+00    -1.22467170e+03     3.26293529e+02    -1.22472644e+03   
    7.45300000e+03     3.72650000e+00    -1.22467158e+03     3.06852384e+02    -1.22472199e+03   
    7.45400000e+03     3.72700000e+00    -1.22467160e+03     2.98271533e+02    -1.22471940e+03   
    7.45500000e+03     3.72750000e+00    -1.22467167e+03     3.04676159e+02    -1.22471897e+03   
    7.45600000e+03     3.72800000e+00    -1.22467162e+03     3.05917563e+02    -1.22471984e+03   
    7.45700000e+03     3.72850000e+00    -1.22467178e+03     3.12136890e+02    -1.22472185e+03   
    7.45800000e+03     3.72900000e+00    -1.22467175e+03     3.17734920e+02    -1.22472371e+03   
    7.45900000e+03     3.72950000e+00    -1.22467184e+03     3.27278630e+02    -1.22472500e+03   
    7.46000000e+03     3.73000000e+00    -1.22467188e+03     3.28688540e+02    -1.22472472e+03   
    7.46100000e+03     3.73050000e+00    -1.22467179e+03     3.21106976e+02    -1.22472242e+03   
    7.46200000e+03     3.73100000e+00    -1.22467165e+03     3.03244251e+02    -1.22471883e+03   
    7.46300000e+03     3.73150000e+00    -1.22467160e+03     2.90497550e+02    -1.22471610e+03   
    7.46400000e+03     3.73200000e+00    -1.22467159e+03     2.93438088e+02    -1.22471553e+03   
    7.46500000e+03     3.73250000e+00    -1.22467157e+03     3.06740232e+02    -1.22471783e+03   
    7.46600000e+03     3.73300000e+00    -1.22467177e+03     3.24340123e+02    -1.22472256e+03   
    7.46700000e+03     3.73350000e+00    -1.22467175e+03     3.45296864e+02    -1.22472773e+03   
    7.46800000e+03     3.73400000e+00    -1.22467195e+03     3.64340464e+02    -1.22473189e+03   
    7.46900000e+03     3.73450000e+00    -1.22467192e+03     3.65037945e+02    -1.22473347e+03   
    7.47000000e+03     3.73500000e+00    -1.22467180e+03     3.60573898e+02    -1.22473232e+03   
    7.47100000e+03     3.73550000e+00    -1.22467169e+03     3.45955371e+02    -1.22472931e+03   
    7.47200000e+03     3.73600000e+00    -1.22467163e+03     3.30121046e+02    -1.22472586e+03   
    7.47300000e+03     3.73650000e+00    -1.22467167e+03     3.15695855e+02    -1.22472371e+03   
    7.47400000e+03     3.73700000e+00    -1.22467166e+03     3.12175222e+02    -1.22472342e+03   
    7.47500000e+03     3.73750000e+00    -1.22467169e+03     3.22379867e+02    -1.22472486e+03   
    7.47600000e+03     3.73800000e+00    -1.22467165e+03     3.35357575e+02    -1.22472730e+03   
    7.47700000e+03     3.73850000e+00    -1.22467177e+03     3.47592966e+02    -1.22473003e+03   
    7.47800000e+03     3.73900000e+00    -1.22467191e+03     3.52560279e+02    -1.22473189e+03   
    7.47900000e+03     3.73950000e+00    -1.22467179e+03     3.47401120e+02    -1.22473161e+03   
    7.48000000e+03     3.74000000e+00    -1.22467174e+03     3.35241232e+02    -1.22472988e+03   
    7.48100000e+03     3.74050000e+00    -1.22467174e+03     3.27784087e+02    -1.22472759e+03   
    7.48200000e+03     3.74100000e+00    -1.22467155e+03     3.21766760e+02    -1.22472630e+03   
    7.48300000e+03     3.74150000e+00    -1.22467157e+03     3.29393084e+02    -1.22472730e+03   
    7.48400000e+03     3.74200000e+00    -1.22467177e+03     3.45172708e+02    -1.22473060e+03   
    7.48500000e+03     3.74250000e+00    -1.22467182e+03     3.57550292e+02    -1.22473433e+03   
    7.48600000e+03     3.74300000e+00    -1.22467192e+03     3.69262239e+02    -1.22473735e+03   
    7.48700000e+03     3.74350000e+00    -1.22467184e+03     3.70813976e+02    -1.22473878e+03   
    7.48800000e+03     3.74400000e+00    -1.22467187e+03     3.74088808e+02    -1.22473893e+03   
    7.48900000e+03     3.74450000e+00    -1.22467172e+03     3.74561633e+02    -1.22473792e+03   
    7.49000000e+03     3.74500000e+00    -1.22467182e+03     3.70719435e+02    -1.22473677e+03   
    7.49100000e+03     3.74550000e+00    -1.22467179e+03     3.60813870e+02    -1.22473520e+03   
    7.49200000e+03     3.74600000e+00    -1.22467178e+03     3.54773601e+02    -1.22473362e+03   
    7.49300000e+03     3.74650000e+00    -1.22467172e+03     3.51782545e+02    -1.22473232e+03   
    7.49400000e+03     3.74700000e+00    -1.22467162e+03     3.51075436e+02    -1.22473175e+03   
    7.49500000e+03     3.74750000e+00    -1.22467167e+03     3.56608294e+02    -1.22473204e+03   
    7.49600000e+03     3.74800000e+00    -1.22467179e+03     3.57813656e+02    -1.22473304e+03   
    7.49700000e+03     3.74850000e+00    -1.22467175e+03     3.64026474e+02    -1.22473376e+03   
    7.49800000e+03     3.74900000e+00    -1.22467187e+03     3.56018333e+02    -1.22473376e+03   
    7.49900000e+03     3.74950000e+00    -1.22467185e+03     3.52502079e+02    -1.22473247e+03   
    7.50000000e+03     3.75000000e+00    -1.22467172e+03     3.43280670e+02    -1.22473046e+03   
    7.50100000e+03     3.75050000e+00    -1.22467170e+03     3.33722657e+02    -1.22472874e+03   
    7.50200000e+03     3.75100000e+00    -1.22467172e+03     3.32296013e+02    -1.22472787e+03   
    7.50300000e+03     3.75150000e+00    -1.22467175e+03     3.29001502e+02    -1.22472744e+03   
    7.50400000e+03     3.75200000e+00    -1.22467178e+03     3.25772876e+02    -1.22472701e+03   
    7.50500000e+03     3.75250000e+00    -1.22467172e+03     3.25278658e+02    -1.22472687e+03   
    7.50600000e+03     3.75300000e+00    -1.22467170e+03     3.24228141e+02    -1.22472744e+03   
    7.50700000e+03     3.75350000e+00    -1.22467176e+03     3.29916894e+02    -1.22472902e+03   
    7.50800000e+03     3.75400000e+00    -1.22467184e+03     3.40464732e+02    -1.22473089e+03   
    7.50900000e+03     3.75450000e+00    -1.22467192e+03     3.45482066e+02    -1.22473204e+03   
    7.51000000e+03     3.75500000e+00    -1.22467180e+03     3.44414349e+02    -1.22473103e+03   
    7.51100000e+03     3.75550000e+00    -1.22467175e+03     3.41563354e+02    -1.22472888e+03   
    7.51200000e+03     3.75600000e+00    -1.22467163e+03     3.32123456e+02    -1.22472630e+03   
    7.51300000e+03     3.75650000e+00    -1.22467157e+03     3.29675455e+02    -1.22472457e+03   
    7.51400000e+03     3.75700000e+00    -1.22467165e+03     3.28083309e+02    -1.22472429e+03   
    7.51500000e+03     3.75750000e+00    -1.22467177e+03     3.30374668e+02    -1.22472515e+03   
    7.51600000e+03     3.75800000e+00    -1.22467179e+03     3.41621186e+02    -1.22472630e+03   
    7.51700000e+03     3.75850000e+00    -1.22467178e+03     3.42412786e+02    -1.22472658e+03   
    7.51800000e+03     3.75900000e+00    -1.22467182e+03     3.33267260e+02    -1.22472558e+03   
    7.51900000e+03     3.75950000e+00    -1.22467182e+03     3.25816400e+02    -1.22472357e+03   
    7.52000000e+03     3.76000000e+00    -1.22467172e+03     3.12877749e+02    -1.22472127e+03   
    7.52100000e+03     3.76050000e+00    -1.22467174e+03     3.10076298e+02    -1.22471984e+03   
    7.52200000e+03     3.76100000e+00    -1.22467174e+03     3.03520398e+02    -1.22471912e+03   
    7.52300000e+03     3.76150000e+00    -1.22467179e+03     2.99758735e+02    -1.22471883e+03   
    7.52400000e+03     3.76200000e+00    -1.22467165e+03     3.00653035e+02    -1.22471869e+03   
    7.52500000e+03     3.76250000e+00    -1.22467171e+03     3.04232741e+02    -1.22471969e+03   
    7.52600000e+03     3.76300000e+00    -1.22467167e+03     3.14069061e+02    -1.22472156e+03   
    7.52700000e+03     3.76350000e+00    -1.22467182e+03     3.23532845e+02    -1.22472414e+03   
    7.52800000e+03     3.76400000e+00    -1.22467185e+03     3.24797767e+02    -1.22472586e+03   
    7.52900000e+03     3.76450000e+00    -1.22467185e+03     3.25327895e+02    -1.22472615e+03   
    7.53000000e+03     3.76500000e+00    -1.22467182e+03     3.15432608e+02    -1.22472500e+03   
    7.53100000e+03     3.76550000e+00    -1.22467174e+03     3.10599291e+02    -1.22472342e+03   
    7.53200000e+03     3.76600000e+00    -1.22467172e+03     3.09502177e+02    -1.22472256e+03   
    7.53300000e+03     3.76650000e+00    -1.22467163e+03     3.10648652e+02    -1.22472299e+03   
    7.53400000e+03     3.76700000e+00    -1.22467176e+03     3.21623147e+02    -1.22472457e+03   
    7.53500000e+03     3.76750000e+00    -1.22467180e+03     3.31892981e+02    -1.22472601e+03   
    7.53600000e+03     3.76800000e+00    -1.22467185e+03     3.29710467e+02    -1.22472601e+03   
    7.53700000e+03     3.76850000e+00    -1.22467175e+03     3.22059940e+02    -1.22472414e+03   
    7.53800000e+03     3.76900000e+00    -1.22467179e+03     3.05921279e+02    -1.22472156e+03   
    7.53900000e+03     3.76950000e+00    -1.22467170e+03     3.01217150e+02    -1.22471940e+03   
    7.54000000e+03     3.77000000e+00    -1.22467165e+03     2.96670184e+02    -1.22471854e+03   
    7.54100000e+03     3.77050000e+00    -1.22467175e+03     3.02987944e+02    -1.22471897e+03   
    7.54200000e+03     3.77100000e+00    -1.22467173e+03     3.11001969e+02    -1.22471969e+03   
    7.54300000e+03     3.77150000e+00    -1.22467170e+03     3.14918445e+02    -1.22472012e+03   
    7.54400000e+03     3.77200000e+00    -1.22467178e+03     3.09579229e+02    -1.22472084e+03   
    7.54500000e+03     3.77250000e+00    -1.22467182e+03     3.14579382e+02    -1.22472170e+03   
    7.54600000e+03     3.77300000e+00    -1.22467178e+03     3.14697602e+02    -1.22472213e+03   
    7.54700000e+03     3.77350000e+00    -1.22467175e+03     3.19543500e+02    -1.22472185e+03   
    7.54800000e+03     3.77400000e+00    -1.22467174e+03     3.13073665e+02    -1.22472127e+03   
    7.54900000e+03     3.77450000e+00    -1.22467177e+03     3.08513672e+02    -1.22472070e+03   
    7.55000000e+03     3.77500000e+00    -1.22467174e+03     3.02477312e+02    -1.22472041e+03   
    7.55100000e+03     3.77550000e+00    -1.22467172e+03     2.98739684e+02    -1.22472070e+03   
    7.55200000e+03     3.77600000e+00    -1.22467174e+03     3.04197426e+02    -1.22472141e+03   
    7.55300000e+03     3.77650000e+00    -1.22467186e+03     3.06220298e+02    -1.22472228e+03   
    7.55400000e+03     3.77700000e+00    -1.22467181e+03     3.03528286e+02    -1.22472228e+03   
    7.55500000e+03     3.77750000e+00    -1.22467191e+03     2.96754228e+02    -1.22472113e+03   
    7.55600000e+03     3.77800000e+00    -1.22467176e+03     2.92053816e+02    -1.22471840e+03   
    7.55700000e+03     3.77850000e+00    -1.22467176e+03     2.82943425e+02    -1.22471524e+03   
    7.55800000e+03     3.77900000e+00    -1.22467164e+03     2.73678340e+02    -1.22471251e+03   
    7.55900000e+03     3.77950000e+00    -1.22467171e+03     2.66682578e+02    -1.22471122e+03   
    7.56000000e+03     3.78000000e+00    -1.22467172e+03     2.66017583e+02    -1.22471108e+03   
    7.56100000e+03     3.78050000e+00    -1.22467171e+03     2.65115572e+02    -1.22471151e+03   
    7.56200000e+03     3.78100000e+00    -1.22467179e+03     2.66170772e+02    -1.22471194e+03   
    7.56300000e+03     3.78150000e+00    -1.22467180e+03     2.66121512e+02    -1.22471251e+03   
    7.56400000e+03     3.78200000e+00    -1.22467184e+03     2.69291841e+02    -1.22471309e+03   
    7.56500000e+03     3.78250000e+00    -1.22467180e+03     2.65527916e+02    -1.22471280e+03   
    7.56600000e+03     3.78300000e+00    -1.22467173e+03     2.64388160e+02    -1.22471194e+03   
    7.56700000e+03     3.78350000e+00    -1.22467169e+03     2.60957105e+02    -1.22471122e+03   
    7.56800000e+03     3.78400000e+00    -1.22467166e+03     2.61393237e+02    -1.22471108e+03   
    7.56900000e+03     3.78450000e+00    -1.22467176e+03     2.66315894e+02    -1.22471208e+03   
    7.57000000e+03     3.78500000e+00    -1.22467179e+03     2.73334044e+02    -1.22471395e+03   
    7.57100000e+03     3.78550000e+00    -1.22467175e+03     2.86192289e+02    -1.22471596e+03   
    7.57200000e+03     3.78600000e+00    -1.22467182e+03     2.97698569e+02    -1.22471725e+03   
    7.57300000e+03     3.78650000e+00    -1.22467180e+03     2.96551874e+02    -1.22471696e+03   
    7.57400000e+03     3.78700000e+00    -1.22467171e+03     2.95224819e+02    -1.22471539e+03   
    7.57500000e+03     3.78750000e+00    -1.22467172e+03     2.92281005e+02    -1.22471381e+03   
    7.57600000e+03     3.78800000e+00    -1.22467166e+03     2.91360434e+02    -1.22471366e+03   
    7.57700000e+03     3.78850000e+00    -1.22467178e+03     3.00302794e+02    -1.22471553e+03   
    7.57800000e+03     3.78900000e+00    -1.22467190e+03     3.14769760e+02    -1.22471811e+03   
    7.57900000e+03     3.78950000e+00    -1.22467189e+03     3.28075622e+02    -1.22471969e+03   
    7.58000000e+03     3.79000000e+00    -1.22467180e+03     3.26303878e+02    -1.22471984e+03   
    7.58100000e+03     3.79050000e+00    -1.22467175e+03     3.26838875e+02    -1.22471912e+03   
    7.58200000e+03     3.79100000e+00    -1.22467168e+03     3.26880475e+02    -1.22471840e+03   
    7.58300000e+03     3.79150000e+00    -1.22467171e+03     3.22321349e+02    -1.22471797e+03   
    7.58400000e+03     3.79200000e+00    -1.22467180e+03     3.21660943e+02    -1.22471768e+03   
    7.58500000e+03     3.79250000e+00    -1.22467176e+03     3.17075104e+02    -1.22471725e+03   
    7.58600000e+03     3.79300000e+00    -1.22467172e+03     3.15136278e+02    -1.22471740e+03   
    7.58700000e+03     3.79350000e+00    -1.22467171e+03     3.18816978e+02    -1.22471826e+03   
    7.58800000e+03     3.79400000e+00    -1.22467178e+03     3.25295173e+02    -1.22471969e+03   
    7.58900000e+03     3.79450000e+00    -1.22467184e+03     3.31621214e+02    -1.22472098e+03   
    7.59000000e+03     3.79500000e+00    -1.22467179e+03     3.39349908e+02    -1.22472156e+03   
    7.59100000e+03     3.79550000e+00    -1.22467174e+03     3.30794592e+02    -1.22472084e+03   
    7.59200000e+03     3.79600000e+00    -1.22467171e+03     3.27885228e+02    -1.22471926e+03   
    7.59300000e+03     3.79650000e+00    -1.22467165e+03     3.22585971e+02    -1.22471797e+03   
    7.59400000e+03     3.79700000e+00    -1.22467161e+03     3.21913126e+02    -1.22471783e+03   
    7.59500000e+03     3.79750000e+00    -1.22467161e+03     3.34558931e+02    -1.22471955e+03   
    7.59600000e+03     3.79800000e+00    -1.22467172e+03     3.45584650e+02    -1.22472242e+03   
    7.59700000e+03     3.79850000e+00    -1.22467193e+03     3.51339713e+02    -1.22472472e+03   
    7.59800000e+03     3.79900000e+00    -1.22467184e+03     3.47829638e+02    -1.22472443e+03   
    7.59900000e+03     3.79950000e+00    -1.22467170e+03     3.37598071e+02    -1.22472199e+03   
    7.60000000e+03     3.80000000e+00    -1.22467163e+03     3.25445148e+02    -1.22471926e+03   
    7.60100000e+03     3.80050000e+00    -1.22467167e+03     3.19143530e+02    -1.22471754e+03   
    7.60200000e+03     3.80100000e+00    -1.22467174e+03     3.13218190e+02    -1.22471711e+03   
    7.60300000e+03     3.80150000e+00    -1.22467162e+03     3.17708593e+02    -1.22471740e+03   
    7.60400000e+03     3.80200000e+00    -1.22467173e+03     3.21051739e+02    -1.22471840e+03   
    7.60500000e+03     3.80250000e+00    -1.22467169e+03     3.30154896e+02    -1.22471998e+03   
    7.60600000e+03     3.80300000e+00    -1.22467179e+03     3.34718214e+02    -1.22472185e+03   
    7.60700000e+03     3.80350000e+00    -1.22467180e+03     3.40518051e+02    -1.22472299e+03   
    7.60800000e+03     3.80400000e+00    -1.22467174e+03     3.34459192e+02    -1.22472299e+03   
    7.60900000e+03     3.80450000e+00    -1.22467169e+03     3.25323153e+02    -1.22472141e+03   
    7.61000000e+03     3.80500000e+00    -1.22467166e+03     3.15708315e+02    -1.22471912e+03   
    7.61100000e+03     3.80550000e+00    -1.22467157e+03     3.07134902e+02    -1.22471725e+03   
    7.61200000e+03     3.80600000e+00    -1.22467161e+03     3.08223258e+02    -1.22471754e+03   
    7.61300000e+03     3.80650000e+00    -1.22467154e+03     3.15606428e+02    -1.22472041e+03   
    7.61400000e+03     3.80700000e+00    -1.22467177e+03     3.32350825e+02    -1.22472515e+03   
    7.61500000e+03     3.80750000e+00    -1.22467183e+03     3.52702647e+02    -1.22472945e+03   
    7.61600000e+03     3.80800000e+00    -1.22467200e+03     3.59844419e+02    -1.22473161e+03   
    7.61700000e+03     3.80850000e+00    -1.22467188e+03     3.55622781e+02    -1.22473075e+03   
    7.61800000e+03     3.80900000e+00    -1.22467171e+03     3.48346644e+02    -1.22472831e+03   
    7.61900000e+03     3.80950000e+00    -1.22467171e+03     3.27159411e+02    -1.22472658e+03   
    7.62000000e+03     3.81000000e+00    -1.22467170e+03     3.26300425e+02    -1.22472630e+03   
    7.62100000e+03     3.81050000e+00    -1.22467163e+03     3.29363215e+02    -1.22472701e+03   
    7.62200000e+03     3.81100000e+00    -1.22467176e+03     3.35369809e+02    -1.22472859e+03   
    7.62300000e+03     3.81150000e+00    -1.22467173e+03     3.40569676e+02    -1.22473060e+03   
    7.62400000e+03     3.81200000e+00    -1.22467183e+03     3.48408481e+02    -1.22473290e+03   
    7.62500000e+03     3.81250000e+00    -1.22467187e+03     3.56378696e+02    -1.22473448e+03   
    7.62600000e+03     3.81300000e+00    -1.22467192e+03     3.58765467e+02    -1.22473448e+03   
    7.62700000e+03     3.81350000e+00    -1.22467175e+03     3.45658170e+02    -1.22473218e+03   
    7.62800000e+03     3.81400000e+00    -1.22467168e+03     3.33918550e+02    -1.22472874e+03   
    7.62900000e+03     3.81450000e+00    -1.22467166e+03     3.18311842e+02    -1.22472543e+03   
    7.63000000e+03     3.81500000e+00    -1.22467162e+03     3.11542272e+02    -1.22472357e+03   
    7.63100000e+03     3.81550000e+00    -1.22467153e+03     3.18275137e+02    -1.22472443e+03   
    7.63200000e+03     3.81600000e+00    -1.22467170e+03     3.34177663e+02    -1.22472787e+03   
    7.63300000e+03     3.81650000e+00    -1.22467189e+03     3.55239469e+02    -1.22473218e+03   
    7.63400000e+03     3.81700000e+00    -1.22467188e+03     3.57808227e+02    -1.22473491e+03   
    7.63500000e+03     3.81750000e+00    -1.22467191e+03     3.61214638e+02    -1.22473477e+03   
    7.63600000e+03     3.81800000e+00    -1.22467175e+03     3.48037518e+02    -1.22473218e+03   
    7.63700000e+03     3.81850000e+00    -1.22467155e+03     3.32924309e+02    -1.22472931e+03   
    7.63800000e+03     3.81900000e+00    -1.22467163e+03     3.33600950e+02    -1.22472787e+03   
    7.63900000e+03     3.81950000e+00    -1.22467171e+03     3.34871656e+02    -1.22472787e+03   
    7.64000000e+03     3.82000000e+00    -1.22467167e+03     3.33158275e+02    -1.22472816e+03   
    7.64100000e+03     3.82050000e+00    -1.22467162e+03     3.34134044e+02    -1.22472859e+03   
    7.64200000e+03     3.82100000e+00    -1.22467164e+03     3.32770846e+02    -1.22472974e+03   
    7.64300000e+03     3.82150000e+00    -1.22467168e+03     3.38175048e+02    -1.22473146e+03   
    7.64400000e+03     3.82200000e+00    -1.22467174e+03     3.43752421e+02    -1.22473290e+03   
    7.64500000e+03     3.82250000e+00    -1.22467180e+03     3.44329988e+02    -1.22473304e+03   
    7.64600000e+03     3.82300000e+00    -1.22467176e+03     3.38136720e+02    -1.22473103e+03   
    7.64700000e+03     3.82350000e+00    -1.22467170e+03     3.22071801e+02    -1.22472744e+03   
    7.64800000e+03     3.82400000e+00    -1.22467158e+03     3.14030370e+02    -1.22472414e+03   
    7.64900000e+03     3.82450000e+00    -1.22467143e+03     3.07978736e+02    -1.22472271e+03   
    7.65000000e+03     3.82500000e+00    -1.22467151e+03     3.12943057e+02    -1.22472443e+03   
    7.65100000e+03     3.82550000e+00    -1.22467165e+03     3.28146366e+02    -1.22472802e+03   
    7.65200000e+03     3.82600000e+00    -1.22467186e+03     3.40749356e+02    -1.22473161e+03   
    7.65300000e+03     3.82650000e+00    -1.22467191e+03     3.44697446e+02    -1.22473304e+03   
    7.65400000e+03     3.82700000e+00    -1.22467182e+03     3.39518528e+02    -1.22473189e+03   
    7.65500000e+03     3.82750000e+00    -1.22467166e+03     3.25297913e+02    -1.22472874e+03   
    7.65600000e+03     3.82800000e+00    -1.22467160e+03     3.14512175e+02    -1.22472601e+03   
    7.65700000e+03     3.82850000e+00    -1.22467162e+03     3.06229680e+02    -1.22472515e+03   
    7.65800000e+03     3.82900000e+00    -1.22467164e+03     3.03272553e+02    -1.22472558e+03   
    7.65900000e+03     3.82950000e+00    -1.22467172e+03     3.06618316e+02    -1.22472701e+03   
    7.66000000e+03     3.83000000e+00    -1.22467156e+03     3.16394304e+02    -1.22472888e+03   
    7.66100000e+03     3.83050000e+00    -1.22467164e+03     3.23975715e+02    -1.22473204e+03   
    7.66200000e+03     3.83100000e+00    -1.22467182e+03     3.40679092e+02    -1.22473577e+03   
    7.66300000e+03     3.83150000e+00    -1.22467180e+03     3.50745791e+02    -1.22473792e+03   
    7.66400000e+03     3.83200000e+00    -1.22467185e+03     3.49774869e+02    -1.22473778e+03   
    7.66500000e+03     3.83250000e+00    -1.22467177e+03     3.44547141e+02    -1.22473520e+03   
    7.66600000e+03     3.83300000e+00    -1.22467166e+03     3.19092490e+02    -1.22473146e+03   
    7.66700000e+03     3.83350000e+00    -1.22467150e+03     3.05404297e+02    -1.22472902e+03   
    7.66800000e+03     3.83400000e+00    -1.22467146e+03     3.10076394e+02    -1.22472931e+03   
    7.66900000e+03     3.83450000e+00    -1.22467168e+03     3.30073423e+02    -1.22473276e+03   
    7.67000000e+03     3.83500000e+00    -1.22467172e+03     3.46565202e+02    -1.22473692e+03   
    7.67100000e+03     3.83550000e+00    -1.22467187e+03     3.55574982e+02    -1.22474008e+03   
    7.67200000e+03     3.83600000e+00    -1.22467198e+03     3.48343292e+02    -1.22474051e+03   
    7.67300000e+03     3.83650000e+00    -1.22467185e+03     3.35386152e+02    -1.22473764e+03   
    7.67400000e+03     3.83700000e+00    -1.22467171e+03     3.15588219e+02    -1.22473304e+03   
    7.67500000e+03     3.83750000e+00    -1.22467154e+03     2.96117810e+02    -1.22472874e+03   
    7.67600000e+03     3.83800000e+00    -1.22467166e+03     2.81276650e+02    -1.22472673e+03   
    7.67700000e+03     3.83850000e+00    -1.22467161e+03     2.83174550e+02    -1.22472658e+03   
    7.67800000e+03     3.83900000e+00    -1.22467167e+03     2.82436752e+02    -1.22472787e+03   
    7.67900000e+03     3.83950000e+00    -1.22467177e+03     2.91441223e+02    -1.22472974e+03   
    7.68000000e+03     3.84000000e+00    -1.22467170e+03     2.99158298e+02    -1.22473146e+03   
    7.68100000e+03     3.84050000e+00    -1.22467186e+03     3.05370869e+02    -1.22473276e+03   
    7.68200000e+03     3.84100000e+00    -1.22467181e+03     3.04242493e+02    -1.22473247e+03   
    7.68300000e+03     3.84150000e+00    -1.22467178e+03     2.93635833e+02    -1.22473046e+03   
    7.68400000e+03     3.84200000e+00    -1.22467174e+03     2.77375599e+02    -1.22472716e+03   
    7.68500000e+03     3.84250000e+00    -1.22467166e+03     2.60901715e+02    -1.22472429e+03   
    7.68600000e+03     3.84300000e+00    -1.22467154e+03     2.58162264e+02    -1.22472357e+03   
    7.68700000e+03     3.84350000e+00    -1.22467167e+03     2.65239903e+02    -1.22472558e+03   
    7.68800000e+03     3.84400000e+00    -1.22467180e+03     2.81666958e+02    -1.22472902e+03   
    7.68900000e+03     3.84450000e+00    -1.22467184e+03     2.97369582e+02    -1.22473232e+03   
    7.69000000e+03     3.84500000e+00    -1.22467179e+03     3.08441767e+02    -1.22473390e+03   
    7.69100000e+03     3.84550000e+00    -1.22467190e+03     3.05826020e+02    -1.22473333e+03   
    7.69200000e+03     3.84600000e+00    -1.22467179e+03     2.93102419e+02    -1.22473017e+03   
    7.69300000e+03     3.84650000e+00    -1.22467168e+03     2.75262339e+02    -1.22472586e+03   
    7.69400000e+03     3.84700000e+00    -1.22467146e+03     2.60018770e+02    -1.22472271e+03   
    7.69500000e+03     3.84750000e+00    -1.22467157e+03     2.59230502e+02    -1.22472299e+03   
    7.69600000e+03     3.84800000e+00    -1.22467171e+03     2.78605204e+02    -1.22472630e+03   
    7.69700000e+03     3.84850000e+00    -1.22467171e+03     2.97914352e+02    -1.22473075e+03   
    7.69800000e+03     3.84900000e+00    -1.22467181e+03     3.16434184e+02    -1.22473477e+03   
    7.69900000e+03     3.84950000e+00    -1.22467178e+03     3.32081465e+02    -1.22473649e+03   
    7.70000000e+03     3.85000000e+00    -1.22467185e+03     3.32557035e+02    -1.22473620e+03   
    7.70100000e+03     3.85050000e+00    -1.22467180e+03     3.16835157e+02    -1.22473419e+03   
    7.70200000e+03     3.85100000e+00    -1.22467163e+03     3.09062601e+02    -1.22473161e+03   
    7.70300000e+03     3.85150000e+00    -1.22467157e+03     3.09579921e+02    -1.22473060e+03   
    7.70400000e+03     3.85200000e+00    -1.22467155e+03     3.20104519e+02    -1.22473218e+03   
    7.70500000e+03     3.85250000e+00    -1.22467166e+03     3.42770305e+02    -1.22473677e+03   
    7.70600000e+03     3.85300000e+00    -1.22467172e+03     3.67234454e+02    -1.22474266e+03   
    7.70700000e+03     3.85350000e+00    -1.22467191e+03     3.89032823e+02    -1.22474768e+03   
    7.70800000e+03     3.85400000e+00    -1.22467184e+03     4.01425183e+02    -1.22475027e+03   
    7.70900000e+03     3.85450000e+00    -1.22467191e+03     3.97108925e+02    -1.22475013e+03   
    7.71000000e+03     3.85500000e+00    -1.22467189e+03     3.86923874e+02    -1.22474740e+03   
    7.71100000e+03     3.85550000e+00    -1.22467177e+03     3.76623718e+02    -1.22474266e+03   
    7.71200000e+03     3.85600000e+00    -1.22467162e+03     3.60309649e+02    -1.22473807e+03   
    7.71300000e+03     3.85650000e+00    -1.22467152e+03     3.44507719e+02    -1.22473663e+03   
    7.71400000e+03     3.85700000e+00    -1.22467154e+03     3.54953974e+02    -1.22473950e+03   
    7.71500000e+03     3.85750000e+00    -1.22467178e+03     3.73515181e+02    -1.22474453e+03   
    7.71600000e+03     3.85800000e+00    -1.22467197e+03     3.91023286e+02    -1.22474912e+03   
    7.71700000e+03     3.85850000e+00    -1.22467194e+03     3.97702128e+02    -1.22475113e+03   
    7.71800000e+03     3.85900000e+00    -1.22467192e+03     3.89909269e+02    -1.22475027e+03   
    7.71900000e+03     3.85950000e+00    -1.22467189e+03     3.78074558e+02    -1.22474682e+03   
    7.72000000e+03     3.86000000e+00    -1.22467170e+03     3.54437334e+02    -1.22474151e+03   
    7.72100000e+03     3.86050000e+00    -1.22467161e+03     3.30642276e+02    -1.22473649e+03   
    7.72200000e+03     3.86100000e+00    -1.22467156e+03     3.16950437e+02    -1.22473319e+03   
    7.72300000e+03     3.86150000e+00    -1.22467159e+03     3.12400444e+02    -1.22473290e+03   
    7.72400000e+03     3.86200000e+00    -1.22467170e+03     3.29841774e+02    -1.22473591e+03   
    7.72500000e+03     3.86250000e+00    -1.22467184e+03     3.54822543e+02    -1.22474079e+03   
    7.72600000e+03     3.86300000e+00    -1.22467191e+03     3.69553647e+02    -1.22474510e+03   
    7.72700000e+03     3.86350000e+00    -1.22467201e+03     3.75338674e+02    -1.22474711e+03   
    7.72800000e+03     3.86400000e+00    -1.22467192e+03     3.70883884e+02    -1.22474539e+03   
    7.72900000e+03     3.86450000e+00    -1.22467191e+03     3.54196392e+02    -1.22474022e+03   
    7.73000000e+03     3.86500000e+00    -1.22467172e+03     3.25064543e+02    -1.22473290e+03   
    7.73100000e+03     3.86550000e+00    -1.22467147e+03     2.95258934e+02    -1.22472673e+03   
    7.73200000e+03     3.86600000e+00    -1.22467138e+03     2.84948342e+02    -1.22472429e+03   
    7.73300000e+03     3.86650000e+00    -1.22467161e+03     2.89885827e+02    -1.22472701e+03   
    7.73400000e+03     3.86700000e+00    -1.22467186e+03     3.14661417e+02    -1.22473276e+03   
    7.73500000e+03     3.86750000e+00    -1.22467191e+03     3.35182433e+02    -1.22473764e+03   
    7.73600000e+03     3.86800000e+00    -1.22467205e+03     3.45331551e+02    -1.22473965e+03   
    7.73700000e+03     3.86850000e+00    -1.22467201e+03     3.35945412e+02    -1.22473764e+03   
    7.73800000e+03     3.86900000e+00    -1.22467190e+03     3.11788382e+02    -1.22473261e+03   
    7.73900000e+03     3.86950000e+00    -1.22467174e+03     2.91157338e+02    -1.22472615e+03   
    7.74000000e+03     3.87000000e+00    -1.22467153e+03     2.66561330e+02    -1.22472055e+03   
    7.74100000e+03     3.87050000e+00    -1.22467156e+03     2.60667154e+02    -1.22471826e+03   
    7.74200000e+03     3.87100000e+00    -1.22467151e+03     2.61472047e+02    -1.22471984e+03   
    7.74300000e+03     3.87150000e+00    -1.22467168e+03     2.87297378e+02    -1.22472515e+03   
    7.74400000e+03     3.87200000e+00    -1.22467181e+03     3.18112485e+02    -1.22473232e+03   
    7.74500000e+03     3.87250000e+00    -1.22467198e+03     3.48454390e+02    -1.22473850e+03   
    7.74600000e+03     3.87300000e+00    -1.22467205e+03     3.68622719e+02    -1.22474194e+03   
    7.74700000e+03     3.87350000e+00    -1.22467197e+03     3.76446281e+02    -1.22474151e+03   
    7.74800000e+03     3.87400000e+00    -1.22467182e+03     3.68793954e+02    -1.22473749e+03   
    7.74900000e+03     3.87450000e+00    -1.22467164e+03     3.36883149e+02    -1.22473161e+03   
    7.75000000e+03     3.87500000e+00    -1.22467152e+03     3.20622562e+02    -1.22472730e+03   
    7.75100000e+03     3.87550000e+00    -1.22467137e+03     3.15557648e+02    -1.22472730e+03   
    7.75200000e+03     3.87600000e+00    -1.22467154e+03     3.32874072e+02    -1.22473247e+03   
    7.75300000e+03     3.87650000e+00    -1.22467183e+03     3.64478507e+02    -1.22474008e+03   
    7.75400000e+03     3.87700000e+00    -1.22467191e+03     4.02969049e+02    -1.22474654e+03   
    7.75500000e+03     3.87750000e+00    -1.22467205e+03     4.11404048e+02    -1.22474941e+03   
    7.75600000e+03     3.87800000e+00    -1.22467198e+03     4.12110407e+02    -1.22474812e+03   
    7.75700000e+03     3.87850000e+00    -1.22467180e+03     3.96295157e+02    -1.22474367e+03   
    7.75800000e+03     3.87900000e+00    -1.22467174e+03     3.64186123e+02    -1.22473764e+03   
    7.75900000e+03     3.87950000e+00    -1.22467162e+03     3.41107509e+02    -1.22473232e+03   
    7.76000000e+03     3.88000000e+00    -1.22467154e+03     3.26606536e+02    -1.22472945e+03   
    7.76100000e+03     3.88050000e+00    -1.22467160e+03     3.29386543e+02    -1.22473003e+03   
    7.76200000e+03     3.88100000e+00    -1.22467165e+03     3.47456232e+02    -1.22473319e+03   
    7.76300000e+03     3.88150000e+00    -1.22467173e+03     3.69124704e+02    -1.22473735e+03   
    7.76400000e+03     3.88200000e+00    -1.22467180e+03     3.80258890e+02    -1.22474051e+03   
    7.76500000e+03     3.88250000e+00    -1.22467187e+03     3.80759881e+02    -1.22474137e+03   
    7.76600000e+03     3.88300000e+00    -1.22467191e+03     3.71215876e+02    -1.22473950e+03   
    7.76700000e+03     3.88350000e+00    -1.22467177e+03     3.54745323e+02    -1.22473505e+03   
    7.76800000e+03     3.88400000e+00    -1.22467166e+03     3.29068165e+02    -1.22472988e+03   
    7.76900000e+03     3.88450000e+00    -1.22467144e+03     3.14011273e+02    -1.22472673e+03   
    7.77000000e+03     3.88500000e+00    -1.22467155e+03     3.22356894e+02    -1.22472787e+03   
    7.77100000e+03     3.88550000e+00    -1.22467161e+03     3.44791693e+02    -1.22473261e+03   
    7.77200000e+03     3.88600000e+00    -1.22467180e+03     3.74656428e+02    -1.22473893e+03   
    7.77300000e+03     3.88650000e+00    -1.22467202e+03     3.96550605e+02    -1.22474381e+03   
    7.77400000e+03     3.88700000e+00    -1.22467198e+03     3.96724385e+02    -1.22474539e+03   
    7.77500000e+03     3.88750000e+00    -1.22467197e+03     3.85377884e+02    -1.22474381e+03   
    7.77600000e+03     3.88800000e+00    -1.22467186e+03     3.67776378e+02    -1.22473950e+03   
    7.77700000e+03     3.88850000e+00    -1.22467169e+03     3.48871637e+02    -1.22473405e+03   
    7.77800000e+03     3.88900000e+00    -1.22467158e+03     3.28108097e+02    -1.22472917e+03   
    7.77900000e+03     3.88950000e+00    -1.22467151e+03     3.20848404e+02    -1.22472673e+03   
    7.78000000e+03     3.89000000e+00    -1.22467162e+03     3.21074280e+02    -1.22472687e+03   
    7.78100000e+03     3.89050000e+00    -1.22467171e+03     3.29889309e+02    -1.22472902e+03   
    7.78200000e+03     3.89100000e+00    -1.22467173e+03     3.33856558e+02    -1.22473204e+03   
    7.78300000e+03     3.89150000e+00    -1.22467184e+03     3.47026839e+02    -1.22473448e+03   
    7.78400000e+03     3.89200000e+00    -1.22467186e+03     3.53181541e+02    -1.22473505e+03   
    7.78500000e+03     3.89250000e+00    -1.22467186e+03     3.49286213e+02    -1.22473290e+03   
    7.78600000e+03     3.89300000e+00    -1.22467179e+03     3.25853112e+02    -1.22472859e+03   
    7.78700000e+03     3.89350000e+00    -1.22467155e+03     3.03108232e+02    -1.22472400e+03   
    7.78800000e+03     3.89400000e+00    -1.22467153e+03     2.91425364e+02    -1.22472242e+03   
    7.78900000e+03     3.89450000e+00    -1.22467158e+03     2.99098148e+02    -1.22472543e+03   
    7.79000000e+03     3.89500000e+00    -1.22467178e+03     3.34740127e+02    -1.22473232e+03   
    7.79100000e+03     3.89550000e+00    -1.22467191e+03     3.67979373e+02    -1.22473993e+03   
    7.79200000e+03     3.89600000e+00    -1.22467204e+03     3.87375047e+02    -1.22474524e+03   
    7.79300000e+03     3.89650000e+00    -1.22467195e+03     3.91559301e+02    -1.22474654e+03   
    7.79400000e+03     3.89700000e+00    -1.22467195e+03     3.78149126e+02    -1.22474453e+03   
    7.79500000e+03     3.89750000e+00    -1.22467177e+03     3.58807849e+02    -1.22474036e+03   
    7.79600000e+03     3.89800000e+00    -1.22467157e+03     3.42818967e+02    -1.22473606e+03   
    7.79700000e+03     3.89850000e+00    -1.22467164e+03     3.33972940e+02    -1.22473405e+03   
    7.79800000e+03     3.89900000e+00    -1.22467167e+03     3.30447947e+02    -1.22473448e+03   
    7.79900000e+03     3.89950000e+00    -1.22467166e+03     3.44653073e+02    -1.22473692e+03   
    7.80000000e+03     3.90000000e+00    -1.22467183e+03     3.60140966e+02    -1.22474022e+03   
    7.80100000e+03     3.90050000e+00    -1.22467189e+03     3.66991203e+02    -1.22474266e+03   
    7.80200000e+03     3.90100000e+00    -1.22467187e+03     3.65479303e+02    -1.22474338e+03   
    7.80300000e+03     3.90150000e+00    -1.22467197e+03     3.58523846e+02    -1.22474209e+03   
    7.80400000e+03     3.90200000e+00    -1.22467185e+03     3.49221671e+02    -1.22473864e+03   
    7.80500000e+03     3.90250000e+00    -1.22467175e+03     3.28200937e+02    -1.22473419e+03   
    7.80600000e+03     3.90300000e+00    -1.22467158e+03     3.15351723e+02    -1.22473003e+03   
    7.80700000e+03     3.90350000e+00    -1.22467156e+03     3.09626456e+02    -1.22472888e+03   
    7.80800000e+03     3.90400000e+00    -1.22467162e+03     3.23097687e+02    -1.22473189e+03   
    7.80900000e+03     3.90450000e+00    -1.22467173e+03     3.53268271e+02    -1.22473807e+03   
    7.81000000e+03     3.90500000e+00    -1.22467193e+03     3.78286236e+02    -1.22474424e+03   
    7.81100000e+03     3.90550000e+00    -1.22467195e+03     3.93690208e+02    -1.22474754e+03   
    7.81200000e+03     3.90600000e+00    -1.22467187e+03     3.89055657e+02    -1.22474740e+03   
    7.81300000e+03     3.90650000e+00    -1.22467181e+03     3.75627479e+02    -1.22474510e+03   
    7.81400000e+03     3.90700000e+00    -1.22467165e+03     3.59506328e+02    -1.22474223e+03   
    7.81500000e+03     3.90750000e+00    -1.22467167e+03     3.55291156e+02    -1.22474065e+03   
    7.81600000e+03     3.90800000e+00    -1.22467162e+03     3.57005946e+02    -1.22474094e+03   
    7.81700000e+03     3.90850000e+00    -1.22467166e+03     3.67292818e+02    -1.22474280e+03   
    7.81800000e+03     3.90900000e+00    -1.22467171e+03     3.82383574e+02    -1.22474496e+03   
    7.81900000e+03     3.90950000e+00    -1.22467181e+03     3.84684647e+02    -1.22474682e+03   
    7.82000000e+03     3.91000000e+00    -1.22467173e+03     3.93736329e+02    -1.22474768e+03   
    7.82100000e+03     3.91050000e+00    -1.22467187e+03     3.91334432e+02    -1.22474768e+03   
    7.82200000e+03     3.91100000e+00    -1.22467179e+03     3.86366753e+02    -1.22474567e+03   
    7.82300000e+03     3.91150000e+00    -1.22467179e+03     3.71225459e+02    -1.22474194e+03   
    7.82400000e+03     3.91200000e+00    -1.22467171e+03     3.49885481e+02    -1.22473749e+03   
    7.82500000e+03     3.91250000e+00    -1.22467155e+03     3.35897416e+02    -1.22473405e+03   
    7.82600000e+03     3.91300000e+00    -1.22467156e+03     3.36047800e+02    -1.22473362e+03   
    7.82700000e+03     3.91350000e+00    -1.22467165e+03     3.50410197e+02    -1.22473591e+03   
    7.82800000e+03     3.91400000e+00    -1.22467176e+03     3.68099012e+02    -1.22473922e+03   
    7.82900000e+03     3.91450000e+00    -1.22467185e+03     3.70723875e+02    -1.22474137e+03   
    7.83000000e+03     3.91500000e+00    -1.22467183e+03     3.65440939e+02    -1.22474180e+03   
    7.83100000e+03     3.91550000e+00    -1.22467175e+03     3.61275235e+02    -1.22474094e+03   
    7.83200000e+03     3.91600000e+00    -1.22467177e+03     3.56016857e+02    -1.22473950e+03   
    7.83300000e+03     3.91650000e+00    -1.22467175e+03     3.56741120e+02    -1.22473864e+03   
    7.83400000e+03     3.91700000e+00    -1.22467171e+03     3.58991176e+02    -1.22473850e+03   
    7.83500000e+03     3.91750000e+00    -1.22467172e+03     3.59996195e+02    -1.22473893e+03   
    7.83600000e+03     3.91800000e+00    -1.22467171e+03     3.55450578e+02    -1.22473907e+03   
    7.83700000e+03     3.91850000e+00    -1.22467183e+03     3.59205607e+02    -1.22473907e+03   
    7.83800000e+03     3.91900000e+00    -1.22467179e+03     3.57384167e+02    -1.22473864e+03   
    7.83900000e+03     3.91950000e+00    -1.22467181e+03     3.56365600e+02    -1.22473835e+03   
    7.84000000e+03     3.92000000e+00    -1.22467178e+03     3.53965101e+02    -1.22473792e+03   
    7.84100000e+03     3.92050000e+00    -1.22467187e+03     3.53181405e+02    -1.22473721e+03   
    7.84200000e+03     3.92100000e+00    -1.22467188e+03     3.50617436e+02    -1.22473548e+03   
    7.84300000e+03     3.92150000e+00    -1.22467178e+03     3.40440327e+02    -1.22473290e+03   
    7.84400000e+03     3.92200000e+00    -1.22467168e+03     3.28268592e+02    -1.22473060e+03   
    7.84500000e+03     3.92250000e+00    -1.22467178e+03     3.19519988e+02    -1.22472945e+03   
    7.84600000e+03     3.92300000e+00    -1.22467176e+03     3.18378729e+02    -1.22472917e+03   
    7.84700000e+03     3.92350000e+00    -1.22467171e+03     3.20754605e+02    -1.22472945e+03   
    7.84800000e+03     3.92400000e+00    -1.22467181e+03     3.22158912e+02    -1.22473003e+03   
    7.84900000e+03     3.92450000e+00    -1.22467173e+03     3.21883143e+02    -1.22473046e+03   
    7.85000000e+03     3.92500000e+00    -1.22467181e+03     3.23614848e+02    -1.22473118e+03   
    7.85100000e+03     3.92550000e+00    -1.22467179e+03     3.24182237e+02    -1.22473218e+03   
    7.85200000e+03     3.92600000e+00    -1.22467182e+03     3.33473389e+02    -1.22473376e+03   
    7.85300000e+03     3.92650000e+00    -1.22467176e+03     3.39051757e+02    -1.22473563e+03   
    7.85400000e+03     3.92700000e+00    -1.22467179e+03     3.44095728e+02    -1.22473749e+03   
    7.85500000e+03     3.92750000e+00    -1.22467185e+03     3.42235386e+02    -1.22473878e+03   
    7.85600000e+03     3.92800000e+00    -1.22467186e+03     3.45433491e+02    -1.22473922e+03   
    7.85700000e+03     3.92850000e+00    -1.22467180e+03     3.41061169e+02    -1.22473878e+03   
    7.85800000e+03     3.92900000e+00    -1.22467180e+03     3.33729029e+02    -1.22473778e+03   
    7.85900000e+03     3.92950000e+00    -1.22467182e+03     3.24368466e+02    -1.22473692e+03   
    7.86000000e+03     3.93000000e+00    -1.22467175e+03     3.18608060e+02    -1.22473649e+03   
    7.86100000e+03     3.93050000e+00    -1.22467173e+03     3.23751668e+02    -1.22473692e+03   
    7.86200000e+03     3.93100000e+00    -1.22467185e+03     3.38407252e+02    -1.22473835e+03   
    7.86300000e+03     3.93150000e+00    -1.22467187e+03     3.48288156e+02    -1.22474008e+03   
    7.86400000e+03     3.93200000e+00    -1.22467195e+03     3.47372926e+02    -1.22474151e+03   
    7.86500000e+03     3.93250000e+00    -1.22467196e+03     3.50650532e+02    -1.22474166e+03   
    7.86600000e+03     3.93300000e+00    -1.22467180e+03     3.52696584e+02    -1.22474036e+03   
    7.86700000e+03     3.93350000e+00    -1.22467184e+03     3.50009217e+02    -1.22473907e+03   
    7.86800000e+03     3.93400000e+00    -1.22467170e+03     3.38125727e+02    -1.22473807e+03   
    7.86900000e+03     3.93450000e+00    -1.22467171e+03     3.44913093e+02    -1.22473850e+03   
    7.87000000e+03     3.93500000e+00    -1.22467174e+03     3.52212732e+02    -1.22473993e+03   
    7.87100000e+03     3.93550000e+00    -1.22467183e+03     3.66596623e+02    -1.22474223e+03   
    7.87200000e+03     3.93600000e+00    -1.22467186e+03     3.75590072e+02    -1.22474453e+03   
    7.87300000e+03     3.93650000e+00    -1.22467198e+03     3.76072685e+02    -1.22474654e+03   
    7.87400000e+03     3.93700000e+00    -1.22467188e+03     3.81323325e+02    -1.22474725e+03   
    7.87500000e+03     3.93750000e+00    -1.22467193e+03     3.79855375e+02    -1.22474668e+03   
    7.87600000e+03     3.93800000e+00    -1.22467192e+03     3.67517478e+02    -1.22474467e+03   
    7.87700000e+03     3.93850000e+00    -1.22467179e+03     3.51742801e+02    -1.22474194e+03   
    7.87800000e+03     3.93900000e+00    -1.22467176e+03     3.43907633e+02    -1.22473965e+03   
    7.87900000e+03     3.93950000e+00    -1.22467175e+03     3.37513265e+02    -1.22473864e+03   
    7.88000000e+03     3.94000000e+00    -1.22467184e+03     3.38220949e+02    -1.22473979e+03   
    7.88100000e+03     3.94050000e+00    -1.22467192e+03     3.46998747e+02    -1.22474194e+03   
    7.88200000e+03     3.94100000e+00    -1.22467193e+03     3.56509379e+02    -1.22474352e+03   
    7.88300000e+03     3.94150000e+00    -1.22467204e+03     3.56645401e+02    -1.22474352e+03   
    7.88400000e+03     3.94200000e+00    -1.22467188e+03     3.46633983e+02    -1.22474151e+03   
    7.88500000e+03     3.94250000e+00    -1.22467181e+03     3.41204245e+02    -1.22473893e+03   
    7.88600000e+03     3.94300000e+00    -1.22467186e+03     3.28126188e+02    -1.22473677e+03   
    7.88700000e+03     3.94350000e+00    -1.22467173e+03     3.25522777e+02    -1.22473548e+03   
    7.88800000e+03     3.94400000e+00    -1.22467178e+03     3.22006821e+02    -1.22473591e+03   
    7.88900000e+03     3.94450000e+00    -1.22467185e+03     3.30899096e+02    -1.22473749e+03   
    7.89000000e+03     3.94500000e+00    -1.22467179e+03     3.37484362e+02    -1.22473979e+03   
    7.89100000e+03     3.94550000e+00    -1.22467189e+03     3.44261153e+02    -1.22474252e+03   
    7.89200000e+03     3.94600000e+00    -1.22467203e+03     3.54554718e+02    -1.22474481e+03   
    7.89300000e+03     3.94650000e+00    -1.22467206e+03     3.62631706e+02    -1.22474567e+03   
    7.89400000e+03     3.94700000e+00    -1.22467203e+03     3.55493115e+02    -1.22474496e+03   
    7.89500000e+03     3.94750000e+00    -1.22467185e+03     3.49549729e+02    -1.22474280e+03   
    7.89600000e+03     3.94800000e+00    -1.22467179e+03     3.40780309e+02    -1.22474022e+03   
    7.89700000e+03     3.94850000e+00    -1.22467180e+03     3.33379844e+02    -1.22473850e+03   
    7.89800000e+03     3.94900000e+00    -1.22467174e+03     3.32739011e+02    -1.22473807e+03   
    7.89900000e+03     3.94950000e+00    -1.22467181e+03     3.35904247e+02    -1.22473907e+03   
    7.90000000e+03     3.95000000e+00    -1.22467191e+03     3.38342395e+02    -1.22474065e+03   
    7.90100000e+03     3.95050000e+00    -1.22467195e+03     3.44819727e+02    -1.22474194e+03   
    7.90200000e+03     3.95100000e+00    -1.22467192e+03     3.50298860e+02    -1.22474223e+03   
    7.90300000e+03     3.95150000e+00    -1.22467185e+03     3.44726260e+02    -1.22474151e+03   
    7.90400000e+03     3.95200000e+00    -1.22467185e+03     3.35728416e+02    -1.22474022e+03   
    7.90500000e+03     3.95250000e+00    -1.22467181e+03     3.32111834e+02    -1.22473893e+03   
    7.90600000e+03     3.95300000e+00    -1.22467184e+03     3.32160142e+02    -1.22473835e+03   
    7.90700000e+03     3.95350000e+00    -1.22467182e+03     3.32682800e+02    -1.22473878e+03   
    7.90800000e+03     3.95400000e+00    -1.22467179e+03     3.31933263e+02    -1.22474008e+03   
    7.90900000e+03     3.95450000e+00    -1.22467176e+03     3.38647384e+02    -1.22474237e+03   
    7.91000000e+03     3.95500000e+00    -1.22467186e+03     3.50075037e+02    -1.22474567e+03   
    7.91100000e+03     3.95550000e+00    -1.22467199e+03     3.60403527e+02    -1.22474912e+03   
    7.91200000e+03     3.95600000e+00    -1.22467204e+03     3.64447202e+02    -1.22475127e+03   
    7.91300000e+03     3.95650000e+00    -1.22467207e+03     3.63276801e+02    -1.22475170e+03   
    7.91400000e+03     3.95700000e+00    -1.22467198e+03     3.52013687e+02    -1.22475056e+03   
    7.91500000e+03     3.95750000e+00    -1.22467190e+03     3.37318159e+02    -1.22474869e+03   
    7.91600000e+03     3.95800000e+00    -1.22467179e+03     3.30918405e+02    -1.22474754e+03   
    7.91700000e+03     3.95850000e+00    -1.22467178e+03     3.28008092e+02    -1.22474768e+03   
    7.91800000e+03     3.95900000e+00    -1.22467190e+03     3.41801694e+02    -1.22474898e+03   
    7.91900000e+03     3.95950000e+00    -1.22467197e+03     3.46209520e+02    -1.22475013e+03   
    7.92000000e+03     3.96000000e+00    -1.22467187e+03     3.49242229e+02    -1.22475041e+03   
    7.92100000e+03     3.96050000e+00    -1.22467181e+03     3.50782900e+02    -1.22475027e+03   
    7.92200000e+03     3.96100000e+00    -1.22467193e+03     3.51789298e+02    -1.22474998e+03   
    7.92300000e+03     3.96150000e+00    -1.22467187e+03     3.50945423e+02    -1.22474941e+03   
    7.92400000e+03     3.96200000e+00    -1.22467193e+03     3.53728086e+02    -1.22474855e+03   
    7.92500000e+03     3.96250000e+00    -1.22467180e+03     3.48893250e+02    -1.22474682e+03   
    7.92600000e+03     3.96300000e+00    -1.22467188e+03     3.42419306e+02    -1.22474510e+03   
    7.92700000e+03     3.96350000e+00    -1.22467183e+03     3.32569292e+02    -1.22474395e+03   
    7.92800000e+03     3.96400000e+00    -1.22467172e+03     3.38131928e+02    -1.22474410e+03   
    7.92900000e+03     3.96450000e+00    -1.22467191e+03     3.41654770e+02    -1.22474567e+03   
    7.93000000e+03     3.96500000e+00    -1.22467191e+03     3.50711963e+02    -1.22474725e+03   
    7.93100000e+03     3.96550000e+00    -1.22467199e+03     3.55279572e+02    -1.22474768e+03   
    7.93200000e+03     3.96600000e+00    -1.22467198e+03     3.46793528e+02    -1.22474611e+03   
    7.93300000e+03     3.96650000e+00    -1.22467191e+03     3.35676457e+02    -1.22474323e+03   
    7.93400000e+03     3.96700000e+00    -1.22467181e+03     3.23331815e+02    -1.22474051e+03   
    7.93500000e+03     3.96750000e+00    -1.22467179e+03     3.12036838e+02    -1.22473864e+03   
    7.93600000e+03     3.96800000e+00    -1.22467179e+03     3.03436348e+02    -1.22473778e+03   
    7.93700000e+03     3.96850000e+00    -1.22467181e+03     3.01263100e+02    -1.22473778e+03   
    7.93800000e+03     3.96900000e+00    -1.22467184e+03     3.07314422e+02    -1.22473807e+03   
    7.93900000e+03     3.96950000e+00    -1.22467189e+03     3.02802746e+02    -1.22473850e+03   
    7.94000000e+03     3.97000000e+00    -1.22467191e+03     3.05896920e+02    -1.22473893e+03   
    7.94100000e+03     3.97050000e+00    -1.22467194e+03     3.08436037e+02    -1.22473936e+03   
    7.94200000e+03     3.97100000e+00    -1.22467196e+03     3.05826198e+02    -1.22473936e+03   
    7.94300000e+03     3.97150000e+00    -1.22467186e+03     3.06142262e+02    -1.22473864e+03   
    7.94400000e+03     3.97200000e+00    -1.22467193e+03     3.00274265e+02    -1.22473749e+03   
    7.94500000e+03     3.97250000e+00    -1.22467186e+03     2.91895302e+02    -1.22473606e+03   
    7.94600000e+03     3.97300000e+00    -1.22467181e+03     2.84554298e+02    -1.22473520e+03   
    7.94700000e+03     3.97350000e+00    -1.22467173e+03     2.85874717e+02    -1.22473591e+03   
    7.94800000e+03     3.97400000e+00    -1.22467187e+03     2.94302325e+02    -1.22473821e+03   
    7.94900000e+03     3.97450000e+00    -1.22467187e+03     3.03717740e+02    -1.22474022e+03   
    7.95000000e+03     3.97500000e+00    -1.22467197e+03     3.09472127e+02    -1.22474137e+03   
    7.95100000e+03     3.97550000e+00    -1.22467195e+03     3.09916255e+02    -1.22474151e+03   
    7.95200000e+03     3.97600000e+00    -1.22467190e+03     3.06763465e+02    -1.22474108e+03   
    7.95300000e+03     3.97650000e+00    -1.22467192e+03     3.04470760e+02    -1.22474079e+03   
    7.95400000e+03     3.97700000e+00    -1.22467189e+03     3.01746957e+02    -1.22474065e+03   
    7.95500000e+03     3.97750000e+00    -1.22467179e+03     3.01788668e+02    -1.22474094e+03   
    7.95600000e+03     3.97800000e+00    -1.22467182e+03     3.03685977e+02    -1.22474151e+03   
    7.95700000e+03     3.97850000e+00    -1.22467180e+03     3.08040337e+02    -1.22474237e+03   
    7.95800000e+03     3.97900000e+00    -1.22467189e+03     3.15139805e+02    -1.22474381e+03   
    7.95900000e+03     3.97950000e+00    -1.22467186e+03     3.22642559e+02    -1.22474539e+03   
    7.96000000e+03     3.98000000e+00    -1.22467197e+03     3.33188444e+02    -1.22474711e+03   
    7.96100000e+03     3.98050000e+00    -1.22467201e+03     3.40233514e+02    -1.22474783e+03   
    7.96200000e+03     3.98100000e+00    -1.22467194e+03     3.39254993e+02    -1.22474740e+03   
    7.96300000e+03     3.98150000e+00    -1.22467186e+03     3.36159329e+02    -1.22474567e+03   
    7.96400000e+03     3.98200000e+00    -1.22467177e+03     3.26562887e+02    -1.22474323e+03   
    7.96500000e+03     3.98250000e+00    -1.22467186e+03     3.20806765e+02    -1.22474166e+03   
    7.96600000e+03     3.98300000e+00    -1.22467189e+03     3.17991462e+02    -1.22474108e+03   
    7.96700000e+03     3.98350000e+00    -1.22467192e+03     3.12925984e+02    -1.22474079e+03   
    7.96800000e+03     3.98400000e+00    -1.22467184e+03     3.11946328e+02    -1.22473993e+03   
    7.96900000e+03     3.98450000e+00    -1.22467184e+03     3.13417823e+02    -1.22473893e+03   
    7.97000000e+03     3.98500000e+00    -1.22467185e+03     3.05699292e+02    -1.22473764e+03   
    7.97100000e+03     3.98550000e+00    -1.22467187e+03     3.00134951e+02    -1.22473620e+03   
    7.97200000e+03     3.98600000e+00    -1.22467177e+03     2.91381105e+02    -1.22473448e+03   
    7.97300000e+03     3.98650000e+00    -1.22467176e+03     2.82719510e+02    -1.22473290e+03   
    7.97400000e+03     3.98700000e+00    -1.22467174e+03     2.75319124e+02    -1.22473175e+03   
    7.97500000e+03     3.98750000e+00    -1.22467171e+03     2.73858047e+02    -1.22473146e+03   
    7.97600000e+03     3.98800000e+00    -1.22467174e+03     2.80210391e+02    -1.22473218e+03   
    7.97700000e+03     3.98850000e+00    -1.22467186e+03     2.90931816e+02    -1.22473362e+03   
    7.97800000e+03     3.98900000e+00    -1.22467192e+03     2.97371414e+02    -1.22473534e+03   
    7.97900000e+03     3.98950000e+00    -1.22467192e+03     3.09446486e+02    -1.22473663e+03   
    7.98000000e+03     3.99000000e+00    -1.22467191e+03     3.13293091e+02    -1.22473706e+03   
    7.98100000e+03     3.99050000e+00    -1.22467188e+03     3.10115089e+02    -1.22473677e+03   
    7.98200000e+03     3.99100000e+00    -1.22467174e+03     3.09434614e+02    -1.22473606e+03   
    7.98300000e+03     3.99150000e+00    -1.22467175e+03     3.00902503e+02    -1.22473577e+03   
    7.98400000e+03     3.99200000e+00    -1.22467181e+03     3.06377122e+02    -1.22473634e+03   
    7.98500000e+03     3.99250000e+00    -1.22467186e+03     3.11876747e+02    -1.22473764e+03   
    7.98600000e+03     3.99300000e+00    -1.22467192e+03     3.15827623e+02    -1.22473878e+03   
    7.98700000e+03     3.99350000e+00    -1.22467185e+03     3.15658073e+02    -1.22473936e+03   
    7.98800000e+03     3.99400000e+00    -1.22467193e+03     3.20539482e+02    -1.22473950e+03   
    7.98900000e+03     3.99450000e+00    -1.22467186e+03     3.18275648e+02    -1.22473864e+03   
    7.99000000e+03     3.99500000e+00    -1.22467190e+03     3.10787560e+02    -1.22473749e+03   
    7.99100000e+03     3.99550000e+00    -1.22467174e+03     3.08909240e+02    -1.22473620e+03   
    7.99200000e+03     3.99600000e+00    -1.22467179e+03     3.02900849e+02    -1.22473563e+03   
    7.99300000e+03     3.99650000e+00    -1.22467170e+03     3.02759736e+02    -1.22473620e+03   
    7.99400000e+03     3.99700000e+00    -1.22467170e+03     3.09445710e+02    -1.22473807e+03   
    7.99500000e+03     3.99750000e+00    -1.22467176e+03     3.25924634e+02    -1.22474122e+03   
    7.99600000e+03     3.99800000e+00    -1.22467194e+03     3.35366389e+02    -1.22474453e+03   
    7.99700000e+03     3.99850000e+00    -1.22467188e+03     3.46624259e+02    -1.22474668e+03   
    7.99800000e+03     3.99900000e+00    -1.22467194e+03     3.44756615e+02    -1.22474740e+03   
    7.99900000e+03     3.99950000e+00    -1.22467189e+03     3.39232293e+02    -1.22474654e+03   
    8.00000000e+03     4.00000000e+00    -1.22467180e+03     3.33788721e+02    -1.22474496e+03   
    8.00100000e+03     4.00050000e+00    -1.22467179e+03     3.28244015e+02    -1.22474395e+03   
    8.00200000e+03     4.00100000e+00    -1.22467181e+03     3.25010917e+02    -1.22474424e+03   
    8.00300000e+03     4.00150000e+00    -1.22467188e+03     3.27683440e+02    -1.22474596e+03   
    8.00400000e+03     4.00200000e+00    -1.22467196e+03     3.33920413e+02    -1.22474812e+03   
    8.00500000e+03     4.00250000e+00    -1.22467206e+03     3.40983793e+02    -1.22474955e+03   
    8.00600000e+03     4.00300000e+00    -1.22467195e+03     3.43728199e+02    -1.22474869e+03   
    8.00700000e+03     4.00350000e+00    -1.22467189e+03     3.27309018e+02    -1.22474553e+03   
    8.00800000e+03     4.00400000e+00    -1.22467183e+03     3.03858445e+02    -1.22474079e+03   
    8.00900000e+03     4.00450000e+00    -1.22467168e+03     2.83326104e+02    -1.22473620e+03   
    8.01000000e+03     4.00500000e+00    -1.22467166e+03     2.71657247e+02    -1.22473290e+03   
    8.01100000e+03     4.00550000e+00    -1.22467164e+03     2.70746430e+02    -1.22473161e+03   
    8.01200000e+03     4.00600000e+00    -1.22467175e+03     2.74669281e+02    -1.22473247e+03   
    8.01300000e+03     4.00650000e+00    -1.22467178e+03     2.81467463e+02    -1.22473477e+03   
    8.01400000e+03     4.00700000e+00    -1.22467191e+03     2.97574060e+02    -1.22473792e+03   
    8.01500000e+03     4.00750000e+00    -1.22467185e+03     3.06532410e+02    -1.22474065e+03   
    8.01600000e+03     4.00800000e+00    -1.22467194e+03     3.09588853e+02    -1.22474237e+03   
    8.01700000e+03     4.00850000e+00    -1.22467196e+03     3.07622805e+02    -1.22474237e+03   
    8.01800000e+03     4.00900000e+00    -1.22467183e+03     3.10592385e+02    -1.22474122e+03   
    8.01900000e+03     4.00950000e+00    -1.22467177e+03     3.06371162e+02    -1.22474008e+03   
    8.02000000e+03     4.01000000e+00    -1.22467170e+03     3.04494404e+02    -1.22473993e+03   
    8.02100000e+03     4.01050000e+00    -1.22467177e+03     3.13108181e+02    -1.22474151e+03   
    8.02200000e+03     4.01100000e+00    -1.22467187e+03     3.20447112e+02    -1.22474424e+03   
    8.02300000e+03     4.01150000e+00    -1.22467195e+03     3.34947241e+02    -1.22474711e+03   
    8.02400000e+03     4.01200000e+00    -1.22467187e+03     3.47552992e+02    -1.22474883e+03   
    8.02500000e+03     4.01250000e+00    -1.22467196e+03     3.43370665e+02    -1.22474898e+03   
    8.02600000e+03     4.01300000e+00    -1.22467183e+03     3.34085192e+02    -1.22474697e+03   
    8.02700000e+03     4.01350000e+00    -1.22467176e+03     3.19837559e+02    -1.22474395e+03   
    8.02800000e+03     4.01400000e+00    -1.22467172e+03     3.06180613e+02    -1.22474094e+03   
    8.02900000e+03     4.01450000e+00    -1.22467177e+03     2.94331510e+02    -1.22473922e+03   
    8.03000000e+03     4.01500000e+00    -1.22467174e+03     2.94607588e+02    -1.22473878e+03   
    8.03100000e+03     4.01550000e+00    -1.22467184e+03     2.95722423e+02    -1.22473979e+03   
    8.03200000e+03     4.01600000e+00    -1.22467187e+03     3.08531761e+02    -1.22474151e+03   
    8.03300000e+03     4.01650000e+00    -1.22467181e+03     3.13342548e+02    -1.22474309e+03   
    8.03400000e+03     4.01700000e+00    -1.22467186e+03     3.19639295e+02    -1.22474410e+03   
    8.03500000e+03     4.01750000e+00    -1.22467193e+03     3.13958016e+02    -1.22474424e+03   
    8.03600000e+03     4.01800000e+00    -1.22467183e+03     3.07342318e+02    -1.22474367e+03   
    8.03700000e+03     4.01850000e+00    -1.22467187e+03     3.05121683e+02    -1.22474338e+03   
    8.03800000e+03     4.01900000e+00    -1.22467188e+03     3.09288283e+02    -1.22474424e+03   
    8.03900000e+03     4.01950000e+00    -1.22467183e+03     3.13483072e+02    -1.22474553e+03   
    8.04000000e+03     4.02000000e+00    -1.22467197e+03     3.26490973e+02    -1.22474740e+03   
    8.04100000e+03     4.02050000e+00    -1.22467190e+03     3.28545010e+02    -1.22474855e+03   
    8.04200000e+03     4.02100000e+00    -1.22467200e+03     3.30544729e+02    -1.22474883e+03   
    8.04300000e+03     4.02150000e+00    -1.22467193e+03     3.26953892e+02    -1.22474783e+03   
    8.04400000e+03     4.02200000e+00    -1.22467188e+03     3.16246790e+02    -1.22474567e+03   
    8.04500000e+03     4.02250000e+00    -1.22467188e+03     3.02812739e+02    -1.22474266e+03   
    8.04600000e+03     4.02300000e+00    -1.22467184e+03     2.87906141e+02    -1.22473965e+03   
    8.04700000e+03     4.02350000e+00    -1.22467189e+03     2.77055863e+02    -1.22473677e+03   
    8.04800000e+03     4.02400000e+00    -1.22467185e+03     2.66219823e+02    -1.22473462e+03   
    8.04900000e+03     4.02450000e+00    -1.22467188e+03     2.60283026e+02    -1.22473347e+03   
    8.05000000e+03     4.02500000e+00    -1.22467176e+03     2.57661156e+02    -1.22473304e+03   
    8.05100000e+03     4.02550000e+00    -1.22467183e+03     2.57456950e+02    -1.22473362e+03   
    8.05200000e+03     4.02600000e+00    -1.22467192e+03     2.58558560e+02    -1.22473433e+03   
    8.05300000e+03     4.02650000e+00    -1.22467201e+03     2.56012765e+02    -1.22473419e+03   
    8.05400000e+03     4.02700000e+00    -1.22467190e+03     2.53347510e+02    -1.22473276e+03   
    8.05500000e+03     4.02750000e+00    -1.22467182e+03     2.43045427e+02    -1.22473075e+03   
    8.05600000e+03     4.02800000e+00    -1.22467178e+03     2.40952468e+02    -1.22472960e+03   
    8.05700000e+03     4.02850000e+00    -1.22467178e+03     2.44701533e+02    -1.22473003e+03   
    8.05800000e+03     4.02900000e+00    -1.22467188e+03     2.50822320e+02    -1.22473189e+03   
    8.05900000e+03     4.02950000e+00    -1.22467182e+03     2.69299379e+02    -1.22473462e+03   
    8.06000000e+03     4.03000000e+00    -1.22467195e+03     2.85759157e+02    -1.22473735e+03   
    8.06100000e+03     4.03050000e+00    -1.22467188e+03     2.91519448e+02    -1.22473893e+03   
    8.06200000e+03     4.03100000e+00    -1.22467191e+03     2.95754929e+02    -1.22473979e+03   
    8.06300000e+03     4.03150000e+00    -1.22467192e+03     2.95849552e+02    -1.22473979e+03   
    8.06400000e+03     4.03200000e+00    -1.22467185e+03     2.90030831e+02    -1.22473893e+03   
    8.06500000e+03     4.03250000e+00    -1.22467188e+03     2.86327836e+02    -1.22473821e+03   
    8.06600000e+03     4.03300000e+00    -1.22467180e+03     2.81721956e+02    -1.22473749e+03   
    8.06700000e+03     4.03350000e+00    -1.22467179e+03     2.82325083e+02    -1.22473706e+03   
    8.06800000e+03     4.03400000e+00    -1.22467184e+03     2.81224898e+02    -1.22473692e+03   
    8.06900000e+03     4.03450000e+00    -1.22467176e+03     2.86619736e+02    -1.22473749e+03   
    8.07000000e+03     4.03500000e+00    -1.22467189e+03     2.95914945e+02    -1.22473893e+03   
    8.07100000e+03     4.03550000e+00    -1.22467198e+03     2.98877852e+02    -1.22474022e+03   
    8.07200000e+03     4.03600000e+00    -1.22467195e+03     2.98603247e+02    -1.22474051e+03   
    8.07300000e+03     4.03650000e+00    -1.22467189e+03     2.97494253e+02    -1.22473965e+03   
    8.07400000e+03     4.03700000e+00    -1.22467181e+03     2.91462273e+02    -1.22473807e+03   
    8.07500000e+03     4.03750000e+00    -1.22467177e+03     2.82361280e+02    -1.22473677e+03   
    8.07600000e+03     4.03800000e+00    -1.22467177e+03     2.76539576e+02    -1.22473649e+03   
    8.07700000e+03     4.03850000e+00    -1.22467183e+03     2.81078225e+02    -1.22473764e+03   
    8.07800000e+03     4.03900000e+00    -1.22467178e+03     2.90860582e+02    -1.22473936e+03   
    8.07900000e+03     4.03950000e+00    -1.22467186e+03     2.99466340e+02    -1.22474166e+03   
    8.08000000e+03     4.04000000e+00    -1.22467191e+03     3.04498768e+02    -1.22474424e+03   
    8.08100000e+03     4.04050000e+00    -1.22467193e+03     3.13768576e+02    -1.22474682e+03   
    8.08200000e+03     4.04100000e+00    -1.22467188e+03     3.14368319e+02    -1.22474840e+03   
    8.08300000e+03     4.04150000e+00    -1.22467192e+03     3.18789186e+02    -1.22474883e+03   
    8.08400000e+03     4.04200000e+00    -1.22467185e+03     3.17525458e+02    -1.22474768e+03   
    8.08500000e+03     4.04250000e+00    -1.22467193e+03     3.13511960e+02    -1.22474553e+03   
    8.08600000e+03     4.04300000e+00    -1.22467184e+03     2.99779327e+02    -1.22474280e+03   
    8.08700000e+03     4.04350000e+00    -1.22467174e+03     2.94701985e+02    -1.22474094e+03   
    8.08800000e+03     4.04400000e+00    -1.22467178e+03     2.87705628e+02    -1.22474008e+03   
    8.08900000e+03     4.04450000e+00    -1.22467177e+03     2.83693776e+02    -1.22474008e+03   
    8.09000000e+03     4.04500000e+00    -1.22467193e+03     2.86990609e+02    -1.22474079e+03   
    8.09100000e+03     4.04550000e+00    -1.22467195e+03     2.89496401e+02    -1.22474094e+03   
    8.09200000e+03     4.04600000e+00    -1.22467196e+03     2.86927092e+02    -1.22474051e+03   
    8.09300000e+03     4.04650000e+00    -1.22467187e+03     2.73394922e+02    -1.22473907e+03   
    8.09400000e+03     4.04700000e+00    -1.22467190e+03     2.65369224e+02    -1.22473692e+03   
    8.09500000e+03     4.04750000e+00    -1.22467190e+03     2.57614450e+02    -1.22473433e+03   
    8.09600000e+03     4.04800000e+00    -1.22467183e+03     2.46428274e+02    -1.22473218e+03   
    8.09700000e+03     4.04850000e+00    -1.22467175e+03     2.37375744e+02    -1.22473103e+03   
    8.09800000e+03     4.04900000e+00    -1.22467176e+03     2.44041085e+02    -1.22473175e+03   
    8.09900000e+03     4.04950000e+00    -1.22467176e+03     2.54943994e+02    -1.22473419e+03   
    8.10000000e+03     4.05000000e+00    -1.22467180e+03     2.69855972e+02    -1.22473749e+03   
    8.10100000e+03     4.05050000e+00    -1.22467188e+03     2.82174958e+02    -1.22474065e+03   
    8.10200000e+03     4.05100000e+00    -1.22467199e+03     2.89498307e+02    -1.22474295e+03   
    8.10300000e+03     4.05150000e+00    -1.22467192e+03     2.87568397e+02    -1.22474352e+03   
    8.10400000e+03     4.05200000e+00    -1.22467201e+03     2.89002431e+02    -1.22474295e+03   
    8.10500000e+03     4.05250000e+00    -1.22467197e+03     2.85832290e+02    -1.22474137e+03   
    8.10600000e+03     4.05300000e+00    -1.22467193e+03     2.76677324e+02    -1.22473922e+03   
    8.10700000e+03     4.05350000e+00    -1.22467177e+03     2.68553191e+02    -1.22473721e+03   
    8.10800000e+03     4.05400000e+00    -1.22467180e+03     2.61060465e+02    -1.22473577e+03   
    8.10900000e+03     4.05450000e+00    -1.22467176e+03     2.56887616e+02    -1.22473520e+03   
    8.11000000e+03     4.05500000e+00    -1.22467180e+03     2.60404817e+02    -1.22473577e+03   
    8.11100000e+03     4.05550000e+00    -1.22467183e+03     2.68775745e+02    -1.22473706e+03   
    8.11200000e+03     4.05600000e+00    -1.22467189e+03     2.77765664e+02    -1.22473821e+03   
    8.11300000e+03     4.05650000e+00    -1.22467188e+03     2.75746508e+02    -1.22473807e+03   
    8.11400000e+03     4.05700000e+00    -1.22467197e+03     2.66326437e+02    -1.22473634e+03   
    8.11500000e+03     4.05750000e+00    -1.22467180e+03     2.52821044e+02    -1.22473333e+03   
    8.11600000e+03     4.05800000e+00    -1.22467179e+03     2.40487038e+02    -1.22473075e+03   
    8.11700000e+03     4.05850000e+00    -1.22467167e+03     2.33700154e+02    -1.22472945e+03   
    8.11800000e+03     4.05900000e+00    -1.22467171e+03     2.36974711e+02    -1.22473075e+03   
    8.11900000e+03     4.05950000e+00    -1.22467172e+03     2.51152452e+02    -1.22473405e+03   
    8.12000000e+03     4.06000000e+00    -1.22467184e+03     2.75561198e+02    -1.22473878e+03   
    8.12100000e+03     4.06050000e+00    -1.22467195e+03     2.99284854e+02    -1.22474352e+03   
    8.12200000e+03     4.06100000e+00    -1.22467195e+03     3.09701201e+02    -1.22474668e+03   
    8.12300000e+03     4.06150000e+00    -1.22467193e+03     3.18775492e+02    -1.22474768e+03   
    8.12400000e+03     4.06200000e+00    -1.22467191e+03     3.06179238e+02    -1.22474611e+03   
    8.12500000e+03     4.06250000e+00    -1.22467187e+03     2.96529933e+02    -1.22474323e+03   
    8.12600000e+03     4.06300000e+00    -1.22467182e+03     2.85644607e+02    -1.22474065e+03   
    8.12700000e+03     4.06350000e+00    -1.22467170e+03     2.77060133e+02    -1.22473950e+03   
    8.12800000e+03     4.06400000e+00    -1.22467181e+03     2.78236777e+02    -1.22474036e+03   
    8.12900000e+03     4.06450000e+00    -1.22467190e+03     2.86909220e+02    -1.22474252e+03   
    8.13000000e+03     4.06500000e+00    -1.22467186e+03     2.93413896e+02    -1.22474467e+03   
    8.13100000e+03     4.06550000e+00    -1.22467185e+03     2.94847736e+02    -1.22474611e+03   
    8.13200000e+03     4.06600000e+00    -1.22467192e+03     3.01159061e+02    -1.22474639e+03   
    8.13300000e+03     4.06650000e+00    -1.22467184e+03     2.99899866e+02    -1.22474553e+03   
    8.13400000e+03     4.06700000e+00    -1.22467188e+03     2.99274542e+02    -1.22474381e+03   
    8.13500000e+03     4.06750000e+00    -1.22467183e+03     2.85925489e+02    -1.22474166e+03   
    8.13600000e+03     4.06800000e+00    -1.22467173e+03     2.77773730e+02    -1.22473979e+03   
    8.13700000e+03     4.06850000e+00    -1.22467175e+03     2.74920868e+02    -1.22473950e+03   
    8.13800000e+03     4.06900000e+00    -1.22467169e+03     2.77230287e+02    -1.22474094e+03   
    8.13900000e+03     4.06950000e+00    -1.22467185e+03     2.92667425e+02    -1.22474438e+03   
    8.14000000e+03     4.07000000e+00    -1.22467189e+03     3.10201484e+02    -1.22474883e+03   
    8.14100000e+03     4.07050000e+00    -1.22467192e+03     3.27934169e+02    -1.22475328e+03   
    8.14200000e+03     4.07100000e+00    -1.22467207e+03     3.39721713e+02    -1.22475630e+03   
    8.14300000e+03     4.07150000e+00    -1.22467195e+03     3.41640112e+02    -1.22475673e+03   
    8.14400000e+03     4.07200000e+00    -1.22467197e+03     3.37635103e+02    -1.22475544e+03   
    8.14500000e+03     4.07250000e+00    -1.22467186e+03     3.22777843e+02    -1.22475328e+03   
    8.14600000e+03     4.07300000e+00    -1.22467186e+03     3.22231133e+02    -1.22475185e+03   
    8.14700000e+03     4.07350000e+00    -1.22467182e+03     3.22704762e+02    -1.22475156e+03   
    8.14800000e+03     4.07400000e+00    -1.22467186e+03     3.22357861e+02    -1.22475185e+03   
    8.14900000e+03     4.07450000e+00    -1.22467194e+03     3.23983586e+02    -1.22475185e+03   
    8.15000000e+03     4.07500000e+00    -1.22467188e+03     3.22448876e+02    -1.22475127e+03   
    8.15100000e+03     4.07550000e+00    -1.22467183e+03     3.18271715e+02    -1.22475027e+03   
    8.15200000e+03     4.07600000e+00    -1.22467179e+03     3.14386409e+02    -1.22474883e+03   
    8.15300000e+03     4.07650000e+00    -1.22467190e+03     3.07660359e+02    -1.22474768e+03   
    8.15400000e+03     4.07700000e+00    -1.22467181e+03     3.03565740e+02    -1.22474654e+03   
    8.15500000e+03     4.07750000e+00    -1.22467180e+03     2.99467308e+02    -1.22474567e+03   
    8.15600000e+03     4.07800000e+00    -1.22467181e+03     2.93277252e+02    -1.22474510e+03   
    8.15700000e+03     4.07850000e+00    -1.22467180e+03     2.93058381e+02    -1.22474496e+03   
    8.15800000e+03     4.07900000e+00    -1.22467187e+03     2.91472308e+02    -1.22474553e+03   
    8.15900000e+03     4.07950000e+00    -1.22467184e+03     3.01172659e+02    -1.22474639e+03   
    8.16000000e+03     4.08000000e+00    -1.22467195e+03     3.04721620e+02    -1.22474740e+03   
    8.16100000e+03     4.08050000e+00    -1.22467193e+03     3.07546578e+02    -1.22474783e+03   
    8.16200000e+03     4.08100000e+00    -1.22467183e+03     3.12733276e+02    -1.22474783e+03   
    8.16300000e+03     4.08150000e+00    -1.22467191e+03     3.08652190e+02    -1.22474812e+03   
    8.16400000e+03     4.08200000e+00    -1.22467189e+03     3.05483835e+02    -1.22474840e+03   
    8.16500000e+03     4.08250000e+00    -1.22467190e+03     3.05842353e+02    -1.22474826e+03   
    8.16600000e+03     4.08300000e+00    -1.22467194e+03     2.94064828e+02    -1.22474725e+03   
    8.16700000e+03     4.08350000e+00    -1.22467193e+03     2.84805374e+02    -1.22474539e+03   
    8.16800000e+03     4.08400000e+00    -1.22467187e+03     2.73309648e+02    -1.22474309e+03   
    8.16900000e+03     4.08450000e+00    -1.22467189e+03     2.66593861e+02    -1.22474051e+03   
    8.17000000e+03     4.08500000e+00    -1.22467181e+03     2.52789338e+02    -1.22473778e+03   
    8.17100000e+03     4.08550000e+00    -1.22467179e+03     2.40275569e+02    -1.22473548e+03   
    8.17200000e+03     4.08600000e+00    -1.22467180e+03     2.33274335e+02    -1.22473405e+03   
    8.17300000e+03     4.08650000e+00    -1.22467181e+03     2.29215629e+02    -1.22473333e+03   
    8.17400000e+03     4.08700000e+00    -1.22467190e+03     2.28088582e+02    -1.22473333e+03   
    8.17500000e+03     4.08750000e+00    -1.22467179e+03     2.32003311e+02    -1.22473347e+03   
    8.17600000e+03     4.08800000e+00    -1.22467188e+03     2.28002787e+02    -1.22473390e+03   
    8.17700000e+03     4.08850000e+00    -1.22467194e+03     2.28456769e+02    -1.22473405e+03   
    8.17800000e+03     4.08900000e+00    -1.22467181e+03     2.21900582e+02    -1.22473347e+03   
    8.17900000e+03     4.08950000e+00    -1.22467176e+03     2.19653025e+02    -1.22473319e+03   
    8.18000000e+03     4.09000000e+00    -1.22467179e+03     2.22160802e+02    -1.22473390e+03   
    8.18100000e+03     4.09050000e+00    -1.22467177e+03     2.32814751e+02    -1.22473649e+03   
    8.18200000e+03     4.09100000e+00    -1.22467188e+03     2.55489051e+02    -1.22474065e+03   
    8.18300000e+03     4.09150000e+00    -1.22467197e+03     2.81116145e+02    -1.22474524e+03   
    8.18400000e+03     4.09200000e+00    -1.22467200e+03     2.89935092e+02    -1.22474883e+03   
    8.18500000e+03     4.09250000e+00    -1.22467197e+03     2.99320031e+02    -1.22475070e+03   
    8.18600000e+03     4.09300000e+00    -1.22467192e+03     3.02608111e+02    -1.22475084e+03   
    8.18700000e+03     4.09350000e+00    -1.22467184e+03     3.01909398e+02    -1.22475013e+03   
    8.18800000e+03     4.09400000e+00    -1.22467180e+03     2.94840225e+02    -1.22474969e+03   
    8.18900000e+03     4.09450000e+00    -1.22467186e+03     2.95280091e+02    -1.22474998e+03   
    8.19000000e+03     4.09500000e+00    -1.22467187e+03     2.97775268e+02    -1.22475084e+03   
    8.19100000e+03     4.09550000e+00    -1.22467187e+03     3.03451721e+02    -1.22475199e+03   
    8.19200000e+03     4.09600000e+00    -1.22467194e+03     3.04103939e+02    -1.22475357e+03   
    8.19300000e+03     4.09650000e+00    -1.22467197e+03     3.05377655e+02    -1.22475486e+03   
    8.19400000e+03     4.09700000e+00    -1.22467197e+03     3.07139402e+02    -1.22475558e+03   
    8.19500000e+03     4.09750000e+00    -1.22467202e+03     3.11341592e+02    -1.22475544e+03   
    8.19600000e+03     4.09800000e+00    -1.22467198e+03     3.07610899e+02    -1.22475443e+03   
    8.19700000e+03     4.09850000e+00    -1.22467187e+03     2.98716950e+02    -1.22475314e+03   
    8.19800000e+03     4.09900000e+00    -1.22467187e+03     3.00010297e+02    -1.22475257e+03   
    8.19900000e+03     4.09950000e+00    -1.22467184e+03     3.05981436e+02    -1.22475343e+03   
    8.20000000e+03     4.10000000e+00    -1.22467195e+03     3.15620150e+02    -1.22475558e+03   
    8.20100000e+03     4.10050000e+00    -1.22467201e+03     3.33202226e+02    -1.22475816e+03   
    8.20200000e+03     4.10100000e+00    -1.22467196e+03     3.41227339e+02    -1.22476003e+03   
    8.20300000e+03     4.10150000e+00    -1.22467201e+03     3.50373802e+02    -1.22476132e+03   
    8.20400000e+03     4.10200000e+00    -1.22467195e+03     3.52653551e+02    -1.22476161e+03   
    8.20500000e+03     4.10250000e+00    -1.22467196e+03     3.53003671e+02    -1.22476104e+03   
    8.20600000e+03     4.10300000e+00    -1.22467193e+03     3.50789205e+02    -1.22475989e+03   
    8.20700000e+03     4.10350000e+00    -1.22467194e+03     3.46901058e+02    -1.22475845e+03   
    8.20800000e+03     4.10400000e+00    -1.22467188e+03     3.37029969e+02    -1.22475702e+03   
    8.20900000e+03     4.10450000e+00    -1.22467183e+03     3.30260805e+02    -1.22475587e+03   
    8.21000000e+03     4.10500000e+00    -1.22467191e+03     3.26283626e+02    -1.22475529e+03   
    8.21100000e+03     4.10550000e+00    -1.22467188e+03     3.23576068e+02    -1.22475443e+03   
    8.21200000e+03     4.10600000e+00    -1.22467193e+03     3.20369681e+02    -1.22475357e+03   
    8.21300000e+03     4.10650000e+00    -1.22467196e+03     3.15936418e+02    -1.22475185e+03   
    8.21400000e+03     4.10700000e+00    -1.22467200e+03     3.03228618e+02    -1.22474926e+03   
    8.21500000e+03     4.10750000e+00    -1.22467188e+03     2.87790633e+02    -1.22474582e+03   
    8.21600000e+03     4.10800000e+00    -1.22467178e+03     2.80978129e+02    -1.22474280e+03   
    8.21700000e+03     4.10850000e+00    -1.22467185e+03     2.66634231e+02    -1.22474108e+03   
    8.21800000e+03     4.10900000e+00    -1.22467191e+03     2.70939983e+02    -1.22474079e+03   
    8.21900000e+03     4.10950000e+00    -1.22467189e+03     2.76076445e+02    -1.22474166e+03   
    8.22000000e+03     4.11000000e+00    -1.22467196e+03     2.81215936e+02    -1.22474309e+03   
    8.22100000e+03     4.11050000e+00    -1.22467188e+03     2.85454301e+02    -1.22474410e+03   
    8.22200000e+03     4.11100000e+00    -1.22467197e+03     2.87323247e+02    -1.22474496e+03   
    8.22300000e+03     4.11150000e+00    -1.22467195e+03     2.89091833e+02    -1.22474539e+03   
    8.22400000e+03     4.11200000e+00    -1.22467194e+03     2.94577461e+02    -1.22474539e+03   
    8.22500000e+03     4.11250000e+00    -1.22467189e+03     2.89984464e+02    -1.22474496e+03   
    8.22600000e+03     4.11300000e+00    -1.22467184e+03     2.85499763e+02    -1.22474453e+03   
    8.22700000e+03     4.11350000e+00    -1.22467185e+03     2.86262885e+02    -1.22474438e+03   
    8.22800000e+03     4.11400000e+00    -1.22467186e+03     2.88230352e+02    -1.22474510e+03   
    8.22900000e+03     4.11450000e+00    -1.22467189e+03     2.82697520e+02    -1.22474625e+03   
    8.23000000e+03     4.11500000e+00    -1.22467193e+03     2.91437055e+02    -1.22474725e+03   
    8.23100000e+03     4.11550000e+00    -1.22467202e+03     2.90357463e+02    -1.22474711e+03   
    8.23200000e+03     4.11600000e+00    -1.22467201e+03     2.81047296e+02    -1.22474524e+03   
    8.23300000e+03     4.11650000e+00    -1.22467189e+03     2.67657405e+02    -1.22474180e+03   
    8.23400000e+03     4.11700000e+00    -1.22467185e+03     2.53939842e+02    -1.22473778e+03   
    8.23500000e+03     4.11750000e+00    -1.22467174e+03     2.40027267e+02    -1.22473491e+03   
    8.23600000e+03     4.11800000e+00    -1.22467165e+03     2.38217330e+02    -1.22473433e+03   
    8.23700000e+03     4.11850000e+00    -1.22467178e+03     2.44246647e+02    -1.22473634e+03   
    8.23800000e+03     4.11900000e+00    -1.22467187e+03     2.56732196e+02    -1.22473950e+03   
    8.23900000e+03     4.11950000e+00    -1.22467201e+03     2.67589746e+02    -1.22474237e+03   
    8.24000000e+03     4.12000000e+00    -1.22467200e+03     2.75003387e+02    -1.22474367e+03   
    8.24100000e+03     4.12050000e+00    -1.22467195e+03     2.79462467e+02    -1.22474323e+03   
    8.24200000e+03     4.12100000e+00    -1.22467185e+03     2.77595119e+02    -1.22474194e+03   
    8.24300000e+03     4.12150000e+00    -1.22467178e+03     2.71503079e+02    -1.22474079e+03   
    8.24400000e+03     4.12200000e+00    -1.22467176e+03     2.73803118e+02    -1.22474094e+03   
    8.24500000e+03     4.12250000e+00    -1.22467179e+03     2.78826211e+02    -1.22474252e+03   
    8.24600000e+03     4.12300000e+00    -1.22467184e+03     2.89446009e+02    -1.22474510e+03   
    8.24700000e+03     4.12350000e+00    -1.22467191e+03     2.98633028e+02    -1.22474812e+03   
    8.24800000e+03     4.12400000e+00    -1.22467184e+03     3.11334750e+02    -1.22475099e+03   
    8.24900000e+03     4.12450000e+00    -1.22467198e+03     3.26660022e+02    -1.22475314e+03   
    8.25000000e+03     4.12500000e+00    -1.22467198e+03     3.19739256e+02    -1.22475314e+03   
    8.25100000e+03     4.12550000e+00    -1.22467202e+03     3.05131459e+02    -1.22475070e+03   
    8.25200000e+03     4.12600000e+00    -1.22467186e+03     2.79630941e+02    -1.22474639e+03   
    8.25300000e+03     4.12650000e+00    -1.22467178e+03     2.57293710e+02    -1.22474223e+03   
    8.25400000e+03     4.12700000e+00    -1.22467162e+03     2.43669899e+02    -1.22474022e+03   
    8.25500000e+03     4.12750000e+00    -1.22467167e+03     2.52964327e+02    -1.22474137e+03   
    8.25600000e+03     4.12800000e+00    -1.22467176e+03     2.67117856e+02    -1.22474510e+03   
    8.25700000e+03     4.12850000e+00    -1.22467192e+03     2.86205683e+02    -1.22474984e+03   
    8.25800000e+03     4.12900000e+00    -1.22467199e+03     3.04251391e+02    -1.22475343e+03   
    8.25900000e+03     4.12950000e+00    -1.22467208e+03     3.05264091e+02    -1.22475472e+03   
    8.26000000e+03     4.13000000e+00    -1.22467205e+03     2.98092871e+02    -1.22475314e+03   
    8.26100000e+03     4.13050000e+00    -1.22467188e+03     2.82721915e+02    -1.22474955e+03   
    8.26200000e+03     4.13100000e+00    -1.22467183e+03     2.63479995e+02    -1.22474582e+03   
    8.26300000e+03     4.13150000e+00    -1.22467173e+03     2.53949109e+02    -1.22474338e+03   
    8.26400000e+03     4.13200000e+00    -1.22467169e+03     2.53514369e+02    -1.22474381e+03   
    8.26500000e+03     4.13250000e+00    -1.22467174e+03     2.72262238e+02    -1.22474711e+03   
    8.26600000e+03     4.13300000e+00    -1.22467197e+03     2.98201386e+02    -1.22475199e+03   
    8.26700000e+03     4.13350000e+00    -1.22467208e+03     3.13531961e+02    -1.22475601e+03   
    8.26800000e+03     4.13400000e+00    -1.22467201e+03     3.20966394e+02    -1.22475745e+03   
    8.26900000e+03     4.13450000e+00    -1.22467210e+03     3.15197360e+02    -1.22475587e+03   
    8.27000000e+03     4.13500000e+00    -1.22467191e+03     2.99208764e+02    -1.22475084e+03   
    8.27100000e+03     4.13550000e+00    -1.22467184e+03     2.70560951e+02    -1.22474424e+03   
    8.27200000e+03     4.13600000e+00    -1.22467173e+03     2.49390490e+02    -1.22473807e+03   
    8.27300000e+03     4.13650000e+00    -1.22467170e+03     2.31676607e+02    -1.22473433e+03   
    8.27400000e+03     4.13700000e+00    -1.22467165e+03     2.23756740e+02    -1.22473347e+03   
    8.27500000e+03     4.13750000e+00    -1.22467173e+03     2.31424167e+02    -1.22473577e+03   
    8.27600000e+03     4.13800000e+00    -1.22467190e+03     2.50067878e+02    -1.22473965e+03   
    8.27700000e+03     4.13850000e+00    -1.22467196e+03     2.62219740e+02    -1.22474295e+03   
    8.27800000e+03     4.13900000e+00    -1.22467199e+03     2.70304391e+02    -1.22474424e+03   
    8.27900000e+03     4.13950000e+00    -1.22467200e+03     2.60083629e+02    -1.22474266e+03   
    8.28000000e+03     4.14000000e+00    -1.22467186e+03     2.47388854e+02    -1.22473850e+03   
    8.28100000e+03     4.14050000e+00    -1.22467181e+03     2.20843522e+02    -1.22473362e+03   
    8.28200000e+03     4.14100000e+00    -1.22467166e+03     2.11494149e+02    -1.22472974e+03   
    8.28300000e+03     4.14150000e+00    -1.22467155e+03     2.03788104e+02    -1.22472902e+03   
    8.28400000e+03     4.14200000e+00    -1.22467169e+03     2.16710057e+02    -1.22473232e+03   
    8.28500000e+03     4.14250000e+00    -1.22467178e+03     2.38355417e+02    -1.22473764e+03   
    8.28600000e+03     4.14300000e+00    -1.22467194e+03     2.64038823e+02    -1.22474280e+03   
    8.28700000e+03     4.14350000e+00    -1.22467200e+03     2.74632870e+02    -1.22474553e+03   
    8.28800000e+03     4.14400000e+00    -1.22467207e+03     2.69343580e+02    -1.22474467e+03   
    8.28900000e+03     4.14450000e+00    -1.22467186e+03     2.54733881e+02    -1.22474079e+03   
    8.29000000e+03     4.14500000e+00    -1.22467175e+03     2.38471884e+02    -1.22473606e+03   
    8.29100000e+03     4.14550000e+00    -1.22467173e+03     2.19994232e+02    -1.22473232e+03   
    8.29200000e+03     4.14600000e+00    -1.22467167e+03     2.20380177e+02    -1.22473060e+03   
    8.29300000e+03     4.14650000e+00    -1.22467169e+03     2.27201863e+02    -1.22473146e+03   
    8.29400000e+03     4.14700000e+00    -1.22467182e+03     2.44215281e+02    -1.22473405e+03   
    8.29500000e+03     4.14750000e+00    -1.22467183e+03     2.58171934e+02    -1.22473677e+03   
    8.29600000e+03     4.14800000e+00    -1.22467189e+03     2.63810060e+02    -1.22473864e+03   
    8.29700000e+03     4.14850000e+00    -1.22467184e+03     2.62799467e+02    -1.22473878e+03   
    8.29800000e+03     4.14900000e+00    -1.22467189e+03     2.54780127e+02    -1.22473749e+03   
    8.29900000e+03     4.14950000e+00    -1.22467179e+03     2.49491338e+02    -1.22473534e+03   
    8.30000000e+03     4.15000000e+00    -1.22467181e+03     2.42841321e+02    -1.22473347e+03   
    8.30100000e+03     4.15050000e+00    -1.22467163e+03     2.38245018e+02    -1.22473247e+03   
    8.30200000e+03     4.15100000e+00    -1.22467171e+03     2.43088219e+02    -1.22473362e+03   
    8.30300000e+03     4.15150000e+00    -1.22467166e+03     2.54659081e+02    -1.22473663e+03   
    8.30400000e+03     4.15200000e+00    -1.22467183e+03     2.80263468e+02    -1.22474151e+03   
    8.30500000e+03     4.15250000e+00    -1.22467195e+03     2.97189585e+02    -1.22474596e+03   
    8.30600000e+03     4.15300000e+00    -1.22467196e+03     3.07898218e+02    -1.22474812e+03   
    8.30700000e+03     4.15350000e+00    -1.22467189e+03     3.04289474e+02    -1.22474725e+03   
    8.30800000e+03     4.15400000e+00    -1.22467174e+03     2.94443884e+02    -1.22474481e+03   
    8.30900000e+03     4.15450000e+00    -1.22467165e+03     2.83326119e+02    -1.22474266e+03   
    8.31000000e+03     4.15500000e+00    -1.22467164e+03     2.80949904e+02    -1.22474237e+03   
    8.31100000e+03     4.15550000e+00    -1.22467172e+03     2.91371806e+02    -1.22474395e+03   
    8.31200000e+03     4.15600000e+00    -1.22467189e+03     3.01326730e+02    -1.22474668e+03   
    8.31300000e+03     4.15650000e+00    -1.22467194e+03     3.08341788e+02    -1.22474912e+03   
    8.31400000e+03     4.15700000e+00    -1.22467182e+03     3.16145387e+02    -1.22475070e+03   
    8.31500000e+03     4.15750000e+00    -1.22467192e+03     3.22383279e+02    -1.22475156e+03   
    8.31600000e+03     4.15800000e+00    -1.22467177e+03     3.23496598e+02    -1.22475170e+03   
    8.31700000e+03     4.15850000e+00    -1.22467175e+03     3.27088812e+02    -1.22475170e+03   
    8.31800000e+03     4.15900000e+00    -1.22467180e+03     3.32429002e+02    -1.22475213e+03   
    8.31900000e+03     4.15950000e+00    -1.22467174e+03     3.37523291e+02    -1.22475257e+03   
    8.32000000e+03     4.16000000e+00    -1.22467188e+03     3.39235014e+02    -1.22475314e+03   
    8.32100000e+03     4.16050000e+00    -1.22467183e+03     3.47873157e+02    -1.22475371e+03   
    8.32200000e+03     4.16100000e+00    -1.22467179e+03     3.48102679e+02    -1.22475472e+03   
    8.32300000e+03     4.16150000e+00    -1.22467186e+03     3.52468245e+02    -1.22475601e+03   
    8.32400000e+03     4.16200000e+00    -1.22467195e+03     3.57315545e+02    -1.22475644e+03   
    8.32500000e+03     4.16250000e+00    -1.22467186e+03     3.53259913e+02    -1.22475515e+03   
    8.32600000e+03     4.16300000e+00    -1.22467184e+03     3.47711429e+02    -1.22475257e+03   
    8.32700000e+03     4.16350000e+00    -1.22467175e+03     3.33226361e+02    -1.22474926e+03   
    8.32800000e+03     4.16400000e+00    -1.22467175e+03     3.26547518e+02    -1.22474725e+03   
    8.32900000e+03     4.16450000e+00    -1.22467170e+03     3.31150063e+02    -1.22474682e+03   
    8.33000000e+03     4.16500000e+00    -1.22467179e+03     3.30090413e+02    -1.22474740e+03   
    8.33100000e+03     4.16550000e+00    -1.22467186e+03     3.29250697e+02    -1.22474740e+03   
    8.33200000e+03     4.16600000e+00    -1.22467196e+03     3.16615052e+02    -1.22474582e+03   
    8.33300000e+03     4.16650000e+00    -1.22467177e+03     3.04364915e+02    -1.22474223e+03   
    8.33400000e+03     4.16700000e+00    -1.22467170e+03     2.88029760e+02    -1.22473835e+03   
    8.33500000e+03     4.16750000e+00    -1.22467162e+03     2.76924466e+02    -1.22473548e+03   
    8.33600000e+03     4.16800000e+00    -1.22467163e+03     2.75715426e+02    -1.22473505e+03   
    8.33700000e+03     4.16850000e+00    -1.22467174e+03     2.83860621e+02    -1.22473749e+03   
    8.33800000e+03     4.16900000e+00    -1.22467179e+03     3.00916538e+02    -1.22474137e+03   
    8.33900000e+03     4.16950000e+00    -1.22467186e+03     3.12108596e+02    -1.22474481e+03   
    8.34000000e+03     4.17000000e+00    -1.22467194e+03     3.18659448e+02    -1.22474682e+03   
    8.34100000e+03     4.17050000e+00    -1.22467190e+03     3.20101905e+02    -1.22474654e+03   
    8.34200000e+03     4.17100000e+00    -1.22467187e+03     3.12799554e+02    -1.22474467e+03   
    8.34300000e+03     4.17150000e+00    -1.22467179e+03     2.97925754e+02    -1.22474137e+03   
    8.34400000e+03     4.17200000e+00    -1.22467179e+03     2.80326263e+02    -1.22473778e+03   
    8.34500000e+03     4.17250000e+00    -1.22467164e+03     2.70213787e+02    -1.22473491e+03   
    8.34600000e+03     4.17300000e+00    -1.22467165e+03     2.66358247e+02    -1.22473405e+03   
    8.34700000e+03     4.17350000e+00    -1.22467176e+03     2.72156528e+02    -1.22473548e+03   
    8.34800000e+03     4.17400000e+00    -1.22467182e+03     2.81667069e+02    -1.22473807e+03   
    8.34900000e+03     4.17450000e+00    -1.22467196e+03     2.89590984e+02    -1.22474022e+03   
    8.35000000e+03     4.17500000e+00    -1.22467200e+03     2.94611042e+02    -1.22474051e+03   
    8.35100000e+03     4.17550000e+00    -1.22467189e+03     2.82416324e+02    -1.22473821e+03   
    8.35200000e+03     4.17600000e+00    -1.22467183e+03     2.70136483e+02    -1.22473448e+03   
    8.35300000e+03     4.17650000e+00    -1.22467176e+03     2.51260402e+02    -1.22473060e+03   
    8.35400000e+03     4.17700000e+00    -1.22467162e+03     2.40926386e+02    -1.22472802e+03   
    8.35500000e+03     4.17750000e+00    -1.22467159e+03     2.42502917e+02    -1.22472802e+03   
    8.35600000e+03     4.17800000e+00    -1.22467166e+03     2.53789369e+02    -1.22473089e+03   
    8.35700000e+03     4.17850000e+00    -1.22467188e+03     2.73732841e+02    -1.22473577e+03   
    8.35800000e+03     4.17900000e+00    -1.22467194e+03     2.85221846e+02    -1.22473993e+03   
    8.35900000e+03     4.17950000e+00    -1.22467203e+03     2.95024669e+02    -1.22474209e+03   
    8.36000000e+03     4.18000000e+00    -1.22467201e+03     2.91562980e+02    -1.22474122e+03   
    8.36100000e+03     4.18050000e+00    -1.22467183e+03     2.78345417e+02    -1.22473821e+03   
    8.36200000e+03     4.18100000e+00    -1.22467176e+03     2.67129545e+02    -1.22473462e+03   
    8.36300000e+03     4.18150000e+00    -1.22467176e+03     2.57259573e+02    -1.22473175e+03   
    8.36400000e+03     4.18200000e+00    -1.22467167e+03     2.50346559e+02    -1.22473031e+03   
    8.36500000e+03     4.18250000e+00    -1.22467170e+03     2.50372085e+02    -1.22473075e+03   
    8.36600000e+03     4.18300000e+00    -1.22467180e+03     2.65614715e+02    -1.22473261e+03   
    8.36700000e+03     4.18350000e+00    -1.22467189e+03     2.72983578e+02    -1.22473419e+03   
    8.36800000e+03     4.18400000e+00    -1.22467195e+03     2.67673487e+02    -1.22473448e+03   
    8.36900000e+03     4.18450000e+00    -1.22467182e+03     2.61081420e+02    -1.22473276e+03   
    8.37000000e+03     4.18500000e+00    -1.22467186e+03     2.41294119e+02    -1.22472974e+03   
    8.37100000e+03     4.18550000e+00    -1.22467174e+03     2.30443251e+02    -1.22472658e+03   
    8.37200000e+03     4.18600000e+00    -1.22467167e+03     2.21420195e+02    -1.22472500e+03   
    8.37300000e+03     4.18650000e+00    -1.22467165e+03     2.29749927e+02    -1.22472615e+03   
    8.37400000e+03     4.18700000e+00    -1.22467169e+03     2.42490503e+02    -1.22472945e+03   
    8.37500000e+03     4.18750000e+00    -1.22467182e+03     2.63448703e+02    -1.22473419e+03   
    8.37600000e+03     4.18800000e+00    -1.22467194e+03     2.83152944e+02    -1.22473850e+03   
    8.37700000e+03     4.18850000e+00    -1.22467189e+03     3.02399464e+02    -1.22474137e+03   
    8.37800000e+03     4.18900000e+00    -1.22467187e+03     3.04771197e+02    -1.22474223e+03   
    8.37900000e+03     4.18950000e+00    -1.22467181e+03     3.00149706e+02    -1.22474151e+03   
    8.38000000e+03     4.19000000e+00    -1.22467177e+03     2.93544712e+02    -1.22474036e+03   
    8.38100000e+03     4.19050000e+00    -1.22467175e+03     2.91334058e+02    -1.22474008e+03   
    8.38200000e+03     4.19100000e+00    -1.22467170e+03     3.04166910e+02    -1.22474137e+03   
    8.38300000e+03     4.19150000e+00    -1.22467175e+03     3.13389683e+02    -1.22474395e+03   
    8.38400000e+03     4.19200000e+00    -1.22467182e+03     3.27978328e+02    -1.22474668e+03   
    8.38500000e+03     4.19250000e+00    -1.22467187e+03     3.36333171e+02    -1.22474840e+03   
    8.38600000e+03     4.19300000e+00    -1.22467189e+03     3.31445183e+02    -1.22474840e+03   
    8.38700000e+03     4.19350000e+00    -1.22467182e+03     3.21875377e+02    -1.22474668e+03   
    8.38800000e+03     4.19400000e+00    -1.22467175e+03     3.06951348e+02    -1.22474352e+03   
    8.38900000e+03     4.19450000e+00    -1.22467176e+03     2.95167979e+02    -1.22474008e+03   
    8.39000000e+03     4.19500000e+00    -1.22467163e+03     2.80992871e+02    -1.22473764e+03   
    8.39100000e+03     4.19550000e+00    -1.22467165e+03     2.83889533e+02    -1.22473735e+03   
    8.39200000e+03     4.19600000e+00    -1.22467169e+03     2.88902354e+02    -1.22473965e+03   
    8.39300000e+03     4.19650000e+00    -1.22467183e+03     3.08782141e+02    -1.22474381e+03   
    8.39400000e+03     4.19700000e+00    -1.22467192e+03     3.20591406e+02    -1.22474826e+03   
    8.39500000e+03     4.19750000e+00    -1.22467191e+03     3.35091132e+02    -1.22475127e+03   
    8.39600000e+03     4.19800000e+00    -1.22467200e+03     3.38597939e+02    -1.22475213e+03   
    8.39700000e+03     4.19850000e+00    -1.22467183e+03     3.34201226e+02    -1.22475084e+03   
    8.39800000e+03     4.19900000e+00    -1.22467184e+03     3.25058380e+02    -1.22474898e+03   
    8.39900000e+03     4.19950000e+00    -1.22467174e+03     3.21796584e+02    -1.22474768e+03   
    8.40000000e+03     4.20000000e+00    -1.22467176e+03     3.16080253e+02    -1.22474797e+03   
    8.40100000e+03     4.20050000e+00    -1.22467181e+03     3.25432490e+02    -1.22474998e+03   
    8.40200000e+03     4.20100000e+00    -1.22467189e+03     3.31544729e+02    -1.22475242e+03   
    8.40300000e+03     4.20150000e+00    -1.22467198e+03     3.37783726e+02    -1.22475386e+03   
    8.40400000e+03     4.20200000e+00    -1.22467190e+03     3.33038878e+02    -1.22475314e+03   
    8.40500000e+03     4.20250000e+00    -1.22467189e+03     3.20448378e+02    -1.22475027e+03   
    8.40600000e+03     4.20300000e+00    -1.22467189e+03     3.08676918e+02    -1.22474625e+03   
    8.40700000e+03     4.20350000e+00    -1.22467183e+03     2.89368814e+02    -1.22474180e+03   
    8.40800000e+03     4.20400000e+00    -1.22467176e+03     2.69557732e+02    -1.22473778e+03   
    8.40900000e+03     4.20450000e+00    -1.22467174e+03     2.55972734e+02    -1.22473548e+03   
    8.41000000e+03     4.20500000e+00    -1.22467164e+03     2.48411841e+02    -1.22473534e+03   
    8.41100000e+03     4.20550000e+00    -1.22467165e+03     2.56654805e+02    -1.22473764e+03   
    8.41200000e+03     4.20600000e+00    -1.22467181e+03     2.72635419e+02    -1.22474194e+03   
    8.41300000e+03     4.20650000e+00    -1.22467188e+03     2.92365270e+02    -1.22474654e+03   
    8.41400000e+03     4.20700000e+00    -1.22467205e+03     3.05638661e+02    -1.22474969e+03   
    8.41500000e+03     4.20750000e+00    -1.22467204e+03     3.02398775e+02    -1.22475027e+03   
    8.41600000e+03     4.20800000e+00    -1.22467196e+03     2.93474695e+02    -1.22474826e+03   
    8.41700000e+03     4.20850000e+00    -1.22467178e+03     2.75303460e+02    -1.22474496e+03   
    8.41800000e+03     4.20900000e+00    -1.22467173e+03     2.66289247e+02    -1.22474280e+03   
    8.41900000e+03     4.20950000e+00    -1.22467165e+03     2.69794293e+02    -1.22474338e+03   
    8.42000000e+03     4.21000000e+00    -1.22467177e+03     2.81464719e+02    -1.22474682e+03   
    8.42100000e+03     4.21050000e+00    -1.22467188e+03     2.98307061e+02    -1.22475170e+03   
    8.42200000e+03     4.21100000e+00    -1.22467210e+03     3.16821613e+02    -1.22475587e+03   
    8.42300000e+03     4.21150000e+00    -1.22467206e+03     3.22550056e+02    -1.22475687e+03   
    8.42400000e+03     4.21200000e+00    -1.22467192e+03     3.10907551e+02    -1.22475472e+03   
    8.42500000e+03     4.21250000e+00    -1.22467190e+03     2.86919757e+02    -1.22475041e+03   
    8.42600000e+03     4.21300000e+00    -1.22467183e+03     2.72473724e+02    -1.22474567e+03   
    8.42700000e+03     4.21350000e+00    -1.22467170e+03     2.55144385e+02    -1.22474209e+03   
    8.42800000e+03     4.21400000e+00    -1.22467168e+03     2.50010360e+02    -1.22474036e+03   
    8.42900000e+03     4.21450000e+00    -1.22467174e+03     2.46373505e+02    -1.22474065e+03   
    8.43000000e+03     4.21500000e+00    -1.22467178e+03     2.52501860e+02    -1.22474266e+03   
    8.43100000e+03     4.21550000e+00    -1.22467187e+03     2.72014724e+02    -1.22474611e+03   
    8.43200000e+03     4.21600000e+00    -1.22467200e+03     2.85371096e+02    -1.22474955e+03   
    8.43300000e+03     4.21650000e+00    -1.22467195e+03     2.91550104e+02    -1.22475127e+03   
    8.43400000e+03     4.21700000e+00    -1.22467198e+03     2.88910372e+02    -1.22475084e+03   
    8.43500000e+03     4.21750000e+00    -1.22467195e+03     2.79623528e+02    -1.22474855e+03   
    8.43600000e+03     4.21800000e+00    -1.22467178e+03     2.77481485e+02    -1.22474625e+03   
    8.43700000e+03     4.21850000e+00    -1.22467172e+03     2.73960159e+02    -1.22474582e+03   
    8.43800000e+03     4.21900000e+00    -1.22467180e+03     2.80071355e+02    -1.22474812e+03   
    8.43900000e+03     4.21950000e+00    -1.22467192e+03     2.97187398e+02    -1.22475213e+03   
    8.44000000e+03     4.22000000e+00    -1.22467189e+03     3.12390515e+02    -1.22475615e+03   
    8.44100000e+03     4.22050000e+00    -1.22467203e+03     3.27183123e+02    -1.22475917e+03   
    8.44200000e+03     4.22100000e+00    -1.22467195e+03     3.22021029e+02    -1.22475960e+03   
    8.44300000e+03     4.22150000e+00    -1.22467188e+03     3.14127993e+02    -1.22475788e+03   
    8.44400000e+03     4.22200000e+00    -1.22467181e+03     3.00687421e+02    -1.22475486e+03   
    8.44500000e+03     4.22250000e+00    -1.22467177e+03     2.85982056e+02    -1.22475170e+03   
    8.44600000e+03     4.22300000e+00    -1.22467175e+03     2.70193807e+02    -1.22474926e+03   
    8.44700000e+03     4.22350000e+00    -1.22467177e+03     2.72879360e+02    -1.22474812e+03   
    8.44800000e+03     4.22400000e+00    -1.22467182e+03     2.69287589e+02    -1.22474826e+03   
    8.44900000e+03     4.22450000e+00    -1.22467183e+03     2.73984358e+02    -1.22474984e+03   
    8.45000000e+03     4.22500000e+00    -1.22467189e+03     2.86355931e+02    -1.22475242e+03   
    8.45100000e+03     4.22550000e+00    -1.22467200e+03     2.96956588e+02    -1.22475486e+03   
    8.45200000e+03     4.22600000e+00    -1.22467198e+03     3.05745584e+02    -1.22475601e+03   
    8.45300000e+03     4.22650000e+00    -1.22467192e+03     3.08300277e+02    -1.22475544e+03   
    8.45400000e+03     4.22700000e+00    -1.22467186e+03     3.06163536e+02    -1.22475357e+03   
    8.45500000e+03     4.22750000e+00    -1.22467169e+03     3.03684925e+02    -1.22475213e+03   
    8.45600000e+03     4.22800000e+00    -1.22467171e+03     3.05469168e+02    -1.22475285e+03   
    8.45700000e+03     4.22850000e+00    -1.22467184e+03     3.17691272e+02    -1.22475529e+03   
    8.45800000e+03     4.22900000e+00    -1.22467189e+03     3.31234323e+02    -1.22475874e+03   
    8.45900000e+03     4.22950000e+00    -1.22467187e+03     3.41698734e+02    -1.22476204e+03   
    8.46000000e+03     4.23000000e+00    -1.22467193e+03     3.55764664e+02    -1.22476448e+03   
    8.46100000e+03     4.23050000e+00    -1.22467203e+03     3.56402221e+02    -1.22476520e+03   
    8.46200000e+03     4.23100000e+00    -1.22467195e+03     3.50063760e+02    -1.22476391e+03   
    8.46300000e+03     4.23150000e+00    -1.22467189e+03     3.40604990e+02    -1.22476147e+03   
    8.46400000e+03     4.23200000e+00    -1.22467179e+03     3.23694055e+02    -1.22475845e+03   
    8.46500000e+03     4.23250000e+00    -1.22467179e+03     3.11752913e+02    -1.22475587e+03   
    8.46600000e+03     4.23300000e+00    -1.22467181e+03     3.02793127e+02    -1.22475443e+03   
    8.46700000e+03     4.23350000e+00    -1.22467184e+03     2.98508359e+02    -1.22475458e+03   
    8.46800000e+03     4.23400000e+00    -1.22467190e+03     3.10344619e+02    -1.22475601e+03   
    8.46900000e+03     4.23450000e+00    -1.22467188e+03     3.18423133e+02    -1.22475759e+03   
    8.47000000e+03     4.23500000e+00    -1.22467202e+03     3.24487522e+02    -1.22475874e+03   
    8.47100000e+03     4.23550000e+00    -1.22467192e+03     3.27018731e+02    -1.22475859e+03   
    8.47200000e+03     4.23600000e+00    -1.22467188e+03     3.18972244e+02    -1.22475673e+03   
    8.47300000e+03     4.23650000e+00    -1.22467190e+03     3.11924688e+02    -1.22475414e+03   
    8.47400000e+03     4.23700000e+00    -1.22467188e+03     2.99764965e+02    -1.22475170e+03   
    8.47500000e+03     4.23750000e+00    -1.22467186e+03     2.86167566e+02    -1.22475013e+03   
    8.47600000e+03     4.23800000e+00    -1.22467189e+03     2.86412610e+02    -1.22474998e+03   
    8.47700000e+03     4.23850000e+00    -1.22467192e+03     2.84434261e+02    -1.22475084e+03   
    8.47800000e+03     4.23900000e+00    -1.22467188e+03     2.89234948e+02    -1.22475213e+03   
    8.47900000e+03     4.23950000e+00    -1.22467197e+03     2.99280450e+02    -1.22475357e+03   
    8.48000000e+03     4.24000000e+00    -1.22467199e+03     3.08944470e+02    -1.22475414e+03   
    8.48100000e+03     4.24050000e+00    -1.22467190e+03     3.05756329e+02    -1.22475328e+03   
    8.48200000e+03     4.24100000e+00    -1.22467189e+03     2.93795855e+02    -1.22475127e+03   
    8.48300000e+03     4.24150000e+00    -1.22467188e+03     2.84508933e+02    -1.22474855e+03   
    8.48400000e+03     4.24200000e+00    -1.22467180e+03     2.73023036e+02    -1.22474582e+03   
    8.48500000e+03     4.24250000e+00    -1.22467182e+03     2.65157219e+02    -1.22474424e+03   
    8.48600000e+03     4.24300000e+00    -1.22467181e+03     2.64564126e+02    -1.22474381e+03   
    8.48700000e+03     4.24350000e+00    -1.22467183e+03     2.70291004e+02    -1.22474453e+03   
    8.48800000e+03     4.24400000e+00    -1.22467188e+03     2.72235518e+02    -1.22474567e+03   
    8.48900000e+03     4.24450000e+00    -1.22467196e+03     2.70887392e+02    -1.22474654e+03   
    8.49000000e+03     4.24500000e+00    -1.22467198e+03     2.69557735e+02    -1.22474654e+03   
    8.49100000e+03     4.24550000e+00    -1.22467191e+03     2.66778814e+02    -1.22474567e+03   
    8.49200000e+03     4.24600000e+00    -1.22467196e+03     2.59646659e+02    -1.22474438e+03   
    8.49300000e+03     4.24650000e+00    -1.22467189e+03     2.53859927e+02    -1.22474309e+03   
    8.49400000e+03     4.24700000e+00    -1.22467183e+03     2.52251084e+02    -1.22474194e+03   
    8.49500000e+03     4.24750000e+00    -1.22467186e+03     2.52638970e+02    -1.22474122e+03   
    8.49600000e+03     4.24800000e+00    -1.22467178e+03     2.58026925e+02    -1.22474122e+03   
    8.49700000e+03     4.24850000e+00    -1.22467184e+03     2.62693327e+02    -1.22474252e+03   
    8.49800000e+03     4.24900000e+00    -1.22467184e+03     2.67990939e+02    -1.22474410e+03   
    8.49900000e+03     4.24950000e+00    -1.22467193e+03     2.79027860e+02    -1.22474596e+03   
    8.50000000e+03     4.25000000e+00    -1.22467195e+03     2.91587022e+02    -1.22474725e+03   
    8.50100000e+03     4.25050000e+00    -1.22467187e+03     2.89999494e+02    -1.22474754e+03   
    8.50200000e+03     4.25100000e+00    -1.22467187e+03     2.83847100e+02    -1.22474697e+03   
    8.50300000e+03     4.25150000e+00    -1.22467177e+03     2.79151333e+02    -1.22474611e+03   
    8.50400000e+03     4.25200000e+00    -1.22467184e+03     2.82330302e+02    -1.22474567e+03   
    8.50500000e+03     4.25250000e+00    -1.22467191e+03     2.85316033e+02    -1.22474553e+03   
    8.50600000e+03     4.25300000e+00    -1.22467183e+03     2.84065194e+02    -1.22474539e+03   
    8.50700000e+03     4.25350000e+00    -1.22467187e+03     2.84393540e+02    -1.22474510e+03   
    8.50800000e+03     4.25400000e+00    -1.22467191e+03     2.82911623e+02    -1.22474481e+03   
    8.50900000e+03     4.25450000e+00    -1.22467187e+03     2.76180694e+02    -1.22474467e+03   
    8.51000000e+03     4.25500000e+00    -1.22467180e+03     2.77681726e+02    -1.22474467e+03   
    8.51100000e+03     4.25550000e+00    -1.22467191e+03     2.78395585e+02    -1.22474496e+03   
    8.51200000e+03     4.25600000e+00    -1.22467193e+03     2.80974867e+02    -1.22474496e+03   
    8.51300000e+03     4.25650000e+00    -1.22467193e+03     2.75910253e+02    -1.22474410e+03   
    8.51400000e+03     4.25700000e+00    -1.22467180e+03     2.68898553e+02    -1.22474237e+03   
    8.51500000e+03     4.25750000e+00    -1.22467174e+03     2.56858279e+02    -1.22474065e+03   
    8.51600000e+03     4.25800000e+00    -1.22467176e+03     2.53846065e+02    -1.22473993e+03   
    8.51700000e+03     4.25850000e+00    -1.22467180e+03     2.55141211e+02    -1.22474079e+03   
    8.51800000e+03     4.25900000e+00    -1.22467187e+03     2.61867088e+02    -1.22474295e+03   
    8.51900000e+03     4.25950000e+00    -1.22467193e+03     2.77188822e+02    -1.22474553e+03   
    8.52000000e+03     4.26000000e+00    -1.22467200e+03     2.81416018e+02    -1.22474768e+03   
    8.52100000e+03     4.26050000e+00    -1.22467195e+03     2.86492285e+02    -1.22474869e+03   
    8.52200000e+03     4.26100000e+00    -1.22467187e+03     2.91918118e+02    -1.22474869e+03   
    8.52300000e+03     4.26150000e+00    -1.22467189e+03     2.87613892e+02    -1.22474826e+03   
    8.52400000e+03     4.26200000e+00    -1.22467182e+03     2.90578903e+02    -1.22474783e+03   
    8.52500000e+03     4.26250000e+00    -1.22467178e+03     2.93131995e+02    -1.22474768e+03   
    8.52600000e+03     4.26300000e+00    -1.22467184e+03     2.95916644e+02    -1.22474812e+03   
    8.52700000e+03     4.26350000e+00    -1.22467190e+03     2.94183535e+02    -1.22474855e+03   
    8.52800000e+03     4.26400000e+00    -1.22467187e+03     2.94441315e+02    -1.22474926e+03   
    8.52900000e+03     4.26450000e+00    -1.22467185e+03     2.96500623e+02    -1.22474998e+03   
    8.53000000e+03     4.26500000e+00    -1.22467187e+03     3.01038337e+02    -1.22475056e+03   
    8.53100000e+03     4.26550000e+00    -1.22467198e+03     2.99207304e+02    -1.22475099e+03   
    8.53200000e+03     4.26600000e+00    -1.22467190e+03     2.94816920e+02    -1.22475041e+03   
    8.53300000e+03     4.26650000e+00    -1.22467191e+03     2.82052735e+02    -1.22474941e+03   
    8.53400000e+03     4.26700000e+00    -1.22467188e+03     2.77630398e+02    -1.22474855e+03   
    8.53500000e+03     4.26750000e+00    -1.22467180e+03     2.75841157e+02    -1.22474797e+03   
    8.53600000e+03     4.26800000e+00    -1.22467174e+03     2.73275159e+02    -1.22474812e+03   
    8.53700000e+03     4.26850000e+00    -1.22467180e+03     2.80585156e+02    -1.22474941e+03   
    8.53800000e+03     4.26900000e+00    -1.22467187e+03     2.89071967e+02    -1.22475170e+03   
    8.53900000e+03     4.26950000e+00    -1.22467186e+03     2.96050724e+02    -1.22475414e+03   
    8.54000000e+03     4.27000000e+00    -1.22467199e+03     3.01158710e+02    -1.22475658e+03   
    8.54100000e+03     4.27050000e+00    -1.22467195e+03     3.16157996e+02    -1.22475773e+03   
    8.54200000e+03     4.27100000e+00    -1.22467198e+03     3.16973546e+02    -1.22475773e+03   
    8.54300000e+03     4.27150000e+00    -1.22467185e+03     3.13576408e+02    -1.22475644e+03   
    8.54400000e+03     4.27200000e+00    -1.22467182e+03     3.10301711e+02    -1.22475515e+03   
    8.54500000e+03     4.27250000e+00    -1.22467184e+03     3.08592947e+02    -1.22475472e+03   
    8.54600000e+03     4.27300000e+00    -1.22467186e+03     3.09619856e+02    -1.22475529e+03   
    8.54700000e+03     4.27350000e+00    -1.22467183e+03     3.15077876e+02    -1.22475630e+03   
    8.54800000e+03     4.27400000e+00    -1.22467191e+03     3.14762143e+02    -1.22475730e+03   
    8.54900000e+03     4.27450000e+00    -1.22467195e+03     3.19483476e+02    -1.22475716e+03   
    8.55000000e+03     4.27500000e+00    -1.22467199e+03     3.10743791e+02    -1.22475587e+03   
    8.55100000e+03     4.27550000e+00    -1.22467182e+03     3.00470974e+02    -1.22475371e+03   
    8.55200000e+03     4.27600000e+00    -1.22467180e+03     2.92464026e+02    -1.22475156e+03   
    8.55300000e+03     4.27650000e+00    -1.22467182e+03     2.84283593e+02    -1.22474984e+03   
    8.55400000e+03     4.27700000e+00    -1.22467181e+03     2.80618307e+02    -1.22474912e+03   
    8.55500000e+03     4.27750000e+00    -1.22467177e+03     2.83260978e+02    -1.22474969e+03   
    8.55600000e+03     4.27800000e+00    -1.22467185e+03     2.85372343e+02    -1.22475127e+03   
    8.55700000e+03     4.27850000e+00    -1.22467184e+03     2.95422941e+02    -1.22475328e+03   
    8.55800000e+03     4.27900000e+00    -1.22467186e+03     3.06786133e+02    -1.22475515e+03   
    8.55900000e+03     4.27950000e+00    -1.22467190e+03     3.08327913e+02    -1.22475644e+03   
    8.56000000e+03     4.28000000e+00    -1.22467195e+03     3.10039577e+02    -1.22475687e+03   
    8.56100000e+03     4.28050000e+00    -1.22467191e+03     3.12021227e+02    -1.22475658e+03   
    8.56200000e+03     4.28100000e+00    -1.22467189e+03     3.17420974e+02    -1.22475630e+03   
    8.56300000e+03     4.28150000e+00    -1.22467181e+03     3.14442442e+02    -1.22475644e+03   
    8.56400000e+03     4.28200000e+00    -1.22467195e+03     3.15519852e+02    -1.22475716e+03   
    8.56500000e+03     4.28250000e+00    -1.22467189e+03     3.18942768e+02    -1.22475759e+03   
    8.56600000e+03     4.28300000e+00    -1.22467196e+03     3.16889502e+02    -1.22475716e+03   
    8.56700000e+03     4.28350000e+00    -1.22467195e+03     3.07316761e+02    -1.22475529e+03   
    8.56800000e+03     4.28400000e+00    -1.22467188e+03     3.01503302e+02    -1.22475228e+03   
    8.56900000e+03     4.28450000e+00    -1.22467180e+03     2.93854123e+02    -1.22474898e+03   
    8.57000000e+03     4.28500000e+00    -1.22467177e+03     2.77991403e+02    -1.22474654e+03   
    8.57100000e+03     4.28550000e+00    -1.22467177e+03     2.71507476e+02    -1.22474524e+03   
    8.57200000e+03     4.28600000e+00    -1.22467174e+03     2.68844822e+02    -1.22474510e+03   
    8.57300000e+03     4.28650000e+00    -1.22467179e+03     2.72768948e+02    -1.22474625e+03   
    8.57400000e+03     4.28700000e+00    -1.22467191e+03     2.83816935e+02    -1.22474768e+03   
    8.57500000e+03     4.28750000e+00    -1.22467190e+03     2.86824166e+02    -1.22474883e+03   
    8.57600000e+03     4.28800000e+00    -1.22467200e+03     2.91652854e+02    -1.22474941e+03   
    8.57700000e+03     4.28850000e+00    -1.22467200e+03     2.88922034e+02    -1.22474855e+03   
    8.57800000e+03     4.28900000e+00    -1.22467189e+03     2.80456475e+02    -1.22474639e+03   
    8.57900000e+03     4.28950000e+00    -1.22467186e+03     2.71833529e+02    -1.22474410e+03   
    8.58000000e+03     4.29000000e+00    -1.22467179e+03     2.62382983e+02    -1.22474309e+03   
    8.58100000e+03     4.29050000e+00    -1.22467168e+03     2.73071349e+02    -1.22474410e+03   
    8.58200000e+03     4.29100000e+00    -1.22467182e+03     2.83920347e+02    -1.22474768e+03   
    8.58300000e+03     4.29150000e+00    -1.22467199e+03     3.03288512e+02    -1.22475213e+03   
    8.58400000e+03     4.29200000e+00    -1.22467198e+03     3.18490192e+02    -1.22475515e+03   
    8.58500000e+03     4.29250000e+00    -1.22467204e+03     3.17570829e+02    -1.22475572e+03   
    8.58600000e+03     4.29300000e+00    -1.22467198e+03     3.02779654e+02    -1.22475371e+03   
    8.58700000e+03     4.29350000e+00    -1.22467193e+03     2.86113349e+02    -1.22475041e+03   
    8.58800000e+03     4.29400000e+00    -1.22467174e+03     2.72096698e+02    -1.22474697e+03   
    8.58900000e+03     4.29450000e+00    -1.22467171e+03     2.59155368e+02    -1.22474496e+03   
    8.59000000e+03     4.29500000e+00    -1.22467183e+03     2.54247526e+02    -1.22474481e+03   
    8.59100000e+03     4.29550000e+00    -1.22467190e+03     2.60331504e+02    -1.22474654e+03   
    8.59200000e+03     4.29600000e+00    -1.22467191e+03     2.80194392e+02    -1.22474926e+03   
    8.59300000e+03     4.29650000e+00    -1.22467198e+03     2.98319832e+02    -1.22475213e+03   
    8.59400000e+03     4.29700000e+00    -1.22467201e+03     3.10543725e+02    -1.22475386e+03   
    8.59500000e+03     4.29750000e+00    -1.22467197e+03     3.13188664e+02    -1.22475400e+03   
    8.59600000e+03     4.29800000e+00    -1.22467197e+03     3.04686322e+02    -1.22475285e+03   
    8.59700000e+03     4.29850000e+00    -1.22467191e+03     2.92778205e+02    -1.22475070e+03   
    8.59800000e+03     4.29900000e+00    -1.22467176e+03     2.80536711e+02    -1.22474826e+03   
    8.59900000e+03     4.29950000e+00    -1.22467176e+03     2.79037910e+02    -1.22474711e+03   
    8.60000000e+03     4.30000000e+00    -1.22467173e+03     2.83307434e+02    -1.22474812e+03   
    8.60100000e+03     4.30050000e+00    -1.22467186e+03     2.95855001e+02    -1.22475084e+03   
    8.60200000e+03     4.30100000e+00    -1.22467195e+03     3.13194798e+02    -1.22475414e+03   
    8.60300000e+03     4.30150000e+00    -1.22467196e+03     3.25372268e+02    -1.22475658e+03   
    8.60400000e+03     4.30200000e+00    -1.22467198e+03     3.28486323e+02    -1.22475716e+03   
    8.60500000e+03     4.30250000e+00    -1.22467195e+03     3.13373228e+02    -1.22475572e+03   
    8.60600000e+03     4.30300000e+00    -1.22467183e+03     2.97826880e+02    -1.22475314e+03   
    8.60700000e+03     4.30350000e+00    -1.22467185e+03     2.79877766e+02    -1.22475070e+03   
    8.60800000e+03     4.30400000e+00    -1.22467183e+03     2.77710612e+02    -1.22474912e+03   
    8.60900000e+03     4.30450000e+00    -1.22467177e+03     2.71601736e+02    -1.22474869e+03   
    8.61000000e+03     4.30500000e+00    -1.22467189e+03     2.70954394e+02    -1.22474941e+03   
    8.61100000e+03     4.30550000e+00    -1.22467194e+03     2.76850870e+02    -1.22475041e+03   
    8.61200000e+03     4.30600000e+00    -1.22467192e+03     2.89513593e+02    -1.22475127e+03   
    8.61300000e+03     4.30650000e+00    -1.22467191e+03     2.93191416e+02    -1.22475170e+03   
    8.61400000e+03     4.30700000e+00    -1.22467196e+03     2.96936554e+02    -1.22475142e+03   
    8.61500000e+03     4.30750000e+00    -1.22467189e+03     2.95464752e+02    -1.22475041e+03   
    8.61600000e+03     4.30800000e+00    -1.22467195e+03     2.97955272e+02    -1.22474912e+03   
    8.61700000e+03     4.30850000e+00    -1.22467179e+03     2.91666861e+02    -1.22474711e+03   
    8.61800000e+03     4.30900000e+00    -1.22467177e+03     2.88821896e+02    -1.22474582e+03   
    8.61900000e+03     4.30950000e+00    -1.22467172e+03     2.85158563e+02    -1.22474553e+03   
    8.62000000e+03     4.31000000e+00    -1.22467175e+03     2.97814842e+02    -1.22474668e+03   
    8.62100000e+03     4.31050000e+00    -1.22467195e+03     3.07079706e+02    -1.22474855e+03   
    8.62200000e+03     4.31100000e+00    -1.22467190e+03     3.08164869e+02    -1.22474969e+03   
    8.62300000e+03     4.31150000e+00    -1.22467194e+03     3.10060671e+02    -1.22474969e+03   
    8.62400000e+03     4.31200000e+00    -1.22467197e+03     3.07221115e+02    -1.22474855e+03   
    8.62500000e+03     4.31250000e+00    -1.22467186e+03     3.05808805e+02    -1.22474668e+03   
    8.62600000e+03     4.31300000e+00    -1.22467186e+03     2.98284501e+02    -1.22474510e+03   
    8.62700000e+03     4.31350000e+00    -1.22467180e+03     2.90596565e+02    -1.22474395e+03   
    8.62800000e+03     4.31400000e+00    -1.22467180e+03     2.82842110e+02    -1.22474323e+03   
    8.62900000e+03     4.31450000e+00    -1.22467192e+03     2.76434270e+02    -1.22474280e+03   
    8.63000000e+03     4.31500000e+00    -1.22467184e+03     2.75899960e+02    -1.22474223e+03   
    8.63100000e+03     4.31550000e+00    -1.22467189e+03     2.73505471e+02    -1.22474166e+03   
    8.63200000e+03     4.31600000e+00    -1.22467190e+03     2.76348165e+02    -1.22474137e+03   
    8.63300000e+03     4.31650000e+00    -1.22467189e+03     2.76969387e+02    -1.22474151e+03   
    8.63400000e+03     4.31700000e+00    -1.22467184e+03     2.78584072e+02    -1.22474194e+03   
    8.63500000e+03     4.31750000e+00    -1.22467197e+03     2.79754972e+02    -1.22474252e+03   
    8.63600000e+03     4.31800000e+00    -1.22467191e+03     2.80399768e+02    -1.22474280e+03   
    8.63700000e+03     4.31850000e+00    -1.22467184e+03     2.80627093e+02    -1.22474237e+03   
    8.63800000e+03     4.31900000e+00    -1.22467186e+03     2.79961668e+02    -1.22474194e+03   
    8.63900000e+03     4.31950000e+00    -1.22467184e+03     2.82282684e+02    -1.22474180e+03   
    8.64000000e+03     4.32000000e+00    -1.22467184e+03     2.88198354e+02    -1.22474223e+03   
    8.64100000e+03     4.32050000e+00    -1.22467194e+03     2.90574351e+02    -1.22474338e+03   
    8.64200000e+03     4.32100000e+00    -1.22467184e+03     2.94308766e+02    -1.22474424e+03   
    8.64300000e+03     4.32150000e+00    -1.22467196e+03     2.93293261e+02    -1.22474539e+03   
    8.64400000e+03     4.32200000e+00    -1.22467182e+03     3.00912786e+02    -1.22474625e+03   
    8.64500000e+03     4.32250000e+00    -1.22467182e+03     3.05271153e+02    -1.22474740e+03   
    8.64600000e+03     4.32300000e+00    -1.22467200e+03     3.10239960e+02    -1.22474883e+03   
    8.64700000e+03     4.32350000e+00    -1.22467190e+03     3.13338609e+02    -1.22474912e+03   
    8.64800000e+03     4.32400000e+00    -1.22467190e+03     3.05691399e+02    -1.22474855e+03   
    8.64900000e+03     4.32450000e+00    -1.22467187e+03     3.01196993e+02    -1.22474711e+03   
    8.65000000e+03     4.32500000e+00    -1.22467183e+03     2.93060797e+02    -1.22474524e+03   
    8.65100000e+03     4.32550000e+00    -1.22467178e+03     2.89020070e+02    -1.22474395e+03   
    8.65200000e+03     4.32600000e+00    -1.22467188e+03     2.85892136e+02    -1.22474395e+03   
    8.65300000e+03     4.32650000e+00    -1.22467185e+03     2.90909333e+02    -1.22474510e+03   
    8.65400000e+03     4.32700000e+00    -1.22467185e+03     2.96511848e+02    -1.22474754e+03   
    8.65500000e+03     4.32750000e+00    -1.22467204e+03     3.11682436e+02    -1.22475013e+03   
    8.65600000e+03     4.32800000e+00    -1.22467208e+03     3.18097835e+02    -1.22475127e+03   
    8.65700000e+03     4.32850000e+00    -1.22467191e+03     3.18794653e+02    -1.22475056e+03   
    8.65800000e+03     4.32900000e+00    -1.22467189e+03     3.12942305e+02    -1.22474883e+03   
    8.65900000e+03     4.32950000e+00    -1.22467179e+03     3.07589078e+02    -1.22474711e+03   
    8.66000000e+03     4.33000000e+00    -1.22467186e+03     3.03057904e+02    -1.22474668e+03   
    8.66100000e+03     4.33050000e+00    -1.22467194e+03     3.08681518e+02    -1.22474740e+03   
    8.66200000e+03     4.33100000e+00    -1.22467195e+03     3.14518555e+02    -1.22474840e+03   
    8.66300000e+03     4.33150000e+00    -1.22467189e+03     3.19083036e+02    -1.22474912e+03   
    8.66400000e+03     4.33200000e+00    -1.22467200e+03     3.19976282e+02    -1.22474955e+03   
    8.66500000e+03     4.33250000e+00    -1.22467194e+03     3.17578984e+02    -1.22474926e+03   
    8.66600000e+03     4.33300000e+00    -1.22467202e+03     3.12183290e+02    -1.22474826e+03   
    8.66700000e+03     4.33350000e+00    -1.22467201e+03     3.09435731e+02    -1.22474625e+03   
    8.66800000e+03     4.33400000e+00    -1.22467194e+03     2.97100681e+02    -1.22474338e+03   
    8.66900000e+03     4.33450000e+00    -1.22467185e+03     2.84113229e+02    -1.22474022e+03   
    8.67000000e+03     4.33500000e+00    -1.22467176e+03     2.72524061e+02    -1.22473749e+03   
    8.67100000e+03     4.33550000e+00    -1.22467178e+03     2.63000968e+02    -1.22473634e+03   
    8.67200000e+03     4.33600000e+00    -1.22467180e+03     2.65459607e+02    -1.22473721e+03   
    8.67300000e+03     4.33650000e+00    -1.22467183e+03     2.75463182e+02    -1.22473965e+03   
    8.67400000e+03     4.33700000e+00    -1.22467198e+03     2.86351561e+02    -1.22474280e+03   
    8.67500000e+03     4.33750000e+00    -1.22467205e+03     2.98471482e+02    -1.22474481e+03   
    8.67600000e+03     4.33800000e+00    -1.22467191e+03     3.00001716e+02    -1.22474524e+03   
    8.67700000e+03     4.33850000e+00    -1.22467194e+03     2.96929629e+02    -1.22474496e+03   
    8.67800000e+03     4.33900000e+00    -1.22467197e+03     2.93099326e+02    -1.22474481e+03   
    8.67900000e+03     4.33950000e+00    -1.22467195e+03     2.93931461e+02    -1.22474481e+03   
    8.68000000e+03     4.34000000e+00    -1.22467201e+03     2.95197794e+02    -1.22474453e+03   
    8.68100000e+03     4.34050000e+00    -1.22467191e+03     2.94823923e+02    -1.22474367e+03   
    8.68200000e+03     4.34100000e+00    -1.22467180e+03     2.90026706e+02    -1.22474280e+03   
    8.68300000e+03     4.34150000e+00    -1.22467177e+03     2.87246240e+02    -1.22474266e+03   
    8.68400000e+03     4.34200000e+00    -1.22467180e+03     2.89925102e+02    -1.22474367e+03   
    8.68500000e+03     4.34250000e+00    -1.22467190e+03     2.95730972e+02    -1.22474510e+03   
    8.68600000e+03     4.34300000e+00    -1.22467192e+03     3.00210709e+02    -1.22474582e+03   
    8.68700000e+03     4.34350000e+00    -1.22467192e+03     3.05753178e+02    -1.22474539e+03   
    8.68800000e+03     4.34400000e+00    -1.22467194e+03     3.02462385e+02    -1.22474381e+03   
    8.68900000e+03     4.34450000e+00    -1.22467182e+03     2.90707916e+02    -1.22474137e+03   
    8.69000000e+03     4.34500000e+00    -1.22467174e+03     2.85794029e+02    -1.22473922e+03   
    8.69100000e+03     4.34550000e+00    -1.22467185e+03     2.79361917e+02    -1.22473807e+03   
    8.69200000e+03     4.34600000e+00    -1.22467189e+03     2.78655260e+02    -1.22473807e+03   
    8.69300000e+03     4.34650000e+00    -1.22467191e+03     2.84000081e+02    -1.22473878e+03   
    8.69400000e+03     4.34700000e+00    -1.22467187e+03     2.86982819e+02    -1.22474008e+03   
    8.69500000e+03     4.34750000e+00    -1.22467182e+03     3.00500067e+02    -1.22474209e+03   
    8.69600000e+03     4.34800000e+00    -1.22467189e+03     3.08507665e+02    -1.22474481e+03   
    8.69700000e+03     4.34850000e+00    -1.22467198e+03     3.16673250e+02    -1.22474740e+03   
    8.69800000e+03     4.34900000e+00    -1.22467205e+03     3.21646242e+02    -1.22474869e+03   
    8.69900000e+03     4.34950000e+00    -1.22467201e+03     3.10738793e+02    -1.22474768e+03   
    8.70000000e+03     4.35000000e+00    -1.22467201e+03     3.03282677e+02    -1.22474510e+03   
    8.70100000e+03     4.35050000e+00    -1.22467179e+03     2.91846904e+02    -1.22474194e+03   
    8.70200000e+03     4.35100000e+00    -1.22467184e+03     2.87167420e+02    -1.22473993e+03   
    8.70300000e+03     4.35150000e+00    -1.22467188e+03     2.93103535e+02    -1.22473965e+03   
    8.70400000e+03     4.35200000e+00    -1.22467186e+03     2.98481818e+02    -1.22474051e+03   
    8.70500000e+03     4.35250000e+00    -1.22467198e+03     3.01650343e+02    -1.22474166e+03   
    8.70600000e+03     4.35300000e+00    -1.22467195e+03     2.99745490e+02    -1.22474194e+03   
    8.70700000e+03     4.35350000e+00    -1.22467193e+03     2.90453265e+02    -1.22474108e+03   
    8.70800000e+03     4.35400000e+00    -1.22467192e+03     2.87950890e+02    -1.22473936e+03   
    8.70900000e+03     4.35450000e+00    -1.22467194e+03     2.82697945e+02    -1.22473749e+03   
    8.71000000e+03     4.35500000e+00    -1.22467189e+03     2.77496212e+02    -1.22473620e+03   
    8.71100000e+03     4.35550000e+00    -1.22467188e+03     2.73944253e+02    -1.22473534e+03   
    8.71200000e+03     4.35600000e+00    -1.22467183e+03     2.70863538e+02    -1.22473477e+03   
    8.71300000e+03     4.35650000e+00    -1.22467185e+03     2.75809868e+02    -1.22473448e+03   
    8.71400000e+03     4.35700000e+00    -1.22467182e+03     2.81958190e+02    -1.22473505e+03   
    8.71500000e+03     4.35750000e+00    -1.22467180e+03     2.95472904e+02    -1.22473692e+03   
    8.71600000e+03     4.35800000e+00    -1.22467188e+03     3.04738060e+02    -1.22473936e+03   
    8.71700000e+03     4.35850000e+00    -1.22467196e+03     3.11277196e+02    -1.22474166e+03   
    8.71800000e+03     4.35900000e+00    -1.22467189e+03     3.17285493e+02    -1.22474323e+03   
    8.71900000e+03     4.35950000e+00    -1.22467200e+03     3.21455386e+02    -1.22474410e+03   
    8.72000000e+03     4.36000000e+00    -1.22467190e+03     3.25444301e+02    -1.22474395e+03   
    8.72100000e+03     4.36050000e+00    -1.22467189e+03     3.27224489e+02    -1.22474395e+03   
    8.72200000e+03     4.36100000e+00    -1.22467181e+03     3.32157920e+02    -1.22474424e+03   
    8.72300000e+03     4.36150000e+00    -1.22467189e+03     3.34697570e+02    -1.22474496e+03   
    8.72400000e+03     4.36200000e+00    -1.22467197e+03     3.44054310e+02    -1.22474582e+03   
    8.72500000e+03     4.36250000e+00    -1.22467200e+03     3.42134356e+02    -1.22474625e+03   
    8.72600000e+03     4.36300000e+00    -1.22467189e+03     3.42762286e+02    -1.22474596e+03   
    8.72700000e+03     4.36350000e+00    -1.22467195e+03     3.41337968e+02    -1.22474510e+03   
    8.72800000e+03     4.36400000e+00    -1.22467191e+03     3.35109539e+02    -1.22474395e+03   
    8.72900000e+03     4.36450000e+00    -1.22467188e+03     3.24436008e+02    -1.22474295e+03   
    8.73000000e+03     4.36500000e+00    -1.22467187e+03     3.28639415e+02    -1.22474209e+03   
    8.73100000e+03     4.36550000e+00    -1.22467195e+03     3.20399960e+02    -1.22474137e+03   
    8.73200000e+03     4.36600000e+00    -1.22467179e+03     3.07087915e+02    -1.22474051e+03   
    8.73300000e+03     4.36650000e+00    -1.22467182e+03     3.03282890e+02    -1.22474051e+03   
    8.73400000e+03     4.36700000e+00    -1.22467192e+03     3.07385943e+02    -1.22474166e+03   
    8.73500000e+03     4.36750000e+00    -1.22467197e+03     3.14427410e+02    -1.22474352e+03   
    8.73600000e+03     4.36800000e+00    -1.22467203e+03     3.17731201e+02    -1.22474524e+03   
    8.73700000e+03     4.36850000e+00    -1.22467199e+03     3.20196163e+02    -1.22474611e+03   
    8.73800000e+03     4.36900000e+00    -1.22467191e+03     3.20998586e+02    -1.22474582e+03   
    8.73900000e+03     4.36950000e+00    -1.22467191e+03     3.13933409e+02    -1.22474467e+03   
    8.74000000e+03     4.37000000e+00    -1.22467189e+03     3.08314782e+02    -1.22474338e+03   
    8.74100000e+03     4.37050000e+00    -1.22467188e+03     3.04654425e+02    -1.22474252e+03   
    8.74200000e+03     4.37100000e+00    -1.22467194e+03     3.03895458e+02    -1.22474223e+03   
    8.74300000e+03     4.37150000e+00    -1.22467192e+03     3.13472632e+02    -1.22474237e+03   
    8.74400000e+03     4.37200000e+00    -1.22467190e+03     3.15596028e+02    -1.22474237e+03   
    8.74500000e+03     4.37250000e+00    -1.22467194e+03     3.14018555e+02    -1.22474180e+03   
    8.74600000e+03     4.37300000e+00    -1.22467191e+03     3.07283901e+02    -1.22474079e+03   
    8.74700000e+03     4.37350000e+00    -1.22467194e+03     2.99813631e+02    -1.22473950e+03   
    8.74800000e+03     4.37400000e+00    -1.22467189e+03     2.94089860e+02    -1.22473764e+03   
    8.74900000e+03     4.37450000e+00    -1.22467191e+03     2.82217701e+02    -1.22473577e+03   
    8.75000000e+03     4.37500000e+00    -1.22467187e+03     2.75910751e+02    -1.22473419e+03   
    8.75100000e+03     4.37550000e+00    -1.22467186e+03     2.68970631e+02    -1.22473376e+03   
    8.75200000e+03     4.37600000e+00    -1.22467192e+03     2.68926482e+02    -1.22473462e+03   
    8.75300000e+03     4.37650000e+00    -1.22467194e+03     2.75778654e+02    -1.22473649e+03   
    8.75400000e+03     4.37700000e+00    -1.22467203e+03     2.84380940e+02    -1.22473878e+03   
    8.75500000e+03     4.37750000e+00    -1.22467195e+03     2.90709848e+02    -1.22474022e+03   
    8.75600000e+03     4.37800000e+00    -1.22467197e+03     2.97233050e+02    -1.22474094e+03   
    8.75700000e+03     4.37850000e+00    -1.22467188e+03     2.94044104e+02    -1.22474079e+03   
    8.75800000e+03     4.37900000e+00    -1.22467183e+03     2.88229162e+02    -1.22474065e+03   
    8.75900000e+03     4.37950000e+00    -1.22467195e+03     2.92634402e+02    -1.22474137e+03   
    8.76000000e+03     4.38000000e+00    -1.22467188e+03     3.04285056e+02    -1.22474252e+03   
    8.76100000e+03     4.38050000e+00    -1.22467192e+03     3.09156203e+02    -1.22474424e+03   
    8.76200000e+03     4.38100000e+00    -1.22467191e+03     3.19473999e+02    -1.22474625e+03   
    8.76300000e+03     4.38150000e+00    -1.22467195e+03     3.24427188e+02    -1.22474783e+03   
    8.76400000e+03     4.38200000e+00    -1.22467206e+03     3.25484863e+02    -1.22474855e+03   
    8.76500000e+03     4.38250000e+00    -1.22467194e+03     3.20112058e+02    -1.22474797e+03   
    8.76600000e+03     4.38300000e+00    -1.22467190e+03     3.14690508e+02    -1.22474697e+03   
    8.76700000e+03     4.38350000e+00    -1.22467186e+03     3.12684777e+02    -1.22474611e+03   
    8.76800000e+03     4.38400000e+00    -1.22467186e+03     3.11458273e+02    -1.22474596e+03   
    8.76900000e+03     4.38450000e+00    -1.22467190e+03     3.18442783e+02    -1.22474668e+03   
    8.77000000e+03     4.38500000e+00    -1.22467192e+03     3.22676807e+02    -1.22474812e+03   
    8.77100000e+03     4.38550000e+00    -1.22467200e+03     3.26525190e+02    -1.22474984e+03   
    8.77200000e+03     4.38600000e+00    -1.22467202e+03     3.30238643e+02    -1.22475113e+03   
    8.77300000e+03     4.38650000e+00    -1.22467200e+03     3.34288710e+02    -1.22475127e+03   
    8.77400000e+03     4.38700000e+00    -1.22467193e+03     3.21024182e+02    -1.22475013e+03   
    8.77500000e+03     4.38750000e+00    -1.22467189e+03     3.19244977e+02    -1.22474855e+03   
    8.77600000e+03     4.38800000e+00    -1.22467187e+03     3.12072785e+02    -1.22474740e+03   
    8.77700000e+03     4.38850000e+00    -1.22467190e+03     3.15057629e+02    -1.22474740e+03   
    8.77800000e+03     4.38900000e+00    -1.22467194e+03     3.20281769e+02    -1.22474855e+03   
    8.77900000e+03     4.38950000e+00    -1.22467192e+03     3.30786101e+02    -1.22475027e+03   
    8.78000000e+03     4.39000000e+00    -1.22467196e+03     3.34340128e+02    -1.22475170e+03   
    8.78100000e+03     4.39050000e+00    -1.22467198e+03     3.35352406e+02    -1.22475213e+03   
    8.78200000e+03     4.39100000e+00    -1.22467196e+03     3.29115427e+02    -1.22475127e+03   
    8.78300000e+03     4.39150000e+00    -1.22467190e+03     3.17186286e+02    -1.22474926e+03   
    8.78400000e+03     4.39200000e+00    -1.22467186e+03     3.04338228e+02    -1.22474668e+03   
    8.78500000e+03     4.39250000e+00    -1.22467188e+03     2.95847151e+02    -1.22474424e+03   
    8.78600000e+03     4.39300000e+00    -1.22467188e+03     2.90274768e+02    -1.22474266e+03   
    8.78700000e+03     4.39350000e+00    -1.22467185e+03     2.88475909e+02    -1.22474237e+03   
    8.78800000e+03     4.39400000e+00    -1.22467188e+03     2.90413522e+02    -1.22474323e+03   
    8.78900000e+03     4.39450000e+00    -1.22467200e+03     2.98984863e+02    -1.22474438e+03   
    8.79000000e+03     4.39500000e+00    -1.22467204e+03     2.99312931e+02    -1.22474453e+03   
    8.79100000e+03     4.39550000e+00    -1.22467207e+03     2.96636519e+02    -1.22474323e+03   
    8.79200000e+03     4.39600000e+00    -1.22467191e+03     2.84082369e+02    -1.22474065e+03   
    8.79300000e+03     4.39650000e+00    -1.22467186e+03     2.71248190e+02    -1.22473807e+03   
    8.79400000e+03     4.39700000e+00    -1.22467177e+03     2.61377189e+02    -1.22473649e+03   
    8.79500000e+03     4.39750000e+00    -1.22467181e+03     2.62303650e+02    -1.22473634e+03   
    8.79600000e+03     4.39800000e+00    -1.22467186e+03     2.71091022e+02    -1.22473749e+03   
    8.79700000e+03     4.39850000e+00    -1.22467195e+03     2.77377524e+02    -1.22473922e+03   
    8.79800000e+03     4.39900000e+00    -1.22467198e+03     2.84815900e+02    -1.22474094e+03   
    8.79900000e+03     4.39950000e+00    -1.22467198e+03     2.85001150e+02    -1.22474194e+03   
    8.80000000e+03     4.40000000e+00    -1.22467200e+03     2.92651291e+02    -1.22474223e+03   
    8.80100000e+03     4.40050000e+00    -1.22467193e+03     2.92701573e+02    -1.22474166e+03   
    8.80200000e+03     4.40100000e+00    -1.22467190e+03     2.82992637e+02    -1.22474022e+03   
    8.80300000e+03     4.40150000e+00    -1.22467197e+03     2.75177710e+02    -1.22473821e+03   
    8.80400000e+03     4.40200000e+00    -1.22467188e+03     2.66071968e+02    -1.22473577e+03   
    8.80500000e+03     4.40250000e+00    -1.22467185e+03     2.56255960e+02    -1.22473390e+03   
    8.80600000e+03     4.40300000e+00    -1.22467186e+03     2.53813279e+02    -1.22473333e+03   
    8.80700000e+03     4.40350000e+00    -1.22467188e+03     2.63679056e+02    -1.22473462e+03   
    8.80800000e+03     4.40400000e+00    -1.22467200e+03     2.74731860e+02    -1.22473692e+03   
    8.80900000e+03     4.40450000e+00    -1.22467200e+03     2.79191078e+02    -1.22473850e+03   
    8.81000000e+03     4.40500000e+00    -1.22467197e+03     2.77221580e+02    -1.22473835e+03   
    8.81100000e+03     4.40550000e+00    -1.22467192e+03     2.66304240e+02    -1.22473663e+03   
    8.81200000e+03     4.40600000e+00    -1.22467192e+03     2.54125102e+02    -1.22473462e+03   
    8.81300000e+03     4.40650000e+00    -1.22467182e+03     2.47173211e+02    -1.22473333e+03   
    8.81400000e+03     4.40700000e+00    -1.22467183e+03     2.48150927e+02    -1.22473319e+03   
    8.81500000e+03     4.40750000e+00    -1.22467188e+03     2.51357765e+02    -1.22473419e+03   
    8.81600000e+03     4.40800000e+00    -1.22467187e+03     2.62594870e+02    -1.22473548e+03   
    8.81700000e+03     4.40850000e+00    -1.22467196e+03     2.69096435e+02    -1.22473706e+03   
    8.81800000e+03     4.40900000e+00    -1.22467189e+03     2.74136637e+02    -1.22473792e+03   
    8.81900000e+03     4.40950000e+00    -1.22467197e+03     2.82800042e+02    -1.22473835e+03   
    8.82000000e+03     4.41000000e+00    -1.22467199e+03     2.81162590e+02    -1.22473807e+03   
    8.82100000e+03     4.41050000e+00    -1.22467192e+03     2.80714964e+02    -1.22473706e+03   
    8.82200000e+03     4.41100000e+00    -1.22467197e+03     2.73928974e+02    -1.22473563e+03   
    8.82300000e+03     4.41150000e+00    -1.22467181e+03     2.63841203e+02    -1.22473376e+03   
    8.82400000e+03     4.41200000e+00    -1.22467183e+03     2.63439369e+02    -1.22473261e+03   
    8.82500000e+03     4.41250000e+00    -1.22467189e+03     2.60741496e+02    -1.22473232e+03   
    8.82600000e+03     4.41300000e+00    -1.22467192e+03     2.58056046e+02    -1.22473261e+03   
    8.82700000e+03     4.41350000e+00    -1.22467191e+03     2.67704286e+02    -1.22473290e+03   
    8.82800000e+03     4.41400000e+00    -1.22467195e+03     2.61843689e+02    -1.22473261e+03   
    8.82900000e+03     4.41450000e+00    -1.22467191e+03     2.53417122e+02    -1.22473132e+03   
    8.83000000e+03     4.41500000e+00    -1.22467181e+03     2.43166253e+02    -1.22472974e+03   
    8.83100000e+03     4.41550000e+00    -1.22467189e+03     2.39691640e+02    -1.22472874e+03   
    8.83200000e+03     4.41600000e+00    -1.22467179e+03     2.37506192e+02    -1.22472816e+03   
    8.83300000e+03     4.41650000e+00    -1.22467194e+03     2.35047576e+02    -1.22472859e+03   
    8.83400000e+03     4.41700000e+00    -1.22467194e+03     2.31094326e+02    -1.22472888e+03   
    8.83500000e+03     4.41750000e+00    -1.22467182e+03     2.33829014e+02    -1.22472917e+03   
    8.83600000e+03     4.41800000e+00    -1.22467182e+03     2.37388799e+02    -1.22473017e+03   
    8.83700000e+03     4.41850000e+00    -1.22467186e+03     2.45665873e+02    -1.22473204e+03   
    8.83800000e+03     4.41900000e+00    -1.22467192e+03     2.55859962e+02    -1.22473433e+03   
    8.83900000e+03     4.41950000e+00    -1.22467196e+03     2.67823655e+02    -1.22473649e+03   
    8.84000000e+03     4.42000000e+00    -1.22467191e+03     2.81472213e+02    -1.22473778e+03   
    8.84100000e+03     4.42050000e+00    -1.22467193e+03     2.86709183e+02    -1.22473835e+03   
    8.84200000e+03     4.42100000e+00    -1.22467189e+03     2.85750189e+02    -1.22473807e+03   
    8.84300000e+03     4.42150000e+00    -1.22467197e+03     2.85082177e+02    -1.22473749e+03   
    8.84400000e+03     4.42200000e+00    -1.22467181e+03     2.87852081e+02    -1.22473649e+03   
    8.84500000e+03     4.42250000e+00    -1.22467191e+03     2.81424301e+02    -1.22473606e+03   
    8.84600000e+03     4.42300000e+00    -1.22467193e+03     2.82552362e+02    -1.22473606e+03   
    8.84700000e+03     4.42350000e+00    -1.22467192e+03     2.85534947e+02    -1.22473620e+03   
    8.84800000e+03     4.42400000e+00    -1.22467191e+03     2.84953369e+02    -1.22473620e+03   
    8.84900000e+03     4.42450000e+00    -1.22467184e+03     2.86804139e+02    -1.22473634e+03   
    8.85000000e+03     4.42500000e+00    -1.22467192e+03     2.90528184e+02    -1.22473677e+03   
    8.85100000e+03     4.42550000e+00    -1.22467192e+03     2.88984373e+02    -1.22473692e+03   
    8.85200000e+03     4.42600000e+00    -1.22467193e+03     2.88989129e+02    -1.22473677e+03   
    8.85300000e+03     4.42650000e+00    -1.22467185e+03     2.84401319e+02    -1.22473591e+03   
    8.85400000e+03     4.42700000e+00    -1.22467183e+03     2.81107970e+02    -1.22473505e+03   
    8.85500000e+03     4.42750000e+00    -1.22467189e+03     2.77532189e+02    -1.22473505e+03   
    8.85600000e+03     4.42800000e+00    -1.22467187e+03     2.78929152e+02    -1.22473606e+03   
    8.85700000e+03     4.42850000e+00    -1.22467190e+03     2.83282235e+02    -1.22473792e+03   
    8.85800000e+03     4.42900000e+00    -1.22467195e+03     2.94914969e+02    -1.22474008e+03   
    8.85900000e+03     4.42950000e+00    -1.22467191e+03     3.04749764e+02    -1.22474166e+03   
    8.86000000e+03     4.43000000e+00    -1.22467200e+03     3.04612340e+02    -1.22474252e+03   
    8.86100000e+03     4.43050000e+00    -1.22467198e+03     3.08526951e+02    -1.22474252e+03   
    8.86200000e+03     4.43100000e+00    -1.22467197e+03     3.03098625e+02    -1.22474151e+03   
    8.86300000e+03     4.43150000e+00    -1.22467191e+03     2.98313226e+02    -1.22473993e+03   
    8.86400000e+03     4.43200000e+00    -1.22467194e+03     2.89956311e+02    -1.22473850e+03   
    8.86500000e+03     4.43250000e+00    -1.22467189e+03     2.87541229e+02    -1.22473778e+03   
    8.86600000e+03     4.43300000e+00    -1.22467181e+03     2.88626179e+02    -1.22473807e+03   
    8.86700000e+03     4.43350000e+00    -1.22467187e+03     2.94040306e+02    -1.22473950e+03   
    8.86800000e+03     4.43400000e+00    -1.22467195e+03     3.04923339e+02    -1.22474151e+03   
    8.86900000e+03     4.43450000e+00    -1.22467196e+03     3.13047972e+02    -1.22474295e+03   
    8.87000000e+03     4.43500000e+00    -1.22467194e+03     3.20047292e+02    -1.22474338e+03   
    8.87100000e+03     4.43550000e+00    -1.22467197e+03     3.17885086e+02    -1.22474252e+03   
    8.87200000e+03     4.43600000e+00    -1.22467196e+03     3.04227432e+02    -1.22474094e+03   
    8.87300000e+03     4.43650000e+00    -1.22467189e+03     2.95472455e+02    -1.22473922e+03   
    8.87400000e+03     4.43700000e+00    -1.22467191e+03     2.90307563e+02    -1.22473835e+03   
    8.87500000e+03     4.43750000e+00    -1.22467189e+03     2.92017710e+02    -1.22473850e+03   
    8.87600000e+03     4.43800000e+00    -1.22467189e+03     2.97341355e+02    -1.22473950e+03   
    8.87700000e+03     4.43850000e+00    -1.22467187e+03     3.07290554e+02    -1.22474094e+03   
    8.87800000e+03     4.43900000e+00    -1.22467189e+03     3.13652419e+02    -1.22474237e+03   
    8.87900000e+03     4.43950000e+00    -1.22467197e+03     3.22016526e+02    -1.22474381e+03   
    8.88000000e+03     4.44000000e+00    -1.22467197e+03     3.27873881e+02    -1.22474481e+03   
    8.88100000e+03     4.44050000e+00    -1.22467194e+03     3.22049094e+02    -1.22474496e+03   
    8.88200000e+03     4.44100000e+00    -1.22467205e+03     3.18780565e+02    -1.22474424e+03   
    8.88300000e+03     4.44150000e+00    -1.22467198e+03     3.08384812e+02    -1.22474209e+03   
    8.88400000e+03     4.44200000e+00    -1.22467190e+03     2.96010963e+02    -1.22473922e+03   
    8.88500000e+03     4.44250000e+00    -1.22467178e+03     2.93187656e+02    -1.22473721e+03   
    8.88600000e+03     4.44300000e+00    -1.22467187e+03     2.90704555e+02    -1.22473692e+03   
    8.88700000e+03     4.44350000e+00    -1.22467186e+03     3.00036545e+02    -1.22473850e+03   
    8.88800000e+03     4.44400000e+00    -1.22467199e+03     3.11625769e+02    -1.22474051e+03   
    8.88900000e+03     4.44450000e+00    -1.22467209e+03     3.09588823e+02    -1.22474166e+03   
    8.89000000e+03     4.44500000e+00    -1.22467204e+03     3.06182063e+02    -1.22474108e+03   
    8.89100000e+03     4.44550000e+00    -1.22467194e+03     2.98427322e+02    -1.22473907e+03   
    8.89200000e+03     4.44600000e+00    -1.22467186e+03     2.88830574e+02    -1.22473663e+03   
    8.89300000e+03     4.44650000e+00    -1.22467182e+03     2.80823358e+02    -1.22473462e+03   
    8.89400000e+03     4.44700000e+00    -1.22467187e+03     2.71588053e+02    -1.22473347e+03   
    8.89500000e+03     4.44750000e+00    -1.22467182e+03     2.72543723e+02    -1.22473333e+03   
    8.89600000e+03     4.44800000e+00    -1.22467189e+03     2.79777122e+02    -1.22473419e+03   
    8.89700000e+03     4.44850000e+00    -1.22467193e+03     2.89478558e+02    -1.22473577e+03   
    8.89800000e+03     4.44900000e+00    -1.22467200e+03     2.99869638e+02    -1.22473792e+03   
    8.89900000e+03     4.44950000e+00    -1.22467196e+03     3.07965206e+02    -1.22473979e+03   
    8.90000000e+03     4.45000000e+00    -1.22467205e+03     3.14388591e+02    -1.22474065e+03   
    8.90100000e+03     4.45050000e+00    -1.22467209e+03     3.09648147e+02    -1.22473965e+03   
    8.90200000e+03     4.45100000e+00    -1.22467189e+03     2.99836785e+02    -1.22473663e+03   
    8.90300000e+03     4.45150000e+00    -1.22467190e+03     2.81300207e+02    -1.22473319e+03   
    8.90400000e+03     4.45200000e+00    -1.22467186e+03     2.67094530e+02    -1.22473060e+03   
    8.90500000e+03     4.45250000e+00    -1.22467184e+03     2.63743315e+02    -1.22472988e+03   
    8.90600000e+03     4.45300000e+00    -1.22467192e+03     2.66446105e+02    -1.22473089e+03   
    8.90700000e+03     4.45350000e+00    -1.22467190e+03     2.76196784e+02    -1.22473261e+03   
    8.90800000e+03     4.45400000e+00    -1.22467198e+03     2.83718245e+02    -1.22473419e+03   
    8.90900000e+03     4.45450000e+00    -1.22467190e+03     2.84048733e+02    -1.22473520e+03   
    8.91000000e+03     4.45500000e+00    -1.22467199e+03     2.89158188e+02    -1.22473577e+03   
    8.91100000e+03     4.45550000e+00    -1.22467198e+03     2.91353073e+02    -1.22473606e+03   
    8.91200000e+03     4.45600000e+00    -1.22467187e+03     2.87702010e+02    -1.22473577e+03   
    8.91300000e+03     4.45650000e+00    -1.22467193e+03     2.85648940e+02    -1.22473548e+03   
    8.91400000e+03     4.45700000e+00    -1.22467185e+03     2.79763635e+02    -1.22473491e+03   
    8.91500000e+03     4.45750000e+00    -1.22467186e+03     2.75457265e+02    -1.22473505e+03   
    8.91600000e+03     4.45800000e+00    -1.22467187e+03     2.77194235e+02    -1.22473634e+03   
    8.91700000e+03     4.45850000e+00    -1.22467186e+03     2.92092318e+02    -1.22473878e+03   
    8.91800000e+03     4.45900000e+00    -1.22467196e+03     3.08530177e+02    -1.22474209e+03   
    8.91900000e+03     4.45950000e+00    -1.22467204e+03     3.28156000e+02    -1.22474539e+03   
    8.92000000e+03     4.46000000e+00    -1.22467205e+03     3.35745988e+02    -1.22474754e+03   
    8.92100000e+03     4.46050000e+00    -1.22467203e+03     3.39163864e+02    -1.22474826e+03   
    8.92200000e+03     4.46100000e+00    -1.22467198e+03     3.42195012e+02    -1.22474754e+03   
    8.92300000e+03     4.46150000e+00    -1.22467198e+03     3.36303966e+02    -1.22474553e+03   
    8.92400000e+03     4.46200000e+00    -1.22467187e+03     3.25833893e+02    -1.22474266e+03   
    8.92500000e+03     4.46250000e+00    -1.22467184e+03     3.19852852e+02    -1.22474008e+03   
    8.92600000e+03     4.46300000e+00    -1.22467182e+03     3.14975815e+02    -1.22473807e+03   
    8.92700000e+03     4.46350000e+00    -1.22467191e+03     3.07628904e+02    -1.22473692e+03   
    8.92800000e+03     4.46400000e+00    -1.22467180e+03     3.02761187e+02    -1.22473663e+03   
    8.92900000e+03     4.46450000e+00    -1.22467180e+03     3.02043154e+02    -1.22473735e+03   
    8.93000000e+03     4.46500000e+00    -1.22467189e+03     3.09385347e+02    -1.22473864e+03   
    8.93100000e+03     4.46550000e+00    -1.22467202e+03     3.15083763e+02    -1.22473979e+03   
    8.93200000e+03     4.46600000e+00    -1.22467199e+03     3.06532671e+02    -1.22473922e+03   
    8.93300000e+03     4.46650000e+00    -1.22467200e+03     2.91722387e+02    -1.22473663e+03   
    8.93400000e+03     4.46700000e+00    -1.22467191e+03     2.71614603e+02    -1.22473261e+03   
    8.93500000e+03     4.46750000e+00    -1.22467177e+03     2.52944438e+02    -1.22472917e+03   
    8.93600000e+03     4.46800000e+00    -1.22467173e+03     2.48192520e+02    -1.22472802e+03   
    8.93700000e+03     4.46850000e+00    -1.22467174e+03     2.55912839e+02    -1.22472945e+03   
    8.93800000e+03     4.46900000e+00    -1.22467196e+03     2.71797597e+02    -1.22473304e+03   
    8.93900000e+03     4.46950000e+00    -1.22467200e+03     2.89134551e+02    -1.22473692e+03   
    8.94000000e+03     4.47000000e+00    -1.22467199e+03     2.94554459e+02    -1.22473936e+03   
    8.94100000e+03     4.47050000e+00    -1.22467209e+03     2.99144254e+02    -1.22474022e+03   
    8.94200000e+03     4.47100000e+00    -1.22467195e+03     2.99718088e+02    -1.22473936e+03   
    8.94300000e+03     4.47150000e+00    -1.22467187e+03     2.91300795e+02    -1.22473778e+03   
    8.94400000e+03     4.47200000e+00    -1.22467188e+03     2.85195710e+02    -1.22473620e+03   
    8.94500000e+03     4.47250000e+00    -1.22467188e+03     2.83402399e+02    -1.22473520e+03   
    8.94600000e+03     4.47300000e+00    -1.22467191e+03     2.82230304e+02    -1.22473520e+03   
    8.94700000e+03     4.47350000e+00    -1.22467182e+03     2.83619522e+02    -1.22473606e+03   
    8.94800000e+03     4.47400000e+00    -1.22467193e+03     2.89479453e+02    -1.22473821e+03   
    8.94900000e+03     4.47450000e+00    -1.22467201e+03     3.00684874e+02    -1.22474065e+03   
    8.95000000e+03     4.47500000e+00    -1.22467194e+03     3.03774862e+02    -1.22474266e+03   
    8.95100000e+03     4.47550000e+00    -1.22467204e+03     3.07307629e+02    -1.22474352e+03   
    8.95200000e+03     4.47600000e+00    -1.22467201e+03     3.05317903e+02    -1.22474280e+03   
    8.95300000e+03     4.47650000e+00    -1.22467198e+03     2.94429548e+02    -1.22474108e+03   
    8.95400000e+03     4.47700000e+00    -1.22467179e+03     2.87795518e+02    -1.22473965e+03   
    8.95500000e+03     4.47750000e+00    -1.22467174e+03     2.86860876e+02    -1.22473993e+03   
    8.95600000e+03     4.47800000e+00    -1.22467184e+03     3.01441577e+02    -1.22474266e+03   
    8.95700000e+03     4.47850000e+00    -1.22467188e+03     3.17885635e+02    -1.22474711e+03   
    8.95800000e+03     4.47900000e+00    -1.22467204e+03     3.35941566e+02    -1.22475199e+03   
    8.95900000e+03     4.47950000e+00    -1.22467205e+03     3.56777592e+02    -1.22475529e+03   
    8.96000000e+03     4.48000000e+00    -1.22467212e+03     3.61638534e+02    -1.22475630e+03   
    8.96100000e+03     4.48050000e+00    -1.22467198e+03     3.59839614e+02    -1.22475486e+03   
    8.96200000e+03     4.48100000e+00    -1.22467198e+03     3.56232496e+02    -1.22475271e+03   
    8.96300000e+03     4.48150000e+00    -1.22467188e+03     3.51301001e+02    -1.22475070e+03   
    8.96400000e+03     4.48200000e+00    -1.22467189e+03     3.39631277e+02    -1.22474955e+03   
    8.96500000e+03     4.48250000e+00    -1.22467186e+03     3.38741694e+02    -1.22474969e+03   
    8.96600000e+03     4.48300000e+00    -1.22467202e+03     3.43523906e+02    -1.22475127e+03   
    8.96700000e+03     4.48350000e+00    -1.22467197e+03     3.47539871e+02    -1.22475285e+03   
    8.96800000e+03     4.48400000e+00    -1.22467198e+03     3.54843095e+02    -1.22475414e+03   
    8.96900000e+03     4.48450000e+00    -1.22467206e+03     3.55532165e+02    -1.22475458e+03   
    8.97000000e+03     4.48500000e+00    -1.22467208e+03     3.43806618e+02    -1.22475314e+03   
    8.97100000e+03     4.48550000e+00    -1.22467200e+03     3.30723415e+02    -1.22474984e+03   
    8.97200000e+03     4.48600000e+00    -1.22467190e+03     3.07925005e+02    -1.22474553e+03   
    8.97300000e+03     4.48650000e+00    -1.22467182e+03     2.91260008e+02    -1.22474166e+03   
    8.97400000e+03     4.48700000e+00    -1.22467177e+03     2.77895452e+02    -1.22473965e+03   
    8.97500000e+03     4.48750000e+00    -1.22467185e+03     2.87031932e+02    -1.22474079e+03   
    8.97600000e+03     4.48800000e+00    -1.22467193e+03     2.99835151e+02    -1.22474410e+03   
    8.97700000e+03     4.48850000e+00    -1.22467214e+03     3.20212223e+02    -1.22474783e+03   
    8.97800000e+03     4.48900000e+00    -1.22467218e+03     3.22172786e+02    -1.22474984e+03   
    8.97900000e+03     4.48950000e+00    -1.22467216e+03     3.18964728e+02    -1.22474912e+03   
    8.98000000e+03     4.49000000e+00    -1.22467196e+03     3.07905915e+02    -1.22474596e+03   
    8.98100000e+03     4.49050000e+00    -1.22467190e+03     2.88750469e+02    -1.22474237e+03   
    8.98200000e+03     4.49100000e+00    -1.22467178e+03     2.77274281e+02    -1.22473979e+03   
    8.98300000e+03     4.49150000e+00    -1.22467184e+03     2.75793743e+02    -1.22473979e+03   
    8.98400000e+03     4.49200000e+00    -1.22467192e+03     2.75867019e+02    -1.22474151e+03   
    8.98500000e+03     4.49250000e+00    -1.22467191e+03     2.87644921e+02    -1.22474410e+03   
    8.98600000e+03     4.49300000e+00    -1.22467202e+03     2.98557290e+02    -1.22474697e+03   
    8.98700000e+03     4.49350000e+00    -1.22467208e+03     3.08305751e+02    -1.22474869e+03   
    8.98800000e+03     4.49400000e+00    -1.22467210e+03     3.07791331e+02    -1.22474912e+03   
    8.98900000e+03     4.49450000e+00    -1.22467204e+03     2.94383289e+02    -1.22474768e+03   
    8.99000000e+03     4.49500000e+00    -1.22467196e+03     2.80301716e+02    -1.22474496e+03   
    8.99100000e+03     4.49550000e+00    -1.22467193e+03     2.66364396e+02    -1.22474180e+03   
    8.99200000e+03     4.49600000e+00    -1.22467181e+03     2.54539888e+02    -1.22473922e+03   
    8.99300000e+03     4.49650000e+00    -1.22467180e+03     2.52242225e+02    -1.22473878e+03   
    8.99400000e+03     4.49700000e+00    -1.22467187e+03     2.65805149e+02    -1.22474137e+03   
    8.99500000e+03     4.49750000e+00    -1.22467196e+03     2.82833939e+02    -1.22474596e+03   
    8.99600000e+03     4.49800000e+00    -1.22467205e+03     3.01555235e+02    -1.22475084e+03   
    8.99700000e+03     4.49850000e+00    -1.22467211e+03     3.20728199e+02    -1.22475400e+03   
    8.99800000e+03     4.49900000e+00    -1.22467213e+03     3.24382790e+02    -1.22475472e+03   
    8.99900000e+03     4.49950000e+00    -1.22467199e+03     3.16365936e+02    -1.22475314e+03   
    9.00000000e+03     4.50000000e+00    -1.22467182e+03     3.08874647e+02    -1.22475099e+03   
    9.00100000e+03     4.50050000e+00    -1.22467185e+03     3.06524298e+02    -1.22475027e+03   
    9.00200000e+03     4.50100000e+00    -1.22467185e+03     3.05510174e+02    -1.22475142e+03   
    9.00300000e+03     4.50150000e+00    -1.22467190e+03     3.21751188e+02    -1.22475429e+03   
    9.00400000e+03     4.50200000e+00    -1.22467202e+03     3.40628490e+02    -1.22475802e+03   
    9.00500000e+03     4.50250000e+00    -1.22467207e+03     3.57396486e+02    -1.22476118e+03   
    9.00600000e+03     4.50300000e+00    -1.22467211e+03     3.60841318e+02    -1.22476304e+03   
    9.00700000e+03     4.50350000e+00    -1.22467210e+03     3.59633209e+02    -1.22476304e+03   
    9.00800000e+03     4.50400000e+00    -1.22467208e+03     3.54705815e+02    -1.22476118e+03   
    9.00900000e+03     4.50450000e+00    -1.22467199e+03     3.39100188e+02    -1.22475788e+03   
    9.01000000e+03     4.50500000e+00    -1.22467193e+03     3.21980250e+02    -1.22475400e+03   
    9.01100000e+03     4.50550000e+00    -1.22467178e+03     3.08627132e+02    -1.22475099e+03   
    9.01200000e+03     4.50600000e+00    -1.22467186e+03     3.05653600e+02    -1.22475013e+03   
    9.01300000e+03     4.50650000e+00    -1.22467189e+03     3.08460442e+02    -1.22475142e+03   
    9.01400000e+03     4.50700000e+00    -1.22467201e+03     3.13955932e+02    -1.22475400e+03   
    9.01500000e+03     4.50750000e+00    -1.22467212e+03     3.25210674e+02    -1.22475615e+03   
    9.01600000e+03     4.50800000e+00    -1.22467205e+03     3.24364691e+02    -1.22475630e+03   
    9.01700000e+03     4.50850000e+00    -1.22467202e+03     3.12608900e+02    -1.22475414e+03   
    9.01800000e+03     4.50900000e+00    -1.22467196e+03     2.99014140e+02    -1.22475056e+03   
    9.01900000e+03     4.50950000e+00    -1.22467181e+03     2.84644528e+02    -1.22474711e+03   
    9.02000000e+03     4.51000000e+00    -1.22467185e+03     2.78018923e+02    -1.22474567e+03   
    9.02100000e+03     4.51050000e+00    -1.22467180e+03     2.83233778e+02    -1.22474639e+03   
    9.02200000e+03     4.51100000e+00    -1.22467195e+03     2.91407930e+02    -1.22474898e+03   
    9.02300000e+03     4.51150000e+00    -1.22467204e+03     3.08179106e+02    -1.22475257e+03   
    9.02400000e+03     4.51200000e+00    -1.22467206e+03     3.27376793e+02    -1.22475587e+03   
    9.02500000e+03     4.51250000e+00    -1.22467214e+03     3.36772160e+02    -1.22475759e+03   
    9.02600000e+03     4.51300000e+00    -1.22467213e+03     3.33729866e+02    -1.22475658e+03   
    9.02700000e+03     4.51350000e+00    -1.22467203e+03     3.17543434e+02    -1.22475271e+03   
    9.02800000e+03     4.51400000e+00    -1.22467192e+03     2.96349497e+02    -1.22474697e+03   
    9.02900000e+03     4.51450000e+00    -1.22467180e+03     2.70250199e+02    -1.22474122e+03   
    9.03000000e+03     4.51500000e+00    -1.22467176e+03     2.56215831e+02    -1.22473792e+03   
    9.03100000e+03     4.51550000e+00    -1.22467172e+03     2.56049308e+02    -1.22473792e+03   
    9.03200000e+03     4.51600000e+00    -1.22467183e+03     2.62914104e+02    -1.22474051e+03   
    9.03300000e+03     4.51650000e+00    -1.22467201e+03     2.76115014e+02    -1.22474410e+03   
    9.03400000e+03     4.51700000e+00    -1.22467201e+03     2.87068015e+02    -1.22474639e+03   
    9.03500000e+03     4.51750000e+00    -1.22467203e+03     2.84527303e+02    -1.22474639e+03   
    9.03600000e+03     4.51800000e+00    -1.22467196e+03     2.75432435e+02    -1.22474424e+03   
    9.03700000e+03     4.51850000e+00    -1.22467185e+03     2.61478513e+02    -1.22474108e+03   
    9.03800000e+03     4.51900000e+00    -1.22467181e+03     2.49692053e+02    -1.22473821e+03   
    9.03900000e+03     4.51950000e+00    -1.22467176e+03     2.48998547e+02    -1.22473721e+03   
    9.04000000e+03     4.52000000e+00    -1.22467176e+03     2.58130187e+02    -1.22473878e+03   
    9.04100000e+03     4.52050000e+00    -1.22467175e+03     2.75824798e+02    -1.22474280e+03   
    9.04200000e+03     4.52100000e+00    -1.22467196e+03     3.00743219e+02    -1.22474869e+03   
    9.04300000e+03     4.52150000e+00    -1.22467208e+03     3.26123898e+02    -1.22475443e+03   
    9.04400000e+03     4.52200000e+00    -1.22467215e+03     3.41404833e+02    -1.22475831e+03   
    9.04500000e+03     4.52250000e+00    -1.22467220e+03     3.34828996e+02    -1.22475874e+03   
    9.04600000e+03     4.52300000e+00    -1.22467199e+03     3.17854255e+02    -1.22475544e+03   
    9.04700000e+03     4.52350000e+00    -1.22467188e+03     2.92412373e+02    -1.22475027e+03   
    9.04800000e+03     4.52400000e+00    -1.22467172e+03     2.72630716e+02    -1.22474539e+03   
    9.04900000e+03     4.52450000e+00    -1.22467175e+03     2.60401480e+02    -1.22474295e+03   
    9.05000000e+03     4.52500000e+00    -1.22467179e+03     2.61327886e+02    -1.22474367e+03   
    9.05100000e+03     4.52550000e+00    -1.22467196e+03     2.76164935e+02    -1.22474697e+03   
    9.05200000e+03     4.52600000e+00    -1.22467196e+03     2.88938594e+02    -1.22475056e+03   
    9.05300000e+03     4.52650000e+00    -1.22467206e+03     2.98100116e+02    -1.22475271e+03   
    9.05400000e+03     4.52700000e+00    -1.22467209e+03     2.98400628e+02    -1.22475285e+03   
    9.05500000e+03     4.52750000e+00    -1.22467204e+03     2.92747478e+02    -1.22475127e+03   
    9.05600000e+03     4.52800000e+00    -1.22467189e+03     2.80258485e+02    -1.22474898e+03   
    9.05700000e+03     4.52850000e+00    -1.22467190e+03     2.71946167e+02    -1.22474711e+03   
    9.05800000e+03     4.52900000e+00    -1.22467185e+03     2.70051014e+02    -1.22474668e+03   
    9.05900000e+03     4.52950000e+00    -1.22467183e+03     2.76566362e+02    -1.22474812e+03   
    9.06000000e+03     4.53000000e+00    -1.22467182e+03     2.91431744e+02    -1.22475170e+03   
    9.06100000e+03     4.53050000e+00    -1.22467198e+03     3.18425617e+02    -1.22475716e+03   
    9.06200000e+03     4.53100000e+00    -1.22467208e+03     3.41488747e+02    -1.22476247e+03   
    9.06300000e+03     4.53150000e+00    -1.22467214e+03     3.56362389e+02    -1.22476577e+03   
    9.06400000e+03     4.53200000e+00    -1.22467219e+03     3.58011412e+02    -1.22476577e+03   
    9.06500000e+03     4.53250000e+00    -1.22467201e+03     3.41493072e+02    -1.22476218e+03   
    9.06600000e+03     4.53300000e+00    -1.22467194e+03     3.19039901e+02    -1.22475730e+03   
    9.06700000e+03     4.53350000e+00    -1.22467186e+03     2.99479629e+02    -1.22475328e+03   
    9.06800000e+03     4.53400000e+00    -1.22467179e+03     2.91788371e+02    -1.22475142e+03   
    9.06900000e+03     4.53450000e+00    -1.22467182e+03     2.95845638e+02    -1.22475185e+03   
    9.07000000e+03     4.53500000e+00    -1.22467194e+03     3.10263657e+02    -1.22475357e+03   
    9.07100000e+03     4.53550000e+00    -1.22467197e+03     3.14156311e+02    -1.22475458e+03   
    9.07200000e+03     4.53600000e+00    -1.22467200e+03     3.14820084e+02    -1.22475429e+03   
    9.07300000e+03     4.53650000e+00    -1.22467201e+03     3.05636398e+02    -1.22475257e+03   
    9.07400000e+03     4.53700000e+00    -1.22467191e+03     2.92150102e+02    -1.22474984e+03   
    9.07500000e+03     4.53750000e+00    -1.22467186e+03     2.83927943e+02    -1.22474754e+03   
    9.07600000e+03     4.53800000e+00    -1.22467187e+03     2.78730203e+02    -1.22474611e+03   
    9.07700000e+03     4.53850000e+00    -1.22467181e+03     2.85984181e+02    -1.22474567e+03   
    9.07800000e+03     4.53900000e+00    -1.22467192e+03     2.88469277e+02    -1.22474668e+03   
    9.07900000e+03     4.53950000e+00    -1.22467194e+03     2.96487975e+02    -1.22474883e+03   
    9.08000000e+03     4.54000000e+00    -1.22467196e+03     3.09569355e+02    -1.22475142e+03   
    9.08100000e+03     4.54050000e+00    -1.22467202e+03     3.21346258e+02    -1.22475371e+03   
    9.08200000e+03     4.54100000e+00    -1.22467199e+03     3.24622951e+02    -1.22475501e+03   
    9.08300000e+03     4.54150000e+00    -1.22467206e+03     3.24169624e+02    -1.22475472e+03   
    9.08400000e+03     4.54200000e+00    -1.22467197e+03     3.15535031e+02    -1.22475285e+03   
    9.08500000e+03     4.54250000e+00    -1.22467190e+03     3.10596139e+02    -1.22475041e+03   
    9.08600000e+03     4.54300000e+00    -1.22467191e+03     2.97478699e+02    -1.22474869e+03   
    9.08700000e+03     4.54350000e+00    -1.22467193e+03     2.92360346e+02    -1.22474826e+03   
    9.08800000e+03     4.54400000e+00    -1.22467189e+03     2.98467656e+02    -1.22474869e+03   
    9.08900000e+03     4.54450000e+00    -1.22467193e+03     3.01649351e+02    -1.22474926e+03   
    9.09000000e+03     4.54500000e+00    -1.22467201e+03     2.94759683e+02    -1.22474926e+03   
    9.09100000e+03     4.54550000e+00    -1.22467200e+03     2.96879605e+02    -1.22474840e+03   
    9.09200000e+03     4.54600000e+00    -1.22467190e+03     2.91055663e+02    -1.22474711e+03   
    9.09300000e+03     4.54650000e+00    -1.22467191e+03     2.84512230e+02    -1.22474596e+03   
    9.09400000e+03     4.54700000e+00    -1.22467195e+03     2.81863133e+02    -1.22474524e+03   
    9.09500000e+03     4.54750000e+00    -1.22467194e+03     2.83646288e+02    -1.22474524e+03   
    9.09600000e+03     4.54800000e+00    -1.22467196e+03     2.83898331e+02    -1.22474539e+03   
    9.09700000e+03     4.54850000e+00    -1.22467197e+03     2.87741155e+02    -1.22474582e+03   
    9.09800000e+03     4.54900000e+00    -1.22467197e+03     2.90722773e+02    -1.22474697e+03   
    9.09900000e+03     4.54950000e+00    -1.22467194e+03     2.97474938e+02    -1.22474826e+03   
    9.10000000e+03     4.55000000e+00    -1.22467191e+03     3.06216791e+02    -1.22475027e+03   
    9.10100000e+03     4.55050000e+00    -1.22467198e+03     3.15670995e+02    -1.22475242e+03   
    9.10200000e+03     4.55100000e+00    -1.22467209e+03     3.18718538e+02    -1.22475400e+03   
    9.10300000e+03     4.55150000e+00    -1.22467195e+03     3.14493611e+02    -1.22475429e+03   
    9.10400000e+03     4.55200000e+00    -1.22467204e+03     3.11059865e+02    -1.22475429e+03   
    9.10500000e+03     4.55250000e+00    -1.22467192e+03     3.16611423e+02    -1.22475371e+03   
    9.10600000e+03     4.55300000e+00    -1.22467198e+03     3.18499334e+02    -1.22475314e+03   
    9.10700000e+03     4.55350000e+00    -1.22467201e+03     3.15989681e+02    -1.22475257e+03   
    9.10800000e+03     4.55400000e+00    -1.22467191e+03     3.20781964e+02    -1.22475170e+03   
    9.10900000e+03     4.55450000e+00    -1.22467199e+03     3.12122634e+02    -1.22475099e+03   
    9.11000000e+03     4.55500000e+00    -1.22467189e+03     3.11556417e+02    -1.22474984e+03   
    9.11100000e+03     4.55550000e+00    -1.22467198e+03     3.05634953e+02    -1.22474912e+03   
    9.11200000e+03     4.55600000e+00    -1.22467201e+03     3.07840426e+02    -1.22474855e+03   
    9.11300000e+03     4.55650000e+00    -1.22467196e+03     3.10271994e+02    -1.22474797e+03   
    9.11400000e+03     4.55700000e+00    -1.22467196e+03     3.08609125e+02    -1.22474754e+03   
    9.11500000e+03     4.55750000e+00    -1.22467191e+03     3.10514945e+02    -1.22474725e+03   
    9.11600000e+03     4.55800000e+00    -1.22467191e+03     3.08589155e+02    -1.22474711e+03   
    9.11700000e+03     4.55850000e+00    -1.22467196e+03     3.14136856e+02    -1.22474740e+03   
    9.11800000e+03     4.55900000e+00    -1.22467198e+03     3.19446716e+02    -1.22474812e+03   
    9.11900000e+03     4.55950000e+00    -1.22467196e+03     3.26004408e+02    -1.22474941e+03   
    9.12000000e+03     4.56000000e+00    -1.22467203e+03     3.27723701e+02    -1.22475070e+03   
    9.12100000e+03     4.56050000e+00    -1.22467193e+03     3.32429204e+02    -1.22475156e+03   
    9.12200000e+03     4.56100000e+00    -1.22467197e+03     3.31489580e+02    -1.22475213e+03   
    9.12300000e+03     4.56150000e+00    -1.22467197e+03     3.35427984e+02    -1.22475242e+03   
    9.12400000e+03     4.56200000e+00    -1.22467193e+03     3.31942830e+02    -1.22475271e+03   
    9.12500000e+03     4.56250000e+00    -1.22467200e+03     3.37462245e+02    -1.22475271e+03   
    9.12600000e+03     4.56300000e+00    -1.22467198e+03     3.37304632e+02    -1.22475257e+03   
    9.12700000e+03     4.56350000e+00    -1.22467201e+03     3.44560354e+02    -1.22475257e+03   
    9.12800000e+03     4.56400000e+00    -1.22467200e+03     3.46493833e+02    -1.22475242e+03   
    9.12900000e+03     4.56450000e+00    -1.22467193e+03     3.44166818e+02    -1.22475170e+03   
    9.13000000e+03     4.56500000e+00    -1.22467201e+03     3.40047652e+02    -1.22475084e+03   
    9.13100000e+03     4.56550000e+00    -1.22467196e+03     3.33066959e+02    -1.22474969e+03   
    9.13200000e+03     4.56600000e+00    -1.22467201e+03     3.30495316e+02    -1.22474869e+03   
    9.13300000e+03     4.56650000e+00    -1.22467188e+03     3.26936088e+02    -1.22474754e+03   
    9.13400000e+03     4.56700000e+00    -1.22467197e+03     3.21076005e+02    -1.22474668e+03   
    9.13500000e+03     4.56750000e+00    -1.22467193e+03     3.20871413e+02    -1.22474539e+03   
    9.13600000e+03     4.56800000e+00    -1.22467203e+03     3.11011305e+02    -1.22474381e+03   
    9.13700000e+03     4.56850000e+00    -1.22467197e+03     3.00405516e+02    -1.22474194e+03   
    9.13800000e+03     4.56900000e+00    -1.22467187e+03     2.92143424e+02    -1.22474065e+03   
    9.13900000e+03     4.56950000e+00    -1.22467195e+03     2.87161357e+02    -1.22474051e+03   
    9.14000000e+03     4.57000000e+00    -1.22467198e+03     2.94995452e+02    -1.22474151e+03   
    9.14100000e+03     4.57050000e+00    -1.22467194e+03     2.98080183e+02    -1.22474252e+03   
    9.14200000e+03     4.57100000e+00    -1.22467204e+03     2.96621196e+02    -1.22474323e+03   
    9.14300000e+03     4.57150000e+00    -1.22467207e+03     3.01950351e+02    -1.22474295e+03   
    9.14400000e+03     4.57200000e+00    -1.22467193e+03     2.96495635e+02    -1.22474180e+03   
    9.14500000e+03     4.57250000e+00    -1.22467186e+03     2.92345463e+02    -1.22474108e+03   
    9.14600000e+03     4.57300000e+00    -1.22467185e+03     2.97490404e+02    -1.22474151e+03   
    9.14700000e+03     4.57350000e+00    -1.22467193e+03     3.02578574e+02    -1.22474280e+03   
    9.14800000e+03     4.57400000e+00    -1.22467204e+03     3.09128100e+02    -1.22474424e+03   
    9.14900000e+03     4.57450000e+00    -1.22467204e+03     3.13504743e+02    -1.22474481e+03   
    9.15000000e+03     4.57500000e+00    -1.22467206e+03     3.16708764e+02    -1.22474481e+03   
    9.15100000e+03     4.57550000e+00    -1.22467199e+03     3.12019617e+02    -1.22474453e+03   
    9.15200000e+03     4.57600000e+00    -1.22467198e+03     3.08983418e+02    -1.22474438e+03   
    9.15300000e+03     4.57650000e+00    -1.22467195e+03     3.09818695e+02    -1.22474453e+03   
    9.15400000e+03     4.57700000e+00    -1.22467194e+03     3.10203282e+02    -1.22474510e+03   
    9.15500000e+03     4.57750000e+00    -1.22467191e+03     3.08039857e+02    -1.22474596e+03   
    9.15600000e+03     4.57800000e+00    -1.22467191e+03     3.15121178e+02    -1.22474754e+03   
    9.15700000e+03     4.57850000e+00    -1.22467197e+03     3.22004037e+02    -1.22474912e+03   
    9.15800000e+03     4.57900000e+00    -1.22467192e+03     3.25197765e+02    -1.22475070e+03   
    9.15900000e+03     4.57950000e+00    -1.22467206e+03     3.29246641e+02    -1.22475228e+03   
    9.16000000e+03     4.58000000e+00    -1.22467210e+03     3.28953707e+02    -1.22475314e+03   
    9.16100000e+03     4.58050000e+00    -1.22467198e+03     3.29271760e+02    -1.22475285e+03   
    9.16200000e+03     4.58100000e+00    -1.22467200e+03     3.19055155e+02    -1.22475156e+03   
    9.16300000e+03     4.58150000e+00    -1.22467185e+03     3.08740355e+02    -1.22474984e+03   
    9.16400000e+03     4.58200000e+00    -1.22467189e+03     3.07410786e+02    -1.22474898e+03   
    9.16500000e+03     4.58250000e+00    -1.22467184e+03     3.10722004e+02    -1.22474955e+03   
    9.16600000e+03     4.58300000e+00    -1.22467188e+03     3.21358939e+02    -1.22475142e+03   
    9.16700000e+03     4.58350000e+00    -1.22467208e+03     3.34553177e+02    -1.22475386e+03   
    9.16800000e+03     4.58400000e+00    -1.22467207e+03     3.51441415e+02    -1.22475544e+03   
    9.16900000e+03     4.58450000e+00    -1.22467212e+03     3.49002779e+02    -1.22475544e+03   
    9.17000000e+03     4.58500000e+00    -1.22467208e+03     3.47514896e+02    -1.22475371e+03   
    9.17100000e+03     4.58550000e+00    -1.22467200e+03     3.36500452e+02    -1.22475056e+03   
    9.17200000e+03     4.58600000e+00    -1.22467194e+03     3.23903689e+02    -1.22474697e+03   
    9.17300000e+03     4.58650000e+00    -1.22467188e+03     3.05898291e+02    -1.22474395e+03   
    9.17400000e+03     4.58700000e+00    -1.22467183e+03     3.01572392e+02    -1.22474209e+03   
    9.17500000e+03     4.58750000e+00    -1.22467190e+03     3.00400856e+02    -1.22474166e+03   
    9.17600000e+03     4.58800000e+00    -1.22467200e+03     3.05671207e+02    -1.22474194e+03   
    9.17700000e+03     4.58850000e+00    -1.22467203e+03     3.06269812e+02    -1.22474237e+03   
    9.17800000e+03     4.58900000e+00    -1.22467201e+03     3.07089575e+02    -1.22474266e+03   
    9.17900000e+03     4.58950000e+00    -1.22467205e+03     3.03435249e+02    -1.22474180e+03   
    9.18000000e+03     4.59000000e+00    -1.22467198e+03     2.99390838e+02    -1.22473936e+03   
    9.18100000e+03     4.59050000e+00    -1.22467197e+03     2.85820384e+02    -1.22473606e+03   
    9.18200000e+03     4.59100000e+00    -1.22467181e+03     2.74752192e+02    -1.22473290e+03   
    9.18300000e+03     4.59150000e+00    -1.22467174e+03     2.71314865e+02    -1.22473146e+03   
    9.18400000e+03     4.59200000e+00    -1.22467176e+03     2.75632772e+02    -1.22473232e+03   
    9.18500000e+03     4.59250000e+00    -1.22467186e+03     2.87862594e+02    -1.22473505e+03   
    9.18600000e+03     4.59300000e+00    -1.22467195e+03     3.00455408e+02    -1.22473850e+03   
    9.18700000e+03     4.59350000e+00    -1.22467197e+03     3.06593948e+02    -1.22474151e+03   
    9.18800000e+03     4.59400000e+00    -1.22467196e+03     3.11505415e+02    -1.22474309e+03   
    9.18900000e+03     4.59450000e+00    -1.22467201e+03     3.13726181e+02    -1.22474309e+03   
    9.19000000e+03     4.59500000e+00    -1.22467194e+03     3.06008718e+02    -1.22474122e+03   
    9.19100000e+03     4.59550000e+00    -1.22467197e+03     2.92513082e+02    -1.22473850e+03   
    9.19200000e+03     4.59600000e+00    -1.22467185e+03     2.80473389e+02    -1.22473563e+03   
    9.19300000e+03     4.59650000e+00    -1.22467186e+03     2.77286708e+02    -1.22473419e+03   
    9.19400000e+03     4.59700000e+00    -1.22467181e+03     2.75769207e+02    -1.22473477e+03   
    9.19500000e+03     4.59750000e+00    -1.22467190e+03     2.86314390e+02    -1.22473663e+03   
    9.19600000e+03     4.59800000e+00    -1.22467208e+03     2.93035283e+02    -1.22473821e+03   
    9.19700000e+03     4.59850000e+00    -1.22467201e+03     2.92467686e+02    -1.22473792e+03   
    9.19800000e+03     4.59900000e+00    -1.22467199e+03     2.81626091e+02    -1.22473563e+03   
    9.19900000e+03     4.59950000e+00    -1.22467199e+03     2.65988555e+02    -1.22473189e+03   
    9.20000000e+03     4.60000000e+00    -1.22467178e+03     2.49607690e+02    -1.22472759e+03   
    9.20100000e+03     4.60050000e+00    -1.22467175e+03     2.37946042e+02    -1.22472486e+03   
    9.20200000e+03     4.60100000e+00    -1.22467174e+03     2.35278104e+02    -1.22472472e+03   
    9.20300000e+03     4.60150000e+00    -1.22467189e+03     2.45710317e+02    -1.22472730e+03   
    9.20400000e+03     4.60200000e+00    -1.22467188e+03     2.62424401e+02    -1.22473132e+03   
    9.20500000e+03     4.60250000e+00    -1.22467193e+03     2.81104904e+02    -1.22473577e+03   
    9.20600000e+03     4.60300000e+00    -1.22467208e+03     2.94284849e+02    -1.22473922e+03   
    9.20700000e+03     4.60350000e+00    -1.22467209e+03     3.03198321e+02    -1.22474108e+03   
    9.20800000e+03     4.60400000e+00    -1.22467199e+03     3.02896330e+02    -1.22474137e+03   
    9.20900000e+03     4.60450000e+00    -1.22467195e+03     2.93682220e+02    -1.22474051e+03   
    9.21000000e+03     4.60500000e+00    -1.22467191e+03     2.76613599e+02    -1.22473893e+03   
    9.21100000e+03     4.60550000e+00    -1.22467191e+03     2.71773235e+02    -1.22473778e+03   
    9.21200000e+03     4.60600000e+00    -1.22467181e+03     2.70877016e+02    -1.22473764e+03   
    9.21300000e+03     4.60650000e+00    -1.22467187e+03     2.76029167e+02    -1.22473922e+03   
    9.21400000e+03     4.60700000e+00    -1.22467205e+03     2.86203995e+02    -1.22474151e+03   
    9.21500000e+03     4.60750000e+00    -1.22467212e+03     2.89750746e+02    -1.22474338e+03   
    9.21600000e+03     4.60800000e+00    -1.22467206e+03     2.97966858e+02    -1.22474367e+03   
    9.21700000e+03     4.60850000e+00    -1.22467211e+03     2.92826106e+02    -1.22474194e+03   
    9.21800000e+03     4.60900000e+00    -1.22467206e+03     2.78710031e+02    -1.22473821e+03   
    9.21900000e+03     4.60950000e+00    -1.22467193e+03     2.63162959e+02    -1.22473319e+03   
    9.22000000e+03     4.61000000e+00    -1.22467182e+03     2.37868695e+02    -1.22472859e+03   
    9.22100000e+03     4.61050000e+00    -1.22467170e+03     2.25193897e+02    -1.22472601e+03   
    9.22200000e+03     4.61100000e+00    -1.22467181e+03     2.25710278e+02    -1.22472673e+03   
    9.22300000e+03     4.61150000e+00    -1.22467188e+03     2.45851068e+02    -1.22472988e+03   
    9.22400000e+03     4.61200000e+00    -1.22467192e+03     2.61117857e+02    -1.22473390e+03   
    9.22500000e+03     4.61250000e+00    -1.22467206e+03     2.79567516e+02    -1.22473778e+03   
    9.22600000e+03     4.61300000e+00    -1.22467205e+03     2.92394571e+02    -1.22474051e+03   
    9.22700000e+03     4.61350000e+00    -1.22467208e+03     2.95102445e+02    -1.22474180e+03   
    9.22800000e+03     4.61400000e+00    -1.22467203e+03     2.95605378e+02    -1.22474180e+03   
    9.22900000e+03     4.61450000e+00    -1.22467192e+03     2.90392428e+02    -1.22474122e+03   
    9.23000000e+03     4.61500000e+00    -1.22467195e+03     2.87838488e+02    -1.22474094e+03   
    9.23100000e+03     4.61550000e+00    -1.22467192e+03     2.92594092e+02    -1.22474137e+03   
    9.23200000e+03     4.61600000e+00    -1.22467193e+03     3.00917804e+02    -1.22474309e+03   
    9.23300000e+03     4.61650000e+00    -1.22467204e+03     3.09819345e+02    -1.22474553e+03   
    9.23400000e+03     4.61700000e+00    -1.22467199e+03     3.24634322e+02    -1.22474754e+03   
    9.23500000e+03     4.61750000e+00    -1.22467209e+03     3.23973493e+02    -1.22474826e+03   
    9.23600000e+03     4.61800000e+00    -1.22467210e+03     3.19362885e+02    -1.22474740e+03   
    9.23700000e+03     4.61850000e+00    -1.22467195e+03     3.09148305e+02    -1.22474496e+03   
    9.23800000e+03     4.61900000e+00    -1.22467200e+03     2.97331442e+02    -1.22474137e+03   
    9.23900000e+03     4.61950000e+00    -1.22467189e+03     2.83184352e+02    -1.22473764e+03   
    9.24000000e+03     4.62000000e+00    -1.22467181e+03     2.76219491e+02    -1.22473520e+03   
    9.24100000e+03     4.62050000e+00    -1.22467176e+03     2.76585546e+02    -1.22473462e+03   
    9.24200000e+03     4.62100000e+00    -1.22467189e+03     2.80642784e+02    -1.22473606e+03   
    9.24300000e+03     4.62150000e+00    -1.22467188e+03     2.92677353e+02    -1.22473835e+03   
    9.24400000e+03     4.62200000e+00    -1.22467192e+03     2.99646248e+02    -1.22474094e+03   
    9.24500000e+03     4.62250000e+00    -1.22467195e+03     3.10469698e+02    -1.22474323e+03   
    9.24600000e+03     4.62300000e+00    -1.22467198e+03     3.20675392e+02    -1.22474496e+03   
    9.24700000e+03     4.62350000e+00    -1.22467193e+03     3.15965947e+02    -1.22474567e+03   
    9.24800000e+03     4.62400000e+00    -1.22467189e+03     3.19509306e+02    -1.22474596e+03   
    9.24900000e+03     4.62450000e+00    -1.22467194e+03     3.19117515e+02    -1.22474639e+03   
    9.25000000e+03     4.62500000e+00    -1.22467191e+03     3.23487100e+02    -1.22474711e+03   
    9.25100000e+03     4.62550000e+00    -1.22467184e+03     3.30608659e+02    -1.22474855e+03   
    9.25200000e+03     4.62600000e+00    -1.22467187e+03     3.42576793e+02    -1.22475070e+03   
    9.25300000e+03     4.62650000e+00    -1.22467191e+03     3.57086026e+02    -1.22475300e+03   
    9.25400000e+03     4.62700000e+00    -1.22467203e+03     3.61535576e+02    -1.22475515e+03   
    9.25500000e+03     4.62750000e+00    -1.22467204e+03     3.63534699e+02    -1.22475644e+03   
    9.25600000e+03     4.62800000e+00    -1.22467207e+03     3.61022068e+02    -1.22475644e+03   
    9.25700000e+03     4.62850000e+00    -1.22467199e+03     3.53435283e+02    -1.22475472e+03   
    9.25800000e+03     4.62900000e+00    -1.22467203e+03     3.36061132e+02    -1.22475170e+03   
    9.25900000e+03     4.62950000e+00    -1.22467186e+03     3.20736525e+02    -1.22474826e+03   
    9.26000000e+03     4.63000000e+00    -1.22467187e+03     3.13325490e+02    -1.22474582e+03   
    9.26100000e+03     4.63050000e+00    -1.22467192e+03     3.08935384e+02    -1.22474424e+03   
    9.26200000e+03     4.63100000e+00    -1.22467198e+03     3.08136040e+02    -1.22474323e+03   
    9.26300000e+03     4.63150000e+00    -1.22467198e+03     3.02685104e+02    -1.22474237e+03   
    9.26400000e+03     4.63200000e+00    -1.22467196e+03     3.00777200e+02    -1.22474151e+03   
    9.26500000e+03     4.63250000e+00    -1.22467190e+03     2.93131605e+02    -1.22474065e+03   
    9.26600000e+03     4.63300000e+00    -1.22467193e+03     2.95234734e+02    -1.22474051e+03   
    9.26700000e+03     4.63350000e+00    -1.22467195e+03     3.02087056e+02    -1.22474079e+03   
    9.26800000e+03     4.63400000e+00    -1.22467190e+03     3.01198548e+02    -1.22474137e+03   
    9.26900000e+03     4.63450000e+00    -1.22467198e+03     3.08595455e+02    -1.22474237e+03   
    9.27000000e+03     4.63500000e+00    -1.22467200e+03     3.13153600e+02    -1.22474295e+03   
    9.27100000e+03     4.63550000e+00    -1.22467199e+03     3.16407766e+02    -1.22474309e+03   
    9.27200000e+03     4.63600000e+00    -1.22467187e+03     3.27057949e+02    -1.22474309e+03   
    9.27300000e+03     4.63650000e+00    -1.22467199e+03     3.34301314e+02    -1.22474410e+03   
    9.27400000e+03     4.63700000e+00    -1.22467196e+03     3.37355625e+02    -1.22474496e+03   
    9.27500000e+03     4.63750000e+00    -1.22467207e+03     3.41670823e+02    -1.22474481e+03   
    9.27600000e+03     4.63800000e+00    -1.22467197e+03     3.35085998e+02    -1.22474266e+03   
    9.27700000e+03     4.63850000e+00    -1.22467192e+03     3.16525551e+02    -1.22473907e+03   
    9.27800000e+03     4.63900000e+00    -1.22467182e+03     2.93241256e+02    -1.22473520e+03   
    9.27900000e+03     4.63950000e+00    -1.22467184e+03     2.83212105e+02    -1.22473247e+03   
    9.28000000e+03     4.64000000e+00    -1.22467183e+03     2.79191230e+02    -1.22473146e+03   
    9.28100000e+03     4.64050000e+00    -1.22467188e+03     2.79614571e+02    -1.22473204e+03   
    9.28200000e+03     4.64100000e+00    -1.22467196e+03     2.90983693e+02    -1.22473362e+03   
    9.28300000e+03     4.64150000e+00    -1.22467196e+03     3.00083929e+02    -1.22473520e+03   
    9.28400000e+03     4.64200000e+00    -1.22467204e+03     3.07154699e+02    -1.22473649e+03   
    9.28500000e+03     4.64250000e+00    -1.22467198e+03     3.10816899e+02    -1.22473677e+03   
    9.28600000e+03     4.64300000e+00    -1.22467194e+03     3.11628023e+02    -1.22473649e+03   
    9.28700000e+03     4.64350000e+00    -1.22467193e+03     3.04724845e+02    -1.22473591e+03   
    9.28800000e+03     4.64400000e+00    -1.22467188e+03     3.04365419e+02    -1.22473548e+03   
    9.28900000e+03     4.64450000e+00    -1.22467184e+03     3.09404459e+02    -1.22473548e+03   
    9.29000000e+03     4.64500000e+00    -1.22467193e+03     3.13793142e+02    -1.22473663e+03   
    9.29100000e+03     4.64550000e+00    -1.22467191e+03     3.31168260e+02    -1.22473893e+03   
    9.29200000e+03     4.64600000e+00    -1.22467196e+03     3.35951540e+02    -1.22474209e+03   
    9.29300000e+03     4.64650000e+00    -1.22467207e+03     3.47389240e+02    -1.22474481e+03   
    9.29400000e+03     4.64700000e+00    -1.22467207e+03     3.56638218e+02    -1.22474567e+03   
    9.29500000e+03     4.64750000e+00    -1.22467214e+03     3.49641835e+02    -1.22474410e+03   
    9.29600000e+03     4.64800000e+00    -1.22467198e+03     3.35798773e+02    -1.22474008e+03   
    9.29700000e+03     4.64850000e+00    -1.22467185e+03     3.08656400e+02    -1.22473505e+03   
    9.29800000e+03     4.64900000e+00    -1.22467180e+03     2.92576091e+02    -1.22473060e+03   
    9.29900000e+03     4.64950000e+00    -1.22467186e+03     2.80471739e+02    -1.22472759e+03   
    9.30000000e+03     4.65000000e+00    -1.22467176e+03     2.74567778e+02    -1.22472615e+03   
    9.30100000e+03     4.65050000e+00    -1.22467188e+03     2.85153274e+02    -1.22472687e+03   
    9.30200000e+03     4.65100000e+00    -1.22467192e+03     2.92799094e+02    -1.22472888e+03   
    9.30300000e+03     4.65150000e+00    -1.22467199e+03     3.07062825e+02    -1.22473118e+03   
    9.30400000e+03     4.65200000e+00    -1.22467198e+03     3.12002587e+02    -1.22473261e+03   
    9.30500000e+03     4.65250000e+00    -1.22467206e+03     3.14867376e+02    -1.22473247e+03   
    9.30600000e+03     4.65300000e+00    -1.22467206e+03     3.07948700e+02    -1.22473075e+03   
    9.30700000e+03     4.65350000e+00    -1.22467188e+03     2.94838774e+02    -1.22472787e+03   
    9.30800000e+03     4.65400000e+00    -1.22467184e+03     2.86631990e+02    -1.22472572e+03   
    9.30900000e+03     4.65450000e+00    -1.22467179e+03     2.83525596e+02    -1.22472586e+03   
    9.31000000e+03     4.65500000e+00    -1.22467181e+03     2.87330543e+02    -1.22472888e+03   
    9.31100000e+03     4.65550000e+00    -1.22467193e+03     3.09536764e+02    -1.22473405e+03   
    9.31200000e+03     4.65600000e+00    -1.22467210e+03     3.22740041e+02    -1.22473922e+03   
    9.31300000e+03     4.65650000e+00    -1.22467221e+03     3.33709628e+02    -1.22474209e+03   
    9.31400000e+03     4.65700000e+00    -1.22467216e+03     3.27823119e+02    -1.22474180e+03   
    9.31500000e+03     4.65750000e+00    -1.22467204e+03     3.17567126e+02    -1.22473893e+03   
    9.31600000e+03     4.65800000e+00    -1.22467196e+03     2.99489546e+02    -1.22473505e+03   
    9.31700000e+03     4.65850000e+00    -1.22467182e+03     2.88624706e+02    -1.22473146e+03   
    9.31800000e+03     4.65900000e+00    -1.22467187e+03     2.84866919e+02    -1.22472960e+03   
    9.31900000e+03     4.65950000e+00    -1.22467183e+03     2.88634182e+02    -1.22472960e+03   
    9.32000000e+03     4.66000000e+00    -1.22467180e+03     2.95032254e+02    -1.22473132e+03   
    9.32100000e+03     4.66050000e+00    -1.22467193e+03     3.01120014e+02    -1.22473433e+03   
    9.32200000e+03     4.66100000e+00    -1.22467194e+03     3.17004554e+02    -1.22473735e+03   
    9.32300000e+03     4.66150000e+00    -1.22467208e+03     3.22848747e+02    -1.22473922e+03   
    9.32400000e+03     4.66200000e+00    -1.22467208e+03     3.21502041e+02    -1.22473893e+03   
    9.32500000e+03     4.66250000e+00    -1.22467196e+03     3.15997496e+02    -1.22473677e+03   
    9.32600000e+03     4.66300000e+00    -1.22467195e+03     3.06397410e+02    -1.22473390e+03   
    9.32700000e+03     4.66350000e+00    -1.22467178e+03     2.89829230e+02    -1.22473161e+03   
    9.32800000e+03     4.66400000e+00    -1.22467175e+03     2.89389930e+02    -1.22473161e+03   
    9.32900000e+03     4.66450000e+00    -1.22467182e+03     3.03892424e+02    -1.22473448e+03   
    9.33000000e+03     4.66500000e+00    -1.22467189e+03     3.25483472e+02    -1.22473907e+03   
    9.33100000e+03     4.66550000e+00    -1.22467209e+03     3.47990074e+02    -1.22474367e+03   
    9.33200000e+03     4.66600000e+00    -1.22467209e+03     3.62151556e+02    -1.22474654e+03   
    9.33300000e+03     4.66650000e+00    -1.22467213e+03     3.61719059e+02    -1.22474668e+03   
    9.33400000e+03     4.66700000e+00    -1.22467202e+03     3.49173425e+02    -1.22474381e+03   
    9.33500000e+03     4.66750000e+00    -1.22467190e+03     3.23984030e+02    -1.22473936e+03   
    9.33600000e+03     4.66800000e+00    -1.22467183e+03     3.07671209e+02    -1.22473520e+03   
    9.33700000e+03     4.66850000e+00    -1.22467188e+03     2.99925153e+02    -1.22473276e+03   
    9.33800000e+03     4.66900000e+00    -1.22467184e+03     2.96735479e+02    -1.22473232e+03   
    9.33900000e+03     4.66950000e+00    -1.22467187e+03     2.97957025e+02    -1.22473362e+03   
    9.34000000e+03     4.67000000e+00    -1.22467202e+03     3.05777431e+02    -1.22473534e+03   
    9.34100000e+03     4.67050000e+00    -1.22467201e+03     3.13466056e+02    -1.22473620e+03   
    9.34200000e+03     4.67100000e+00    -1.22467202e+03     3.07429630e+02    -1.22473563e+03   
    9.34300000e+03     4.67150000e+00    -1.22467197e+03     2.95102608e+02    -1.22473376e+03   
    9.34400000e+03     4.67200000e+00    -1.22467198e+03     2.86266734e+02    -1.22473103e+03   
    9.34500000e+03     4.67250000e+00    -1.22467194e+03     2.73047218e+02    -1.22472787e+03   
    9.34600000e+03     4.67300000e+00    -1.22467185e+03     2.60959020e+02    -1.22472543e+03   
    9.34700000e+03     4.67350000e+00    -1.22467180e+03     2.58642617e+02    -1.22472500e+03   
    9.34800000e+03     4.67400000e+00    -1.22467186e+03     2.66388146e+02    -1.22472658e+03   
    9.34900000e+03     4.67450000e+00    -1.22467195e+03     2.74246626e+02    -1.22472945e+03   
    9.35000000e+03     4.67500000e+00    -1.22467201e+03     2.76919180e+02    -1.22473261e+03   
    9.35100000e+03     4.67550000e+00    -1.22467197e+03     2.84946472e+02    -1.22473505e+03   
    9.35200000e+03     4.67600000e+00    -1.22467201e+03     2.88105622e+02    -1.22473649e+03   
    9.35300000e+03     4.67650000e+00    -1.22467208e+03     2.91078546e+02    -1.22473649e+03   
    9.35400000e+03     4.67700000e+00    -1.22467199e+03     2.84937594e+02    -1.22473534e+03   
    9.35500000e+03     4.67750000e+00    -1.22467193e+03     2.78787357e+02    -1.22473419e+03   
    9.35600000e+03     4.67800000e+00    -1.22467189e+03     2.79152637e+02    -1.22473376e+03   
    9.35700000e+03     4.67850000e+00    -1.22467187e+03     2.89645425e+02    -1.22473448e+03   
    9.35800000e+03     4.67900000e+00    -1.22467198e+03     3.00968879e+02    -1.22473634e+03   
    9.35900000e+03     4.67950000e+00    -1.22467203e+03     3.08587314e+02    -1.22473792e+03   
    9.36000000e+03     4.68000000e+00    -1.22467202e+03     3.12700964e+02    -1.22473850e+03   
    9.36100000e+03     4.68050000e+00    -1.22467205e+03     3.05786008e+02    -1.22473792e+03   
    9.36200000e+03     4.68100000e+00    -1.22467194e+03     3.00365716e+02    -1.22473620e+03   
    9.36300000e+03     4.68150000e+00    -1.22467191e+03     2.88623200e+02    -1.22473390e+03   
    9.36400000e+03     4.68200000e+00    -1.22467189e+03     2.82514141e+02    -1.22473204e+03   
    9.36500000e+03     4.68250000e+00    -1.22467183e+03     2.80154075e+02    -1.22473118e+03   
    9.36600000e+03     4.68300000e+00    -1.22467194e+03     2.85895616e+02    -1.22473189e+03   
    9.36700000e+03     4.68350000e+00    -1.22467193e+03     2.90769042e+02    -1.22473304e+03   
    9.36800000e+03     4.68400000e+00    -1.22467196e+03     2.92079333e+02    -1.22473390e+03   
    9.36900000e+03     4.68450000e+00    -1.22467191e+03     2.95740676e+02    -1.22473376e+03   
    9.37000000e+03     4.68500000e+00    -1.22467186e+03     2.92323211e+02    -1.22473333e+03   
    9.37100000e+03     4.68550000e+00    -1.22467184e+03     2.86931617e+02    -1.22473319e+03   
    9.37200000e+03     4.68600000e+00    -1.22467197e+03     2.90991785e+02    -1.22473333e+03   
    9.37300000e+03     4.68650000e+00    -1.22467183e+03     2.87612773e+02    -1.22473333e+03   
    9.37400000e+03     4.68700000e+00    -1.22467190e+03     2.86093238e+02    -1.22473390e+03   
    9.37500000e+03     4.68750000e+00    -1.22467188e+03     2.87130916e+02    -1.22473491e+03   
    9.37600000e+03     4.68800000e+00    -1.22467190e+03     2.92364297e+02    -1.22473620e+03   
    9.37700000e+03     4.68850000e+00    -1.22467197e+03     2.95311542e+02    -1.22473721e+03   
    9.37800000e+03     4.68900000e+00    -1.22467202e+03     2.98197604e+02    -1.22473735e+03   
    9.37900000e+03     4.68950000e+00    -1.22467200e+03     3.03062183e+02    -1.22473663e+03   
    9.38000000e+03     4.69000000e+00    -1.22467198e+03     3.02352756e+02    -1.22473534e+03   
    9.38100000e+03     4.69050000e+00    -1.22467191e+03     2.94724919e+02    -1.22473347e+03   
    9.38200000e+03     4.69100000e+00    -1.22467197e+03     2.83235606e+02    -1.22473132e+03   
    9.38300000e+03     4.69150000e+00    -1.22467187e+03     2.78435868e+02    -1.22472931e+03   
    9.38400000e+03     4.69200000e+00    -1.22467185e+03     2.71718575e+02    -1.22472831e+03   
    9.38500000e+03     4.69250000e+00    -1.22467194e+03     2.65563513e+02    -1.22472874e+03   
    9.38600000e+03     4.69300000e+00    -1.22467196e+03     2.74058010e+02    -1.22472988e+03   
    9.38700000e+03     4.69350000e+00    -1.22467197e+03     2.76669417e+02    -1.22473031e+03   
    9.38800000e+03     4.69400000e+00    -1.22467201e+03     2.75126837e+02    -1.22472974e+03   
    9.38900000e+03     4.69450000e+00    -1.22467190e+03     2.64483955e+02    -1.22472859e+03   
    9.39000000e+03     4.69500000e+00    -1.22467184e+03     2.60837600e+02    -1.22472787e+03   
    9.39100000e+03     4.69550000e+00    -1.22467193e+03     2.65634324e+02    -1.22472773e+03   
    9.39200000e+03     4.69600000e+00    -1.22467201e+03     2.74789146e+02    -1.22472816e+03   
    9.39300000e+03     4.69650000e+00    -1.22467191e+03     2.79502953e+02    -1.22472831e+03   
    9.39400000e+03     4.69700000e+00    -1.22467189e+03     2.77972591e+02    -1.22472831e+03   
    9.39500000e+03     4.69750000e+00    -1.22467185e+03     2.77567944e+02    -1.22472816e+03   
    9.39600000e+03     4.69800000e+00    -1.22467189e+03     2.82491821e+02    -1.22472816e+03   
    9.39700000e+03     4.69850000e+00    -1.22467189e+03     2.85435270e+02    -1.22472831e+03   
    9.39800000e+03     4.69900000e+00    -1.22467187e+03     2.82641549e+02    -1.22472859e+03   
    9.39900000e+03     4.69950000e+00    -1.22467185e+03     2.88983800e+02    -1.22472902e+03   
    9.40000000e+03     4.70000000e+00    -1.22467188e+03     2.87938985e+02    -1.22472945e+03   
    9.40100000e+03     4.70050000e+00    -1.22467196e+03     2.84841128e+02    -1.22472960e+03   
    9.40200000e+03     4.70100000e+00    -1.22467198e+03     2.83753560e+02    -1.22472888e+03   
    9.40300000e+03     4.70150000e+00    -1.22467193e+03     2.81279887e+02    -1.22472787e+03   
    9.40400000e+03     4.70200000e+00    -1.22467191e+03     2.77064835e+02    -1.22472716e+03   
    9.40500000e+03     4.70250000e+00    -1.22467187e+03     2.73430691e+02    -1.22472716e+03   
    9.40600000e+03     4.70300000e+00    -1.22467198e+03     2.82438092e+02    -1.22472744e+03   
    9.40700000e+03     4.70350000e+00    -1.22467197e+03     2.82571167e+02    -1.22472773e+03   
    9.40800000e+03     4.70400000e+00    -1.22467186e+03     2.89100450e+02    -1.22472831e+03   
    9.40900000e+03     4.70450000e+00    -1.22467195e+03     2.95027878e+02    -1.22472960e+03   
    9.41000000e+03     4.70500000e+00    -1.22467200e+03     2.96913019e+02    -1.22473089e+03   
    9.41100000e+03     4.70550000e+00    -1.22467204e+03     3.06915420e+02    -1.22473175e+03   
    9.41200000e+03     4.70600000e+00    -1.22467203e+03     3.00801990e+02    -1.22473175e+03   
    9.41300000e+03     4.70650000e+00    -1.22467193e+03     3.03633758e+02    -1.22473075e+03   
    9.41400000e+03     4.70700000e+00    -1.22467192e+03     2.93382595e+02    -1.22472945e+03   
    9.41500000e+03     4.70750000e+00    -1.22467183e+03     2.87372679e+02    -1.22472845e+03   
    9.41600000e+03     4.70800000e+00    -1.22467181e+03     2.96251144e+02    -1.22472859e+03   
    9.41700000e+03     4.70850000e+00    -1.22467187e+03     3.05624801e+02    -1.22473003e+03   
    9.41800000e+03     4.70900000e+00    -1.22467196e+03     3.17896115e+02    -1.22473247e+03   
    9.41900000e+03     4.70950000e+00    -1.22467202e+03     3.26268211e+02    -1.22473520e+03   
    9.42000000e+03     4.71000000e+00    -1.22467212e+03     3.45931765e+02    -1.22473663e+03   
    9.42100000e+03     4.71050000e+00    -1.22467210e+03     3.41810109e+02    -1.22473563e+03   
    9.42200000e+03     4.71100000e+00    -1.22467193e+03     3.29352047e+02    -1.22473247e+03   
    9.42300000e+03     4.71150000e+00    -1.22467178e+03     3.11856536e+02    -1.22472917e+03   
    9.42400000e+03     4.71200000e+00    -1.22467178e+03     3.06140596e+02    -1.22472744e+03   
    9.42500000e+03     4.71250000e+00    -1.22467191e+03     3.07806111e+02    -1.22472759e+03   
    9.42600000e+03     4.71300000e+00    -1.22467191e+03     3.18765214e+02    -1.22472874e+03   
    9.42700000e+03     4.71350000e+00    -1.22467186e+03     3.28336010e+02    -1.22473031e+03   
    9.42800000e+03     4.71400000e+00    -1.22467192e+03     3.38060715e+02    -1.22473247e+03   
    9.42900000e+03     4.71450000e+00    -1.22467201e+03     3.54288379e+02    -1.22473433e+03   
    9.43000000e+03     4.71500000e+00    -1.22467198e+03     3.61408656e+02    -1.22473534e+03   
    9.43100000e+03     4.71550000e+00    -1.22467205e+03     3.49542174e+02    -1.22473477e+03   
    9.43200000e+03     4.71600000e+00    -1.22467196e+03     3.30681595e+02    -1.22473276e+03   
    9.43300000e+03     4.71650000e+00    -1.22467185e+03     3.15902673e+02    -1.22473046e+03   
    9.43400000e+03     4.71700000e+00    -1.22467182e+03     3.12412960e+02    -1.22472888e+03   
    9.43500000e+03     4.71750000e+00    -1.22467185e+03     3.15089575e+02    -1.22472888e+03   
    9.43600000e+03     4.71800000e+00    -1.22467184e+03     3.27221340e+02    -1.22473046e+03   
    9.43700000e+03     4.71850000e+00    -1.22467187e+03     3.40314663e+02    -1.22473319e+03   
    9.43800000e+03     4.71900000e+00    -1.22467197e+03     3.51179642e+02    -1.22473577e+03   
    9.43900000e+03     4.71950000e+00    -1.22467209e+03     3.53204083e+02    -1.22473677e+03   
    9.44000000e+03     4.72000000e+00    -1.22467203e+03     3.47034612e+02    -1.22473491e+03   
    9.44100000e+03     4.72050000e+00    -1.22467205e+03     3.20903067e+02    -1.22473060e+03   
    9.44200000e+03     4.72100000e+00    -1.22467177e+03     3.03449630e+02    -1.22472515e+03   
    9.44300000e+03     4.72150000e+00    -1.22467180e+03     2.89660461e+02    -1.22472127e+03   
    9.44400000e+03     4.72200000e+00    -1.22467184e+03     2.86131012e+02    -1.22472012e+03   
    9.44500000e+03     4.72250000e+00    -1.22467191e+03     2.91739469e+02    -1.22472156e+03   
    9.44600000e+03     4.72300000e+00    -1.22467195e+03     3.08716773e+02    -1.22472443e+03   
    9.44700000e+03     4.72350000e+00    -1.22467199e+03     3.15659768e+02    -1.22472744e+03   
    9.44800000e+03     4.72400000e+00    -1.22467204e+03     3.23684357e+02    -1.22472931e+03   
    9.44900000e+03     4.72450000e+00    -1.22467202e+03     3.21898060e+02    -1.22472917e+03   
    9.45000000e+03     4.72500000e+00    -1.22467201e+03     3.12438044e+02    -1.22472673e+03   
    9.45100000e+03     4.72550000e+00    -1.22467190e+03     2.94664365e+02    -1.22472242e+03   
    9.45200000e+03     4.72600000e+00    -1.22467181e+03     2.72603048e+02    -1.22471783e+03   
    9.45300000e+03     4.72650000e+00    -1.22467167e+03     2.64745160e+02    -1.22471452e+03   
    9.45400000e+03     4.72700000e+00    -1.22467176e+03     2.63310915e+02    -1.22471452e+03   
    9.45500000e+03     4.72750000e+00    -1.22467176e+03     2.71965690e+02    -1.22471711e+03   
    9.45600000e+03     4.72800000e+00    -1.22467191e+03     2.97239222e+02    -1.22472170e+03   
    9.45700000e+03     4.72850000e+00    -1.22467200e+03     3.18734115e+02    -1.22472630e+03   
    9.45800000e+03     4.72900000e+00    -1.22467205e+03     3.35800169e+02    -1.22472917e+03   
    9.45900000e+03     4.72950000e+00    -1.22467220e+03     3.38428708e+02    -1.22472917e+03   
    9.46000000e+03     4.73000000e+00    -1.22467211e+03     3.27059187e+02    -1.22472543e+03   
    9.46100000e+03     4.73050000e+00    -1.22467197e+03     3.02226220e+02    -1.22471897e+03   
    9.46200000e+03     4.73100000e+00    -1.22467165e+03     2.66295337e+02    -1.22471223e+03   
    9.46300000e+03     4.73150000e+00    -1.22467155e+03     2.47091147e+02    -1.22470878e+03   
    9.46400000e+03     4.73200000e+00    -1.22467171e+03     2.50880028e+02    -1.22471050e+03   
    9.46500000e+03     4.73250000e+00    -1.22467181e+03     2.75742628e+02    -1.22471553e+03   
    9.46600000e+03     4.73300000e+00    -1.22467196e+03     2.95466740e+02    -1.22472127e+03   
    9.46700000e+03     4.73350000e+00    -1.22467206e+03     3.12307209e+02    -1.22472529e+03   
    9.46800000e+03     4.73400000e+00    -1.22467216e+03     3.08318367e+02    -1.22472658e+03   
    9.46900000e+03     4.73450000e+00    -1.22467200e+03     3.05906640e+02    -1.22472486e+03   
    9.47000000e+03     4.73500000e+00    -1.22467192e+03     2.91788959e+02    -1.22472141e+03   
    9.47100000e+03     4.73550000e+00    -1.22467179e+03     2.78422115e+02    -1.22471768e+03   
    9.47200000e+03     4.73600000e+00    -1.22467169e+03     2.70315997e+02    -1.22471582e+03   
    9.47300000e+03     4.73650000e+00    -1.22467167e+03     2.72562036e+02    -1.22471682e+03   
    9.47400000e+03     4.73700000e+00    -1.22467182e+03     2.95239646e+02    -1.22472098e+03   
    9.47500000e+03     4.73750000e+00    -1.22467192e+03     3.15640584e+02    -1.22472658e+03   
    9.47600000e+03     4.73800000e+00    -1.22467205e+03     3.41272068e+02    -1.22473204e+03   
    9.47700000e+03     4.73850000e+00    -1.22467217e+03     3.53214050e+02    -1.22473563e+03   
    9.47800000e+03     4.73900000e+00    -1.22467214e+03     3.51368637e+02    -1.22473591e+03   
    9.47900000e+03     4.73950000e+00    -1.22467202e+03     3.39282504e+02    -1.22473290e+03   
    9.48000000e+03     4.74000000e+00    -1.22467188e+03     3.13020330e+02    -1.22472759e+03   
    9.48100000e+03     4.74050000e+00    -1.22467178e+03     2.91674018e+02    -1.22472228e+03   
    9.48200000e+03     4.74100000e+00    -1.22467168e+03     2.82034347e+02    -1.22471926e+03   
    9.48300000e+03     4.74150000e+00    -1.22467180e+03     2.86102567e+02    -1.22471969e+03   
    9.48400000e+03     4.74200000e+00    -1.22467191e+03     2.89746337e+02    -1.22472242e+03   
    9.48500000e+03     4.74250000e+00    -1.22467195e+03     3.09860561e+02    -1.22472615e+03   
    9.48600000e+03     4.74300000e+00    -1.22467201e+03     3.25698801e+02    -1.22472888e+03   
    9.48700000e+03     4.74350000e+00    -1.22467210e+03     3.25711517e+02    -1.22472945e+03   
    9.48800000e+03     4.74400000e+00    -1.22467210e+03     3.12875370e+02    -1.22472744e+03   
    9.48900000e+03     4.74450000e+00    -1.22467203e+03     2.95080534e+02    -1.22472371e+03   
    9.49000000e+03     4.74500000e+00    -1.22467182e+03     2.85595220e+02    -1.22471940e+03   
    9.49100000e+03     4.74550000e+00    -1.22467186e+03     2.71404494e+02    -1.22471639e+03   
    9.49200000e+03     4.74600000e+00    -1.22467174e+03     2.69982575e+02    -1.22471553e+03   
    9.49300000e+03     4.74650000e+00    -1.22467183e+03     2.75754320e+02    -1.22471725e+03   
    9.49400000e+03     4.74700000e+00    -1.22467191e+03     2.87153000e+02    -1.22472055e+03   
    9.49500000e+03     4.74750000e+00    -1.22467204e+03     3.03956679e+02    -1.22472457e+03   
    9.49600000e+03     4.74800000e+00    -1.22467208e+03     3.18418782e+02    -1.22472773e+03   
    9.49700000e+03     4.74850000e+00    -1.22467204e+03     3.20078754e+02    -1.22472902e+03   
    9.49800000e+03     4.74900000e+00    -1.22467209e+03     3.17317290e+02    -1.22472816e+03   
    9.49900000e+03     4.74950000e+00    -1.22467204e+03     3.09036160e+02    -1.22472572e+03   
    9.50000000e+03     4.75000000e+00    -1.22467184e+03     3.04242767e+02    -1.22472285e+03   
    9.50100000e+03     4.75050000e+00    -1.22467189e+03     2.93977525e+02    -1.22472113e+03   
    9.50200000e+03     4.75100000e+00    -1.22467183e+03     2.91328414e+02    -1.22472084e+03   
    9.50300000e+03     4.75150000e+00    -1.22467186e+03     3.05188704e+02    -1.22472199e+03   
    9.50400000e+03     4.75200000e+00    -1.22467193e+03     3.13781030e+02    -1.22472371e+03   
    9.50500000e+03     4.75250000e+00    -1.22467203e+03     3.19000064e+02    -1.22472543e+03   
    9.50600000e+03     4.75300000e+00    -1.22467200e+03     3.18774894e+02    -1.22472644e+03   
    9.50700000e+03     4.75350000e+00    -1.22467200e+03     3.14379114e+02    -1.22472644e+03   
    9.50800000e+03     4.75400000e+00    -1.22467195e+03     3.10230421e+02    -1.22472529e+03   
    9.50900000e+03     4.75450000e+00    -1.22467192e+03     3.03313861e+02    -1.22472386e+03   
    9.51000000e+03     4.75500000e+00    -1.22467185e+03     2.93758265e+02    -1.22472271e+03   
    9.51100000e+03     4.75550000e+00    -1.22467192e+03     2.92468953e+02    -1.22472242e+03   
    9.51200000e+03     4.75600000e+00    -1.22467187e+03     2.99152577e+02    -1.22472328e+03   
    9.51300000e+03     4.75650000e+00    -1.22467186e+03     3.08736739e+02    -1.22472515e+03   
    9.51400000e+03     4.75700000e+00    -1.22467188e+03     3.17741231e+02    -1.22472773e+03   
    9.51500000e+03     4.75750000e+00    -1.22467202e+03     3.29619416e+02    -1.22473060e+03   
    9.51600000e+03     4.75800000e+00    -1.22467203e+03     3.42387807e+02    -1.22473304e+03   
    9.51700000e+03     4.75850000e+00    -1.22467199e+03     3.47378407e+02    -1.22473419e+03   
    9.51800000e+03     4.75900000e+00    -1.22467197e+03     3.43840046e+02    -1.22473433e+03   
    9.51900000e+03     4.75950000e+00    -1.22467197e+03     3.39707266e+02    -1.22473362e+03   
    9.52000000e+03     4.76000000e+00    -1.22467184e+03     3.36428818e+02    -1.22473276e+03   
    9.52100000e+03     4.76050000e+00    -1.22467184e+03     3.31729913e+02    -1.22473204e+03   
    9.52200000e+03     4.76100000e+00    -1.22467196e+03     3.30963123e+02    -1.22473204e+03   
    9.52300000e+03     4.76150000e+00    -1.22467196e+03     3.39286239e+02    -1.22473247e+03   
    9.52400000e+03     4.76200000e+00    -1.22467196e+03     3.40413805e+02    -1.22473304e+03   
    9.52500000e+03     4.76250000e+00    -1.22467202e+03     3.39395482e+02    -1.22473333e+03   
    9.52600000e+03     4.76300000e+00    -1.22467196e+03     3.36729088e+02    -1.22473290e+03   
    9.52700000e+03     4.76350000e+00    -1.22467193e+03     3.35593117e+02    -1.22473189e+03   
    9.52800000e+03     4.76400000e+00    -1.22467194e+03     3.29490298e+02    -1.22473060e+03   
    9.52900000e+03     4.76450000e+00    -1.22467182e+03     3.24504630e+02    -1.22472945e+03   
    9.53000000e+03     4.76500000e+00    -1.22467186e+03     3.23019606e+02    -1.22472931e+03   
    9.53100000e+03     4.76550000e+00    -1.22467189e+03     3.22260071e+02    -1.22472945e+03   
    9.53200000e+03     4.76600000e+00    -1.22467189e+03     3.18842243e+02    -1.22472988e+03   
    9.53300000e+03     4.76650000e+00    -1.22467189e+03     3.24291617e+02    -1.22473046e+03   
    9.53400000e+03     4.76700000e+00    -1.22467189e+03     3.28197717e+02    -1.22473146e+03   
    9.53500000e+03     4.76750000e+00    -1.22467202e+03     3.29907621e+02    -1.22473290e+03   
    9.53600000e+03     4.76800000e+00    -1.22467205e+03     3.38851626e+02    -1.22473405e+03   
    9.53700000e+03     4.76850000e+00    -1.22467201e+03     3.45023767e+02    -1.22473419e+03   
    9.53800000e+03     4.76900000e+00    -1.22467193e+03     3.37452383e+02    -1.22473304e+03   
    9.53900000e+03     4.76950000e+00    -1.22467192e+03     3.27840937e+02    -1.22473146e+03   
    9.54000000e+03     4.77000000e+00    -1.22467183e+03     3.20514615e+02    -1.22473003e+03   
    9.54100000e+03     4.77050000e+00    -1.22467184e+03     3.15517541e+02    -1.22472917e+03   
    9.54200000e+03     4.77100000e+00    -1.22467188e+03     3.09391134e+02    -1.22472902e+03   
    9.54300000e+03     4.77150000e+00    -1.22467188e+03     3.14808889e+02    -1.22472988e+03   
    9.54400000e+03     4.77200000e+00    -1.22467194e+03     3.21342912e+02    -1.22473118e+03   
    9.54500000e+03     4.77250000e+00    -1.22467208e+03     3.26996671e+02    -1.22473204e+03   
    9.54600000e+03     4.77300000e+00    -1.22467202e+03     3.19830456e+02    -1.22473132e+03   
    9.54700000e+03     4.77350000e+00    -1.22467202e+03     3.17881843e+02    -1.22472960e+03   
    9.54800000e+03     4.77400000e+00    -1.22467194e+03     3.08683230e+02    -1.22472701e+03   
    9.54900000e+03     4.77450000e+00    -1.22467185e+03     3.01819467e+02    -1.22472457e+03   
    9.55000000e+03     4.77500000e+00    -1.22467186e+03     2.99947230e+02    -1.22472314e+03   
    9.55100000e+03     4.77550000e+00    -1.22467181e+03     2.99343292e+02    -1.22472285e+03   
    9.55200000e+03     4.77600000e+00    -1.22467181e+03     2.97225233e+02    -1.22472357e+03   
    9.55300000e+03     4.77650000e+00    -1.22467192e+03     3.02596480e+02    -1.22472529e+03   
    9.55400000e+03     4.77700000e+00    -1.22467190e+03     3.17721183e+02    -1.22472730e+03   
    9.55500000e+03     4.77750000e+00    -1.22467196e+03     3.31586878e+02    -1.22472931e+03   
    9.55600000e+03     4.77800000e+00    -1.22467193e+03     3.35569937e+02    -1.22473017e+03   
    9.55700000e+03     4.77850000e+00    -1.22467196e+03     3.31089625e+02    -1.22473003e+03   
    9.55800000e+03     4.77900000e+00    -1.22467183e+03     3.27252546e+02    -1.22472902e+03   
    9.55900000e+03     4.77950000e+00    -1.22467181e+03     3.27016718e+02    -1.22472831e+03   
    9.56000000e+03     4.78000000e+00    -1.22467183e+03     3.30884301e+02    -1.22472859e+03   
    9.56100000e+03     4.78050000e+00    -1.22467189e+03     3.36103652e+02    -1.22473031e+03   
    9.56200000e+03     4.78100000e+00    -1.22467197e+03     3.52410590e+02    -1.22473319e+03   
    9.56300000e+03     4.78150000e+00    -1.22467204e+03     3.63460633e+02    -1.22473606e+03   
    9.56400000e+03     4.78200000e+00    -1.22467200e+03     3.65849575e+02    -1.22473807e+03   
    9.56500000e+03     4.78250000e+00    -1.22467207e+03     3.77369527e+02    -1.22473893e+03   
    9.56600000e+03     4.78300000e+00    -1.22467198e+03     3.77854883e+02    -1.22473807e+03   
    9.56700000e+03     4.78350000e+00    -1.22467192e+03     3.71072811e+02    -1.22473620e+03   
    9.56800000e+03     4.78400000e+00    -1.22467185e+03     3.61996792e+02    -1.22473376e+03   
    9.56900000e+03     4.78450000e+00    -1.22467185e+03     3.49997194e+02    -1.22473175e+03   
    9.57000000e+03     4.78500000e+00    -1.22467176e+03     3.54505970e+02    -1.22473089e+03   
    9.57100000e+03     4.78550000e+00    -1.22467177e+03     3.60384888e+02    -1.22473189e+03   
    9.57200000e+03     4.78600000e+00    -1.22467191e+03     3.72840326e+02    -1.22473419e+03   
    9.57300000e+03     4.78650000e+00    -1.22467195e+03     3.86468694e+02    -1.22473706e+03   
    9.57400000e+03     4.78700000e+00    -1.22467199e+03     4.01932061e+02    -1.22473979e+03   
    9.57500000e+03     4.78750000e+00    -1.22467197e+03     4.03425701e+02    -1.22474194e+03   
    9.57600000e+03     4.78800000e+00    -1.22467191e+03     4.04833094e+02    -1.22474338e+03   
    9.57700000e+03     4.78850000e+00    -1.22467203e+03     4.05811315e+02    -1.22474410e+03   
    9.57800000e+03     4.78900000e+00    -1.22467193e+03     4.03950445e+02    -1.22474381e+03   
    9.57900000e+03     4.78950000e+00    -1.22467191e+03     4.04066020e+02    -1.22474338e+03   
    9.58000000e+03     4.79000000e+00    -1.22467188e+03     4.00957966e+02    -1.22474295e+03   
    9.58100000e+03     4.79050000e+00    -1.22467194e+03     3.98598466e+02    -1.22474295e+03   
    9.58200000e+03     4.79100000e+00    -1.22467196e+03     4.03321474e+02    -1.22474323e+03   
    9.58300000e+03     4.79150000e+00    -1.22467194e+03     4.02971816e+02    -1.22474395e+03   
    9.58400000e+03     4.79200000e+00    -1.22467203e+03     3.99334748e+02    -1.22474453e+03   
    9.58500000e+03     4.79250000e+00    -1.22467209e+03     4.04885253e+02    -1.22474395e+03   
    9.58600000e+03     4.79300000e+00    -1.22467195e+03     3.93333132e+02    -1.22474180e+03   
    9.58700000e+03     4.79350000e+00    -1.22467195e+03     3.79869820e+02    -1.22473878e+03   
    9.58800000e+03     4.79400000e+00    -1.22467182e+03     3.67235380e+02    -1.22473534e+03   
    9.58900000e+03     4.79450000e+00    -1.22467189e+03     3.61934838e+02    -1.22473261e+03   
    9.59000000e+03     4.79500000e+00    -1.22467183e+03     3.64073768e+02    -1.22473075e+03   
    9.59100000e+03     4.79550000e+00    -1.22467194e+03     3.66411317e+02    -1.22472988e+03   
    9.59200000e+03     4.79600000e+00    -1.22467181e+03     3.69575120e+02    -1.22472917e+03   
    9.59300000e+03     4.79650000e+00    -1.22467188e+03     3.61715120e+02    -1.22472859e+03   
    9.59400000e+03     4.79700000e+00    -1.22467180e+03     3.57886227e+02    -1.22472787e+03   
    9.59500000e+03     4.79750000e+00    -1.22467189e+03     3.52991547e+02    -1.22472773e+03   
    9.59600000e+03     4.79800000e+00    -1.22467187e+03     3.53644292e+02    -1.22472787e+03   
    9.59700000e+03     4.79850000e+00    -1.22467185e+03     3.59307560e+02    -1.22472831e+03   
    9.59800000e+03     4.79900000e+00    -1.22467195e+03     3.57508042e+02    -1.22472888e+03   
    9.59900000e+03     4.79950000e+00    -1.22467194e+03     3.63898847e+02    -1.22472917e+03   
    9.60000000e+03     4.80000000e+00    -1.22467186e+03     3.67051974e+02    -1.22472960e+03   
    9.60100000e+03     4.80050000e+00    -1.22467184e+03     3.74268326e+02    -1.22473046e+03   
    9.60200000e+03     4.80100000e+00    -1.22467189e+03     3.77497979e+02    -1.22473161e+03   
    9.60300000e+03     4.80150000e+00    -1.22467196e+03     3.76584308e+02    -1.22473247e+03   
    9.60400000e+03     4.80200000e+00    -1.22467201e+03     3.82107560e+02    -1.22473290e+03   
    9.60500000e+03     4.80250000e+00    -1.22467204e+03     3.79536835e+02    -1.22473247e+03   
    9.60600000e+03     4.80300000e+00    -1.22467189e+03     3.70774631e+02    -1.22473089e+03   
    9.60700000e+03     4.80350000e+00    -1.22467185e+03     3.60569983e+02    -1.22472845e+03   
    9.60800000e+03     4.80400000e+00    -1.22467193e+03     3.48879330e+02    -1.22472586e+03   
    9.60900000e+03     4.80450000e+00    -1.22467185e+03     3.31803771e+02    -1.22472342e+03   
    9.61000000e+03     4.80500000e+00    -1.22467181e+03     3.10773932e+02    -1.22472156e+03   
    9.61100000e+03     4.80550000e+00    -1.22467180e+03     3.09342320e+02    -1.22472041e+03   
    9.61200000e+03     4.80600000e+00    -1.22467187e+03     3.08112059e+02    -1.22471984e+03   
    9.61300000e+03     4.80650000e+00    -1.22467178e+03     3.13189985e+02    -1.22472012e+03   
    9.61400000e+03     4.80700000e+00    -1.22467186e+03     3.13714500e+02    -1.22472084e+03   
    9.61500000e+03     4.80750000e+00    -1.22467193e+03     3.12133827e+02    -1.22472170e+03   
    9.61600000e+03     4.80800000e+00    -1.22467190e+03     3.13718216e+02    -1.22472271e+03   
    9.61700000e+03     4.80850000e+00    -1.22467188e+03     3.12900533e+02    -1.22472371e+03   
    9.61800000e+03     4.80900000e+00    -1.22467199e+03     3.13873689e+02    -1.22472457e+03   
    9.61900000e+03     4.80950000e+00    -1.22467194e+03     3.15204704e+02    -1.22472457e+03   
    9.62000000e+03     4.81000000e+00    -1.22467190e+03     3.18348472e+02    -1.22472357e+03   
    9.62100000e+03     4.81050000e+00    -1.22467186e+03     3.13329802e+02    -1.22472228e+03   
    9.62200000e+03     4.81100000e+00    -1.22467178e+03     3.08080604e+02    -1.22472156e+03   
    9.62300000e+03     4.81150000e+00    -1.22467181e+03     3.07955778e+02    -1.22472185e+03   
    9.62400000e+03     4.81200000e+00    -1.22467190e+03     3.12557261e+02    -1.22472271e+03   
    9.62500000e+03     4.81250000e+00    -1.22467205e+03     3.08790069e+02    -1.22472328e+03   
    9.62600000e+03     4.81300000e+00    -1.22467207e+03     3.10627032e+02    -1.22472242e+03   
    9.62700000e+03     4.81350000e+00    -1.22467200e+03     3.04216673e+02    -1.22472012e+03   
    9.62800000e+03     4.81400000e+00    -1.22467185e+03     2.95131525e+02    -1.22471682e+03   
    9.62900000e+03     4.81450000e+00    -1.22467186e+03     2.79314822e+02    -1.22471381e+03   
    9.63000000e+03     4.81500000e+00    -1.22467188e+03     2.71825124e+02    -1.22471165e+03   
    9.63100000e+03     4.81550000e+00    -1.22467191e+03     2.69353415e+02    -1.22471022e+03   
    9.63200000e+03     4.81600000e+00    -1.22467191e+03     2.69272460e+02    -1.22470936e+03   
    9.63300000e+03     4.81650000e+00    -1.22467179e+03     2.68420488e+02    -1.22470893e+03   
    9.63400000e+03     4.81700000e+00    -1.22467185e+03     2.68095730e+02    -1.22470936e+03   
    9.63500000e+03     4.81750000e+00    -1.22467178e+03     2.78347074e+02    -1.22471050e+03   
    9.63600000e+03     4.81800000e+00    -1.22467185e+03     2.86766658e+02    -1.22471266e+03   
    9.63700000e+03     4.81850000e+00    -1.22467197e+03     2.95113241e+02    -1.22471510e+03   
    9.63800000e+03     4.81900000e+00    -1.22467194e+03     3.09972874e+02    -1.22471682e+03   
    9.63900000e+03     4.81950000e+00    -1.22467195e+03     3.16902332e+02    -1.22471740e+03   
    9.64000000e+03     4.82000000e+00    -1.22467200e+03     3.15378217e+02    -1.22471639e+03   
    9.64100000e+03     4.82050000e+00    -1.22467191e+03     3.15835720e+02    -1.22471452e+03   
    9.64200000e+03     4.82100000e+00    -1.22467170e+03     3.02275573e+02    -1.22471309e+03   
    9.64300000e+03     4.82150000e+00    -1.22467172e+03     3.09635943e+02    -1.22471381e+03   
    9.64400000e+03     4.82200000e+00    -1.22467183e+03     3.22821790e+02    -1.22471610e+03   
    9.64500000e+03     4.82250000e+00    -1.22467191e+03     3.32269884e+02    -1.22471854e+03   
    9.64600000e+03     4.82300000e+00    -1.22467202e+03     3.41643980e+02    -1.22471998e+03   
    9.64700000e+03     4.82350000e+00    -1.22467191e+03     3.40071487e+02    -1.22471998e+03   
    9.64800000e+03     4.82400000e+00    -1.22467194e+03     3.33963417e+02    -1.22471912e+03   
    9.64900000e+03     4.82450000e+00    -1.22467180e+03     3.31285300e+02    -1.22471768e+03   
    9.65000000e+03     4.82500000e+00    -1.22467191e+03     3.22896097e+02    -1.22471668e+03   
    9.65100000e+03     4.82550000e+00    -1.22467186e+03     3.15513175e+02    -1.22471567e+03   
    9.65200000e+03     4.82600000e+00    -1.22467188e+03     3.10279853e+02    -1.22471481e+03   
    9.65300000e+03     4.82650000e+00    -1.22467175e+03     3.09460604e+02    -1.22471424e+03   
    9.65400000e+03     4.82700000e+00    -1.22467180e+03     3.11879892e+02    -1.22471495e+03   
    9.65500000e+03     4.82750000e+00    -1.22467181e+03     3.23011020e+02    -1.22471711e+03   
    9.65600000e+03     4.82800000e+00    -1.22467187e+03     3.35346174e+02    -1.22472041e+03   
    9.65700000e+03     4.82850000e+00    -1.22467194e+03     3.43852023e+02    -1.22472328e+03   
    9.65800000e+03     4.82900000e+00    -1.22467202e+03     3.52295124e+02    -1.22472472e+03   
    9.65900000e+03     4.82950000e+00    -1.22467199e+03     3.47013325e+02    -1.22472400e+03   
    9.66000000e+03     4.83000000e+00    -1.22467182e+03     3.41870809e+02    -1.22472213e+03   
    9.66100000e+03     4.83050000e+00    -1.22467170e+03     3.33648406e+02    -1.22472041e+03   
    9.66200000e+03     4.83100000e+00    -1.22467169e+03     3.40986851e+02    -1.22472041e+03   
    9.66300000e+03     4.83150000e+00    -1.22467180e+03     3.51198460e+02    -1.22472271e+03   
    9.66400000e+03     4.83200000e+00    -1.22467189e+03     3.71792358e+02    -1.22472644e+03   
    9.66500000e+03     4.83250000e+00    -1.22467196e+03     3.83063499e+02    -1.22472960e+03   
    9.66600000e+03     4.83300000e+00    -1.22467206e+03     3.88113211e+02    -1.22473118e+03   
    9.66700000e+03     4.83350000e+00    -1.22467203e+03     3.79362279e+02    -1.22473017e+03   
    9.66800000e+03     4.83400000e+00    -1.22467181e+03     3.70068316e+02    -1.22472716e+03   
    9.66900000e+03     4.83450000e+00    -1.22467179e+03     3.59123917e+02    -1.22472414e+03   
    9.67000000e+03     4.83500000e+00    -1.22467180e+03     3.46911310e+02    -1.22472228e+03   
    9.67100000e+03     4.83550000e+00    -1.22467170e+03     3.39072773e+02    -1.22472156e+03   
    9.67200000e+03     4.83600000e+00    -1.22467177e+03     3.38504935e+02    -1.22472228e+03   
    9.67300000e+03     4.83650000e+00    -1.22467185e+03     3.44034292e+02    -1.22472386e+03   
    9.67400000e+03     4.83700000e+00    -1.22467181e+03     3.56366824e+02    -1.22472586e+03   
    9.67500000e+03     4.83750000e+00    -1.22467188e+03     3.67258885e+02    -1.22472787e+03   
    9.67600000e+03     4.83800000e+00    -1.22467188e+03     3.70294883e+02    -1.22472888e+03   
    9.67700000e+03     4.83850000e+00    -1.22467193e+03     3.62014178e+02    -1.22472816e+03   
    9.67800000e+03     4.83900000e+00    -1.22467188e+03     3.43961940e+02    -1.22472586e+03   
    9.67900000e+03     4.83950000e+00    -1.22467172e+03     3.32706743e+02    -1.22472256e+03   
    9.68000000e+03     4.84000000e+00    -1.22467165e+03     3.19117005e+02    -1.22471984e+03   
    9.68100000e+03     4.84050000e+00    -1.22467171e+03     3.13740316e+02    -1.22471897e+03   
    9.68200000e+03     4.84100000e+00    -1.22467172e+03     3.29132718e+02    -1.22472041e+03   
    9.68300000e+03     4.84150000e+00    -1.22467177e+03     3.40391751e+02    -1.22472342e+03   
    9.68400000e+03     4.84200000e+00    -1.22467185e+03     3.54551270e+02    -1.22472687e+03   
    9.68500000e+03     4.84250000e+00    -1.22467194e+03     3.65555725e+02    -1.22472917e+03   
    9.68600000e+03     4.84300000e+00    -1.22467201e+03     3.66840761e+02    -1.22472945e+03   
    9.68700000e+03     4.84350000e+00    -1.22467187e+03     3.56105934e+02    -1.22472716e+03   
    9.68800000e+03     4.84400000e+00    -1.22467181e+03     3.35945622e+02    -1.22472357e+03   
    9.68900000e+03     4.84450000e+00    -1.22467171e+03     3.23007701e+02    -1.22472027e+03   
    9.69000000e+03     4.84500000e+00    -1.22467165e+03     3.15540981e+02    -1.22471869e+03   
    9.69100000e+03     4.84550000e+00    -1.22467177e+03     3.16755711e+02    -1.22471883e+03   
    9.69200000e+03     4.84600000e+00    -1.22467170e+03     3.26584130e+02    -1.22472012e+03   
    9.69300000e+03     4.84650000e+00    -1.22467186e+03     3.33048558e+02    -1.22472185e+03   
    9.69400000e+03     4.84700000e+00    -1.22467183e+03     3.40235633e+02    -1.22472271e+03   
    9.69500000e+03     4.84750000e+00    -1.22467177e+03     3.35643737e+02    -1.22472271e+03   
    9.69600000e+03     4.84800000e+00    -1.22467175e+03     3.36347021e+02    -1.22472199e+03   
    9.69700000e+03     4.84850000e+00    -1.22467175e+03     3.35868940e+02    -1.22472055e+03   
    9.69800000e+03     4.84900000e+00    -1.22467178e+03     3.30636906e+02    -1.22471897e+03   
    9.69900000e+03     4.84950000e+00    -1.22467173e+03     3.23191128e+02    -1.22471754e+03   
    9.70000000e+03     4.85000000e+00    -1.22467164e+03     3.19166001e+02    -1.22471682e+03   
    9.70100000e+03     4.85050000e+00    -1.22467169e+03     3.20845199e+02    -1.22471711e+03   
    9.70200000e+03     4.85100000e+00    -1.22467167e+03     3.26718917e+02    -1.22471869e+03   
    9.70300000e+03     4.85150000e+00    -1.22467170e+03     3.39535578e+02    -1.22472141e+03   
    9.70400000e+03     4.85200000e+00    -1.22467185e+03     3.52545512e+02    -1.22472429e+03   
    9.70500000e+03     4.85250000e+00    -1.22467197e+03     3.53849754e+02    -1.22472572e+03   
    9.70600000e+03     4.85300000e+00    -1.22467186e+03     3.51951557e+02    -1.22472457e+03   
    9.70700000e+03     4.85350000e+00    -1.22467184e+03     3.38815485e+02    -1.22472141e+03   
    9.70800000e+03     4.85400000e+00    -1.22467159e+03     3.20840401e+02    -1.22471740e+03   
    9.70900000e+03     4.85450000e+00    -1.22467157e+03     3.09882064e+02    -1.22471481e+03   
    9.71000000e+03     4.85500000e+00    -1.22467159e+03     3.06772409e+02    -1.22471452e+03   
    9.71100000e+03     4.85550000e+00    -1.22467167e+03     3.12135583e+02    -1.22471610e+03   
    9.71200000e+03     4.85600000e+00    -1.22467182e+03     3.20100399e+02    -1.22471811e+03   
    9.71300000e+03     4.85650000e+00    -1.22467182e+03     3.19898941e+02    -1.22471926e+03   
    9.71400000e+03     4.85700000e+00    -1.22467173e+03     3.15564458e+02    -1.22471912e+03   
    9.71500000e+03     4.85750000e+00    -1.22467171e+03     3.16960513e+02    -1.22471840e+03   
    9.71600000e+03     4.85800000e+00    -1.22467164e+03     3.23041550e+02    -1.22471811e+03   
    9.71700000e+03     4.85850000e+00    -1.22467177e+03     3.31265676e+02    -1.22471854e+03   
    9.71800000e+03     4.85900000e+00    -1.22467170e+03     3.30420648e+02    -1.22471869e+03   
    9.71900000e+03     4.85950000e+00    -1.22467174e+03     3.25814890e+02    -1.22471854e+03   
    9.72000000e+03     4.86000000e+00    -1.22467176e+03     3.22736597e+02    -1.22471783e+03   
    9.72100000e+03     4.86050000e+00    -1.22467164e+03     3.20356580e+02    -1.22471725e+03   
    9.72200000e+03     4.86100000e+00    -1.22467172e+03     3.13805762e+02    -1.22471768e+03   
    9.72300000e+03     4.86150000e+00    -1.22467180e+03     3.20305443e+02    -1.22471897e+03   
    9.72400000e+03     4.86200000e+00    -1.22467186e+03     3.24453710e+02    -1.22472070e+03   
    9.72500000e+03     4.86250000e+00    -1.22467180e+03     3.34054284e+02    -1.22472185e+03   
    9.72600000e+03     4.86300000e+00    -1.22467191e+03     3.31542572e+02    -1.22472185e+03   
    9.72700000e+03     4.86350000e+00    -1.22467178e+03     3.22103353e+02    -1.22472027e+03   
    9.72800000e+03     4.86400000e+00    -1.22467176e+03     3.10206616e+02    -1.22471826e+03   
    9.72900000e+03     4.86450000e+00    -1.22467170e+03     3.02665628e+02    -1.22471682e+03   
    9.73000000e+03     4.86500000e+00    -1.22467179e+03     3.01439987e+02    -1.22471653e+03   
    9.73100000e+03     4.86550000e+00    -1.22467176e+03     3.11683650e+02    -1.22471653e+03   
    9.73200000e+03     4.86600000e+00    -1.22467173e+03     3.07371209e+02    -1.22471610e+03   
    9.73300000e+03     4.86650000e+00    -1.22467180e+03     3.09285188e+02    -1.22471582e+03   
    9.73400000e+03     4.86700000e+00    -1.22467173e+03     3.09818517e+02    -1.22471539e+03   
    9.73500000e+03     4.86750000e+00    -1.22467180e+03     3.11486808e+02    -1.22471567e+03   
    9.73600000e+03     4.86800000e+00    -1.22467181e+03     3.14561883e+02    -1.22471582e+03   
    9.73700000e+03     4.86850000e+00    -1.22467180e+03     3.07703645e+02    -1.22471524e+03   
    9.73800000e+03     4.86900000e+00    -1.22467179e+03     3.00693494e+02    -1.22471366e+03   
    9.73900000e+03     4.86950000e+00    -1.22467166e+03     2.93879045e+02    -1.22471151e+03   
    9.74000000e+03     4.87000000e+00    -1.22467164e+03     2.84367588e+02    -1.22471007e+03   
    9.74100000e+03     4.87050000e+00    -1.22467161e+03     2.85910141e+02    -1.22471022e+03   
    9.74200000e+03     4.87100000e+00    -1.22467169e+03     2.88311372e+02    -1.22471208e+03   
    9.74300000e+03     4.87150000e+00    -1.22467170e+03     2.95779671e+02    -1.22471481e+03   
    9.74400000e+03     4.87200000e+00    -1.22467177e+03     3.15493592e+02    -1.22471811e+03   
    9.74500000e+03     4.87250000e+00    -1.22467188e+03     3.25688735e+02    -1.22472084e+03   
    9.74600000e+03     4.87300000e+00    -1.22467188e+03     3.27091759e+02    -1.22472141e+03   
    9.74700000e+03     4.87350000e+00    -1.22467191e+03     3.18784799e+02    -1.22471940e+03   
    9.74800000e+03     4.87400000e+00    -1.22467165e+03     3.07283885e+02    -1.22471582e+03   
    9.74900000e+03     4.87450000e+00    -1.22467168e+03     2.97302899e+02    -1.22471323e+03   
    9.75000000e+03     4.87500000e+00    -1.22467161e+03     2.95059001e+02    -1.22471237e+03   
    9.75100000e+03     4.87550000e+00    -1.22467170e+03     3.02849410e+02    -1.22471352e+03   
    9.75200000e+03     4.87600000e+00    -1.22467178e+03     3.15266050e+02    -1.22471553e+03   
    9.75300000e+03     4.87650000e+00    -1.22467181e+03     3.18875339e+02    -1.22471740e+03   
    9.75400000e+03     4.87700000e+00    -1.22467177e+03     3.22374718e+02    -1.22471811e+03   
    9.75500000e+03     4.87750000e+00    -1.22467184e+03     3.10675487e+02    -1.22471740e+03   
    9.75600000e+03     4.87800000e+00    -1.22467172e+03     3.03946225e+02    -1.22471481e+03   
    9.75700000e+03     4.87850000e+00    -1.22467162e+03     2.88592878e+02    -1.22471122e+03   
    9.75800000e+03     4.87900000e+00    -1.22467163e+03     2.77251731e+02    -1.22470835e+03   
    9.75900000e+03     4.87950000e+00    -1.22467156e+03     2.72636456e+02    -1.22470692e+03   
    9.76000000e+03     4.88000000e+00    -1.22467158e+03     2.71581380e+02    -1.22470792e+03   
    9.76100000e+03     4.88050000e+00    -1.22467162e+03     2.83728538e+02    -1.22471065e+03   
    9.76200000e+03     4.88100000e+00    -1.22467167e+03     2.94614032e+02    -1.22471395e+03   
    9.76300000e+03     4.88150000e+00    -1.22467175e+03     3.15939205e+02    -1.22471696e+03   
    9.76400000e+03     4.88200000e+00    -1.22467180e+03     3.22806094e+02    -1.22471840e+03   
    9.76500000e+03     4.88250000e+00    -1.22467190e+03     3.22909601e+02    -1.22471768e+03   
    9.76600000e+03     4.88300000e+00    -1.22467185e+03     3.06058214e+02    -1.22471452e+03   
    9.76700000e+03     4.88350000e+00    -1.22467164e+03     2.88315269e+02    -1.22471022e+03   
    9.76800000e+03     4.88400000e+00    -1.22467155e+03     2.77414883e+02    -1.22470735e+03   
    9.76900000e+03     4.88450000e+00    -1.22467154e+03     2.75390747e+02    -1.22470749e+03   
    9.77000000e+03     4.88500000e+00    -1.22467166e+03     2.89910499e+02    -1.22471065e+03   
    9.77100000e+03     4.88550000e+00    -1.22467189e+03     3.01720463e+02    -1.22471481e+03   
    9.77200000e+03     4.88600000e+00    -1.22467194e+03     3.11598282e+02    -1.22471768e+03   
    9.77300000e+03     4.88650000e+00    -1.22467195e+03     3.10584428e+02    -1.22471768e+03   
    9.77400000e+03     4.88700000e+00    -1.22467182e+03     2.99344735e+02    -1.22471481e+03   
    9.77500000e+03     4.88750000e+00    -1.22467175e+03     2.77223028e+02    -1.22471022e+03   
    9.77600000e+03     4.88800000e+00    -1.22467150e+03     2.61239532e+02    -1.22470591e+03   
    9.77700000e+03     4.88850000e+00    -1.22467153e+03     2.49315376e+02    -1.22470376e+03   
    9.77800000e+03     4.88900000e+00    -1.22467147e+03     2.52409362e+02    -1.22470476e+03   
    9.77900000e+03     4.88950000e+00    -1.22467168e+03     2.69184974e+02    -1.22470893e+03   
    9.78000000e+03     4.89000000e+00    -1.22467172e+03     2.91521581e+02    -1.22471424e+03   
    9.78100000e+03     4.89050000e+00    -1.22467178e+03     3.18505382e+02    -1.22471940e+03   
    9.78200000e+03     4.89100000e+00    -1.22467188e+03     3.33019770e+02    -1.22472342e+03   
    9.78300000e+03     4.89150000e+00    -1.22467187e+03     3.40943084e+02    -1.22472515e+03   
    9.78400000e+03     4.89200000e+00    -1.22467187e+03     3.31190697e+02    -1.22472400e+03   
    9.78500000e+03     4.89250000e+00    -1.22467175e+03     3.18215592e+02    -1.22472113e+03   
    9.78600000e+03     4.89300000e+00    -1.22467157e+03     3.05205971e+02    -1.22471854e+03   
    9.78700000e+03     4.89350000e+00    -1.22467156e+03     3.10820267e+02    -1.22471883e+03   
    9.78800000e+03     4.89400000e+00    -1.22467159e+03     3.26407636e+02    -1.22472199e+03   
    9.78900000e+03     4.89450000e+00    -1.22467184e+03     3.47055357e+02    -1.22472687e+03   
    9.79000000e+03     4.89500000e+00    -1.22467188e+03     3.67171561e+02    -1.22473060e+03   
    9.79100000e+03     4.89550000e+00    -1.22467187e+03     3.75545372e+02    -1.22473132e+03   
    9.79200000e+03     4.89600000e+00    -1.22467192e+03     3.58384535e+02    -1.22472874e+03   
    9.79300000e+03     4.89650000e+00    -1.22467174e+03     3.34601220e+02    -1.22472400e+03   
    9.79400000e+03     4.89700000e+00    -1.22467157e+03     3.10029505e+02    -1.22471926e+03   
    9.79500000e+03     4.89750000e+00    -1.22467151e+03     2.93737244e+02    -1.22471625e+03   
    9.79600000e+03     4.89800000e+00    -1.22467155e+03     2.95511438e+02    -1.22471596e+03   
    9.79700000e+03     4.89850000e+00    -1.22467164e+03     3.05047544e+02    -1.22471768e+03   
    9.79800000e+03     4.89900000e+00    -1.22467182e+03     3.20726376e+02    -1.22472084e+03   
    9.79900000e+03     4.89950000e+00    -1.22467179e+03     3.33761128e+02    -1.22472328e+03   
    9.80000000e+03     4.90000000e+00    -1.22467175e+03     3.47523550e+02    -1.22472486e+03   
    9.80100000e+03     4.90050000e+00    -1.22467177e+03     3.48884834e+02    -1.22472529e+03   
    9.80200000e+03     4.90100000e+00    -1.22467172e+03     3.42931837e+02    -1.22472429e+03   
    9.80300000e+03     4.90150000e+00    -1.22467182e+03     3.28601469e+02    -1.22472228e+03   
    9.80400000e+03     4.90200000e+00    -1.22467164e+03     3.20167230e+02    -1.22471940e+03   
    9.80500000e+03     4.90250000e+00    -1.22467148e+03     3.05130171e+02    -1.22471783e+03   
    9.80600000e+03     4.90300000e+00    -1.22467161e+03     3.12266603e+02    -1.22471883e+03   
    9.80700000e+03     4.90350000e+00    -1.22467175e+03     3.24338870e+02    -1.22472213e+03   
    9.80800000e+03     4.90400000e+00    -1.22467184e+03     3.42846818e+02    -1.22472572e+03   
    9.80900000e+03     4.90450000e+00    -1.22467196e+03     3.53531589e+02    -1.22472759e+03   
    9.81000000e+03     4.90500000e+00    -1.22467178e+03     3.53672581e+02    -1.22472586e+03   
    9.81100000e+03     4.90550000e+00    -1.22467180e+03     3.33099093e+02    -1.22472170e+03   
    9.81200000e+03     4.90600000e+00    -1.22467158e+03     3.10051161e+02    -1.22471610e+03   
    9.81300000e+03     4.90650000e+00    -1.22467155e+03     2.90946853e+02    -1.22471137e+03   
    9.81400000e+03     4.90700000e+00    -1.22467158e+03     2.85623809e+02    -1.22470921e+03   
    9.81500000e+03     4.90750000e+00    -1.22467165e+03     2.88309045e+02    -1.22470950e+03   
    9.81600000e+03     4.90800000e+00    -1.22467166e+03     2.99980173e+02    -1.22471122e+03   
    9.81700000e+03     4.90850000e+00    -1.22467169e+03     3.02946501e+02    -1.22471295e+03   
    9.81800000e+03     4.90900000e+00    -1.22467173e+03     3.08030282e+02    -1.22471395e+03   
    9.81900000e+03     4.90950000e+00    -1.22467174e+03     3.03422762e+02    -1.22471409e+03   
    9.82000000e+03     4.91000000e+00    -1.22467169e+03     2.99733397e+02    -1.22471323e+03   
    9.82100000e+03     4.91050000e+00    -1.22467181e+03     2.99203214e+02    -1.22471151e+03   
    9.82200000e+03     4.91100000e+00    -1.22467161e+03     2.85758437e+02    -1.22470850e+03   
    9.82300000e+03     4.91150000e+00    -1.22467157e+03     2.72214780e+02    -1.22470577e+03   
    9.82400000e+03     4.91200000e+00    -1.22467135e+03     2.71450060e+02    -1.22470519e+03   
    9.82500000e+03     4.91250000e+00    -1.22467157e+03     2.83310086e+02    -1.22470864e+03   
    9.82600000e+03     4.91300000e+00    -1.22467178e+03     3.07325962e+02    -1.22471424e+03   
    9.82700000e+03     4.91350000e+00    -1.22467186e+03     3.23676577e+02    -1.22471869e+03   
    9.82800000e+03     4.91400000e+00    -1.22467185e+03     3.23594739e+02    -1.22471940e+03   
    9.82900000e+03     4.91450000e+00    -1.22467173e+03     3.02141727e+02    -1.22471639e+03   
    9.83000000e+03     4.91500000e+00    -1.22467161e+03     2.79463944e+02    -1.22471180e+03   
    9.83100000e+03     4.91550000e+00    -1.22467154e+03     2.62464030e+02    -1.22470821e+03   
    9.83200000e+03     4.91600000e+00    -1.22467148e+03     2.60090123e+02    -1.22470677e+03   
    9.83300000e+03     4.91650000e+00    -1.22467159e+03     2.59101827e+02    -1.22470763e+03   
    9.83400000e+03     4.91700000e+00    -1.22467173e+03     2.60254182e+02    -1.22470936e+03   
    9.83500000e+03     4.91750000e+00    -1.22467172e+03     2.67451264e+02    -1.22471065e+03   
    9.83600000e+03     4.91800000e+00    -1.22467169e+03     2.72891160e+02    -1.22471151e+03   
    9.83700000e+03     4.91850000e+00    -1.22467162e+03     2.76051316e+02    -1.22471194e+03   
    9.83800000e+03     4.91900000e+00    -1.22467172e+03     2.73782158e+02    -1.22471266e+03   
    9.83900000e+03     4.91950000e+00    -1.22467179e+03     2.81076635e+02    -1.22471352e+03   
    9.84000000e+03     4.92000000e+00    -1.22467166e+03     2.78571660e+02    -1.22471381e+03   
    9.84100000e+03     4.92050000e+00    -1.22467163e+03     2.77765402e+02    -1.22471409e+03   
    9.84200000e+03     4.92100000e+00    -1.22467157e+03     2.78530213e+02    -1.22471481e+03   
    9.84300000e+03     4.92150000e+00    -1.22467161e+03     2.84899525e+02    -1.22471682e+03   
    9.84400000e+03     4.92200000e+00    -1.22467173e+03     2.96090246e+02    -1.22471955e+03   
    9.84500000e+03     4.92250000e+00    -1.22467177e+03     3.09958227e+02    -1.22472213e+03   
    9.84600000e+03     4.92300000e+00    -1.22467185e+03     3.12907747e+02    -1.22472342e+03   
    9.84700000e+03     4.92350000e+00    -1.22467173e+03     3.13041804e+02    -1.22472299e+03   
    9.84800000e+03     4.92400000e+00    -1.22467169e+03     3.11795068e+02    -1.22472185e+03   
    9.84900000e+03     4.92450000e+00    -1.22467162e+03     3.11800674e+02    -1.22472084e+03   
    9.85000000e+03     4.92500000e+00    -1.22467158e+03     3.16830796e+02    -1.22472070e+03   
    9.85100000e+03     4.92550000e+00    -1.22467167e+03     3.15296413e+02    -1.22472170e+03   
    9.85200000e+03     4.92600000e+00    -1.22467171e+03     3.18473312e+02    -1.22472299e+03   
    9.85300000e+03     4.92650000e+00    -1.22467176e+03     3.11191840e+02    -1.22472357e+03   
    9.85400000e+03     4.92700000e+00    -1.22467170e+03     3.05880547e+02    -1.22472299e+03   
    9.85500000e+03     4.92750000e+00    -1.22467164e+03     3.06459530e+02    -1.22472199e+03   
    9.85600000e+03     4.92800000e+00    -1.22467171e+03     3.04830175e+02    -1.22472141e+03   
    9.85700000e+03     4.92850000e+00    -1.22467164e+03     3.04508806e+02    -1.22472127e+03   
    9.85800000e+03     4.92900000e+00    -1.22467170e+03     3.06045914e+02    -1.22472156e+03   
    9.85900000e+03     4.92950000e+00    -1.22467167e+03     3.11218223e+02    -1.22472185e+03   
    9.86000000e+03     4.93000000e+00    -1.22467167e+03     3.12398060e+02    -1.22472242e+03   
    9.86100000e+03     4.93050000e+00    -1.22467164e+03     3.13894780e+02    -1.22472314e+03   
    9.86200000e+03     4.93100000e+00    -1.22467179e+03     3.30085180e+02    -1.22472443e+03   
    9.86300000e+03     4.93150000e+00    -1.22467169e+03     3.36903209e+02    -1.22472500e+03   
    9.86400000e+03     4.93200000e+00    -1.22467182e+03     3.34202626e+02    -1.22472486e+03   
    9.86500000e+03     4.93250000e+00    -1.22467178e+03     3.27983303e+02    -1.22472357e+03   
    9.86600000e+03     4.93300000e+00    -1.22467172e+03     3.21207948e+02    -1.22472170e+03   
    9.86700000e+03     4.93350000e+00    -1.22467157e+03     3.24036436e+02    -1.22472027e+03   
    9.86800000e+03     4.93400000e+00    -1.22467152e+03     3.28167107e+02    -1.22472041e+03   
    9.86900000e+03     4.93450000e+00    -1.22467168e+03     3.30872208e+02    -1.22472256e+03   
    9.87000000e+03     4.93500000e+00    -1.22467180e+03     3.33764840e+02    -1.22472529e+03   
    9.87100000e+03     4.93550000e+00    -1.22467187e+03     3.38022061e+02    -1.22472673e+03   
    9.87200000e+03     4.93600000e+00    -1.22467178e+03     3.38552196e+02    -1.22472615e+03   
    9.87300000e+03     4.93650000e+00    -1.22467168e+03     3.29741311e+02    -1.22472414e+03   
    9.87400000e+03     4.93700000e+00    -1.22467160e+03     3.13371200e+02    -1.22472213e+03   
    9.87500000e+03     4.93750000e+00    -1.22467164e+03     3.10141018e+02    -1.22472070e+03   
    9.87600000e+03     4.93800000e+00    -1.22467167e+03     3.09229547e+02    -1.22471998e+03   
    9.87700000e+03     4.93850000e+00    -1.22467168e+03     3.14680228e+02    -1.22471969e+03   
    9.87800000e+03     4.93900000e+00    -1.22467160e+03     3.13200762e+02    -1.22471955e+03   
    9.87900000e+03     4.93950000e+00    -1.22467156e+03     3.13282915e+02    -1.22472012e+03   
    9.88000000e+03     4.94000000e+00    -1.22467162e+03     3.21715389e+02    -1.22472156e+03   
    9.88100000e+03     4.94050000e+00    -1.22467167e+03     3.38259021e+02    -1.22472342e+03   
    9.88200000e+03     4.94100000e+00    -1.22467183e+03     3.42767903e+02    -1.22472486e+03   
    9.88300000e+03     4.94150000e+00    -1.22467181e+03     3.40392802e+02    -1.22472486e+03   
    9.88400000e+03     4.94200000e+00    -1.22467175e+03     3.33978467e+02    -1.22472371e+03   
    9.88500000e+03     4.94250000e+00    -1.22467168e+03     3.27454059e+02    -1.22472199e+03   
    9.88600000e+03     4.94300000e+00    -1.22467158e+03     3.28674634e+02    -1.22472113e+03   
    9.88700000e+03     4.94350000e+00    -1.22467153e+03     3.33434959e+02    -1.22472185e+03   
    9.88800000e+03     4.94400000e+00    -1.22467171e+03     3.47290373e+02    -1.22472414e+03   
    9.88900000e+03     4.94450000e+00    -1.22467178e+03     3.58750528e+02    -1.22472644e+03   
    9.89000000e+03     4.94500000e+00    -1.22467177e+03     3.60552760e+02    -1.22472773e+03   
    9.89100000e+03     4.94550000e+00    -1.22467170e+03     3.57692463e+02    -1.22472759e+03   
    9.89200000e+03     4.94600000e+00    -1.22467171e+03     3.48847079e+02    -1.22472644e+03   
    9.89300000e+03     4.94650000e+00    -1.22467169e+03     3.45340463e+02    -1.22472515e+03   
    9.89400000e+03     4.94700000e+00    -1.22467175e+03     3.38984965e+02    -1.22472400e+03   
    9.89500000e+03     4.94750000e+00    -1.22467167e+03     3.35868728e+02    -1.22472256e+03   
    9.89600000e+03     4.94800000e+00    -1.22467171e+03     3.32964255e+02    -1.22472141e+03   
    9.89700000e+03     4.94850000e+00    -1.22467172e+03     3.35271679e+02    -1.22472055e+03   
    9.89800000e+03     4.94900000e+00    -1.22467158e+03     3.35555696e+02    -1.22472041e+03   
    9.89900000e+03     4.94950000e+00    -1.22467173e+03     3.44911742e+02    -1.22472170e+03   
    9.90000000e+03     4.95000000e+00    -1.22467174e+03     3.46089149e+02    -1.22472328e+03   
    9.90100000e+03     4.95050000e+00    -1.22467176e+03     3.47292468e+02    -1.22472472e+03   
    9.90200000e+03     4.95100000e+00    -1.22467179e+03     3.45276474e+02    -1.22472558e+03   
    9.90300000e+03     4.95150000e+00    -1.22467179e+03     3.38001716e+02    -1.22472558e+03   
    9.90400000e+03     4.95200000e+00    -1.22467176e+03     3.34662408e+02    -1.22472486e+03   
    9.90500000e+03     4.95250000e+00    -1.22467159e+03     3.28155003e+02    -1.22472400e+03   
    9.90600000e+03     4.95300000e+00    -1.22467170e+03     3.20749307e+02    -1.22472429e+03   
    9.90700000e+03     4.95350000e+00    -1.22467178e+03     3.27207155e+02    -1.22472500e+03   
    9.90800000e+03     4.95400000e+00    -1.22467180e+03     3.31892746e+02    -1.22472529e+03   
    9.90900000e+03     4.95450000e+00    -1.22467168e+03     3.32971105e+02    -1.22472457e+03   
    9.91000000e+03     4.95500000e+00    -1.22467166e+03     3.26433742e+02    -1.22472342e+03   
    9.91100000e+03     4.95550000e+00    -1.22467163e+03     3.21872420e+02    -1.22472199e+03   
    9.91200000e+03     4.95600000e+00    -1.22467167e+03     3.24590480e+02    -1.22472055e+03   
    9.91300000e+03     4.95650000e+00    -1.22467167e+03     3.19267728e+02    -1.22471869e+03   
    9.91400000e+03     4.95700000e+00    -1.22467171e+03     3.06670934e+02    -1.22471625e+03   
    9.91500000e+03     4.95750000e+00    -1.22467164e+03     2.96578296e+02    -1.22471409e+03   
    9.91600000e+03     4.95800000e+00    -1.22467162e+03     2.91459889e+02    -1.22471280e+03   
    9.91700000e+03     4.95850000e+00    -1.22467159e+03     2.88323357e+02    -1.22471266e+03   
    9.91800000e+03     4.95900000e+00    -1.22467162e+03     2.96587681e+02    -1.22471366e+03   
    9.91900000e+03     4.95950000e+00    -1.22467176e+03     2.96816051e+02    -1.22471510e+03   
    9.92000000e+03     4.96000000e+00    -1.22467179e+03     3.01307765e+02    -1.22471610e+03   
    9.92100000e+03     4.96050000e+00    -1.22467178e+03     3.09717233e+02    -1.22471696e+03   
    9.92200000e+03     4.96100000e+00    -1.22467171e+03     3.16750420e+02    -1.22471696e+03   
    9.92300000e+03     4.96150000e+00    -1.22467164e+03     3.17320733e+02    -1.22471725e+03   
    9.92400000e+03     4.96200000e+00    -1.22467168e+03     3.23438379e+02    -1.22471811e+03   
    9.92500000e+03     4.96250000e+00    -1.22467166e+03     3.32992755e+02    -1.22471984e+03   
    9.92600000e+03     4.96300000e+00    -1.22467170e+03     3.39821444e+02    -1.22472199e+03   
    9.92700000e+03     4.96350000e+00    -1.22467179e+03     3.44225968e+02    -1.22472342e+03   
    9.92800000e+03     4.96400000e+00    -1.22467171e+03     3.47159217e+02    -1.22472400e+03   
    9.92900000e+03     4.96450000e+00    -1.22467164e+03     3.50357028e+02    -1.22472414e+03   
    9.93000000e+03     4.96500000e+00    -1.22467165e+03     3.51045660e+02    -1.22472400e+03   
    9.93100000e+03     4.96550000e+00    -1.22467175e+03     3.48511378e+02    -1.22472342e+03   
    9.93200000e+03     4.96600000e+00    -1.22467162e+03     3.41062191e+02    -1.22472185e+03   
    9.93300000e+03     4.96650000e+00    -1.22467170e+03     3.36256149e+02    -1.22472012e+03   
    9.93400000e+03     4.96700000e+00    -1.22467159e+03     3.34987906e+02    -1.22471869e+03   
    9.93500000e+03     4.96750000e+00    -1.22467158e+03     3.31810525e+02    -1.22471854e+03   
    9.93600000e+03     4.96800000e+00    -1.22467163e+03     3.34364821e+02    -1.22471940e+03   
    9.93700000e+03     4.96850000e+00    -1.22467167e+03     3.39667879e+02    -1.22472055e+03   
    9.93800000e+03     4.96900000e+00    -1.22467176e+03     3.41961228e+02    -1.22472127e+03   
    9.93900000e+03     4.96950000e+00    -1.22467176e+03     3.47169557e+02    -1.22472141e+03   
    9.94000000e+03     4.97000000e+00    -1.22467170e+03     3.45060760e+02    -1.22472127e+03   
    9.94100000e+03     4.97050000e+00    -1.22467164e+03     3.44305778e+02    -1.22472084e+03   
    9.94200000e+03     4.97100000e+00    -1.22467162e+03     3.44136263e+02    -1.22472041e+03   
    9.94300000e+03     4.97150000e+00    -1.22467171e+03     3.41118605e+02    -1.22472041e+03   
    9.94400000e+03     4.97200000e+00    -1.22467172e+03     3.39806920e+02    -1.22472098e+03   
    9.94500000e+03     4.97250000e+00    -1.22467169e+03     3.39575136e+02    -1.22472228e+03   
    9.94600000e+03     4.97300000e+00    -1.22467170e+03     3.45476730e+02    -1.22472371e+03   
    9.94700000e+03     4.97350000e+00    -1.22467168e+03     3.54154793e+02    -1.22472529e+03   
    9.94800000e+03     4.97400000e+00    -1.22467175e+03     3.51974729e+02    -1.22472615e+03   
    9.94900000e+03     4.97450000e+00    -1.22467172e+03     3.48376986e+02    -1.22472572e+03   
    9.95000000e+03     4.97500000e+00    -1.22467169e+03     3.42743778e+02    -1.22472414e+03   
    9.95100000e+03     4.97550000e+00    -1.22467162e+03     3.32377260e+02    -1.22472185e+03   
    9.95200000e+03     4.97600000e+00    -1.22467163e+03     3.20832313e+02    -1.22471955e+03   
    9.95300000e+03     4.97650000e+00    -1.22467164e+03     3.21563242e+02    -1.22471811e+03   
    9.95400000e+03     4.97700000e+00    -1.22467169e+03     3.20969953e+02    -1.22471740e+03   
    9.95500000e+03     4.97750000e+00    -1.22467163e+03     3.21632671e+02    -1.22471668e+03   
    9.95600000e+03     4.97800000e+00    -1.22467164e+03     3.19092671e+02    -1.22471582e+03   
    9.95700000e+03     4.97850000e+00    -1.22467166e+03     3.17071876e+02    -1.22471481e+03   
    9.95800000e+03     4.97900000e+00    -1.22467159e+03     3.18942710e+02    -1.22471424e+03   
    9.95900000e+03     4.97950000e+00    -1.22467168e+03     3.23808582e+02    -1.22471438e+03   
    9.96000000e+03     4.98000000e+00    -1.22467179e+03     3.15690703e+02    -1.22471467e+03   
    9.96100000e+03     4.98050000e+00    -1.22467175e+03     3.20902656e+02    -1.22471424e+03   
    9.96200000e+03     4.98100000e+00    -1.22467164e+03     3.16839374e+02    -1.22471352e+03   
    9.96300000e+03     4.98150000e+00    -1.22467172e+03     3.16977308e+02    -1.22471295e+03   
    9.96400000e+03     4.98200000e+00    -1.22467161e+03     3.17866951e+02    -1.22471266e+03   
    9.96500000e+03     4.98250000e+00    -1.22467167e+03     3.23124353e+02    -1.22471395e+03   
    9.96600000e+03     4.98300000e+00    -1.22467164e+03     3.31510254e+02    -1.22471625e+03   
    9.96700000e+03     4.98350000e+00    -1.22467171e+03     3.51613732e+02    -1.22471912e+03   
    9.96800000e+03     4.98400000e+00    -1.22467176e+03     3.60044601e+02    -1.22472141e+03   
    9.96900000e+03     4.98450000e+00    -1.22467180e+03     3.66416196e+02    -1.22472199e+03   
    9.97000000e+03     4.98500000e+00    -1.22467179e+03     3.57373199e+02    -1.22472098e+03   
    9.97100000e+03     4.98550000e+00    -1.22467167e+03     3.52154353e+02    -1.22471883e+03   
    9.97200000e+03     4.98600000e+00    -1.22467171e+03     3.40364688e+02    -1.22471610e+03   
    9.97300000e+03     4.98650000e+00    -1.22467156e+03     3.26471716e+02    -1.22471309e+03   
    9.97400000e+03     4.98700000e+00    -1.22467149e+03     3.23822925e+02    -1.22471122e+03   
    9.97500000e+03     4.98750000e+00    -1.22467148e+03     3.19972244e+02    -1.22471079e+03   
    9.97600000e+03     4.98800000e+00    -1.22467158e+03     3.33126894e+02    -1.22471223e+03   
    9.97700000e+03     4.98850000e+00    -1.22467167e+03     3.39178099e+02    -1.22471481e+03   
    9.97800000e+03     4.98900000e+00    -1.22467180e+03     3.48329819e+02    -1.22471754e+03   
    9.97900000e+03     4.98950000e+00    -1.22467185e+03     3.54536994e+02    -1.22471897e+03   
    9.98000000e+03     4.99000000e+00    -1.22467180e+03     3.55380345e+02    -1.22471811e+03   
    9.98100000e+03     4.99050000e+00    -1.22467169e+03     3.48387810e+02    -1.22471524e+03   
    9.98200000e+03     4.99100000e+00    -1.22467154e+03     3.39212914e+02    -1.22471151e+03   
    9.98300000e+03     4.99150000e+00    -1.22467149e+03     3.31408562e+02    -1.22470936e+03   
    9.98400000e+03     4.99200000e+00    -1.22467156e+03     3.29693299e+02    -1.22470993e+03   
    9.98500000e+03     4.99250000e+00    -1.22467157e+03     3.42384545e+02    -1.22471223e+03   
    9.98600000e+03     4.99300000e+00    -1.22467176e+03     3.53257944e+02    -1.22471524e+03   
    9.98700000e+03     4.99350000e+00    -1.22467172e+03     3.65878019e+02    -1.22471725e+03   
    9.98800000e+03     4.99400000e+00    -1.22467169e+03     3.66318804e+02    -1.22471754e+03   
    9.98900000e+03     4.99450000e+00    -1.22467165e+03     3.60278958e+02    -1.22471596e+03   
    9.99000000e+03     4.99500000e+00    -1.22467163e+03     3.49014944e+02    -1.22471295e+03   
    9.99100000e+03     4.99550000e+00    -1.22467162e+03     3.27949644e+02    -1.22470907e+03   
    9.99200000e+03     4.99600000e+00    -1.22467148e+03     3.08917510e+02    -1.22470519e+03   
    9.99300000e+03     4.99650000e+00    -1.22467146e+03     2.92886698e+02    -1.22470290e+03   
    9.99400000e+03     4.99700000e+00    -1.22467145e+03     2.97103841e+02    -1.22470304e+03   
    9.99500000e+03     4.99750000e+00    -1.22467152e+03     3.06054311e+02    -1.22470562e+03   
    9.99600000e+03     4.99800000e+00    -1.22467167e+03     3.23004124e+02    -1.22471022e+03   
    9.99700000e+03     4.99850000e+00    -1.22467182e+03     3.43001595e+02    -1.22471495e+03   
    9.99800000e+03     4.99900000e+00    -1.22467187e+03     3.60485849e+02    -1.22471783e+03   
    9.99900000e+03     4.99950000e+00    -1.22467182e+03     3.59581433e+02    -1.22471740e+03   
    1.00000000e+04     5.00000000e+00    -1.22467165e+03     3.44776574e+02    -1.22471338e+03   
    1.00010000e+04     5.00050000e+00    -1.22467153e+03     3.20401641e+02    -1.22470835e+03   
    1.00020000e+04     5.00100000e+00    -1.22467135e+03     3.01984097e+02    -1.22470519e+03   
    1.00030000e+04     5.00150000e+00    -1.22467147e+03     3.05288763e+02    -1.22470577e+03   
    1.00040000e+04     5.00200000e+00    -1.22467151e+03     3.19130142e+02    -1.22470907e+03   
    1.00050000e+04     5.00250000e+00    -1.22467167e+03     3.35229066e+02    -1.22471409e+03   
    1.00060000e+04     5.00300000e+00    -1.22467175e+03     3.57937960e+02    -1.22471869e+03   
    1.00070000e+04     5.00350000e+00    -1.22467181e+03     3.75585019e+02    -1.22472141e+03   
    1.00080000e+04     5.00400000e+00    -1.22467174e+03     3.77757530e+02    -1.22472185e+03   
    1.00090000e+04     5.00450000e+00    -1.22467169e+03     3.70786775e+02    -1.22471998e+03   
    1.00100000e+04     5.00500000e+00    -1.22467161e+03     3.56885038e+02    -1.22471639e+03   
    1.00110000e+04     5.00550000e+00    -1.22467150e+03     3.37605528e+02    -1.22471266e+03   
    1.00120000e+04     5.00600000e+00    -1.22467147e+03     3.30078997e+02    -1.22471022e+03   
    1.00130000e+04     5.00650000e+00    -1.22467148e+03     3.32147701e+02    -1.22471022e+03   
    1.00140000e+04     5.00700000e+00    -1.22467157e+03     3.35909307e+02    -1.22471251e+03   
    1.00150000e+04     5.00750000e+00    -1.22467165e+03     3.51784844e+02    -1.22471610e+03   
    1.00160000e+04     5.00800000e+00    -1.22467177e+03     3.61730330e+02    -1.22471984e+03   
    1.00170000e+04     5.00850000e+00    -1.22467189e+03     3.74577556e+02    -1.22472199e+03   
    1.00180000e+04     5.00900000e+00    -1.22467184e+03     3.71677003e+02    -1.22472127e+03   
    1.00190000e+04     5.00950000e+00    -1.22467176e+03     3.56838618e+02    -1.22471797e+03   
    1.00200000e+04     5.01000000e+00    -1.22467153e+03     3.38065956e+02    -1.22471338e+03   
    1.00210000e+04     5.01050000e+00    -1.22467150e+03     3.20836984e+02    -1.22470993e+03   
    1.00220000e+04     5.01100000e+00    -1.22467147e+03     3.11240116e+02    -1.22470893e+03   
    1.00230000e+04     5.01150000e+00    -1.22467158e+03     3.21830697e+02    -1.22471022e+03   
    1.00240000e+04     5.01200000e+00    -1.22467172e+03     3.38502002e+02    -1.22471309e+03   
    1.00250000e+04     5.01250000e+00    -1.22467182e+03     3.48941822e+02    -1.22471582e+03   
    1.00260000e+04     5.01300000e+00    -1.22467174e+03     3.47257400e+02    -1.22471696e+03   
    1.00270000e+04     5.01350000e+00    -1.22467169e+03     3.36254019e+02    -1.22471682e+03   
    1.00280000e+04     5.01400000e+00    -1.22467176e+03     3.34865991e+02    -1.22471567e+03   
    1.00290000e+04     5.01450000e+00    -1.22467163e+03     3.27852703e+02    -1.22471395e+03   
    1.00300000e+04     5.01500000e+00    -1.22467156e+03     3.21732097e+02    -1.22471266e+03   
    1.00310000e+04     5.01550000e+00    -1.22467169e+03     3.22190321e+02    -1.22471237e+03   
    1.00320000e+04     5.01600000e+00    -1.22467162e+03     3.13795637e+02    -1.22471295e+03   
    1.00330000e+04     5.01650000e+00    -1.22467172e+03     3.18097145e+02    -1.22471495e+03   
    1.00340000e+04     5.01700000e+00    -1.22467173e+03     3.24702769e+02    -1.22471754e+03   
