1.965590980000000e+00 -3.950752640626853e-15
3.965666020000000e+00 -3.253560998163291e-15
5.965741050000000e+00 -3.950752640626853e-15
7.965816080000000e+00 -1.394383284927125e-15
9.965891120000000e+00 2.323972141545208e-15
1.196596620000000e+01 1.626780499081645e-15
1.396604120000000e+01 1.161986070772604e-15
1.596611620000000e+01 -9.295888566180831e-16
1.796619130000000e+01 2.556369355699729e-15
1.996626630000000e+01 3.485958212317812e-15
2.196634130000000e+01 5.345135925553977e-15
2.396641640000000e+01 1.859177713236166e-15
2.596649140000000e+01 3.950752640626853e-15
2.796656640000000e+01 1.859177713236166e-15
2.996664150000000e+01 -1.161986070772604e-15
3.196671650000000e+01 -0.000000000000000e+00
3.396679150000000e+01 9.295888566180831e-16
3.596686660000000e+01 -2.556369355699728e-15
3.796694160000000e+01 -0.000000000000000e+00
3.996701660000000e+01 1.161986070772604e-15
4.196709170000000e+01 -5.577533139708499e-15
4.396716670000000e+01 2.323972141545208e-15
4.596724170000000e+01 -5.577533139708499e-15
4.796731680000000e+01 -2.788766569854249e-15
4.996739180000000e+01 -2.556369355699729e-15
5.196746680000000e+01 -1.626780499081646e-15
5.396754190000000e+01 -4.647944283090415e-16
5.596761690000000e+01 9.295888566180835e-16
5.796769190000000e+01 -4.880341497244936e-15
5.996776700000000e+01 2.788766569854250e-15
6.196784200000000e+01 -1.161986070772604e-15
6.396791700000000e+01 -3.950752640626853e-15
6.596799210000000e+01 3.485958212317812e-15
6.796806710000000e+01 -6.971916424635624e-16
6.996814209999999e+01 4.183149854781374e-15
7.196821720000000e+01 1.394383284927125e-15
7.396829219999999e+01 1.626780499081645e-15
7.596836720000000e+01 -5.112738711399457e-15
7.796844230000001e+01 3.718355426472332e-15
7.996851730000000e+01 2.091574927390687e-15
8.196859230000000e+01 1.626780499081645e-15
8.396866740000000e+01 2.091574927390687e-15
8.596874240000000e+01 -4.415547068935895e-15
8.796881740000001e+01 -2.556369355699729e-15
8.996889250000000e+01 -7.436710852944665e-15
9.196896750000001e+01 -1.161986070772604e-15
9.396904250000000e+01 -7.669108067099187e-15
9.596911760000000e+01 9.528285780335352e-15
9.796919260000000e+01 -9.295888566180832e-15
9.996926759999999e+01 -2.091574927390687e-15
1.019693430000000e+02 -3.021163784008770e-15
1.039694180000000e+02 -4.647944283090413e-16
1.059694930000000e+02 4.415547068935895e-15
1.079695680000000e+02 5.577533139708499e-15
1.099696430000000e+02 1.231705235018960e-14
1.119697180000000e+02 -2.323972141545208e-15
1.139697930000000e+02 3.369759605240551e-15
1.159698680000000e+02 -8.366299709562747e-15
1.179699430000000e+02 7.088115031712883e-15
1.199700180000000e+02 3.021163784008771e-15
1.219700930000000e+02 1.243325095726686e-14
1.239701680000000e+02 -5.577533139708498e-15
1.259702430000000e+02 -1.742979106158906e-15
1.279703180000000e+02 -1.394383284927125e-15
1.299703930000000e+02 -5.809930353863023e-16
1.319704680000000e+02 1.859177713236166e-15
1.339705430000000e+02 8.133902495408227e-16
1.359706180000000e+02 3.485958212317812e-15
1.379706930000000e+02 -1.359523702803947e-14
1.399707680000000e+02 2.323972141545207e-16
1.419708430000000e+02 -4.531745676013155e-15
1.439709180000000e+02 9.063491352026311e-15
1.459709930000000e+02 -3.834554033549593e-15
1.479710680000000e+02 -6.971916424635620e-16
1.499711430000000e+02 -8.250101102485486e-15
1.519712190000000e+02 1.045787463695343e-14
1.539712940000000e+02 6.158526175094801e-15
1.559713690000000e+02 -2.323972141545208e-15
1.579714440000000e+02 9.412087173258091e-15
1.599715190000000e+02 -3.485958212317812e-15
1.619715940000000e+02 8.133902495408227e-16
1.639716690000000e+02 2.323972141545203e-16
1.659717440000000e+02 1.440862727758029e-14
1.679718190000000e+02 -1.069027185110795e-14
1.699718940000000e+02 7.901505281253705e-15
1.719719690000000e+02 -8.598696923717269e-15
1.739720440000000e+02 -9.644484387412611e-15
1.759721190000000e+02 9.295888566180835e-16
1.779721940000000e+02 1.278184677849864e-15
1.799722690000000e+02 -1.045787463695343e-14
1.819723440000000e+02 -7.901505281253707e-15
1.839724190000000e+02 -0.000000000000000e+00
1.859724940000000e+02 -1.917277016774796e-14
1.879725690000000e+02 5.809930353863020e-15
1.899726440000000e+02 -4.996540104322196e-15
1.919727190000000e+02 5.577533139708499e-15
1.939727940000000e+02 -1.045787463695344e-15
1.959728690000000e+02 -2.091574927390687e-15
1.979729440000000e+02 -7.785306674176446e-15
1.999730190000000e+02 -6.971916424635620e-16
2.019730940000000e+02 6.623320603403842e-15
2.039731690000000e+02 -2.091574927390687e-15
2.059732440000000e+02 1.266564817142138e-14
2.079733190000000e+02 -2.323972141545207e-16
2.099733950000000e+02 1.510581892004385e-15
2.119734700000000e+02 -2.323972141545208e-15
2.139735450000000e+02 8.250101102485486e-15
2.159736200000000e+02 -1.859177713236166e-15
2.179736950000000e+02 7.901505281253705e-15
2.199737700000000e+02 2.556369355699729e-15
2.219738450000000e+02 -7.669108067099187e-15
2.239739200000000e+02 -4.647944283090416e-15
2.259739950000000e+02 -4.647944283090416e-15
2.279740700000000e+02 -2.323972141545208e-16
2.299741450000000e+02 -6.507121996326582e-15
2.319742200000000e+02 2.556369355699729e-15
2.339742950000000e+02 -1.161986070772604e-14
2.359743700000000e+02 -1.626780499081645e-15
2.379744450000000e+02 -6.042327568017541e-15
2.399745200000000e+02 -1.626780499081645e-15
2.419745950000000e+02 3.485958212317811e-15
2.439746700000000e+02 3.253560998163291e-15
2.459747450000000e+02 -6.971916424635624e-16
2.479748200000000e+02 -6.042327568017541e-15
2.499748950000000e+02 8.831094137871789e-15
2.519749700000000e+02 2.323972141545211e-16
2.539750450000000e+02 1.254944956434412e-14
2.559751200000000e+02 2.323972141545207e-16
2.579751950000000e+02 8.831094137871789e-15
2.599752700000000e+02 -5.577533139708499e-15
2.619753450000000e+02 4.183149854781374e-15
2.639754200000000e+02 -4.647944283090413e-16
2.659754950000000e+02 8.366299709562749e-15
2.679755710000000e+02 8.133902495408227e-15
2.699756460000000e+02 -1.580301056250741e-14
2.719757210000000e+02 -5.112738711399457e-15
2.739757960000000e+02 -3.021163784008770e-15
2.759758710000000e+02 4.647944283090415e-15
2.779759460000000e+02 -7.669108067099187e-15
2.799760210000000e+02 3.950752640626853e-15
2.819760960000000e+02 -1.440862727758029e-14
2.839761710000000e+02 -2.323972141545208e-15
2.859762460000000e+02 -8.598696923717268e-15
2.879763210000000e+02 6.971916424635624e-16
2.899763960000000e+02 5.345135925553977e-15
2.919764710000000e+02 2.323972141545208e-15
2.939765460000000e+02 -9.295888566180831e-16
2.959766210000000e+02 -1.138746349357152e-14
2.979766960000000e+02 1.092266906526248e-14
2.999767710000000e+02 3.950752640626853e-15
3.019768460000000e+02 1.278184677849864e-14
3.039769210000000e+02 -4.415547068935895e-15
3.059769960000000e+02 9.528285780335352e-15
3.079770710000000e+02 -6.971916424635623e-16
3.099771460000000e+02 6.971916424635624e-16
3.119772210000000e+02 2.556369355699729e-15
3.139772960000000e+02 9.295888566180831e-16
3.159773710000000e+02 9.528285780335352e-15
3.179774460000000e+02 -5.345135925553977e-15
3.199775210000000e+02 -5.577533139708499e-15
3.219775960000000e+02 -1.626780499081645e-14
3.239776710000000e+02 5.112738711399457e-15
3.259777460000000e+02 -1.347903842096220e-14
3.279778220000000e+02 -1.626780499081645e-15
3.299778970000000e+02 2.091574927390687e-15
3.319779720000000e+02 -6.971916424635624e-16
3.339780470000000e+02 -1.371143563511672e-14
3.359781220000000e+02 -3.950752640626853e-15
3.379781970000000e+02 6.042327568017540e-15
3.399782720000000e+02 4.647944283090415e-15
3.419783470000000e+02 9.528285780335352e-15
3.439784220000000e+02 -9.063491352026310e-15
3.459784970000000e+02 6.507121996326582e-15
3.479785720000000e+02 6.971916424635623e-15
3.499786470000000e+02 9.528285780335352e-15
3.519787220000000e+02 -1.626780499081646e-15
3.539787970000000e+02 1.208465513603508e-14
3.559788720000000e+02 3.485958212317812e-15
3.579789470000000e+02 -5.112738711399457e-15
3.599790220000000e+02 8.831094137871788e-15
3.619790970000000e+02 -1.394383284927124e-15
3.639791720000000e+02 2.091574927390687e-15
3.659792470000000e+02 -4.647944283090415e-15
3.679793220000000e+02 -2.788766569854249e-15
3.699793970000000e+02 -1.161986070772604e-14
3.719794720000000e+02 9.063491352026310e-15
3.739795470000000e+02 -1.208465513603508e-14
3.759796220000000e+02 -5.112738711399456e-15
3.779796970000000e+02 3.253560998163291e-15
3.799797720000000e+02 -7.669108067099185e-15
3.819798470000000e+02 -4.183149854781374e-15
3.839799220000000e+02 3.950752640626853e-15
3.859799980000000e+02 4.647944283090415e-15
3.879800730000000e+02 -6.971916424635623e-15
3.899801480000000e+02 1.185225792188056e-14
3.919802230000000e+02 -4.415547068935894e-15
3.939802980000000e+02 8.133902495408227e-15
3.959803730000000e+02 7.436710852944665e-15
3.979804480000000e+02 8.831094137871789e-15
3.999805230000000e+02 -4.647944283090413e-16
4.019805980000000e+02 7.436710852944665e-15
4.039806730000000e+02 3.021163784008770e-15
4.059807480000000e+02 -2.788766569854249e-15
4.079808230000000e+02 9.295888566180832e-15
4.099808980000000e+02 -4.415547068935895e-15
4.119809730000000e+02 -3.021163784008770e-15
4.139810480000000e+02 -2.556369355699729e-15
4.159811230000000e+02 3.485958212317811e-15
4.179811980000000e+02 -1.789458548989810e-14
4.199812730000000e+02 2.091574927390687e-15
4.219813480000000e+02 -4.415547068935895e-15
4.239814230000000e+02 -1.161986070772604e-15
4.259814980000000e+02 1.626780499081645e-15
4.279815730000000e+02 -3.950752640626853e-15
4.299816480000000e+02 1.394383284927125e-15
4.319817230000000e+02 -1.394383284927125e-15
4.339817980000000e+02 2.091574927390687e-15
4.359818730000000e+02 -1.161986070772604e-14
4.379819480000000e+02 1.696499663328002e-14
4.399820230000000e+02 4.880341497244936e-15
4.419820980000000e+02 6.274724782172061e-15
4.439821730000000e+02 -4.647944283090415e-15
4.459822490000000e+02 1.626780499081645e-15
4.479823240000000e+02 4.183149854781374e-15
4.499823990000000e+02 -1.859177713236166e-15
4.519824740000000e+02 9.993080208644392e-15
4.539825490000000e+02 -1.161986070772604e-15
4.559826240000000e+02 7.204313638790143e-15
4.579826990000000e+02 -2.161294091637043e-14
4.599827740000000e+02 -2.323972141545208e-15
4.619828490000000e+02 -6.971916424635624e-16
4.639829240000000e+02 1.138746349357152e-14
4.659829990000000e+02 -1.464102449173481e-14
4.679830740000000e+02 -9.063491352026311e-15
4.699831490000000e+02 2.323972141545207e-16
4.719832240000000e+02 -2.556369355699728e-15
4.739832990000000e+02 -4.647944283090415e-16
4.759833740000000e+02 -5.345135925553977e-15
4.779834490000000e+02 1.185225792188056e-14
4.799835240000000e+02 -3.950752640626853e-15
4.819835990000000e+02 3.021163784008770e-15
4.839836740000000e+02 -1.022547742279891e-14
4.859837490000000e+02 1.719739384743454e-14
4.879838240000000e+02 1.487342170588933e-14
4.899838990000000e+02 1.626780499081645e-15
4.919839740000000e+02 -7.669108067099187e-15
4.939840490000000e+02 6.971916424635623e-16
4.959841240000000e+02 1.115506627941700e-14
4.979841990000000e+02 -8.133902495408227e-15
4.999842740000000e+02 8.598696923717268e-15
5.019843490000000e+02 -5.577533139708499e-15
5.039844250000000e+02 8.133902495408227e-15
5.059845000000000e+02 -2.021855763144331e-14
5.079845750000000e+02 -2.323972141545208e-15
5.099846500000000e+02 6.971916424635624e-16
5.119847250000000e+02 7.436710852944665e-15
5.139848000000000e+02 -8.366299709562749e-15
5.159848750000000e+02 -6.739519210481102e-15
5.179849500000000e+02 -4.183149854781374e-15
5.199850250000000e+02 -1.626780499081645e-15
5.219851000000000e+02 5.345135925553977e-15
5.239851750000000e+02 -1.115506627941700e-14
5.259852500000000e+02 1.417623006342577e-14
5.279853250000000e+02 -6.971916424635624e-16
5.299854000000000e+02 -1.394383284927125e-15
5.319854750000000e+02 -9.528285780335352e-15
5.339855500000000e+02 1.417623006342577e-14
5.359856250000000e+02 3.021163784008770e-15
5.379857000000000e+02 6.274724782172061e-15
5.399857750000000e+02 -2.323972141545219e-16
5.419858500000000e+02 -1.301424399265316e-14
5.439859250000000e+02 1.022547742279891e-14
5.459860000000000e+02 -1.185225792188056e-14
5.479860750000000e+02 5.112738711399457e-15
5.499861500000000e+02 -6.971916424635624e-16
5.519862250000000e+02 9.993080208644392e-15
5.539863000000000e+02 -1.882417434651619e-14
5.559863750000000e+02 1.161986070772603e-15
5.579864500000000e+02 -4.880341497244936e-15
5.599865250000000e+02 1.859177713236165e-15
5.619866000000000e+02 4.647944283090415e-15
5.639866760000000e+02 -5.345135925553977e-15
5.659867510000000e+02 4.415547068935895e-15
5.679868260000000e+02 -5.112738711399457e-15
5.699869010000000e+02 4.415547068935895e-15
5.719869760000000e+02 -6.739519210481102e-15
5.739870510000000e+02 1.975376320313427e-14
5.759871260000000e+02 -5.345135925553977e-15
5.779872010000000e+02 7.552909460021926e-15
5.799872760000000e+02 -2.323972141545203e-16
5.819873510000000e+02 -4.415547068935895e-15
5.839874260000000e+02 8.831094137871789e-15
5.859875010000000e+02 1.057407324403070e-14
5.879875760000000e+02 8.598696923717268e-15
5.899876510000000e+02 -1.045787463695343e-14
5.919877260000000e+02 9.993080208644392e-15
5.939878010000000e+02 -1.557061334835289e-14
5.959878760000000e+02 1.603540777666193e-14
5.979879510000000e+02 -2.440170748622468e-15
5.999880260000000e+02 6.971916424635616e-16
6.019881010000000e+02 -7.204313638790144e-15
6.039881760000000e+02 2.323972141545208e-15
6.059882510000000e+02 -1.824318131112988e-14
6.079883260000000e+02 -6.739519210481101e-15
6.099884010000000e+02 9.760682994489872e-15
6.119884760000000e+02 -1.092266906526248e-14
6.139885510000000e+02 8.133902495408229e-16
6.159886260000000e+02 -1.371143563511673e-14
6.179887010000000e+02 -1.742979106158905e-15
6.199887760000000e+02 -1.231705235018960e-14
6.219888520000000e+02 1.150366210064878e-14
6.239889270000000e+02 -7.669108067099185e-15
6.259890020000000e+02 1.231705235018960e-14
6.279890770000000e+02 2.556369355699728e-15
6.299891520000000e+02 -1.127126488649426e-14
6.319892270000000e+02 4.415547068935895e-15
6.339893020000000e+02 1.336283981388494e-14
6.359893770000000e+02 1.324664120680768e-14
6.379894520000000e+02 -7.552909460021926e-15
6.399895270000000e+02 1.278184677849864e-14
6.419896020000000e+02 -1.092266906526248e-14
6.439896770000000e+02 1.045787463695343e-14
6.459897520000000e+02 -1.045787463695344e-15
6.479898270000000e+02 3.253560998163290e-15
6.499899020000000e+02 2.323972141545207e-16
6.519899770000000e+02 5.809930353863019e-15
6.539900520000000e+02 -2.079955066682961e-14
6.559901270000000e+02 -1.580301056250741e-14
6.579902020000000e+02 1.289804538557590e-14
6.599902770000000e+02 -2.323972141545211e-16
6.619903520000000e+02 1.394383284927124e-15
6.639904270000000e+02 -2.021855763144331e-14
6.659905020000000e+02 1.161986070772601e-16
6.679905770000000e+02 -8.831094137871788e-15
6.699906520000000e+02 7.436710852944665e-15
6.719907270000000e+02 -5.345135925553977e-15
6.739908020000000e+02 1.359523702803946e-14
6.759908770000000e+02 4.647944283090416e-15
6.779909520000000e+02 -1.138746349357152e-14
6.799910280000000e+02 4.647944283090421e-16
6.819911030000000e+02 1.371143563511673e-14
6.839911780000000e+02 2.114814648806139e-14
6.859912530000000e+02 2.323972141545211e-16
6.879913280000000e+02 4.880341497244937e-15
6.899914030000000e+02 -8.133902495408227e-15
6.919914780000000e+02 1.231705235018960e-14
6.939915530000000e+02 -4.764142890167676e-15
6.959916280000000e+02 -1.161986070772604e-15
6.979917030000000e+02 7.204313638790143e-15
6.999917780000000e+02 -1.626780499081645e-15
7.019918530000000e+02 -1.986996181021153e-14
7.039919280000000e+02 -1.045787463695343e-14
7.059920030000000e+02 6.971916424635624e-16
7.079920780000000e+02 -9.993080208644392e-15
7.099921530000000e+02 3.369759605240552e-15
7.119922280000000e+02 -1.371143563511673e-14
7.139923030000000e+02 -7.785306674176446e-15
7.159923780000000e+02 -0.000000000000000e+00
7.179924530000000e+02 -1.161986070772605e-16
7.199925280000000e+02 -6.274724782172061e-15
7.219926030000000e+02 1.940516738190249e-14
7.239926780000000e+02 9.993080208644392e-15
7.259927530000000e+02 -7.088115031712883e-15
7.279928280000000e+02 7.436710852944665e-15
7.299929030000000e+02 1.417623006342577e-14
7.319929780000000e+02 1.138746349357152e-14
7.339930530000000e+02 4.299348461858634e-15
7.359931280000000e+02 1.045787463695343e-14
7.379932030000000e+02 -5.577533139708498e-15
7.399932790000000e+02 5.577533139708499e-15
7.419933540000000e+02 5.693731746785759e-15
7.439934290000000e+02 4.647944283090417e-16
7.459935040000000e+02 2.323972141545207e-16
7.479935790000000e+02 -4.415547068935895e-15
7.499936540000000e+02 -2.149674230929317e-14
7.519937290000000e+02 -1.185225792188056e-14
7.539938040000000e+02 -5.809930353863019e-16
7.559938790000000e+02 -5.112738711399457e-15
7.579939540000000e+02 2.440170748622468e-15
7.599940290000000e+02 -1.045787463695343e-14
7.619941040000000e+02 -1.220085374311234e-14
7.639941790000000e+02 -3.718355426472333e-15
7.659942540000000e+02 2.672567962776989e-15
7.679943290000000e+02 2.323972141545208e-15
7.699944040000000e+02 1.080647045818522e-14
7.719944790000000e+02 2.323972141545203e-16
7.739945540000000e+02 -2.904965176931510e-15
7.759946290000000e+02 5.345135925553977e-15
7.779947040000000e+02 8.598696923717269e-15
7.799947790000000e+02 1.301424399265316e-14
7.819948540000000e+02 1.440862727758029e-14
7.839949290000000e+02 1.394383284927125e-14
7.859950040000000e+02 -1.069027185110795e-14
7.879950790000000e+02 1.859177713236165e-15
7.899951540000000e+02 3.137362391086030e-15
7.919952290000000e+02 8.133902495408227e-15
7.939953040000000e+02 2.091574927390687e-15
7.959953790000000e+02 -1.092266906526248e-14
7.979954550000000e+02 -1.917277016774796e-14
7.999955300000000e+02 -9.760682994489872e-15
8.019956050000000e+02 -1.092266906526248e-14
8.039956800000000e+02 -2.091574927390686e-15
8.059957550000000e+02 7.320512245867404e-15
8.079958300000000e+02 -9.295888566180830e-15
8.099959050000000e+02 -1.708119524035728e-14
8.119959800000000e+02 -1.324664120680768e-14
8.139960550000000e+02 -3.369759605240551e-15
8.159961300000000e+02 1.278184677849864e-14
8.179962050000000e+02 1.336283981388495e-14
8.199962800000000e+02 -5.112738711399456e-15
8.219963550000000e+02 5.693731746785759e-15
8.239964300000000e+02 7.901505281253705e-15
8.259965050000000e+02 -3.602156819395071e-15
8.279965800000000e+02 8.133902495408227e-15
8.299966550000000e+02 2.602848798530633e-14
8.319967300000000e+02 6.274724782172060e-15
8.339968050000000e+02 -4.415547068935895e-15
8.359968800000000e+02 -4.880341497244935e-15
8.379969550000000e+02 -2.788766569854250e-15
8.399970300000000e+02 9.993080208644394e-15
8.419971050000000e+02 2.788766569854249e-15
8.439971800000000e+02 -1.161986070772604e-14
8.459972550000000e+02 -7.088115031712883e-15
8.479973300000000e+02 -1.394383284927125e-15
8.499974050000000e+02 -2.416931027207016e-14
8.519974800000000e+02 -9.295888566180830e-15
8.539975550000000e+02 5.693731746785759e-15
8.559976300000000e+02 -3.485958212317810e-15
8.579977060000000e+02 -1.266564817142138e-14
8.599977810000000e+02 -8.366299709562746e-15
8.619978560000000e+02 -8.250101102485486e-15
8.639979310000000e+02 4.647944283090415e-15
8.659980060000000e+02 3.602156819395072e-15
8.679980810000000e+02 -3.021163784008770e-15
8.699981560000000e+02 1.429242867050303e-14
8.719982310000000e+02 1.092266906526248e-14
8.739983060000000e+02 -6.855717817558362e-15
8.759983810000000e+02 -4.647944283090406e-16
8.779984560000000e+02 2.045095484559783e-14
8.799985310000000e+02 8.366299709562747e-15
8.819986060000000e+02 5.926128960940280e-15
8.839986810000000e+02 -3.021163784008772e-15
8.859987560000000e+02 -4.647944283090415e-16
8.879988310000000e+02 -2.091574927390686e-15
8.899989060000000e+02 -4.764142890167676e-15
8.919989810000000e+02 -3.253560998163290e-15
8.939990560000000e+02 1.161986070772603e-16
8.959991310000000e+02 -3.718355426472331e-15
8.979992060000000e+02 -2.196153673760221e-14
8.999992810000000e+02 -1.464102449173481e-14
9.019993560000000e+02 -6.623320603403842e-15
9.039994310000000e+02 4.647944283090406e-16
9.059995060000000e+02 -8.366299709562749e-15
9.079995810000000e+02 -2.788766569854250e-15
9.099996560000000e+02 -7.320512245867404e-15
9.119997310000000e+02 -1.626780499081644e-15
9.139998060000000e+02 1.161986070772604e-15
9.159998820000000e+02 4.647944283090415e-15
9.179999570000000e+02 1.859177713236166e-14
9.200000320000000e+02 1.045787463695343e-14
9.220001070000000e+02 -9.295888566180831e-16
9.240001820000000e+02 -5.112738711399456e-15
9.260002570000000e+02 1.789458548989810e-14
9.280003320000000e+02 6.507121996326580e-15
9.300004070000000e+02 1.161986070772604e-14
9.320004820000000e+02 6.739519210481102e-15
9.340005570000000e+02 -1.394383284927124e-15
9.360006320000000e+02 -9.063491352026311e-15
9.380007070000000e+02 -3.253560998163291e-15
9.400007820000000e+02 -3.950752640626853e-15
9.420008570000000e+02 1.859177713236166e-15
9.440009320000000e+02 3.485958212317812e-15
9.460010070000000e+02 -2.323972141545208e-14
9.480010820000000e+02 -1.161986070772604e-14
9.500011570000000e+02 -3.718355426472332e-15
9.520012320000000e+02 -6.042327568017540e-15
9.540013070000000e+02 -2.091574927390687e-15
9.560013820000000e+02 6.739519210481102e-15
9.580014570000000e+02 -8.831094137871789e-15
9.600015320000000e+02 -6.274724782172062e-15
9.620016070000000e+02 4.647944283090415e-15
9.640016820000000e+02 -6.971916424635624e-16
9.660017570000000e+02 2.300732420129756e-14
9.680018320000000e+02 8.598696923717269e-15
9.700019070000000e+02 6.042327568017540e-15
9.720019820000000e+02 1.161986070772606e-15
9.740020570000000e+02 2.091574927390687e-15
9.760021330000000e+02 -1.626780499081647e-15
9.780022080000000e+02 1.022547742279891e-14
9.800022830000000e+02 4.647944283090415e-15
9.820023580000000e+02 -7.901505281253707e-15
9.840024330000000e+02 -9.295888566180843e-16
9.860025080000000e+02 -1.417623006342577e-14
9.880025830000000e+02 -2.323972141545209e-15
9.900026580000000e+02 -3.718355426472332e-15
9.920027330000000e+02 -3.021163784008768e-15
9.940028080000000e+02 -1.603540777666193e-14
9.960028830000000e+02 -9.063491352026308e-15
9.980029580000000e+02 -1.440862727758029e-14
1.000003030000000e+03 -6.274724782172062e-15
1.002003110000000e+03 9.295888566180830e-15
1.004003180000000e+03 -4.880341497244937e-15
1.006003260000000e+03 -6.274724782172061e-15
1.008003330000000e+03 -3.021163784008772e-15
1.010003410000000e+03 4.647944283090415e-15
1.012003480000000e+03 6.739519210481102e-15
1.014003560000000e+03 2.091574927390687e-14
1.016003630000000e+03 3.021163784008770e-15
1.018003710000000e+03 1.185225792188056e-14
1.020003780000000e+03 8.366299709562746e-15
1.022003860000000e+03 -4.880341497244936e-15
1.024003930000000e+03 3.950752640626854e-15
1.026004010000000e+03 1.464102449173481e-14
1.028004080000000e+03 4.880341497244937e-15
1.030004160000000e+03 -2.788766569854250e-15
1.032004230000000e+03 1.626780499081647e-15
1.034004310000000e+03 -1.347903842096220e-14
1.036004380000000e+03 -3.485958212317812e-15
1.038004460000000e+03 -6.042327568017540e-15
1.040004530000000e+03 -1.115506627941700e-14
1.042004610000000e+03 -7.901505281253707e-15
1.044004680000000e+03 -2.323972141545208e-15
1.046004760000000e+03 -1.719739384743454e-14
1.048004830000000e+03 -1.115506627941700e-14
1.050004910000000e+03 1.278184677849864e-14
1.052004980000000e+03 -7.204313638790146e-15
1.054005060000000e+03 -3.718355426472332e-15
1.056005130000000e+03 -1.161986070772605e-15
1.058005210000000e+03 5.112738711399457e-15
1.060005280000000e+03 1.022547742279891e-14
1.062005360000000e+03 1.440862727758029e-14
1.064005430000000e+03 9.295888566180843e-16
1.066005510000000e+03 1.557061334835289e-14
1.068005580000000e+03 1.278184677849864e-14
1.070005660000000e+03 -1.580301056250741e-14
1.072005730000000e+03 -8.714895530794529e-14
1.074005810000000e+03 -4.385335431095807e-13
1.076005880000000e+03 2.774822737004978e-13
1.078005960000000e+03 1.214136005628878e-11
1.080006030000000e+03 4.970790492993876e-11
1.082006110000000e+03 1.760966650534466e-11
1.084006180000000e+03 -5.393446658432420e-10
1.086006260000000e+03 -1.954174490068895e-09
1.088006330000000e+03 -1.626235527614453e-09
1.090006410000000e+03 7.901455083455448e-09
1.092006480000000e+03 2.774503039777326e-08
1.094006560000000e+03 2.941081528329253e-08
1.096006630000000e+03 -3.439214777871488e-08
1.098006710000000e+03 -1.481088076869448e-07
1.100006780000000e+03 -1.753259468831771e-07
1.102006860000000e+03 1.772670615793994e-08
1.104006930000000e+03 3.314348602956096e-07
1.106007010000000e+03 4.322000733082105e-07
1.108007080000000e+03 1.099765214260804e-07
1.110007160000000e+03 -3.998968274241291e-07
1.112007230000000e+03 -5.912388440793812e-07
1.114007310000000e+03 -2.265721638055076e-07
1.116007380000000e+03 3.725847935896396e-07
1.118007460000000e+03 6.288023593067487e-07
1.120007530000000e+03 2.864167141823125e-07
1.122007610000000e+03 -3.311636740110364e-07
1.124007690000000e+03 -6.330839717942161e-07
1.126007760000000e+03 -3.299482297252904e-07
1.128007840000000e+03 2.886333131171865e-07
1.130007910000000e+03 6.312862194534476e-07
1.132007990000000e+03 3.704377047777177e-07
1.134008060000000e+03 -2.445259227388682e-07
1.136008140000000e+03 -6.257030048990447e-07
1.138008210000000e+03 -4.087109549385871e-07
1.140008290000000e+03 1.989857370696840e-07
1.142008360000000e+03 6.164309659807679e-07
1.144008440000000e+03 4.445691614862242e-07
1.146008510000000e+03 -1.522786336284456e-07
1.148008590000000e+03 -6.035259642493807e-07
1.150008660000000e+03 -4.778014796079167e-07
1.152008740000000e+03 1.046800880551079e-07
1.154008810000000e+03 5.870645088185354e-07
1.156008890000000e+03 5.082123492557268e-07
1.158008960000000e+03 -5.647084803662753e-08
1.160009040000000e+03 -5.671441663134590e-07
1.162009110000000e+03 -5.356228092365397e-07
1.164009190000000e+03 7.935247265174014e-09
1.166009260000000e+03 5.438828459009234e-07
1.168009340000000e+03 5.598717479738692e-07
1.170009410000000e+03 4.064056937939451e-08
1.172009490000000e+03 -5.174181435805062e-07
1.174009560000000e+03 -5.808165349310890e-07
1.176009640000000e+03 -8.897017709477548e-08
1.178009710000000e+03 4.879065165934869e-07
1.180009790000000e+03 5.983342150169144e-07
1.182009860000000e+03 1.367686743262066e-07
1.184009940000000e+03 -4.555223981056602e-07
1.186010010000000e+03 -6.123219307349427e-07
1.188010090000000e+03 -1.837543695054458e-07
1.190010160000000e+03 4.204570432389686e-07
1.192010240000000e+03 6.226977080348324e-07
1.194010310000000e+03 2.296502872171168e-07
1.196010390000000e+03 -3.829176187716146e-07
1.198010460000000e+03 -6.294008719547200e-07
1.200010540000000e+03 -2.741860610740180e-07
1.202010610000000e+03 3.431257110317476e-07
1.204010690000000e+03 6.323924124144364e-07
1.206010760000000e+03 3.170992729060687e-07
1.208010840000000e+03 -3.013162684901390e-07
1.210010910000000e+03 -6.316551561894442e-07
1.212010990000000e+03 -3.581371333407643e-07
1.214011060000000e+03 2.577360651498027e-07
1.216011140000000e+03 6.271940256851365e-07
1.218011210000000e+03 3.970579801842134e-07
1.220011290000000e+03 -2.126422267990610e-07
1.222011360000000e+03 -6.190357365880610e-07
1.224011440000000e+03 -4.336327071992111e-07
1.226011510000000e+03 1.663007260071862e-07
1.228011590000000e+03 6.072289507832866e-07
1.230011660000000e+03 4.676461890487576e-07
1.232011740000000e+03 -1.189845754684576e-07
1.234011810000000e+03 -5.918433985901259e-07
1.236011890000000e+03 -4.988981187394188e-07
1.238011960000000e+03 7.097289771611327e-08
1.240012040000000e+03 5.729701233602031e-07
1.242012110000000e+03 5.272039382559716e-07
1.244012190000000e+03 -2.254979230212945e-08
1.246012260000000e+03 -5.507216045317788e-07
1.248012340000000e+03 -5.523975042736470e-07
1.250012410000000e+03 -2.599917630567805e-08
1.252012490000000e+03 5.252296472306482e-07
1.254012560000000e+03 5.743309265258696e-07
1.256012640000000e+03 7.438814744924406e-08
1.258012710000000e+03 -4.966446483597387e-07
1.260012790000000e+03 -5.928753233275998e-07
1.262012860000000e+03 -1.223319312850620e-07
1.264012940000000e+03 4.651355415209706e-07
1.266013010000000e+03 6.079218126332531e-07
1.268013090000000e+03 1.695480198334768e-07
1.270013160000000e+03 -4.308883786950587e-07
1.272013240000000e+03 -6.193821884287935e-07
1.274013310000000e+03 -2.157580778068132e-07
1.276013390000000e+03 3.941055339324579e-07
1.278013460000000e+03 6.271893205711388e-07
1.280013540000000e+03 2.606898122449644e-07
1.282013610000000e+03 -3.550041812678099e-07
1.284013690000000e+03 -6.312977521652001e-07
1.286013760000000e+03 -3.040785063370045e-07
1.288013840000000e+03 3.138151321528781e-07
1.290013910000000e+03 6.316836466935162e-07
1.292013990000000e+03 3.456685714859844e-07
1.294014060000000e+03 -2.707815436766340e-07
1.296014140000000e+03 -6.283453547168596e-07
1.298014210000000e+03 -3.852150499893173e-07
1.300014290000000e+03 2.261573841626498e-07
1.302014360000000e+03 6.213029907951085e-07
1.304014440000000e+03 4.224850814652011e-07
1.306014510000000e+03 -1.802059308373081e-07
1.308014590000000e+03 -6.105985889609827e-07
1.310014660000000e+03 -4.572591817344870e-07
1.312014740000000e+03 1.331983126992688e-07
1.314014810000000e+03 5.962957600503519e-07
1.316014890000000e+03 4.893327715295548e-07
1.318014960000000e+03 -8.541175638529684e-08
1.320015040000000e+03 -5.784793457789817e-07
1.322015110000000e+03 -5.185170307864719e-07
1.324015190000000e+03 3.712814170537753e-08
1.326015260000000e+03 5.572548197387149e-07
1.328015340000000e+03 5.446403339301882e-07
1.330015410000000e+03 1.136779536874180e-08
1.332015490000000e+03 -5.327478350362934e-07
1.334015560000000e+03 -5.675490690747152e-07
1.336015640000000e+03 -5.979015955181105e-08
1.338015710000000e+03 5.051032425313280e-07
1.340015790000000e+03 5.871086361691618e-07
1.342015860000000e+03 1.078534114749136e-07
1.344015940000000e+03 -4.744845212307250e-07
1.346016010000000e+03 -6.032041454675610e-07
1.348016090000000e+03 -1.552742726454308e-07
1.350016160000000e+03 4.410725444918778e-07
1.352016240000000e+03 6.157412209260388e-07
1.354016310000000e+03 2.017732474163971e-07
1.356016390000000e+03 -4.050646805292486e-07
1.358016460000000e+03 -6.246463560029499e-07
1.360016540000000e+03 -2.470763304088332e-07
1.362016610000000e+03 3.666735194586280e-07
1.364016690000000e+03 6.298674962786933e-07
1.366016760000000e+03 2.909166058693731e-07
1.368016840000000e+03 -3.261254638080316e-07
1.370016910000000e+03 -6.313738793340308e-07
1.372016990000000e+03 -3.330355121435066e-07
1.374017060000000e+03 2.836599914699347e-07
1.376017140000000e+03 6.291572444937873e-07
1.378017210000000e+03 3.731847232796240e-07
1.380017290000000e+03 -2.395284377074733e-07
1.382017360000000e+03 -6.232320602275225e-07
1.384017440000000e+03 -4.111285049557740e-07
1.386017510000000e+03 1.939910014135311e-07
1.388017590000000e+03 6.136338642524308e-07
1.390017660000000e+03 4.466435298400775e-07
1.392017740000000e+03 -1.473160516374529e-07
1.394017810000000e+03 -6.004193128015494e-07
1.396017890000000e+03 -4.795205883828195e-07
1.398017960000000e+03 9.977890076015055e-08
1.400018040000000e+03 5.836667461623795e-07
1.402018110000000e+03 5.095660961447800e-07
1.404018190000000e+03 -5.165993450991962e-08
1.406018260000000e+03 -5.634753300853787e-07
1.408018340000000e+03 -5.366032928506605e-07
1.410018410000000e+03 3.242966125368593e-09
1.412018490000000e+03 5.399646270111004e-07
1.414018560000000e+03 5.604731769744808e-07
1.416018640000000e+03 4.518656042364230e-08
1.418018720000000e+03 -5.132736338295292e-07
1.420018790000000e+03 -5.810355053961956e-07
1.422018870000000e+03 -9.334311227531845e-08
1.424018940000000e+03 4.835602065807766e-07
1.426019020000000e+03 5.981694270326989e-07
1.428019090000000e+03 1.409427787004200e-07
1.430019170000000e+03 -4.509999154340075e-07
1.432019240000000e+03 -6.117744601843080e-07
1.434019320000000e+03 -1.877050293033856e-07
1.436019390000000e+03 4.157851094048512e-07
1.438019470000000e+03 6.217707757107692e-07
1.440019540000000e+03 2.333543103587964e-07
1.442019620000000e+03 -3.781237458868332e-07
1.444019690000000e+03 -6.281000319182497e-07
1.446019770000000e+03 -2.776216033832929e-07
1.448019840000000e+03 3.382382515564290e-07
1.450019920000000e+03 6.307253558513612e-07
1.452019990000000e+03 3.202461447587608e-07
1.454020070000000e+03 -2.963640172525071e-07
1.456020140000000e+03 -6.296317940275576e-07
1.458020220000000e+03 -3.609767915307588e-07
1.460020290000000e+03 2.527482246027951e-07
1.462020370000000e+03 6.248262634013225e-07
1.464020440000000e+03 3.995737369647536e-07
1.466020520000000e+03 -2.076482115742719e-07
1.468020590000000e+03 -6.163376835981839e-07
1.470020670000000e+03 -4.358096972824936e-07
1.472020740000000e+03 1.613301148086430e-07
1.474020820000000e+03 6.042164951552894e-07
1.476020890000000e+03 4.694713356759390e-07
1.478020970000000e+03 -1.140671824185656e-07
1.480021040000000e+03 -5.885347531774832e-07
1.482021120000000e+03 -5.003605566435460e-07
1.484021190000000e+03 6.613815557344923e-08
1.486021270000000e+03 5.693852832706250e-07
1.488021340000000e+03 5.282956679763372e-07
1.490021420000000e+03 -1.782570806836141e-08
1.492021490000000e+03 -5.468815573252782e-07
1.494021570000000e+03 -5.531122967515217e-07
1.496021640000000e+03 -3.058524192553465e-08
1.498021720000000e+03 5.211566593491078e-07
1.500021790000000e+03 5.746646484606011e-07
1.502021870000000e+03 7.880932108713184e-08
1.504021940000000e+03 -4.923626920405929e-07
1.506022020000000e+03 -5.928259851666374e-07
1.508022090000000e+03 -1.265622064145324e-07
1.510022170000000e+03 4.606698316295580e-07
1.512022240000000e+03 6.074898086384712e-07
1.514022320000000e+03 1.735624486135903e-07
1.516022390000000e+03 -4.262653674956846e-07
1.518022470000000e+03 -6.185700674166379e-07
1.520022540000000e+03 -2.195330518179742e-07
1.522022620000000e+03 3.893524107371925e-07
1.524022690000000e+03 6.260019495202668e-07
1.526022770000000e+03 2.642030874716213e-07
1.528022840000000e+03 -3.501490389490916e-07
1.530022920000000e+03 -6.297421312282982e-07
1.532022990000000e+03 -3.073094416071921e-07
1.534023070000000e+03 3.088865782267764e-07
1.536023140000000e+03 6.297690976714397e-07
1.538023220000000e+03 3.485981208022153e-07
1.540023290000000e+03 -2.658086689292250e-07
1.542023370000000e+03 -6.260831023950523e-07
1.544023440000000e+03 -3.878259795875800e-07
1.546023520000000e+03 2.211694908614747e-07
1.548023590000000e+03 6.187065142119914e-07
1.550023670000000e+03 4.247620433686783e-07
1.552023740000000e+03 -1.752324262934487e-07
1.554023820000000e+03 -6.076831776454736e-07
1.556023890000000e+03 -4.591888337867169e-07
1.558023970000000e+03 1.282685132402978e-07
1.560024040000000e+03 5.930787063305600e-07
1.562024120000000e+03 4.909037087210543e-07
1.564024190000000e+03 -8.055476476574686e-08
1.566024270000000e+03 -5.749795918870387e-07
1.568024340000000e+03 -5.197201268786411e-07
1.570024420000000e+03 3.237252372601808e-08
1.572024490000000e+03 5.534930751713669e-07
1.574024570000000e+03 5.454684857021764e-07
1.576024640000000e+03 1.599397658231550e-08
1.578024720000000e+03 -5.287462817590357e-07
1.580024790000000e+03 -5.679975105244545e-07
1.582024870000000e+03 -6.425963648586643e-08
1.584024940000000e+03 5.008855615878856e-07
1.586025020000000e+03 5.871746989118394e-07
1.588025090000000e+03 1.121398933812092e-07
1.590025170000000e+03 -4.700755186997370e-07
1.592025240000000e+03 -6.028875395876520e-07
1.594025320000000e+03 -1.593524863269272e-07
1.596025390000000e+03 4.364983367074762e-07
1.598025470000000e+03 6.150438388340583e-07
1.600025540000000e+03 2.056192169173046e-07
1.602025620000000e+03 -4.003522174343729e-07
1.604025690000000e+03 -6.235724011835088e-07
1.606025770000000e+03 -2.506673448275970e-07
1.608025840000000e+03 3.618507038247958e-07
1.610025920000000e+03 6.284233984655156e-07
1.612025990000000e+03 2.942315366970698e-07
1.614026070000000e+03 -3.212210501425502e-07
1.616026140000000e+03 -6.295688412244000e-07
1.618026220000000e+03 -3.360551517503864e-07
1.620026290000000e+03 2.787031176193160e-07
1.622026370000000e+03 6.270023435333129e-07
1.624026440000000e+03 3.758917838693231e-07
1.626026520000000e+03 -2.345478412140281e-07
1.628026590000000e+03 -6.207396661065241e-07
1.630026670000000e+03 -4.135068728026544e-07
1.632026740000000e+03 1.890157517989906e-07
1.634026820000000e+03 6.108181142744383e-07
1.636026890000000e+03 4.486790030341838e-07
1.638026970000000e+03 -1.423754235140897e-07
1.640027040000000e+03 -5.972967771203291e-07
1.642027120000000e+03 -4.812010501982001e-07
1.644027190000000e+03 9.490210587679082e-08
1.646027270000000e+03 5.802558278485262e-07
1.648027340000000e+03 5.108817365140323e-07
1.650027420000000e+03 -4.687569158469972e-08
1.652027490000000e+03 -5.597962047030390e-07
1.654027570000000e+03 -5.375463499392291e-07
1.656027640000000e+03 -1.420565038875166e-09
1.658027720000000e+03 5.360389553750168e-07
1.660027790000000e+03 5.610381987437216e-07
1.662027870000000e+03 4.970186841230109e-08
1.664027940000000e+03 -5.091247086476819e-07
1.666028020000000e+03 -5.812191721681029e-07
1.668028090000000e+03 -9.768361026609996e-08
1.670028170000000e+03 4.792124285148645e-07
1.672028240000000e+03 5.979707272983981e-07
1.674028320000000e+03 1.450828907989135e-07
1.676028390000000e+03 -4.464789921476617e-07
1.678028470000000e+03 -6.111945547678840e-07
1.680028540000000e+03 -1.916203955174048e-07
1.682028620000000e+03 4.111176752455944e-07
1.684028690000000e+03 6.208132614239052e-07
1.686028770000000e+03 2.370218689831919e-07
1.688028840000000e+03 -3.733373879145673e-07
1.690028920000000e+03 -6.267704854806953e-07
1.692028990000000e+03 -2.810197479842703e-07
1.694029070000000e+03 3.333611617610045e-07
1.696029140000000e+03 6.290317453501995e-07
1.698029220000000e+03 3.233548612882371e-07
1.700029290000000e+03 -2.914249809338623e-07
1.702029370000000e+03 -6.275840869793037e-07
1.704029440000000e+03 -3.637778636493011e-07
1.706029520000000e+03 2.477763388217309e-07
1.708029590000000e+03 6.224366562441725e-07
1.710029670000000e+03 4.020506225224598e-07
1.712029750000000e+03 -2.026728660958806e-07
1.714029820000000e+03 -6.136202396171552e-07
1.716029900000000e+03 -4.379478773796080e-07
1.718029970000000e+03 1.563805836642042e-07
1.720030050000000e+03 6.011873328401624e-07
1.722030120000000e+03 4.712582208905765e-07
1.724030200000000e+03 -1.091726556277659e-07
1.726030270000000e+03 -5.852117040179044e-07
1.728030350000000e+03 -5.017857044392857e-07
1.730030420000000e+03 6.132748304265238e-08
1.732030500000000e+03 5.657880930120936e-07
1.734030570000000e+03 5.293506648768351e-07
1.736030650000000e+03 -1.312724539505669e-08
1.738030720000000e+03 -5.430313538957247e-07
1.740030800000000e+03 -5.537910253649096e-07
1.742030870000000e+03 -3.514382924738544e-08
1.744030950000000e+03 5.170762575316414e-07
1.746031020000000e+03 5.749630915686351e-07
1.748031100000000e+03 8.320116120005323e-08
1.750031170000000e+03 -4.880761322812307e-07
1.752031250000000e+03 -5.927425388799441e-07
1.754031320000000e+03 -1.307614287444461e-07
1.756031400000000e+03 4.562024477810120e-07
1.758031470000000e+03 6.070249044024784e-07
1.760031550000000e+03 1.775443075051331e-07
1.762031620000000e+03 -4.216434697113636e-07
1.764031700000000e+03 -6.177265883511846e-07
1.766031770000000e+03 -2.232741157058304e-07
1.768031850000000e+03 3.846033318344463e-07
1.770031920000000e+03 6.247848690419346e-07
1.772032000000000e+03 2.676813535685478e-07
1.774032070000000e+03 -3.453007366613788e-07
1.776032150000000e+03 -6.281587126796181e-07
1.778032220000000e+03 -3.105043858694195e-07
1.780032300000000e+03 3.039677339724806e-07
1.782032370000000e+03 6.278286535573788e-07
1.784032450000000e+03 3.514910088769202e-07
1.786032520000000e+03 -2.608481953619577e-07
1.788032600000000e+03 -6.237972130687920e-07
1.790032670000000e+03 -3.903997646743098e-07
1.792032750000000e+03 2.161967034954182e-07
1.794032820000000e+03 6.160886166480568e-07
1.796032900000000e+03 4.270016061694746e-07
1.798032970000000e+03 -1.702766312306982e-07
1.800033050000000e+03 -6.047488555876556e-07
1.802033120000000e+03 -4.610809716996450e-07
1.804033200000000e+03 1.233589043350938e-07
1.806033270000000e+03 5.898451775074624e-07
1.808033350000000e+03 4.924373711423824e-07
1.810033420000000e+03 -7.572027663323790e-08
1.812033500000000e+03 -5.714660805448121e-07
1.814033570000000e+03 -5.208862775074914e-07
1.816033650000000e+03 2.764168742359000e-08
1.818033720000000e+03 5.497202607113184e-07
1.820033800000000e+03 5.462603528323240e-07
1.822033870000000e+03 2.059330638936857e-08
1.824033950000000e+03 -5.247364711763619e-07
1.826034020000000e+03 -5.684103883447102e-07
1.828034100000000e+03 -6.870034706035655e-08
1.830034170000000e+03 4.966623691121125e-07
1.832034250000000e+03 5.872063214331665e-07
1.834034320000000e+03 1.163958540965754e-07
1.836034400000000e+03 -4.656639649121319e-07
1.838034470000000e+03 -6.025376806875613e-07
1.840034550000000e+03 -1.633986099039016e-07
1.842034620000000e+03 4.319243824684353e-07
1.844034700000000e+03 6.143146653841745e-07
1.846034770000000e+03 2.094316526621956e-07
1.848034850000000e+03 -3.956429156388014e-07
1.850034920000000e+03 -6.224681881305862e-07
1.852035000000000e+03 -2.542237234627550e-07
1.854035070000000e+03 3.570337565692168e-07
1.856035150000000e+03 6.269508057327188e-07
1.858035220000000e+03 2.975108626447775e-07
1.860035300000000e+03 -3.163249600156908e-07
1.862035370000000e+03 -6.277365197980259e-07
1.864035450000000e+03 -3.390381504504964e-07
1.866035520000000e+03 2.737567018757316e-07
1.868035600000000e+03 6.248212186387963e-07
1.870035670000000e+03 3.785608788881317e-07
1.872035750000000e+03 -2.295802820880985e-07
1.874035820000000e+03 -6.182225475945077e-07
1.876035900000000e+03 -4.158464211350812e-07
1.878035970000000e+03 1.840563196036399e-07
1.880036050000000e+03 6.079800127971828e-07
1.882036120000000e+03 4.506752086520075e-07
1.884036200000000e+03 -1.374534107561761e-07
1.886036270000000e+03 -5.941543619490131e-07
1.888036350000000e+03 -4.828422320040471e-07
1.890036420000000e+03 9.004647192176592e-08
1.892036500000000e+03 5.768277280600344e-07
1.894036570000000e+03 5.121582072624278e-07
1.896036650000000e+03 -4.211508287516630e-08
1.898036720000000e+03 -5.561026089919612e-07
1.900036800000000e+03 -5.384507378743414e-07
1.902036870000000e+03 -6.058108384646095e-09
1.904036950000000e+03 5.321017629956372e-07
1.906037020000000e+03 5.615651079508340e-07
1.908037100000000e+03 5.418899963312693e-08
1.910037170000000e+03 -5.049670741478369e-07
1.912037250000000e+03 -5.813656301706478e-07
1.914037320000000e+03 -1.019939092846895e-07
1.916037400000000e+03 4.748589674074774e-07
1.918037470000000e+03 5.977358523813449e-07
1.920037550000000e+03 1.491909968044778e-07
1.922037620000000e+03 -4.419553300601470e-07
1.924037700000000e+03 -6.105798714569575e-07
1.926037770000000e+03 -1.955020713396852e-07
1.928037850000000e+03 4.064506032773958e-07
1.930037920000000e+03 6.198223416642871e-07
1.932038000000000e+03 2.406542875220267e-07
1.934038070000000e+03 -3.685543273101744e-07
1.936038150000000e+03 -6.254093112928764e-07
1.938038220000000e+03 -2.843815105689746e-07
1.940038300000000e+03 3.284904068812406e-07
1.942038370000000e+03 6.273083130575245e-07
1.944038450000000e+03 3.264262183387576e-07
1.946038520000000e+03 -2.864952187746441e-07
1.948038600000000e+03 -6.255087253597572e-07
1.950038670000000e+03 -3.665406857427630e-07
1.952038750000000e+03 2.428166719051940e-07
1.954038820000000e+03 6.200214977105179e-07
1.956038900000000e+03 4.044887142456044e-07
1.958038970000000e+03 -1.977124938537987e-07
1.960039050000000e+03 -6.108796980256073e-07
1.962039120000000e+03 -4.400468712394647e-07
1.964039200000000e+03 1.514487933744981e-07
1.966039270000000e+03 5.981375229621467e-07
1.968039350000000e+03 4.730058581664959e-07
1.970039420000000e+03 -1.042985000795673e-07
1.972039500000000e+03 -5.818707215786996e-07
1.974039570000000e+03 -5.031716235852760e-07
1.976039650000000e+03 5.653972545816422e-08
1.978039720000000e+03 5.621755756924942e-07
1.980039800000000e+03 5.303668560905134e-07
1.982039870000000e+03 -8.454047552491569e-09
1.984039950000000e+03 -5.391687428951061e-07
1.986040020000000e+03 -5.544314679316487e-07
1.988040100000000e+03 -3.967490050668312e-08
1.990040170000000e+03 5.129862675861121e-07
1.992040250000000e+03 5.752241254647093e-07
1.994040320000000e+03 8.756339402408994e-08
1.996040400000000e+03 -4.837830153182722e-07
1.998040470000000e+03 -5.926225759027920e-07
2.000040550000000e+03 -1.349291855373508e-07
2.002040620000000e+03 4.517314173877786e-07
2.004040700000000e+03 6.065248108127157e-07
2.006040780000000e+03 1.814930092403451e-07
2.008040850000000e+03 -4.170210253287949e-07
2.010040930000000e+03 -6.168492712055630e-07
2.012041000000000e+03 -2.269805244049133e-07
2.014041080000000e+03 3.798566795072117e-07
2.016041150000000e+03 6.235356605783344e-07
2.018041230000000e+03 2.711236061149843e-07
2.020041300000000e+03 -3.404578965215889e-07
2.022041380000000e+03 -6.265448944837518e-07
2.024041450000000e+03 -3.136622653323586e-07
2.026041530000000e+03 2.990572195315317e-07
2.028041600000000e+03 6.258599471533103e-07
2.030041680000000e+03 3.543459111621771e-07
2.032041750000000e+03 -2.558990482539153e-07
2.034041830000000e+03 -6.214851523302597e-07
2.036041900000000e+03 -3.929349380096954e-07
2.038041980000000e+03 2.112380490173447e-07
2.040042050000000e+03 6.134469498456543e-07
2.042042130000000e+03 4.292020693009755e-07
2.044042200000000e+03 -1.653377627028420e-07
2.046042280000000e+03 -6.017930970946055e-07
2.048042350000000e+03 -4.629339330197997e-07
2.050042430000000e+03 1.184688723388131e-07
2.052042500000000e+03 5.865929235112316e-07
2.054042580000000e+03 4.939318409355294e-07
2.056042650000000e+03 -7.090796256471889e-08
2.058042730000000e+03 -5.679364292160624e-07
2.060042800000000e+03 -5.220135544733369e-07
2.062042880000000e+03 2.293543572525568e-08
2.064042950000000e+03 5.459341759055474e-07
2.066043030000000e+03 5.470137597341110e-07
2.068043100000000e+03 2.516581058599179e-08
2.070043180000000e+03 -5.207161922611765e-07
2.072043250000000e+03 -5.687856256015796e-07
2.074043330000000e+03 -7.311213754452426e-08
2.076043400000000e+03 4.924317768766433e-07
2.078043480000000e+03 5.872011325843675e-07
2.080043550000000e+03 1.206209252714279e-07
2.082043630000000e+03 -4.612479092418928e-07
2.084043700000000e+03 -6.021522560664122e-07
2.086043780000000e+03 -1.674120917815661e-07
2.088043850000000e+03 4.273489757468059e-07
2.090043930000000e+03 6.135512026549309e-07
2.092044000000000e+03 2.132098998719194e-07
2.094044080000000e+03 -3.909350870091705e-07
2.096044150000000e+03 -6.213314229674797e-07
2.098044230000000e+03 -2.577444809501188e-07
2.100044300000000e+03 3.522213725491363e-07
2.102044380000000e+03 6.254473229946138e-07
2.104044450000000e+03 3.007534395048124e-07
2.106044530000000e+03 -3.114363023003359e-07
2.108044600000000e+03 -6.258753334756679e-07
2.110044680000000e+03 -3.419834065648432e-07
2.112044750000000e+03 2.688207154219266e-07
2.114044830000000e+03 6.226132570949821e-07
2.116044900000000e+03 3.811916139579775e-07
2.118044980000000e+03 -2.246259917973096e-07
2.120045050000000e+03 -6.156809756666247e-07
2.122045130000000e+03 -4.181470555997852e-07
2.124045200000000e+03 1.791130164721432e-07
2.126045280000000e+03 6.051197295868293e-07
2.128045350000000e+03 4.526322901988282e-07
2.130045430000000e+03 -1.325501795277202e-07
2.132045500000000e+03 -5.909924240173246e-07
2.134045580000000e+03 -4.844442273402392e-07
2.136045650000000e+03 8.521221293291013e-08
2.138045730000000e+03 5.733826800075089e-07
2.140045800000000e+03 5.133957507802608e-07
2.142045880000000e+03 -3.737829081313246e-08
2.144045950000000e+03 -5.523949697496294e-07
2.146046030000000e+03 -5.393164952339351e-07
2.148046100000000e+03 -1.066950355786643e-08
2.150046180000000e+03 5.281532660023710e-07
2.152046250000000e+03 5.620541518664540e-07
2.154046330000000e+03 5.864788529654444e-08
2.156046400000000e+03 -5.008011328419694e-07
2.158046480000000e+03 -5.814749933946637e-07
2.160046550000000e+03 -1.062739377527453e-07
2.162046630000000e+03 4.705001016704780e-07
2.164046700000000e+03 5.974651221763045e-07
2.166046780000000e+03 1.532669766839518e-07
2.168046850000000e+03 -4.374293207607695e-07
2.170046930000000e+03 -6.099305162246583e-07
2.172047000000000e+03 -1.993500088964008e-07
2.174047080000000e+03 4.017840430478627e-07
2.176047150000000e+03 6.187983783905758e-07
2.178047230000000e+03 2.442515018336698e-07
2.180047300000000e+03 -3.637749108102981e-07
2.182047380000000e+03 -6.240167505831014e-07
2.184047450000000e+03 -2.877069082186010e-07
2.186047530000000e+03 3.236261929372678e-07
2.188047600000000e+03 6.255554547457919e-07
2.190047680000000e+03 3.294601371276666e-07
2.192047750000000e+03 -2.815750341694156e-07
2.194047830000000e+03 -6.234058336176261e-07
2.196047900000000e+03 -3.692653716857793e-07
2.198047980000000e+03 2.378694146512970e-07
2.200048050000000e+03 6.175811980976401e-07
2.202048130000000e+03 4.068881095086202e-07
2.204048200000000e+03 -1.927673952214254e-07
2.206048280000000e+03 -6.081162459032979e-07
2.208048350000000e+03 -4.421068602480895e-07
2.210048430000000e+03 1.465349898157773e-07
2.212048500000000e+03 5.950674586211300e-07
2.214048580000000e+03 4.747142823632794e-07
2.216048650000000e+03 -9.944493225197485e-08
2.218048730000000e+03 -5.785119924748317e-07
2.220048800000000e+03 -5.045185643733169e-07
2.222048880000000e+03 5.177496996894003e-08
2.224048950000000e+03 5.585481828596143e-07
2.226049030000000e+03 5.313442973927037e-07
2.228049100000000e+03 -3.806278845496448e-09
2.230049180000000e+03 -5.352940099395986e-07
2.232049250000000e+03 -5.550338578947409e-07
2.234049330000000e+03 -4.417835786420053e-08
2.236049400000000e+03 5.088871088732928e-07
2.238049480000000e+03 5.754478040649776e-07
2.240049550000000e+03 9.189596622408132e-08
2.242049630000000e+03 -4.794835246293186e-07
2.244049700000000e+03 -5.924664434366190e-07
2.246049780000000e+03 -1.390653588516602e-07
2.248049850000000e+03 4.472571470287840e-07
2.250049930000000e+03 6.059897279631841e-07
2.252050000000000e+03 1.854084652758875e-07
2.254050080000000e+03 -4.123982020225685e-07
2.256050150000000e+03 -6.159384873505213e-07
2.258050230000000e+03 -2.306521432410373e-07
2.260050300000000e+03 3.751127472731702e-07
2.262050380000000e+03 6.222544875047077e-07
2.264050450000000e+03 2.745298867100320e-07
2.266050530000000e+03 -3.356207126975944e-07
2.268050600000000e+03 -6.249011014628065e-07
2.270050680000000e+03 -3.167831042815182e-07
2.272050750000000e+03 2.941554130141972e-07
2.274050830000000e+03 6.238630844323636e-07
2.276050900000000e+03 3.571629270077951e-07
2.278050980000000e+03 -2.509614756891237e-07
2.280051050000000e+03 -6.191472536694577e-07
2.282051130000000e+03 -3.954315518831098e-07
2.284051200000000e+03 2.062937999129877e-07
2.286051280000000e+03 6.107816613770148e-07
2.288051350000000e+03 4.313636500545762e-07
2.290051430000000e+03 -1.604159642151598e-07
2.292051500000000e+03 -5.988163655663681e-07
2.294051580000000e+03 -4.647476859087629e-07
2.296051650000000e+03 1.135986422119588e-07
2.298051730000000e+03 5.833221955632559e-07
2.300051810000000e+03 4.953872588170086e-07
2.302051880000000e+03 -6.611789123356659e-08
2.304051960000000e+03 -5.643910860788173e-07
2.306052030000000e+03 -5.231019659100803e-07
2.308052110000000e+03 1.825386240329103e-08
2.310052180000000e+03 5.421350660493131e-07
2.312052260000000e+03 5.477289845870028e-07
2.314052330000000e+03 2.971133579002381e-08
2.316052410000000e+03 -5.166858907513361e-07
2.318052480000000e+03 -5.691233455817849e-07
2.320052560000000e+03 -7.749484003138229e-08
2.322052630000000e+03 4.881938829531026e-07
2.324052710000000e+03 5.871594739893471e-07
2.326052780000000e+03 1.248149670026437e-07
2.328052860000000e+03 -4.568276603125201e-07
2.330052930000000e+03 -6.017314467616345e-07
2.332053010000000e+03 -1.713928615435648e-07
2.334053080000000e+03 4.227722978124151e-07
2.336053160000000e+03 6.127538639647732e-07
2.338053230000000e+03 2.169538942886461e-07
2.340053310000000e+03 -3.862291280151274e-07
2.342053380000000e+03 -6.201621414833604e-07
2.344053460000000e+03 -2.612296615613581e-07
2.346053530000000e+03 3.474137712637231e-07
2.348053610000000e+03 6.239132632902480e-07
2.350053680000000e+03 3.039593146862061e-07
2.352053760000000e+03 -3.065554681209970e-07
2.354053830000000e+03 -6.239854058926436e-07
2.356053910000000e+03 -3.448910769615460e-07
2.358053980000000e+03 2.638953718309412e-07
2.360054060000000e+03 6.203788554877164e-07
2.362054130000000e+03 3.837839259830171e-07
2.364054210000000e+03 -2.196852616515693e-07
2.366054280000000e+03 -6.131151344976677e-07
2.368054360000000e+03 -4.204088817051016e-07
2.370054430000000e+03 1.741859066623302e-07
2.372054510000000e+03 6.022377425682486e-07
2.374054580000000e+03 4.545502347766007e-07
2.376054660000000e+03 -1.276659050562215e-07
2.378054730000000e+03 -5.878112151276454e-07
2.380054810000000e+03 -4.860071747155159e-07
2.382054880000000e+03 8.039948089800146e-08
2.384054960000000e+03 5.699211410486671e-07
2.386055030000000e+03 5.145944006489286e-07
2.388055110000000e+03 -3.266551142564836e-08
2.390055180000000e+03 -5.486733777271556e-07
2.392055260000000e+03 -5.401439374972284e-07
2.394055330000000e+03 -1.525460135952468e-08
2.396055410000000e+03 5.241938347201788e-07
2.398055480000000e+03 5.625054795733945e-07
2.400055560000000e+03 6.307829405112691e-08
2.402055630000000e+03 -4.966270586793938e-07
2.404055710000000e+03 -5.815476354186725e-07
2.406055780000000e+03 -1.105235520487888e-07
2.408055860000000e+03 4.661361911709523e-07
2.410055930000000e+03 5.971585671273119e-07
2.412056010000000e+03 1.573107845388857e-07
2.414056080000000e+03 -4.329011732908231e-07
2.416056160000000e+03 -6.092468332512604e-07
2.418056230000000e+03 -2.031642285223076e-07
2.420056310000000e+03 3.971184928166224e-07
2.422056380000000e+03 6.177414639806640e-07
2.424056460000000e+03 2.478135843098533e-07
2.426056530000000e+03 -3.589993769706786e-07
2.428056610000000e+03 -6.225930768828911e-07
2.430056680000000e+03 -2.909958857388111e-07
2.432056760000000e+03 3.187689114021931e-07
2.434056830000000e+03 6.237733045081943e-07
2.436056910000000e+03 3.324567183991566e-07
2.438056980000000e+03 -2.766645171720975e-07
2.440057060000000e+03 -6.212759095477430e-07
2.442057130000000e+03 -3.719518575691162e-07
2.444057210000000e+03 2.329348368732057e-07
2.446057280000000e+03 6.151159806230637e-07
2.448057360000000e+03 4.092488004100018e-07
2.450057430000000e+03 -1.878377022003785e-07
2.452057510000000e+03 -6.053303796506762e-07
2.454057580000000e+03 -4.441278024577850e-07
2.456057660000000e+03 1.416393505395134e-07
2.458057730000000e+03 5.919772542727402e-07
2.460057810000000e+03 4.763837184414302e-07
2.462057880000000e+03 -9.461213992193758e-08
2.464057960000000e+03 -5.751359594229936e-07
2.466058030000000e+03 -5.058266186003076e-07
2.468058110000000e+03 4.703354123388800e-08
2.470058180000000e+03 5.549060319902450e-07
2.472058260000000e+03 5.322833157662860e-07
2.474058330000000e+03 8.158875900041272e-10
2.476058410000000e+03 -5.314074706246189e-07
2.478058480000000e+03 -5.555982627655766e-07
2.480058560000000e+03 -4.865403062418387e-08
2.482058630000000e+03 5.047789690539338e-07
2.484058710000000e+03 5.756344807294041e-07
2.486058780000000e+03 9.619881935212801e-08
2.488058860000000e+03 -4.751781709072476e-07
2.490058930000000e+03 -5.922741610027914e-07
2.492059010000000e+03 -1.431699320709735e-07
2.494059080000000e+03 4.427798450481308e-07
2.496059160000000e+03 6.054198632683975e-07
2.498059230000000e+03 1.892906469107046e-07
2.500059310000000e+03 -4.077754654005030e-07
2.502059380000000e+03 -6.149943276533702e-07
2.504059460000000e+03 -2.342890557610008e-07
2.506059530000000e+03 3.703717003667410e-07
2.508059610000000e+03 6.209417824284687e-07
2.510059680000000e+03 2.779000843840212e-07
2.512059760000000e+03 -3.307895438944952e-07
2.514059830000000e+03 -6.232274971082226e-07
2.516059910000000e+03 -3.198668273040025e-07
2.518059980000000e+03 2.892624110977181e-07
2.520060060000000e+03 6.218385885206679e-07
2.522060130000000e+03 3.599420135364882e-07
2.524060210000000e+03 -2.460356798531595e-07
2.526060280000000e+03 -6.167837006801852e-07
2.528060360000000e+03 -3.978897016936095e-07
2.530060430000000e+03 2.013641734737426e-07
2.532060510000000e+03 6.080932342797481e-07
2.534060580000000e+03 4.334863732967786e-07
2.536060660000000e+03 -1.555116031876473e-07
2.538060730000000e+03 -5.958187204966305e-07
2.540060810000000e+03 -4.665225044790484e-07
2.542060880000000e+03 1.087483866256611e-07
2.544060960000000e+03 5.800333029842276e-07
2.546061030000000e+03 4.968037333163189e-07
2.548061110000000e+03 -6.135037788660203e-08
2.550061180000000e+03 -5.608302307761231e-07
2.552061260000000e+03 -5.241518492584766e-07
2.554061330000000e+03 1.359711224116048e-08
2.556061410000000e+03 5.383233923348873e-07
2.558061480000000e+03 5.484059896264518e-07
2.560061560000000e+03 3.422976684864502e-08
2.562061630000000e+03 -5.126457590717343e-07
2.564061710000000e+03 -5.694237369918636e-07
2.566061780000000e+03 -8.184845173216411e-08
2.568061860000000e+03 4.839492692641147e-07
2.570061930000000e+03 5.870814175750429e-07
2.572062010000000e+03 1.289779985791915e-07
2.574062080000000e+03 -4.524034531937960e-07
2.576062160000000e+03 -6.012755533790248e-07
2.578062230000000e+03 -1.753407810297538e-07
2.580062310000000e+03 4.181947873150045e-07
2.582062380000000e+03 6.119227590051863e-07
2.584062460000000e+03 2.206635385379430e-07
2.586062530000000e+03 -3.815251016363172e-07
2.588062610000000e+03 -6.189608718008974e-07
2.590062680000000e+03 -2.646791753587508e-07
2.592062760000000e+03 3.426112371671674e-07
2.594062840000000e+03 6.223488376362920e-07
2.596062910000000e+03 3.071284031315783e-07
2.598062990000000e+03 -3.016826258494557e-07
2.600063060000000e+03 -6.220672229915280e-07
2.602063140000000e+03 -3.477611130695873e-07
2.604063210000000e+03 2.589810235331504e-07
2.606063290000000e+03 6.181180580886683e-07
2.608063360000000e+03 3.863379997190354e-07
2.610063440000000e+03 -2.147582889561127e-07
2.612063510000000e+03 -6.105253847681129e-07
2.614063590000000e+03 -4.226319960120732e-07
2.616063660000000e+03 1.692754581059915e-07
2.618063740000000e+03 5.993341718908007e-07
2.620063810000000e+03 4.564292956982883e-07
2.622063890000000e+03 -1.228007817419497e-07
2.624063960000000e+03 -5.846111195487690e-07
2.626064040000000e+03 -4.875310608832362e-07
2.628064110000000e+03 7.560850252052232e-08
2.630064190000000e+03 5.664432965202871e-07
2.632064260000000e+03 5.157543595188021e-07
2.634064340000000e+03 -2.797675458959559e-08
2.636064410000000e+03 -5.449384524955126e-07
2.638064490000000e+03 -5.409330531605592e-07
2.640064560000000e+03 -1.981330952792683e-08
2.642064640000000e+03 5.202237109583618e-07
2.644064710000000e+03 5.629192467777887e-07
2.646064790000000e+03 6.748016256863348e-08
2.648064860000000e+03 -4.924453310955630e-07
2.650064940000000e+03 -5.815836105074237e-07
2.652065010000000e+03 -1.147426673478369e-07
2.654065090000000e+03 4.617673292163819e-07
2.656065160000000e+03 5.968166493562274e-07
2.658065240000000e+03 1.613222934804006e-07
2.660065310000000e+03 -4.283712522815369e-07
2.662065390000000e+03 -6.085289933487165e-07
2.664065460000000e+03 -2.069445006089583e-07
2.666065540000000e+03 3.924540317149262e-07
2.668065610000000e+03 6.166520563732621e-07
2.670065690000000e+03 2.513404362979598e-07
2.672065760000000e+03 -3.542280402247468e-07
2.674065840000000e+03 -6.211384146409537e-07
2.676065910000000e+03 -2.942484986725393e-07
2.678065990000000e+03 3.139187366901260e-07
2.680066060000000e+03 6.219622652053022e-07
2.682066140000000e+03 3.354159964318164e-07
2.684066210000000e+03 -2.717642117083692e-07
2.686066290000000e+03 -6.191190012563316e-07
2.688066360000000e+03 -3.746003171096912e-07
2.690066440000000e+03 2.280131236753012e-07
2.692066510000000e+03 6.126261446144000e-07
2.694066590000000e+03 4.115708498131957e-07
2.696066660000000e+03 -1.829237568793570e-07
2.698066740000000e+03 -6.025222426568236e-07
2.700066810000000e+03 -4.461099041210788e-07
2.702066890000000e+03 1.367619759413030e-07
2.704066960000000e+03 5.888675053186400e-07
2.706067040000000e+03 4.780141033051048e-07
2.708067110000000e+03 -8.980030923962400e-08
2.710067190000000e+03 -5.717428113621205e-07
2.712067260000000e+03 -5.070958443655518e-07
2.714067340000000e+03 4.231544994327996e-08
2.716067410000000e+03 5.512496852532479e-07
2.718067490000000e+03 5.331839265494768e-07
2.720067560000000e+03 5.412325097528441e-09
2.722067640000000e+03 -5.275093073819803e-07
2.724067710000000e+03 -5.561250188229249e-07
2.726067790000000e+03 -5.310177109820356e-08
2.728067860000000e+03 5.006622735311357e-07
2.730067940000000e+03 5.757842500436548e-07
2.732068010000000e+03 1.004716567531861e-07
2.734068090000000e+03 -4.708669926137983e-07
2.736068160000000e+03 -5.920461828216639e-07
2.738068240000000e+03 -1.472427923664433e-07
2.740068310000000e+03 4.382998627142083e-07
2.742068390000000e+03 6.048154011355455e-07
2.744068460000000e+03 1.931394479392693e-07
2.746068540000000e+03 -4.031529768624636e-07
2.748068610000000e+03 -6.140171666222202e-07
2.750068690000000e+03 -2.378912168797443e-07
2.752068760000000e+03 3.656340822488095e-07
2.754068840000000e+03 6.195975380291051e-07
2.756068910000000e+03 2.812343031347053e-07
2.758068990000000e+03 -3.259645500015747e-07
2.760069060000000e+03 -6.215243641312109e-07
2.762069140000000e+03 -3.229135336334217e-07
2.764069210000000e+03 2.843787032106276e-07
2.766069290000000e+03 6.197865492397463e-07
2.768069360000000e+03 3.626832552246437e-07
2.770069440000000e+03 -2.411218336495500e-07
2.772069510000000e+03 -6.143949790726196e-07
2.774069590000000e+03 -4.003093149332637e-07
2.776069660000000e+03 1.964494037236040e-07
2.778069740000000e+03 6.053818022984508e-07
2.780069810000000e+03 4.355702429783354e-07
2.782069890000000e+03 -1.506246806660920e-07
2.784069960000000e+03 -5.928007936572190e-07
2.786070040000000e+03 -4.682583838503148e-07
2.788070110000000e+03 1.039183171775835e-07
2.790070190000000e+03 5.767264761959842e-07
2.792070260000000e+03 4.981814063119593e-07
2.794070340000000e+03 -5.660554127880164e-08
2.796070410000000e+03 -5.572542845279307e-07
2.798070490000000e+03 -5.251632356597523e-07
2.800070560000000e+03 8.965489563015956e-09
2.802070640000000e+03 5.344991956641796e-07
2.804070710000000e+03 5.490452068788794e-07
2.806070790000000e+03 3.872099813732158e-08
2.808070860000000e+03 -5.085961701037010e-07
2.810070940000000e+03 -5.696869748269183e-07
2.812071010000000e+03 -8.617266901990943e-08
2.814071090000000e+03 4.796980270255861e-07
2.816071160000000e+03 5.869672741727290e-07
2.818071240000000e+03 1.331099071722239e-07
2.820071310000000e+03 -4.479757540745319e-07
2.822071390000000e+03 -6.007845992745030e-07
2.824071460000000e+03 -1.792559006703288e-07
2.826071540000000e+03 4.136165936859830e-07
2.828071610000000e+03 6.110581613076911e-07
2.830071690000000e+03 2.243389115186645e-07
2.832071760000000e+03 -3.768236377853889e-07
2.834071840000000e+03 -6.177276465718992e-07
2.836071910000000e+03 -2.680930572018791e-07
2.838071990000000e+03 3.378139694238816e-07
2.840072060000000e+03 6.207543827763090e-07
2.842072140000000e+03 3.102607249432879e-07
2.844072210000000e+03 -2.968180930565049e-07
2.846072290000000e+03 -6.201208969039771e-07
2.848072360000000e+03 -3.505935030367092e-07
2.850072440000000e+03 2.540776948140632e-07
2.852072510000000e+03 6.158315144480515e-07
2.854072590000000e+03 3.888538035600114e-07
2.856072660000000e+03 -2.098453350416068e-07
2.858072740000000e+03 -6.079119446989443e-07
2.860072810000000e+03 -4.248163705168354e-07
2.862072890000000e+03 1.643816710355245e-07
2.864072960000000e+03 5.964094744474084e-07
2.866073040000000e+03 4.582694967846055e-07
2.868073110000000e+03 -1.179551212295689e-07
2.870073190000000e+03 -5.813922449968043e-07
2.872073260000000e+03 -4.890162375765836e-07
2.874073340000000e+03 7.083940131959204e-08
2.876073410000000e+03 5.629495274376015e-07
2.878073490000000e+03 5.168757705465652e-07
2.880073560000000e+03 -2.331247684930136e-08
2.882073640000000e+03 -5.411902147380527e-07
2.884073710000000e+03 -5.416841597947206e-07
2.886073790000000e+03 -2.434550768131594e-08
2.888073870000000e+03 5.162433085001601e-07
2.890073940000000e+03 5.632955886186170e-07
2.892074020000000e+03 7.185338661891363e-08
2.894074090000000e+03 -4.882561128847256e-07
2.896074170000000e+03 -5.815831751112429e-07
2.898074240000000e+03 -1.189312879492380e-07
2.900074320000000e+03 4.573941855755379e-07
2.902074390000000e+03 5.964393566621974e-07
2.904074470000000e+03 1.653014879378832e-07
2.906074540000000e+03 -4.238397323794173e-07
2.908074620000000e+03 -6.077772300762265e-07
2.910074690000000e+03 -2.106909261329423e-07
2.912074770000000e+03 3.877911223294289e-07
2.914074840000000e+03 6.155302674676288e-07
2.916074920000000e+03 2.548320026036510e-07
2.918074990000000e+03 -3.494610144471375e-07
2.920075070000000e+03 -6.196533085963593e-07
2.922075140000000e+03 -2.974646784626072e-07
2.924075220000000e+03 3.090759855584691e-07
2.926075290000000e+03 6.201224950996187e-07
2.928075370000000e+03 3.383378441043702e-07
2.930075440000000e+03 -2.668740642106730e-07
2.932075520000000e+03 -6.169356297779456e-07
2.934075590000000e+03 -3.772107592547971e-07
2.936075670000000e+03 2.231046183082687e-07
2.938075740000000e+03 6.101118890036646e-07
2.940075820000000e+03 4.138544337590916e-07
2.942075890000000e+03 -1.780257000910729e-07
2.944075970000000e+03 -5.996922073382757e-07
2.946076040000000e+03 -4.480532212456996e-07
2.948076120000000e+03 1.319033503369403e-07
2.950076190000000e+03 5.857381987445854e-07
2.952076270000000e+03 4.796057519687268e-07
2.954076340000000e+03 -8.500953560409053e-08
2.956076420000000e+03 -5.683329423216891e-07
2.958076490000000e+03 -5.083264320023679e-07
2.960076570000000e+03 3.762100518541077e-08
2.962076640000000e+03 5.475792726748639e-07
2.964076720000000e+03 5.340463243749427e-07
2.966076790000000e+03 9.982985919448984e-09
2.968076870000000e+03 -5.236001136379691e-07
2.970076940000000e+03 -5.566140909748065e-07
2.972077020000000e+03 -5.752151967637415e-08
2.974077090000000e+03 4.965371784758265e-07
2.976077170000000e+03 5.758973043164245e-07
2.978077240000000e+03 1.047146043865458e-07
2.980077320000000e+03 -4.665505944465218e-07
2.982077390000000e+03 -5.917825645523697e-07
2.984077470000000e+03 -1.512838082012464e-07
2.986077540000000e+03 4.338173523633900e-07
2.988077620000000e+03 6.041767225798604e-07
2.990077690000000e+03 1.969548034065603e-07
2.992077770000000e+03 -3.985310855852646e-07
2.994077840000000e+03 -6.130071533398844e-07
2.996077920000000e+03 -2.414584478838101e-07
2.998077990000000e+03 3.608998283129500e-07
3.000078070000000e+03 6.182223336728720e-07
3.002078140000000e+03 2.845325134476380e-07
3.004078220000000e+03 -3.211461310906371e-07
3.006078290000000e+03 -6.197919276084736e-07
3.008078370000000e+03 -3.259231724909848e-07
3.010078440000000e+03 2.795043647658214e-07
3.012078520000000e+03 6.177073297102463e-07
3.014078590000000e+03 3.653867276013561e-07
3.016078670000000e+03 -2.362204316195667e-07
3.018078740000000e+03 -6.119810862903919e-07
3.020078820000000e+03 -4.026906551405132e-07
3.022078890000000e+03 1.915496287065170e-07
3.024078970000000e+03 6.026477757304046e-07
3.026079040000000e+03 4.376154464114011e-07
3.028079120000000e+03 -1.457556779451243e-07
3.030079190000000e+03 -5.897626194429216e-07
3.032079270000000e+03 -4.699554374324028e-07
3.034079340000000e+03 9.910849928754168e-08
3.036079420000000e+03 5.734022368140731e-07
3.038079490000000e+03 4.995203046458085e-07
3.040079570000000e+03 -5.188351364418025e-08
3.042079640000000e+03 -5.536634238399240e-07
3.044079720000000e+03 -5.261362636226470e-07
3.046079790000000e+03 4.358898853602446e-09
3.048079870000000e+03 5.306631556828426e-07
3.050079940000000e+03 5.496466277455885e-07
3.052080020000000e+03 4.318480911109726e-08
3.054080090000000e+03 -5.045372865252864e-07
3.056080170000000e+03 -5.699132988046754e-07
3.058080240000000e+03 -9.046752570841288e-08
3.060080320000000e+03 4.754405572389097e-07
3.062080390000000e+03 5.868172066928526e-07
3.064080470000000e+03 1.372104648000739e-07
3.066080540000000e+03 -4.435445706238361e-07
3.068080620000000e+03 -6.002591212856340e-07
3.070080690000000e+03 -1.831381146083586e-07
3.072080770000000e+03 4.090381346593429e-07
3.074080840000000e+03 6.101602652725575e-07
3.076080920000000e+03 2.279797765342477e-07
3.078080990000000e+03 -3.721247048563213e-07
3.080081070000000e+03 -6.164628378643059e-07
3.082081140000000e+03 -2.714713553131649e-07
3.084081220000000e+03 3.330224402650049e-07
3.086081290000000e+03 6.191299960847318e-07
3.088081370000000e+03 3.133563849324786e-07
3.090081440000000e+03 -2.919620462478291e-07
3.092081520000000e+03 -6.181467823843377e-07
3.094081590000000e+03 -3.533883782835361e-07
3.096081670000000e+03 2.491859787513701e-07
3.098081740000000e+03 6.135191943542282e-07
3.100081820000000e+03 3.913314105948690e-07
3.102081890000000e+03 -2.049464705568049e-07
3.104081970000000e+03 -6.052752307459699e-07
3.106082040000000e+03 -4.269621384991906e-07
3.108082120000000e+03 1.595048717366177e-07
3.110082190000000e+03 5.934638525398466e-07
3.112082270000000e+03 4.600708769620856e-07
3.114082340000000e+03 -1.131288907510718e-07
3.116082420000000e+03 -5.781552333528569e-07
3.118082490000000e+03 -4.904626319390316e-07
3.120082570000000e+03 6.609241085441087e-08
3.122082640000000e+03 5.594399945032840e-07
3.124082720000000e+03 5.179587144902499e-07
3.126082790000000e+03 -1.867255003770207e-08
3.128082870000000e+03 -5.374291911830615e-07
3.130082940000000e+03 -5.423973907957134e-07
3.132083020000000e+03 -2.885090613656458e-08
3.134083090000000e+03 5.122527117057623e-07
3.136083170000000e+03 5.636348766990248e-07
3.138083240000000e+03 7.619783327076084e-08
3.140083320000000e+03 -4.840597922664279e-07
3.142083390000000e+03 -5.815464880736263e-07
3.144083470000000e+03 -1.230890822221677e-07
3.146083540000000e+03 4.530166810009702e-07
3.148083620000000e+03 5.960271136349322e-07
3.150083690000000e+03 1.692483816227690e-07
3.152083770000000e+03 -4.193070962734781e-07
3.154083840000000e+03 -6.069917148267361e-07
3.156083920000000e+03 -2.144034156213321e-07
3.158083990000000e+03 3.831299322185219e-07
3.160084070000000e+03 6.143763559218634e-07
3.162084140000000e+03 2.582883786259832e-07
3.164084220000000e+03 -3.446989063107784e-07
3.166084290000000e+03 -6.181377078541181e-07
3.168084370000000e+03 -3.006445130713605e-07
3.170084440000000e+03 3.042407568922372e-07
3.172084520000000e+03 6.182543544068256e-07
3.174084590000000e+03 3.412224332745576e-07
3.176084670000000e+03 -2.619945792133608e-07
3.178084740000000e+03 -6.147259357129000e-07
3.180084820000000e+03 -3.797831261375276e-07
3.182084900000000e+03 2.182093461034046e-07
3.184084970000000e+03 6.075737703821856e-07
3.186085050000000e+03 4.160994741622256e-07
3.188085120000000e+03 -1.731437581904127e-07
3.190085200000000e+03 -5.968404571726329e-07
3.192085270000000e+03 -4.499577762579786e-07
3.194085350000000e+03 1.270633504397032e-07
3.196085420000000e+03 5.825899612096644e-07
3.198085500000000e+03 4.811587167216696e-07
3.200085570000000e+03 -8.024019596361854e-08
3.202085650000000e+03 -5.649064973175609e-07
3.204085720000000e+03 -5.095185852069140e-07
3.206085800000000e+03 3.295027760903350e-08
3.208085870000000e+03 5.438951400621480e-07
3.210085950000000e+03 5.348706821462111e-07
3.212086020000000e+03 1.452747904745294e-08
3.214086100000000e+03 -5.196798460505048e-07
3.216086170000000e+03 -5.570659257724682e-07
3.218086250000000e+03 -6.191322697428765e-08
3.220086320000000e+03 4.924041603022950e-07
3.222086400000000e+03 5.759738300464778e-07
3.224086470000000e+03 1.089273762874349e-07
3.226086550000000e+03 -4.622290453111922e-07
3.228086620000000e+03 -5.914835262750703e-07
3.230086700000000e+03 -1.552930673053311e-07
3.232086770000000e+03 4.293329148586734e-07
3.234086850000000e+03 6.035038329464782e-07
3.236086920000000e+03 2.007367725738674e-07
3.238087000000000e+03 -3.939099500638060e-07
3.240087070000000e+03 -6.119645884121590e-07
3.242087150000000e+03 -2.449909032011472e-07
3.244087220000000e+03 3.561695908981428e-07
3.246087300000000e+03 6.168162103778774e-07
3.248087370000000e+03 2.877946086524981e-07
3.250087450000000e+03 -3.163343222536616e-07
3.252087520000000e+03 -6.180306388554003e-07
3.254087600000000e+03 -3.288957671164129e-07
3.256087670000000e+03 2.746396792879011e-07
3.258087750000000e+03 6.156011508257195e-07
3.260087820000000e+03 3.680523293414402e-07
3.262087900000000e+03 -2.313313699978537e-07
3.264087970000000e+03 -6.095427062785031e-07
3.266088050000000e+03 -4.050336895473508e-07
3.268088120000000e+03 1.866652283919269e-07
3.270088200000000e+03 5.998912841370564e-07
3.272088270000000e+03 4.396220232197009e-07
3.274088350000000e+03 -1.409045580735871e-07
3.276088420000000e+03 -5.867046121017723e-07
3.278088500000000e+03 -4.716138534670557e-07
3.280088570000000e+03 9.431941099660527e-08
3.282088650000000e+03 5.700605810039403e-07
3.284088720000000e+03 5.008208104950849e-07
3.286088800000000e+03 -4.718442280120568e-08
3.288088870000000e+03 -5.500580846892769e-07
3.290088950000000e+03 -5.270711018675384e-07
3.292089020000000e+03 -2.222189133661952e-10
3.294089100000000e+03 5.268152540314966e-07
3.296089170000000e+03 5.502104759088977e-07
3.298089250000000e+03 4.762127936601792e-08
3.300089320000000e+03 -5.004697194249648e-07
3.302089400000000e+03 -5.701027946797067e-07
3.304089470000000e+03 -9.473294545518962e-08
3.306089550000000e+03 4.711770688291812e-07
3.308089620000000e+03 5.866313809508258e-07
3.310089700000000e+03 1.412797977706273e-07
3.312089770000000e+03 -4.391106149067726e-07
3.314089850000000e+03 -5.996990958241003e-07
3.316089920000000e+03 -1.869873268637938e-07
3.318090000000000e+03 4.044594755387014e-07
3.320090070000000e+03 6.092294404113559e-07
3.322090150000000e+03 2.315862791815475e-07
3.324090220000000e+03 -3.674287371995077e-07
3.326090300000000e+03 -6.151666679660527e-07
3.328090370000000e+03 -2.748138225381710e-07
3.330090450000000e+03 3.282366364438961e-07
3.332090520000000e+03 6.174762794703450e-07
3.334090600000000e+03 3.164153266266273e-07
3.336090670000000e+03 -2.871148363432215e-07
3.338090750000000e+03 -6.161450390894966e-07
3.340090820000000e+03 -3.561456501505308e-07
3.342090900000000e+03 2.443057794812202e-07
3.344090970000000e+03 6.111815774750483e-07
3.346091050000000e+03 3.937709742057695e-07
3.348091120000000e+03 -2.000622735897771e-07
3.350091200000000e+03 -6.026153500443053e-07
3.352091270000000e+03 -4.290695009827290e-07
3.354091350000000e+03 1.546451767564741e-07
3.356091420000000e+03 5.904976159536018e-07
3.358091500000000e+03 4.618336058806950e-07
3.360091570000000e+03 -1.083226134325877e-07
3.362091650000000e+03 -5.749000516165221e-07
3.364091720000000e+03 -4.918704973997421e-07
3.366091800000000e+03 6.136752659323310e-08
3.368091870000000e+03 5.559152883548543e-07
3.370091950000000e+03 5.190033711091011e-07
3.372092020000000e+03 -1.405724942929786e-08
3.374092100000000e+03 -5.336555300999619e-07
3.376092170000000e+03 -5.430727595263775e-07
3.378092250000000e+03 -3.332959088064197e-08
3.380092320000000e+03 5.082526107948944e-07
3.382092400000000e+03 5.639370855715168e-07
3.384092470000000e+03 8.051342106895156e-08
3.386092550000000e+03 -4.798564890414337e-07
3.388092620000000e+03 -5.814738261796557e-07
3.390092700000000e+03 -1.272162154010451e-07
3.392092770000000e+03 4.486353942779407e-07
3.394092850000000e+03 5.955800301983138e-07
3.396092920000000e+03 1.731626126925956e-07
3.398093000000000e+03 -4.147733782423084e-07
3.400093070000000e+03 -6.061729288948757e-07
3.402093150000000e+03 -2.180819280560196e-07
3.404093220000000e+03 3.784707559456742e-07
3.406093300000000e+03 6.131905324040405e-07
3.408093370000000e+03 2.617093564856485e-07
3.410093450000000e+03 -3.399416228567837e-07
3.412093520000000e+03 -6.165921618012441e-07
3.414093600000000e+03 -3.037880277138969e-07
3.416093670000000e+03 2.994136401669640e-07
3.418093750000000e+03 6.163579936041192e-07
3.420093820000000e+03 3.440697909004557e-07
3.422093900000000e+03 -2.571258171397083e-07
3.424093970000000e+03 -6.124901644726525e-07
3.426094050000000e+03 -3.823176108799676e-07
3.428094120000000e+03 2.133278865431623e-07
3.430094200000000e+03 6.050117507530180e-07
3.432094270000000e+03 4.183062208496027e-07
3.434094350000000e+03 -1.682780405202656e-07
3.436094420000000e+03 -5.939674975076375e-07
3.438094500000000e+03 -4.518237341599377e-07
3.440094570000000e+03 1.222424188500861e-07
3.442094650000000e+03 5.794228454680447e-07
3.444094720000000e+03 4.826729460879501e-07
3.446094800000000e+03 -7.549220619041651e-08
3.448094870000000e+03 -5.614641209034093e-07
3.450094950000000e+03 -5.106723059545666e-07
3.452095020000000e+03 2.830340734966830e-08
3.454095100000000e+03 5.401975123756033e-07
3.456095170000000e+03 5.356571258225721e-07
3.458095250000000e+03 1.904593148661785e-08
3.460095320000000e+03 -5.157491554479857e-07
3.462095400000000e+03 -5.574805164763908e-07
3.464095470000000e+03 -6.627649536031062e-08
3.466095550000000e+03 4.882632802472074e-07
3.468095620000000e+03 5.760141808261755e-07
3.470095700000000e+03 1.131099946497876e-07
3.472095770000000e+03 -4.579026853211324e-07
3.474095850000000e+03 -5.911493113096490e-07
3.476095930000000e+03 -1.592702136461653e-07
3.478096000000000e+03 4.248464831534622e-07
3.480096080000000e+03 6.027972414176950e-07
3.482096150000000e+03 2.044852622499075e-07
3.484096230000000e+03 -3.892901055088721e-07
3.486096300000000e+03 -6.108896082562091e-07
3.488096380000000e+03 -2.484884576858555e-07
3.490096450000000e+03 3.514433322398405e-07
3.492096530000000e+03 6.153794136717783e-07
3.494096600000000e+03 2.910207603746282e-07
3.496096680000000e+03 -3.115297930270223e-07
3.498096750000000e+03 -6.162405034495242e-07
3.500096830000000e+03 -3.318314442823866e-07
3.502096900000000e+03 2.697848636034672e-07
3.504096980000000e+03 6.134683790765728e-07
3.506097050000000e+03 3.706802341618136e-07
3.508097130000000e+03 -2.264552103722788e-07
3.510097200000000e+03 -6.070797764059040e-07
3.512097280000000e+03 -4.073383690017658e-07
3.514097350000000e+03 1.817961809344954e-07
3.516097430000000e+03 5.971129638219783e-07
3.518097500000000e+03 4.415900468407543e-07
3.520097580000000e+03 -1.360715978365626e-07
3.522097650000000e+03 -5.836270229713585e-07
3.524097730000000e+03 -4.732335745521615e-07
3.526097800000000e+03 8.955091100726801e-08
3.528097880000000e+03 5.667021647067226e-07
3.530097950000000e+03 5.020828260205613e-07
3.532098030000000e+03 -4.250863349730552e-08
3.534098100000000e+03 -5.464383751406940e-07
3.536098180000000e+03 -5.279680100983133e-07
3.538098250000000e+03 -4.777971105402904e-09
3.540098330000000e+03 5.229559129758797e-07
3.542098400000000e+03 5.507369663362303e-07
3.544098480000000e+03 5.202988542735866e-08
3.546098550000000e+03 -4.963934028019274e-07
3.548098630000000e+03 -5.702558608970361e-07
3.550098700000000e+03 -9.896876105044409e-08
3.552098780000000e+03 4.669079969601840e-07
3.554098850000000e+03 5.864100084281134e-07
3.556098930000000e+03 1.453176523061262e-07
3.558099000000000e+03 -4.346737711895288e-07
3.560099080000000e+03 -5.991048000235801e-07
3.562099150000000e+03 -1.908036308603145e-07
3.564099230000000e+03 3.998813450055235e-07
3.566099300000000e+03 6.082657392458568e-07
3.568099380000000e+03 2.351583620584519e-07
3.570099450000000e+03 -3.627359356061412e-07
3.572099530000000e+03 -6.138393216329246e-07
3.574099600000000e+03 -2.781207020805819e-07
3.576099680000000e+03 3.234571377916046e-07
3.578099750000000e+03 6.157931407876532e-07
3.580099830000000e+03 3.194374994793400e-07
3.582099900000000e+03 -2.822765237659578e-07
3.584099980000000e+03 -6.141162331390672e-07
3.586100050000000e+03 -3.588654566816388e-07
3.588100130000000e+03 2.394375000965815e-07
3.590100200000000e+03 6.088188682038618e-07
3.592100280000000e+03 3.961722500270422e-07
3.594100350000000e+03 -1.951925647298742e-07
3.596100430000000e+03 -5.999328812630137e-07
3.598100500000000e+03 -4.311383610578124e-07
3.600100580000000e+03 1.498029154019461e-07
3.602100650000000e+03 5.875109956915051e-07
3.604100730000000e+03 4.635578226301664e-07
3.606100800000000e+03 -1.035361443744534e-07
3.608100880000000e+03 -5.716271922374967e-07
3.610100950000000e+03 -4.932399507383153e-07
3.612101030000000e+03 5.666535613857515e-08
3.614101100000000e+03 5.523753627452670e-07
3.616101180000000e+03 5.200100048711488e-07
3.618101250000000e+03 -9.466709349678542e-09
3.620101330000000e+03 -5.298695983277564e-07
3.622101400000000e+03 -5.437106030788723e-07
3.624101480000000e+03 -3.778121738467814e-08
3.626101550000000e+03 5.042428908471341e-07
3.628101630000000e+03 5.642025127045275e-07
3.630101700000000e+03 8.480010806578863e-08
3.632101780000000e+03 -4.756469159719987e-07
3.634101850000000e+03 -5.813652879657499e-07
3.636101930000000e+03 -1.313125123745693e-07
3.638102000000000e+03 4.442504431156386e-07
3.640102080000000e+03 5.950982148818415e-07
3.642102150000000e+03 1.770444817531596e-07
3.644102230000000e+03 -4.102391985540728e-07
3.646102300000000e+03 -6.053208033748712e-07
3.648102380000000e+03 -2.217264083588648e-07
3.650102450000000e+03 3.738138060381381e-07
3.652102530000000e+03 6.119732472999612e-07
3.654102600000000e+03 2.650950988606967e-07
3.656102680000000e+03 -3.351896542108781e-07
3.658102750000000e+03 -6.150167552627208e-07
3.660102830000000e+03 -3.068949346824652e-07
3.662102900000000e+03 2.945944777011397e-07
3.664102980000000e+03 6.144339650996774e-07
3.666103050000000e+03 3.468798571397816e-07
3.668103130000000e+03 -2.522680982330767e-07
3.670103200000000e+03 -6.102286781320631e-07
3.672103280000000e+03 -3.848141738583921e-07
3.674103350000000e+03 2.084600915905166e-07
3.676103430000000e+03 6.024263720664657e-07
3.678103500000000e+03 4.204746644091361e-07
3.680103580000000e+03 -1.634291235419215e-07
3.682103650000000e+03 -5.910733475160597e-07
3.684103730000000e+03 -4.536512834257176e-07
3.686103800000000e+03 1.174405961214029e-07
3.688103880000000e+03 5.762371945380141e-07
3.690103950000000e+03 4.841488357238256e-07
3.692104030000000e+03 -7.076606628709066e-08
3.694104100000000e+03 -5.580057210499376e-07
3.696104180000000e+03 -5.117878612697246e-07
3.698104250000000e+03 2.368054151475172e-08
3.700104330000000e+03 5.364869660765196e-07
3.702104400000000e+03 5.364058072756051e-07
3.704104480000000e+03 2.353808283586525e-08
3.706104550000000e+03 -5.118080828485199e-07
3.708104630000000e+03 -5.578579634821710e-07
3.710104700000000e+03 -7.061161707393989e-08
3.712104780000000e+03 4.841152271359062e-07
3.714104850000000e+03 5.760183252818942e-07
3.716104930000000e+03 1.172623385108536e-07
3.718105000000000e+03 -4.535718297231633e-07
3.720105080000000e+03 -5.907801721556789e-07
3.722105150000000e+03 -1.632154541734682e-07
3.724105230000000e+03 4.203585975712792e-07
3.726105300000000e+03 6.020569646099119e-07
3.728105380000000e+03 2.082000141251771e-07
3.730105450000000e+03 -3.846714650039046e-07
3.732105530000000e+03 -6.097827436672715e-07
3.734105600000000e+03 -2.519511161020780e-07
3.736105680000000e+03 3.467214447407393e-07
3.738105750000000e+03 6.139123542004518e-07
3.740105830000000e+03 2.942107364492113e-07
3.742105900000000e+03 -3.067323487780524e-07
3.744105980000000e+03 -6.144220188370824e-07
3.746106050000000e+03 -3.347301370585081e-07
3.748106130000000e+03 2.649403701898959e-07
3.750106200000000e+03 6.113091332177827e-07
3.752106280000000e+03 3.732705191021526e-07
3.754106350000000e+03 -2.215919310137027e-07
3.756106430000000e+03 -6.045927019733362e-07
3.758106500000000e+03 -4.096050530222484e-07
3.760106580000000e+03 1.769431000952652e-07
3.762106650000000e+03 5.943126974245775e-07
3.764106730000000e+03 4.435196689137436e-07
3.766106800000000e+03 -1.312570000006201e-07
3.768106880000000e+03 -5.805302513100939e-07
3.770106960000000e+03 -4.748148763108164e-07
3.772107030000000e+03 8.480337498962660e-08
3.774107110000000e+03 5.633269857146465e-07
3.776107180000000e+03 5.033064851992318e-07
3.778107260000000e+03 -3.785595981470845e-08
3.780107330000000e+03 -5.428049886674622e-07
3.782107410000000e+03 -5.288269744873374e-07
3.784107480000000e+03 -9.308100691188829e-09
3.786107560000000e+03 5.190854734427051e-07
3.788107630000000e+03 5.512261559649035e-07
3.790107710000000e+03 5.641096438727862e-08
3.792107780000000e+03 -4.923089162548265e-07
3.794107860000000e+03 -5.703724822346459e-07
3.796107930000000e+03 -1.031747779777080e-07
3.798108010000000e+03 4.626334032171798e-07
3.800108080000000e+03 5.861534940768614e-07
3.802108160000000e+03 1.493240841819021e-07
3.804108230000000e+03 -4.302345379641291e-07
3.806108310000000e+03 -5.984765992124937e-07
3.808108380000000e+03 -1.945866295472802e-07
3.810108460000000e+03 3.953034866094834e-07
3.812108530000000e+03 6.072695900841257e-07
3.814108610000000e+03 2.386959385969986e-07
3.816108680000000e+03 -3.580466901549457e-07
3.818108760000000e+03 -6.124811164357152e-07
3.820108830000000e+03 -2.813918952877803e-07
3.822108910000000e+03 3.186839196740255e-07
3.824108980000000e+03 6.140810088095165e-07
3.826109060000000e+03 3.224231559901897e-07
3.828109130000000e+03 -2.774477749150496e-07
3.830109210000000e+03 -6.120602646022474e-07
3.832109280000000e+03 -3.615478250673339e-07
3.834109360000000e+03 2.345813497549468e-07
3.836109430000000e+03 6.064313408855799e-07
3.838109510000000e+03 3.985356827507564e-07
3.840109580000000e+03 -1.903378422367232e-07
3.842109660000000e+03 -5.972278275394575e-07
3.844109730000000e+03 -4.331688341096576e-07
3.846109810000000e+03 1.449780668734830e-07
3.848109880000000e+03 5.845045851798424e-07
3.850109960000000e+03 4.652435389465589e-07
3.852110030000000e+03 -9.876985459882138e-08
3.854110110000000e+03 -5.683369389727795e-07
3.856110180000000e+03 -4.945709261863393e-07
3.858110260000000e+03 5.198550487996739e-08
3.860110330000000e+03 5.488208259742300e-07
3.862110410000000e+03 5.209785860295494e-07
3.864110480000000e+03 -4.901146160650478e-09
3.866110560000000e+03 -5.260716379081433e-07
3.868110630000000e+03 -5.443111101597353e-07
3.870110710000000e+03 -4.220583224431453e-08
3.872110780000000e+03 5.002240912564154e-07
3.874110860000000e+03 5.644314006045497e-07
3.876110930000000e+03 8.905747641108099e-08
3.878111010000000e+03 -4.714308331079995e-07
3.880111080000000e+03 -5.812212373659465e-07
3.882111160000000e+03 -1.353778563631404e-07
3.884111230000000e+03 4.398622200329582e-07
3.886111310000000e+03 5.945821178389190e-07
3.888111380000000e+03 1.808936864556854e-07
3.890111460000000e+03 -4.057045201414156e-07
3.892111530000000e+03 -6.044357216059275e-07
3.894111610000000e+03 -2.253369370555026e-07
3.896111680000000e+03 3.691596632565518e-07
3.898111760000000e+03 6.107244450666913e-07
3.900111830000000e+03 2.684455392855246e-07
3.902111910000000e+03 -3.304431898929898e-07
3.904111980000000e+03 -6.134117491044206e-07
3.906112060000000e+03 -3.099657155040931e-07
3.908112130000000e+03 2.897839046363506e-07
3.910112210000000e+03 6.124822270620016e-07
3.912112280000000e+03 3.496526689436925e-07
3.914112360000000e+03 -2.474215815693589e-07
3.916112430000000e+03 -6.079418571253713e-07
3.918112510000000e+03 -3.872728949012442e-07
3.920112580000000e+03 2.036064024515783e-07
3.922112660000000e+03 5.998178273284147e-07
3.924112730000000e+03 4.226047419773790e-07
3.926112810000000e+03 -1.585966673744545e-07
3.928112880000000e+03 -5.881586283956529e-07
3.930112960000000e+03 -4.554403633996456e-07
3.932113030000000e+03 1.126582005216383e-07
3.934113110000000e+03 5.730333881566209e-07
3.936113180000000e+03 4.855863292729714e-07
3.938113260000000e+03 -6.606165238592587e-08
3.940113330000000e+03 -5.545318251826231e-07
3.942113410000000e+03 -5.128653871047585e-07
3.944113480000000e+03 1.908205054544314e-08
3.946113560000000e+03 5.327633827585163e-07
3.948113630000000e+03 5.371170176990196e-07
3.950113710000000e+03 2.800382386850449e-08
3.952113780000000e+03 -5.078570577221596e-07
3.954113860000000e+03 -5.581987448308783e-07
3.956113930000000e+03 -7.491808037650986e-08
3.958114010000000e+03 4.799598923226940e-07
3.960114080000000e+03 5.759865704103534e-07
3.962114160000000e+03 1.213843751026260e-07
3.964114230000000e+03 -4.492369034555912e-07
3.966114310000000e+03 -5.903761982860876e-07
3.968114380000000e+03 -1.671286180752874e-07
3.970114460000000e+03 4.158694269487006e-07
3.972114530000000e+03 6.012832589734546e-07
3.974114610000000e+03 2.118814282714805e-07
3.976114680000000e+03 -3.800547553711910e-07
3.978114760000000e+03 -6.086439119119383e-07
3.980114830000000e+03 -2.553787950192148e-07
3.982114910000000e+03 3.420041743932903e-07
3.984114980000000e+03 6.124152023110563e-07
3.986115060000000e+03 2.973647389456252e-07
3.988115130000000e+03 -3.019425096117170e-07
3.990115210000000e+03 -6.125753689604696e-07
3.992115280000000e+03 -3.375917696832855e-07
3.994115360000000e+03 2.601060261436596e-07
3.996115430000000e+03 6.091239936613915e-07
3.998115510000000e+03 3.758231171158609e-07
4.000115580000000e+03 -2.167419312967378e-07
4.002115660000000e+03 -6.020818708517501e-07
4.004115730000000e+03 -4.118334791161452e-07
4.006115810000000e+03 1.721057697448272e-07
4.008115880000000e+03 5.914910323564917e-07
4.010115960000000e+03 4.454109925068332e-07
4.012116030000000e+03 -1.264610877140858e-07
4.014116110000000e+03 -5.774143677667318e-07
4.016116180000000e+03 -4.763578822621397e-07
4.018116260000000e+03 8.007690868441348e-08
4.020116330000000e+03 5.599355039417991e-07
4.022116410000000e+03 5.044921892648866e-07
4.024116480000000e+03 -3.322702004620273e-08
4.026116560000000e+03 -5.391577701444411e-07
4.028116630000000e+03 -5.296482403298700e-07
4.030116710000000e+03 -1.381253318741683e-08
4.032116780000000e+03 5.152042419638982e-07
4.034116860000000e+03 5.516783115869194e-07
4.036116930000000e+03 6.076413743831873e-08
4.038117010000000e+03 -4.882164295498269e-07
4.040117080000000e+03 -5.704528959700918e-07
4.042117160000000e+03 -1.073512399054605e-07
4.044117230000000e+03 4.583539734043478e-07
4.046117310000000e+03 5.858617638785570e-07
4.048117380000000e+03 1.532989156140861e-07
4.050117460000000e+03 -4.257931812091850e-07
4.052117530000000e+03 -5.978145154685766e-07
4.054117610000000e+03 -1.983366781438328e-07
4.056117680000000e+03 3.907265511789792e-07
4.058117760000000e+03 6.062411567661987e-07
4.060117830000000e+03 2.421989103769674e-07
4.062117910000000e+03 -3.533610120009874e-07
4.064117980000000e+03 -6.110924230479809e-07
4.066118060000000e+03 -2.846273548669331e-07
4.068118140000000e+03 3.139174169063468e-07
4.070118210000000e+03 6.123402387550766e-07
4.072118290000000e+03 3.253719315279475e-07
4.074118360000000e+03 -2.726283173047633e-07
4.076118440000000e+03 -6.099777048275881e-07
4.078118510000000e+03 -3.641928044596270e-07
4.080118590000000e+03 2.297376256923529e-07
4.082118660000000e+03 6.040192616150128e-07
4.084118740000000e+03 4.008611307308100e-07
4.086118810000000e+03 -1.854982169637954e-07
4.088118890000000e+03 -5.945006204352635e-07
4.090118960000000e+03 -4.351612181876917e-07
4.092119040000000e+03 1.401712244811726e-07
4.094119110000000e+03 5.814782407971357e-07
4.096119190000000e+03 4.668909631739753e-07
4.098119260000000e+03 -9.402386506844157e-08
4.100119340000000e+03 -5.650295389768074e-07
4.102119410000000e+03 -4.958638354354795e-07
4.104119490000000e+03 4.732856113095745e-08
4.106119560000000e+03 5.452518244519880e-07
4.108119640000000e+03 5.219093048014227e-07
4.110119710000000e+03 -3.604534242895873e-10
4.112119790000000e+03 -5.222621629037607e-07
4.114119860000000e+03 -5.448742496277401e-07
4.116119940000000e+03 -4.660323083380406e-08
4.118120010000000e+03 4.961964893888132e-07
4.120120090000000e+03 5.646237390461060e-07
4.122120160000000e+03 9.328590584187659e-08
4.124120240000000e+03 -4.672089982967514e-07
4.126120310000000e+03 -5.810417695469045e-07
4.128120390000000e+03 -1.394121246610291e-07
4.130120460000000e+03 4.354708647006256e-07
4.132120540000000e+03 5.940318630534600e-07
4.134120610000000e+03 1.847102258705839e-07
4.136120690000000e+03 -4.011697952493156e-07
4.138120760000000e+03 -6.035180147540747e-07
4.140120840000000e+03 -2.289131906490108e-07
4.142120910000000e+03 3.645080991544537e-07
4.144120990000000e+03 6.094446935668237e-07
4.146121060000000e+03 2.717606567281843e-07
4.148121140000000e+03 -3.257025434069606e-07
4.150121210000000e+03 -6.117774941299388e-07
4.152121290000000e+03 -3.129999824240290e-07
4.154121360000000e+03 2.849819524624190e-07
4.156121440000000e+03 6.105031800276907e-07
4.158121510000000e+03 3.523884631249496e-07
4.160121590000000e+03 -2.425867408902761e-07
4.162121660000000e+03 -6.056296757726848e-07
4.164121740000000e+03 -3.896939007812042e-07
4.166121810000000e+03 1.987669874981293e-07
4.168121890000000e+03 5.971863736863827e-07
4.170121960000000e+03 4.246968549043205e-07
4.172122040000000e+03 -1.537814183615179e-07
4.174122110000000e+03 -5.852234006858914e-07
4.176122190000000e+03 -4.571910939986840e-07
4.178122260000000e+03 1.078952045117225e-07
4.180122340000000e+03 5.698117476130133e-07
4.182122410000000e+03 4.869855266661898e-07
4.184122490000000e+03 -6.137926764908800e-08
4.186122560000000e+03 -5.510427372770224e-07
4.188122640000000e+03 -5.139048558043997e-07
4.190122710000000e+03 1.450764452621789e-08
4.192122790000000e+03 5.290275439734245e-07
4.194122860000000e+03 5.377907796353451e-07
4.196122940000000e+03 3.244296343782692e-08
4.198123010000000e+03 -5.038963022406409e-07
4.200123090000000e+03 -5.585027593135258e-07
4.202123160000000e+03 -7.919601947741173e-08
4.204123240000000e+03 4.757977797609295e-07
4.206123310000000e+03 5.759192357577229e-07
4.208123390000000e+03 1.254757978931792e-07
4.210123460000000e+03 -4.448978323837046e-07
4.212123540000000e+03 -5.899378506607496e-07
4.214123610000000e+03 -1.710096230830092e-07
4.216123690000000e+03 4.113792986172024e-07
4.218123760000000e+03 6.004765041291722e-07
4.220123840000000e+03 2.155289503052632e-07
4.222123910000000e+03 -3.754398809792776e-07
4.224123990000000e+03 -6.074735138754035e-07
4.226124060000000e+03 -2.587716775662707e-07
4.228124140000000e+03 3.372919139487853e-07
4.230124210000000e+03 6.108881011602753e-07
4.232124290000000e+03 3.004827399762043e-07
4.234124360000000e+03 -2.971604867770840e-07
4.236124440000000e+03 -6.107007446177988e-07
4.238124510000000e+03 -3.404166998160316e-07
4.240124590000000e+03 2.552826346295308e-07
4.242124660000000e+03 6.069129162519285e-07
4.244124740000000e+03 3.783381236019952e-07
4.246124810000000e+03 -2.119052617677781e-07
4.248124890000000e+03 -5.995474539692967e-07
4.250124960000000e+03 -4.140239144240539e-07
4.252125040000000e+03 1.672846374802157e-07
4.254125110000000e+03 5.886482628325941e-07
4.256125190000000e+03 4.472639315168554e-07
4.258125260000000e+03 -1.216836922565824e-07
4.260125340000000e+03 -5.742800631419909e-07
4.262125410000000e+03 -4.778625718389777e-07
4.264125490000000e+03 7.537171288282166e-08
4.266125560000000e+03 5.565279878069622e-07
4.268125640000000e+03 5.056396947814439e-07
4.270125710000000e+03 -2.862155367451130e-08
4.272125790000000e+03 -5.354973086985688e-07
4.274125860000000e+03 -5.304320669812024e-07
4.276125940000000e+03 -1.829093998442610e-08
4.278126010000000e+03 5.113123132413237e-07
4.280126090000000e+03 5.520936933709591e-07
4.282126160000000e+03 6.508931522375014e-08
4.284126240000000e+03 -4.841162185424218e-07
4.286126310000000e+03 -5.704974620866587e-07
4.288126390000000e+03 -1.114975250549549e-07
4.290126460000000e+03 4.540695620410317e-07
4.292126540000000e+03 5.855352306868509e-07
4.294126610000000e+03 1.572422357270099e-07
4.296126690000000e+03 -4.213500193088799e-07
4.298126760000000e+03 -5.971188665950193e-07
4.300126840000000e+03 -2.020534998648903e-07
4.302126910000000e+03 3.861507268395561e-07
4.304126990000000e+03 6.051805708288991e-07
4.306127060000000e+03 2.456675424473811e-07
4.308127140000000e+03 -3.486796219242262e-07
4.310127210000000e+03 -6.096732353111953e-07
4.312127290000000e+03 -2.878271636676471e-07
4.314127360000000e+03 3.091577867052835e-07
4.316127440000000e+03 6.105709015054842e-07
4.318127510000000e+03 3.282842116395918e-07
4.320127590000000e+03 -2.678187795695632e-07
4.322127660000000e+03 -6.078687589056310e-07
4.324127740000000e+03 -3.668002716879945e-07
4.326127810000000e+03 2.249063169861308e-07
4.328127890000000e+03 6.015831257468225e-07
4.330127960000000e+03 4.031486303373673e-07
4.332128040000000e+03 -1.806738691351302e-07
4.334128110000000e+03 -5.917515747324581e-07
4.336128190000000e+03 -4.371152166368709e-07
4.338128260000000e+03 1.353821275915393e-07
4.340128340000000e+03 5.784326547384873e-07
4.342128410000000e+03 4.685002165075627e-07
4.344128490000000e+03 -8.929848196664362e-08
4.346128560000000e+03 -5.617052448653524e-07
4.348128640000000e+03 -4.971186885950143e-07
4.350128710000000e+03 4.269453325784503e-08
4.352128790000000e+03 5.416686049843828e-07
4.354128860000000e+03 5.228024791061577e-07
4.356128940000000e+03 4.154770087981859e-09
4.358129010000000e+03 -5.184411213738309e-07
4.360129090000000e+03 -5.454004695447152e-07
4.362129170000000e+03 -5.097335621582927e-08
4.364129240000000e+03 4.921603464587965e-07
4.366129320000000e+03 5.647799124141886e-07
4.368129390000000e+03 9.748488461950984e-08
4.370129470000000e+03 -4.629814888103280e-07
4.372129540000000e+03 -5.808269938515133e-07
4.374129620000000e+03 -1.434154735553620e-07
4.376129690000000e+03 4.310769986649899e-07
4.378129770000000e+03 5.934475510372598e-07
4.380129840000000e+03 1.884941575161659e-07
4.382129920000000e+03 -3.966352610391298e-07
4.384129990000000e+03 -6.025676788685602e-07
4.386130070000000e+03 -2.324555058829527e-07
4.388130140000000e+03 3.598599066711385e-07
4.390130220000000e+03 6.081340736745887e-07
4.392130290000000e+03 2.750403226730163e-07
4.394130370000000e+03 -3.209678127082163e-07
4.396130440000000e+03 -6.101142815329844e-07
4.398130520000000e+03 -3.159978923103923e-07
4.400130590000000e+03 2.801888499744025e-07
4.402130670000000e+03 6.084971818884541e-07
4.404130740000000e+03 3.550868772600974e-07
4.406130820000000e+03 -2.377634249052418e-07
4.408130890000000e+03 -6.032928391671513e-07
4.410130970000000e+03 -3.920771854559446e-07
4.412131040000000e+03 1.939421259554223e-07
4.414131120000000e+03 5.945323276653751e-07
4.416131190000000e+03 4.267507884549345e-07
4.418131270000000e+03 -1.489832702975849e-07
4.420131340000000e+03 -5.822679458198016e-07
4.422131420000000e+03 -4.589037833815389e-07
4.424131490000000e+03 1.031521916410602e-07
4.426131570000000e+03 5.665723397213906e-07
4.428131640000000e+03 4.883467740591311e-07
4.430131720000000e+03 -5.671906720171751e-08
4.432131790000000e+03 -5.475386474340563e-07
4.434131870000000e+03 -5.149066716236020e-07
4.436131940000000e+03 9.957989739888953e-09
4.438132020000000e+03 5.252794035903972e-07
4.440132090000000e+03 5.384272258995896e-07
4.442132170000000e+03 3.685558660121294e-08
4.444132240000000e+03 -4.999263111776333e-07
4.446132320000000e+03 -5.587702590810910e-07
4.448132390000000e+03 -8.344533653741831e-08
4.450132470000000e+03 4.716292009790784e-07
4.452132540000000e+03 5.758162305728904e-07
4.454132620000000e+03 1.295368832028008e-07
4.456132690000000e+03 -4.405554348942932e-07
4.458132770000000e+03 -5.894651158006258e-07
4.460132840000000e+03 -1.748583588079568e-07
4.462132920000000e+03 4.068884081390404e-07
4.464132990000000e+03 5.996368095361530e-07
4.466133070000000e+03 2.191428805999246e-07
4.468133140000000e+03 -3.708272364386339e-07
4.470133220000000e+03 -6.062718919949624e-07
4.472133290000000e+03 -2.621293550727445e-07
4.474133370000000e+03 3.325846226215135e-07
4.476133440000000e+03 6.093316497519286e-07
4.478133520000000e+03 3.035646688921953e-07
4.480133590000000e+03 -2.923865170869144e-07
4.482133670000000e+03 -6.087985490182366e-07
4.484133740000000e+03 -3.432045470225067e-07
4.486133820000000e+03 2.504699646446783e-07
4.488133890000000e+03 6.046763117514699e-07
4.490133970000000e+03 3.808157398165428e-07
4.492134040000000e+03 -2.070824832013015e-07
4.494134120000000e+03 -5.969896796562387e-07
4.496134190000000e+03 -4.161765000110836e-07
4.498134270000000e+03 1.624798965397143e-07
4.500134340000000e+03 5.857845020303281e-07
4.502134420000000e+03 4.490788827620533e-07
4.504134490000000e+03 -1.169255284819405e-07
4.506134570000000e+03 -5.711272392480487e-07
4.508134640000000e+03 -4.793291286351299e-07
4.510134720000000e+03 7.068784719473661e-08
4.512134790000000e+03 5.531048223923201e-07
4.514134870000000e+03 5.067493889226624e-07
4.516134940000000e+03 -2.403988861210333e-08
4.518135020000000e+03 -5.318238944777668e-07
4.520135090000000e+03 -5.311782873477375e-07
4.522135170000000e+03 -2.274354720470600e-08
4.524135240000000e+03 5.074104034069972e-07
4.526135320000000e+03 5.524722801688762e-07
4.528135390000000e+03 6.938643336954453e-08
4.530135470000000e+03 -4.800086219515510e-07
4.532135540000000e+03 -5.705061567636317e-07
4.534135620000000e+03 -1.156140195541628e-07
4.536135690000000e+03 4.497807283911275e-07
4.538135770000000e+03 5.851741420047765e-07
4.540135840000000e+03 1.611536184203812e-07
4.542135920000000e+03 -4.169051403417581e-07
4.544135990000000e+03 -5.963900290753085e-07
4.546136070000000e+03 -2.057370533437486e-07
4.548136140000000e+03 3.815761838221730e-07
4.550136220000000e+03 6.040882883517596e-07
4.552136290000000e+03 2.491013941831217e-07
4.554136370000000e+03 -3.440023018198764e-07
4.556136440000000e+03 -6.082240248755050e-07
4.558136520000000e+03 -2.909913688665568e-07
4.560136590000000e+03 3.044054987456057e-07
4.562136670000000e+03 6.087733479805323e-07
4.564136740000000e+03 3.311598778025432e-07
4.566136820000000e+03 -2.630192967322306e-07
4.568136890000000e+03 -6.057334967879375e-07
4.570136970000000e+03 -3.693706067218816e-07
4.572137040000000e+03 2.200880881761144e-07
4.574137120000000e+03 5.991228783190677e-07
4.576137190000000e+03 4.053983782946697e-07
4.578137270000000e+03 -1.758650238274297e-07
4.580137340000000e+03 -5.889809646597539e-07
4.582137420000000e+03 -4.390312615998148e-07
4.584137490000000e+03 1.306112899186249e-07
4.586137570000000e+03 5.753679814318459e-07
4.588137640000000e+03 4.700711280191699e-07
4.590137720000000e+03 -8.459358316869150e-08
4.592137790000000e+03 -5.583646303109376e-07
4.594137870000000e+03 -4.983355162251775e-07
4.596137940000000e+03 3.808351026876317e-08
4.598138020000000e+03 5.380716102881072e-07
4.600138090000000e+03 5.236580034354192e-07
4.602138170000000e+03 8.644872390992059e-09
4.604138240000000e+03 -5.146091425338113e-07
4.606138320000000e+03 -5.458898206894524e-07
4.608138390000000e+03 -5.531583213930045e-08
4.610138470000000e+03 4.881158595392028e-07
4.612138540000000e+03 5.649001132498894e-07
4.614138620000000e+03 1.016544715404760e-07
4.616138690000000e+03 -4.587485053237238e-07
4.618138770000000e+03 -5.805774043562501e-07
4.620138840000000e+03 -1.473874287234250e-07
4.622138920000000e+03 4.266804753996074e-07
4.624138990000000e+03 5.928296468171437e-07
4.626139070000000e+03 1.922453463696498e-07
4.628139140000000e+03 -3.921013149100944e-07
4.630139220000000e+03 -6.015851315671778e-07
4.632139290000000e+03 -2.359636032996783e-07
4.634139370000000e+03 3.552150648908571e-07
4.636139440000000e+03 6.067926989160255e-07
4.638139520000000e+03 2.782848605007443e-07
4.640139590000000e+03 -3.162396267798171e-07
4.642139670000000e+03 -6.084221759199831e-07
4.644139740000000e+03 -3.189595691470966e-07
4.646139820000000e+03 2.754049569231885e-07
4.648139890000000e+03 6.064643818433037e-07
4.650139970000000e+03 3.577483601081564e-07
4.652140040000000e+03 -2.329522541148178e-07
4.654140120000000e+03 -6.009313452171963e-07
4.656140200000000e+03 -3.944226532940116e-07
4.658140270000000e+03 1.891318048092132e-07
4.660140350000000e+03 5.918561427885557e-07
4.662140420000000e+03 4.287667129763792e-07
4.664140500000000e+03 -1.442024075898449e-07
4.666140570000000e+03 -5.792927765818364e-07
4.668140650000000e+03 -4.605781853233618e-07
4.670140720000000e+03 9.842886281443674e-08
4.672140800000000e+03 5.633158162397399e-07
4.674140870000000e+03 4.896699960388994e-07
4.676140950000000e+03 -5.208133247684073e-08
4.678141020000000e+03 -5.440198669497931e-07
4.680141100000000e+03 -5.158708447878430e-07
4.682141170000000e+03 5.432901663068289e-09
4.684141250000000e+03 5.215192734864960e-07
4.686141320000000e+03 5.390268039725890e-07
4.688141400000000e+03 4.124114153147751e-08
4.690141470000000e+03 -4.959470395642758e-07
4.692141550000000e+03 -5.590015973773391e-07
4.694141620000000e+03 -8.766579950791130e-08
4.696141700000000e+03 4.674543912793200e-07
4.698141770000000e+03 5.756780280165840e-07
4.700141850000000e+03 1.335672114383208e-07
4.702141920000000e+03 -4.362095846794711e-07
4.704142000000000e+03 -5.889581974018749e-07
4.706142070000000e+03 -1.786750349886159e-07
4.708142150000000e+03 4.023973322079015e-07
4.710142220000000e+03 5.987643432175825e-07
4.712142300000000e+03 2.227231525736627e-07
4.714142370000000e+03 -3.662172114793882e-07
4.716142450000000e+03 -6.050390365099319e-07
4.718142520000000e+03 -2.654522665369739e-07
4.720142600000000e+03 3.278829479863120e-07
4.722142670000000e+03 6.077457724407228e-07
4.724142750000000e+03 3.066104902530230e-07
4.726142820000000e+03 -2.876207208067666e-07
4.728142900000000e+03 -6.068690839295656e-07
4.730142970000000e+03 -3.459555832074513e-07
4.732143050000000e+03 2.456683977853278e-07
4.734143120000000e+03 6.024146263626665e-07
4.736143200000000e+03 3.832556171636824e-07
4.738143270000000e+03 -2.022733483266722e-07
4.740143350000000e+03 -5.944090849825383e-07
4.742143420000000e+03 -4.182911247913657e-07
4.744143500000000e+03 1.576917348164707e-07
4.746143570000000e+03 5.829001846486825e-07
4.748143650000000e+03 4.508557126140288e-07
4.750143720000000e+03 -1.121863632957543e-07
4.752143800000000e+03 -5.679563317134826e-07
4.754143870000000e+03 -4.807578741721419e-07
4.756143950000000e+03 6.602586135576837e-08
4.758144020000000e+03 5.496660537125210e-07
4.760144100000000e+03 5.078214420357000e-07
4.762144170000000e+03 -1.948225063287236e-08
4.764144250000000e+03 -5.281376493743742e-07
4.766144320000000e+03 -5.318874480277231e-07
4.768144400000000e+03 -2.716983555668151e-08
4.770144470000000e+03 5.034984021884402e-07
4.772144550000000e+03 5.528143300577769e-07
4.774144620000000e+03 7.365550140398768e-08
4.776144700000000e+03 -4.758941111949632e-07
4.778144770000000e+03 -5.704792494655811e-07
4.780144850000000e+03 -1.197004461532075e-07
4.782144920000000e+03 4.454877940923796e-07
4.784145000000000e+03 5.847783869788624e-07
4.786145070000000e+03 1.650334988579837e-07
4.788145150000000e+03 -4.124591684105382e-07
4.790145220000000e+03 -5.956279760675660e-07
4.792145300000000e+03 -2.093873262633553e-07
4.794145370000000e+03 3.770032525956688e-07
4.796145450000000e+03 6.029644608577636e-07
4.798145520000000e+03 2.525007634012191e-07
4.800145600000000e+03 -3.393295856205376e-07
4.802145670000000e+03 -6.067450987376294e-07
4.804145750000000e+03 -2.941195987443183e-07
4.806145820000000e+03 2.996604038283018e-07
4.808145900000000e+03 6.069479780196280e-07
4.810145970000000e+03 3.339988673857525e-07
4.812146050000000e+03 -2.582300231045160e-07
4.814146120000000e+03 -6.035724976083652e-07
4.816146200000000e+03 -3.719035230155233e-07
4.818146270000000e+03 2.152827391683022e-07
4.820146350000000e+03 5.966390321162018e-07
4.822146420000000e+03 4.076104844104012e-07
4.824146500000000e+03 -1.710721555958051e-07
4.826146570000000e+03 -5.861889275639049e-07
4.828146650000000e+03 -4.409093365763214e-07
4.830146720000000e+03 1.258588720489043e-07
4.832146800000000e+03 5.722843270827384e-07
4.834146870000000e+03 4.716043001985748e-07
4.836146950000000e+03 -7.990975826631751e-08
4.838147020000000e+03 -5.550076183900850e-07
4.840147100000000e+03 -4.995145848855738e-07
4.842147170000000e+03 3.349568865555642e-08
4.844147250000000e+03 5.344611622333026e-07
4.846147320000000e+03 5.244761767682231e-07
4.848147400000000e+03 1.310942668725722e-08
4.850147470000000e+03 -5.107664426293098e-07
4.852147550000000e+03 -5.463422291596373e-07
4.854147620000000e+03 -5.963104484838753e-08
4.856147700000000e+03 4.840636267042628e-07
4.858147770000000e+03 5.649843446905708e-07
4.860147850000000e+03 1.057946105970463e-07
4.862147920000000e+03 -4.545105420296148e-07
4.864148000000000e+03 -5.802929529548915e-07
4.866148070000000e+03 -1.513282792673526e-07
4.868148150000000e+03 4.222818923977159e-07
4.870148220000000e+03 5.921782854158933e-07
4.872148300000000e+03 1.959635121599954e-07
4.874148370000000e+03 -3.875678977171184e-07
4.876148450000000e+03 -6.005706628816508e-07
4.878148520000000e+03 -2.394374708145326e-07
4.880148600000000e+03 3.505738164363009e-07
4.882148670000000e+03 6.054211929290584e-07
4.884148750000000e+03 2.814938300510444e-07
4.886148820000000e+03 -3.115178187605630e-07
4.888148900000000e+03 -6.067016487086836e-07
4.890148970000000e+03 -3.218849447255599e-07
4.892149050000000e+03 2.706306037776156e-07
4.894149120000000e+03 6.044050154268156e-07
4.896149200000000e+03 3.603727487586796e-07
4.898149270000000e+03 -2.281532875478965e-07
4.900149350000000e+03 -5.985454156297618e-07
4.902149420000000e+03 -3.967308175446528e-07
4.904149500000000e+03 1.843366737259144e-07
4.906149570000000e+03 5.891577890766837e-07
4.908149650000000e+03 4.307447799916381e-07
4.910149720000000e+03 -1.394391684924430e-07
4.912149800000000e+03 -5.762980081248155e-07
4.914149870000000e+03 -4.622146800259951e-07
4.916149950000000e+03 9.372575649619740e-08
4.918150020000000e+03 5.600422655952010e-07
4.920150100000000e+03 4.909552309510351e-07
4.922150170000000e+03 -4.746583653857802e-08
4.924150250000000e+03 -5.404869225525189e-07
4.926150320000000e+03 -5.167974495480328e-07
4.928150400000000e+03 9.325796925656448e-10
4.930150470000000e+03 5.177477089748639e-07
4.932150550000000e+03 5.395892811085334e-07
4.934150620000000e+03 4.559996578557421e-08
4.936150700000000e+03 -4.919591002320218e-07
4.938150770000000e+03 -5.591968048787028e-07
4.940150850000000e+03 -9.185727208792459e-08
4.942150920000000e+03 4.632735074135753e-07
4.944151000000000e+03 5.755047853055190e-07
4.946151070000000e+03 1.375668394208579e-07
4.948151150000000e+03 -4.318606700749832e-07
4.950151230000000e+03 -5.884176542635984e-07
4.952151300000000e+03 -1.824591017731779e-07
4.954151380000000e+03 3.979059227867603e-07
4.956151450000000e+03 5.978595166327283e-07
4.958151530000000e+03 2.262696145872954e-07
4.960151600000000e+03 -3.616099607618865e-07
4.962151680000000e+03 -6.037753643409144e-07
4.964151750000000e+03 -2.687401040326501e-07
4.966151830000000e+03 3.231869120047174e-07
4.968151900000000e+03 6.061308034138519e-07
4.970151980000000e+03 3.096205532355019e-07
4.972152050000000e+03 -2.828637354021991e-07
4.974152130000000e+03 -6.049123809578066e-07
4.976152200000000e+03 -3.486698141807958e-07
4.978152280000000e+03 2.408783112321581e-07
4.980152350000000e+03 6.001278206941908e-07
4.982152430000000e+03 3.856582561108147e-07
4.984152500000000e+03 -1.974784768310615e-07
4.986152580000000e+03 -5.918057392025651e-07
4.988152650000000e+03 -4.203678989211799e-07
4.990152730000000e+03 1.529201693916802e-07
4.992152800000000e+03 5.799957073897021e-07
4.994152880000000e+03 4.525945493560440e-07
4.996152950000000e+03 -1.074665515685699e-07
4.998153030000000e+03 -5.647678417028854e-07
5.000153100000000e+03 -4.821484676394992e-07
5.002153180000000e+03 6.138538690013391e-08
5.004153250000000e+03 5.462122842573427e-07
5.006153330000000e+03 5.088558507507974e-07
5.008153400000000e+03 -1.494871085036593e-08
5.010153480000000e+03 -5.244389664882787e-07
5.012153550000000e+03 -5.325595107918173e-07
5.014153630000000e+03 -3.156988603078176e-08
5.016153700000000e+03 4.995767902992905e-07
5.018153780000000e+03 5.531202542645316e-07
5.020153850000000e+03 7.789599387697841e-08
5.022153930000000e+03 -4.717725734438109e-07
5.024154000000000e+03 -5.704170298756342e-07
5.026154080000000e+03 -1.237566508889346e-07
5.028154150000000e+03 4.411908558220289e-07
5.030154230000000e+03 5.843485644967296e-07
5.032154300000000e+03 1.688813983015561e-07
5.034154380000000e+03 -4.080121286141191e-07
5.036154450000000e+03 -5.948330562838118e-07
5.038154530000000e+03 -2.130044500443349e-07
5.040154600000000e+03 3.724324308386774e-07
5.042154680000000e+03 6.018091875805219e-07
5.044154750000000e+03 2.558655215860138e-07
5.046154830000000e+03 -3.346617843898809e-07
5.048154900000000e+03 -6.052363886889864e-07
5.050154980000000e+03 -2.972124187233534e-07
5.052155050000000e+03 2.949232047225474e-07
5.054155130000000e+03 6.050948773773434e-07
5.056155200000000e+03 3.368012982146074e-07
5.058155280000000e+03 -2.534512131613686e-07
5.060155350000000e+03 -6.013859279957168e-07
5.062155430000000e+03 -3.743991962612134e-07
5.064155500000000e+03 2.104907203484952e-07
5.066155580000000e+03 5.941319406143872e-07
5.068155650000000e+03 4.097846626035909e-07
5.070155730000000e+03 -1.662949447778882e-07
5.072155800000000e+03 -5.833760485048975e-07
5.074155880000000e+03 -4.427494646899133e-07
5.076155950000000e+03 1.211249459093154e-07
5.078156030000000e+03 5.691822712898170e-07
5.080156100000000e+03 4.730994291864198e-07
5.082156180000000e+03 -7.524689814902964e-08
5.084156250000000e+03 -5.516347373416627e-07
5.086156330000000e+03 -5.006561160507481e-07
5.088156400000000e+03 2.893146674704985e-08
5.090156480000000e+03 5.308372598903805e-07
5.092156550000000e+03 5.252572195333271e-07
5.094156630000000e+03 1.754832653885325e-08
5.096156700000000e+03 -5.069131351863653e-07
5.098156780000000e+03 -5.467583561253441e-07
5.100156850000000e+03 -6.391831283825999e-08
5.102156930000000e+03 4.800036485349694e-07
5.104157000000000e+03 5.650329595152041e-07
5.106157080000000e+03 1.099052325348510e-07
5.108157150000000e+03 -4.502678803610271e-07
5.110157230000000e+03 -5.799738568226343e-07
5.112157300000000e+03 -1.552378053393800e-07
5.114157380000000e+03 4.178814877502613e-07
5.116157450000000e+03 5.914934768265888e-07
5.118157530000000e+03 1.996491466397078e-07
5.120157600000000e+03 -3.830357954275802e-07
5.122157680000000e+03 -5.995243375346033e-07
5.124157750000000e+03 -2.428771737311325e-07
5.126157830000000e+03 3.459365549883507e-07
5.128157900000000e+03 6.040194852973313e-07
5.130157980000000e+03 2.846674943975632e-07
5.132158050000000e+03 -3.068029007377157e-07
5.134158130000000e+03 -6.049529594867742e-07
5.136158200000000e+03 -3.247738390541396e-07
5.138158280000000e+03 2.658656297188115e-07
5.140158350000000e+03 6.023196319098059e-07
5.142158430000000e+03 3.629600702859423e-07
5.144158500000000e+03 -2.233666969460192e-07
5.146158580000000e+03 -5.961356373240119e-07
5.148158650000000e+03 -3.990011792510494e-07
5.150158730000000e+03 1.795565589886081e-07
5.152158800000000e+03 5.864378144061912e-07
5.154158880000000e+03 4.326851004703810e-07
5.156158950000000e+03 -1.346937977196459e-07
5.158159030000000e+03 -5.732838379863708e-07
5.160159100000000e+03 -4.638133577757565e-07
5.162159180000000e+03 8.904294809923812e-08
5.164159250000000e+03 5.567519137940650e-07
5.166159330000000e+03 4.922030226050192e-07
5.168159400000000e+03 -4.287335710420659e-08
5.170159480000000e+03 -5.369397954180593e-07
5.172159550000000e+03 -5.176867830240095e-07
5.174159630000000e+03 -3.542815468945393e-09
5.176159700000000e+03 5.139647761725084e-07
5.178159780000000e+03 5.401150495939202e-07
5.180159850000000e+03 4.993168985193253e-08
5.182159930000000e+03 -4.879627001305907e-07
5.184160000000000e+03 -5.593559804701964e-07
5.186160080000000e+03 -9.602001409754358e-08
5.188160150000000e+03 4.590872683026261e-07
5.190160230000000e+03 5.752965654193403e-07
5.192160300000000e+03 1.415357413543213e-07
5.194160380000000e+03 -4.275091042830762e-07
5.196160450000000e+03 -5.878432277276965e-07
5.198160530000000e+03 -1.862109450572168e-07
5.200160600000000e+03 3.934147898021053e-07
5.202160680000000e+03 5.969225290622018e-07
5.204160750000000e+03 2.297822148162439e-07
5.206160830000000e+03 -3.570056078052481e-07
5.208160900000000e+03 -6.024812463938634e-07
5.210160980000000e+03 -2.719929125286340e-07
5.212161050000000e+03 3.184967715918502e-07
5.214161130000000e+03 6.044872362829989e-07
5.216161200000000e+03 3.125942810297463e-07
5.218161280000000e+03 -2.781153435818166e-07
5.220161350000000e+03 -6.029289893737755e-07
5.222161430000000e+03 -3.513473067567393e-07
5.224161500000000e+03 2.360997943418977e-07
5.226161580000000e+03 5.978163292126346e-07
5.228161650000000e+03 3.880235133850572e-07
5.230161730000000e+03 -1.926979463351391e-07
5.232161800000000e+03 -5.891799260733179e-07
5.234161880000000e+03 -4.224071841267900e-07
5.236161950000000e+03 1.481659015239363e-07
5.238162030000000e+03 5.770710710667770e-07
5.240162100000000e+03 4.542956285226755e-07
5.242162180000000e+03 -1.027662679468937e-07
5.244162260000000e+03 -5.615617134409255e-07
5.246162330000000e+03 -4.835014684172962e-07
5.248162410000000e+03 5.676700958501152e-08
5.250162480000000e+03 5.427437042439050e-07
5.252162560000000e+03 5.098527581084395e-07
5.254162630000000e+03 -1.043923916914481e-08
5.256162710000000e+03 -5.207283566285569e-07
5.258162780000000e+03 -5.331945871906830e-07
5.260162860000000e+03 -3.594359846380745e-08
5.262162930000000e+03 4.956459307439968e-07
5.264163010000000e+03 5.533897478839956e-07
5.266163080000000e+03 8.210833526202833e-08
5.268163160000000e+03 -4.676447361013746e-07
5.270163230000000e+03 -5.703196667141683e-07
5.272163310000000e+03 -1.277826142399783e-07
5.274163380000000e+03 4.368902570631581e-07
5.276163460000000e+03 5.838847543868211e-07
5.278163530000000e+03 1.726973857730711e-07
5.280163610000000e+03 -4.035643191181269e-07
5.282163680000000e+03 -5.940056609647557e-07
5.284163760000000e+03 -2.165879116698374e-07
5.286163830000000e+03 3.678635514576020e-07
5.288163910000000e+03 6.006230304564982e-07
5.290163980000000e+03 2.591956757094224e-07
5.292164060000000e+03 -3.299989702872415e-07
5.294164130000000e+03 -6.036984802543570e-07
5.296164210000000e+03 -3.002693982878229e-07
5.298164280000000e+03 2.901939390766911e-07
5.300164360000000e+03 6.032143314374574e-07
5.302164430000000e+03 3.395673424954436e-07
5.304164510000000e+03 -2.486833894479245e-07
5.306164580000000e+03 -5.991738909019580e-07
5.308164660000000e+03 -3.768578185352495e-07
5.310164730000000e+03 2.057122359938449e-07
5.312164810000000e+03 5.916015732533904e-07
5.314164880000000e+03 4.119214967722396e-07
5.316164960000000e+03 -1.615341719959216e-07
5.318165030000000e+03 -5.805424559983911e-07
5.320165110000000e+03 -4.445517759668319e-07
5.322165180000000e+03 1.164096903295145e-07
5.324165260000000e+03 5.660620623695050e-07
5.326165330000000e+03 4.745567441263580e-07
5.328165410000000e+03 -7.060516944563038e-08
5.330165480000000e+03 -5.482463212366656e-07
5.332165560000000e+03 -5.017598676790021e-07
5.334165630000000e+03 2.439051093704254e-08
5.336165710000000e+03 5.272006966634299e-07
5.338165780000000e+03 5.260011957561638e-07
5.340165860000000e+03 2.196151547325712e-08
5.342165930000000e+03 -5.030497166054275e-07
5.344166010000000e+03 -5.471379925452789e-07
5.346166080000000e+03 -6.817782702322924e-08
5.348166160000000e+03 4.759362771131021e-07
5.350166230000000e+03 5.650462388082195e-07
5.352166310000000e+03 1.139859470427690e-07
5.354166380000000e+03 -4.460205181101874e-07
5.356166460000000e+03 -5.796206294411230e-07
5.358166530000000e+03 -1.591159258328797e-07
5.360166610000000e+03 4.134793778882479e-07
5.362166680000000e+03 5.907758302785270e-07
5.364166760000000e+03 2.033015911950821e-07
5.366166830000000e+03 -3.785049153149911e-07
5.368166910000000e+03 -5.984464664735078e-07
5.370166980000000e+03 -2.462827543457712e-07
5.372167060000000e+03 3.413036193821449e-07
5.374167130000000e+03 6.025878518763376e-07
5.376167210000000e+03 2.878059287207996e-07
5.378167280000000e+03 -3.020951098726320e-07
5.380167360000000e+03 -6.031761122050078e-07
5.382167430000000e+03 -3.276267408641771e-07
5.384167510000000e+03 2.611109076307126e-07
5.386167580000000e+03 6.002082158378596e-07
5.388167660000000e+03 3.655104318250604e-07
5.390167730000000e+03 -2.185927582808777e-07
5.392167810000000e+03 -5.937020459729194e-07
5.394167880000000e+03 -4.012341380202111e-07
5.396167960000000e+03 1.747917687560004e-07
5.398168030000000e+03 5.836965043932548e-07
5.400168110000000e+03 4.345874768749759e-07
5.402168180000000e+03 -1.299661445618601e-07
5.404168260000000e+03 -5.702509975205355e-07
5.406168330000000e+03 -4.653741949843287e-07
5.408168410000000e+03 8.438053523038889e-08
5.410168480000000e+03 5.534452678108543e-07
5.412168560000000e+03 4.934129773199711e-07
5.414168630000000e+03 -3.830356277529902e-08
5.416168710000000e+03 -5.333789384885847e-07
5.418168780000000e+03 -5.185390492605271e-07
5.420168860000000e+03 -7.992973919779749e-09
5.422168930000000e+03 5.101707145647587e-07
5.424169010000000e+03 5.406044352496436e-07
5.426169080000000e+03 5.423617522181284e-08
5.428169160000000e+03 -4.839579601065338e-07
5.430169230000000e+03 -5.594796399574370e-07
5.432169310000000e+03 -1.001532963905089e-07
5.434169380000000e+03 4.548955047613007e-07
5.436169460000000e+03 5.750537141651030e-07
5.438169530000000e+03 1.454738421744110e-07
5.440169610000000e+03 -4.231550875139501e-07
5.442169680000000e+03 -5.872354146594135e-07
5.444169760000000e+03 -1.899303962365539e-07
5.446169830000000e+03 3.889241750632379e-07
5.448169910000000e+03 5.959533624952188e-07
5.450169980000000e+03 2.332612075030605e-07
5.452170060000000e+03 -3.524049343937015e-07
5.454170130000000e+03 -6.011566401400890e-07
5.456170210000000e+03 -2.752107904451457e-07
5.458170280000000e+03 3.138128787132911e-07
5.460170360000000e+03 6.028149735575323e-07
5.462170430000000e+03 3.155321954837006e-07
5.464170510000000e+03 -2.733760613836331e-07
5.466170580000000e+03 -6.009191549375264e-07
5.468170660000000e+03 -3.539878408551201e-07
5.470170730000000e+03 2.313329641265441e-07
5.472170810000000e+03 5.954806705123811e-07
5.474170880000000e+03 3.903513545916223e-07
5.476170960000000e+03 -1.879318309736163e-07
5.478171030000000e+03 -5.865321330479531e-07
5.480171110000000e+03 -4.244085172405482e-07
5.482171180000000e+03 1.434285653038256e-07
5.484171260000000e+03 5.741268507468138e-07
5.486171330000000e+03 4.559590312205511e-07
5.488171410000000e+03 -9.808578979680073e-08
5.490171480000000e+03 -5.583384014965537e-07
5.492171560000000e+03 -4.848168985832685e-07
5.494171630000000e+03 5.217081644315789e-08
5.496171710000000e+03 5.392603966380131e-07
5.498171780000000e+03 5.108125637156364e-07
5.500171860000000e+03 -5.954519534210253e-09
5.502171930000000e+03 -5.170056910471523e-07
5.504172010000000e+03 -5.337930661410582e-07
5.506172080000000e+03 -4.029077926887919e-08
5.508172160000000e+03 4.917059636580789e-07
5.510172230000000e+03 5.536234254906015e-07
5.512172310000000e+03 8.629206982820052e-08
5.514172380000000e+03 -4.635107481342686e-07
5.516172460000000e+03 -5.701871148961240e-07
5.518172530000000e+03 -1.317784305596074e-07
5.520172610000000e+03 4.325865971681825e-07
5.522172680000000e+03 5.833869941812869e-07
5.524172760000000e+03 1.764815835134632e-07
5.526172830000000e+03 -3.991161616073064e-07
5.528172910000000e+03 -5.931456273161494e-07
5.530172980000000e+03 -2.201382408893122e-07
5.532173060000000e+03 3.632973255879178e-07
5.534173130000000e+03 5.994060645499925e-07
5.536173210000000e+03 2.624910425262413e-07
5.538173290000000e+03 -3.253414233512622e-07
5.540173360000000e+03 -6.021316117570844e-07
5.542173440000000e+03 -3.032906309776057e-07
5.544173510000000e+03 2.854726780042806e-07
5.546173590000000e+03 6.013068169628548e-07
5.548173660000000e+03 3.422965528636236e-07
5.550173740000000e+03 -2.439262759924919e-07
5.552173810000000e+03 -5.969370383174731e-07
5.554173890000000e+03 -3.792792889772406e-07
5.556173960000000e+03 2.009474909624953e-07
5.558174040000000e+03 5.890484927830654e-07
5.560174110000000e+03 4.140207122228401e-07
5.562174190000000e+03 -1.567897726434797e-07
5.564174260000000e+03 -5.776882405631006e-07
5.566174340000000e+03 -4.463165722910585e-07
5.568174410000000e+03 1.117136571366866e-07
5.570174490000000e+03 5.629237122902587e-07
5.572174560000000e+03 4.759766072094479e-07
5.574174640000000e+03 -6.598490506512906e-08
5.576174710000000e+03 -5.448424314279585e-07
5.578174790000000e+03 -5.028264622462737e-07
5.580174860000000e+03 1.987347844485611e-08
5.582174940000000e+03 5.235514337421159e-07
5.584175010000000e+03 5.267081201939561e-07
5.586175090000000e+03 2.634895758509923e-08
5.588175160000000e+03 -4.991765770814188e-07
5.590175240000000e+03 -5.474813578024118e-07
5.592175310000000e+03 -7.240962725941755e-08
5.594175390000000e+03 4.718619969868524e-07
5.596175460000000e+03 5.650239874721558e-07
5.598175540000000e+03 1.180371819640715e-07
5.600175610000000e+03 -4.417692446142334e-07
5.602175690000000e+03 -5.792331696013709e-07
5.604175760000000e+03 -1.629625374472899e-07
5.606175840000000e+03 4.090759655560476e-07
5.608175910000000e+03 5.900253353138333e-07
5.610175990000000e+03 2.069211276077405e-07
5.612176060000000e+03 -3.739754718819800e-07
5.614176140000000e+03 -5.973374922988588e-07
5.616176210000000e+03 -2.496537809806233e-07
5.618176290000000e+03 3.366749168911948e-07
5.620176360000000e+03 6.011268915536981e-07
5.622176440000000e+03 2.909088962079921e-07
5.624176510000000e+03 -2.973945796775116e-07
5.626176590000000e+03 -6.013717116771339e-07
5.628176660000000e+03 -3.304431828048747e-07
5.630176740000000e+03 2.563661970984009e-07
5.632176810000000e+03 5.980710341191771e-07
5.634176890000000e+03 3.680240334700350e-07
5.636176960000000e+03 -2.138319483153568e-07
5.638177040000000e+03 -5.912448670017817e-07
5.640177110000000e+03 -4.034298858122368e-07
5.642177190000000e+03 1.700426888074667e-07
5.644177260000000e+03 5.809338569462993e-07
5.646177340000000e+03 4.364524674235311e-07
5.648177410000000e+03 -1.252569482746238e-07
5.650177490000000e+03 -5.671993076652558e-07
5.652177560000000e+03 -4.668973292308627e-07
5.654177640000000e+03 7.973867754653577e-08
5.656177710000000e+03 5.501225757295951e-07
5.658177790000000e+03 4.945855085305345e-07
5.660177860000000e+03 -3.375664376897511e-08
5.662177940000000e+03 -5.298048073788333e-07
5.664178010000000e+03 -5.193539743774688e-07
5.666178090000000e+03 -1.241817639577212e-08
5.668178160000000e+03 5.063662326145220e-07
5.670178240000000e+03 5.410572659855665e-07
5.672178310000000e+03 5.851344211377276e-08
5.674178390000000e+03 -4.799453880639628e-07
5.676178460000000e+03 -5.595676380921654e-07
5.678178540000000e+03 -1.042575532010152e-07
5.680178610000000e+03 4.506986310376332e-07
5.682178690000000e+03 5.747765661947950e-07
5.684178760000000e+03 1.493807286788801e-07
5.686178840000000e+03 -4.187987237653583e-07
5.688178910000000e+03 -5.865946008381248e-07
5.690178990000000e+03 -1.936172110617170e-07
5.692179060000000e+03 3.844340858906703e-07
5.694179140000000e+03 5.949526672953830e-07
5.696179210000000e+03 2.367061028706163e-07
5.698179290000000e+03 -3.478076213296728e-07
5.700179360000000e+03 -5.998019521585172e-07
5.702179440000000e+03 -2.783937557929694e-07
5.704179510000000e+03 3.091356085743424e-07
5.706179590000000e+03 6.011144334362390e-07
5.708179660000000e+03 3.184342404734377e-07
5.710179740000000e+03 -2.686462159067275e-07
5.712179810000000e+03 -5.988827594750757e-07
5.714179890000000e+03 -3.565919380914852e-07
5.716179960000000e+03 2.265784843125410e-07
5.718180040000000e+03 5.931206571650774e-07
5.720180110000000e+03 3.926420486140867e-07
5.722180190000000e+03 -1.831805121103215e-07
5.724180260000000e+03 -5.838624837617886e-07
5.726180340000000e+03 -4.263724576425489e-07
5.728180410000000e+03 1.387086090255739e-07
5.730180490000000e+03 5.711633413418771e-07
5.732180560000000e+03 4.575844853125329e-07
5.734180640000000e+03 -9.342495339445371e-08
5.736180710000000e+03 -5.550984490982583e-07
5.738180790000000e+03 -4.860946403120281e-07
5.740180860000000e+03 4.759671939602885e-08
5.742180940000000e+03 5.357630194723793e-07
5.744181010000000e+03 5.117350292490449e-07
5.746181090000000e+03 -1.494049154189432e-09
5.748181160000000e+03 -5.132715879206544e-07
5.750181240000000e+03 -5.343550275875844e-07
5.752181310000000e+03 -4.461108333613396e-08
5.754181390000000e+03 4.877571578089149e-07
5.756181460000000e+03 5.538214260578834e-07
5.758181540000000e+03 9.044707545075893e-08
5.760181610000000e+03 -4.593705867675657e-07
5.762181690000000e+03 -5.700200546481471e-07
5.764181760000000e+03 -1.357435642884420e-07
5.766181840000000e+03 4.282796033027726e-07
5.768181910000000e+03 5.828557992209497e-07
5.770181990000000e+03 1.802337262413126e-07
5.772182060000000e+03 -3.946679078840392e-07
5.774182140000000e+03 -5.922535304048992e-07
5.776182210000000e+03 -2.236551046775515e-07
5.778182290000000e+03 3.587338869742215e-07
5.780182360000000e+03 5.981582391984122e-07
5.782182440000000e+03 2.657520368654979e-07
5.784182510000000e+03 -3.206897497900763e-07
5.786182590000000e+03 -6.005357205661193e-07
5.788182660000000e+03 -3.062763688274804e-07
5.790182740000000e+03 2.807600200443410e-07
5.792182810000000e+03 5.993723146645669e-07
5.794182890000000e+03 3.449895471471416e-07
5.796182960000000e+03 -2.391805269932288e-07
5.798183040000000e+03 -5.946754125385552e-07
5.800183110000000e+03 -3.816634493246839e-07
5.802183190000000e+03 1.961965194168371e-07
5.804183260000000e+03 5.864730603486829e-07
5.806183340000000e+03 4.160823717026401e-07
5.808183410000000e+03 -1.520617434670014e-07
5.810183490000000e+03 -5.748141585357594e-07
5.812183560000000e+03 -4.480434958870816e-07
5.814183640000000e+03 1.070364470724177e-07
5.816183710000000e+03 5.597679214972819e-07
5.818183790000000e+03 4.773588647049321e-07
5.820183860000000e+03 -6.138629696762453e-08
5.822183940000000e+03 -5.414235195795270e-07
5.824184010000000e+03 -5.038558057478899e-07
5.826184090000000e+03 1.538030954440654e-08
5.828184160000000e+03 5.198896080083978e-07
5.830184240000000e+03 5.273786212487712e-07
5.832184320000000e+03 3.071007734267875e-08
5.834184390000000e+03 -4.952936005319308e-07
5.836184470000000e+03 -5.477888950782300e-07
5.838184540000000e+03 -7.661324875239658e-08
5.840184620000000e+03 4.677808831043220e-07
5.842184690000000e+03 5.649668519198642e-07
5.844184770000000e+03 1.220584232361208e-07
5.846184840000000e+03 -4.375139931751648e-07
5.848184920000000e+03 -5.788115909456157e-07
5.850184990000000e+03 -1.667778773439676e-07
5.852185070000000e+03 4.046717637705109e-07
5.854185140000000e+03 5.892421158002229e-07
5.856185220000000e+03 2.105078436076313e-07
5.858185290000000e+03 -3.694481339677291e-07
5.860185370000000e+03 -5.961972299062751e-07
5.862185440000000e+03 -2.529908206848915e-07
5.864185520000000e+03 3.320511524924497e-07
5.866185590000000e+03 5.996364724439938e-07
5.868185670000000e+03 2.939764054578378e-07
5.870185740000000e+03 -2.927015405741922e-07
5.872185820000000e+03 -5.995399521872237e-07
5.874185890000000e+03 -3.332233840268055e-07
5.876185970000000e+03 2.516317197126201e-07
5.878186040000000e+03 5.959087705825612e-07
5.880186120000000e+03 3.705004182117448e-07
5.882186190000000e+03 -2.090839629577018e-07
5.884186270000000e+03 -5.887647148688333e-07
5.886186340000000e+03 -4.055881363137587e-07
5.888186420000000e+03 1.653093545835823e-07
5.890186490000000e+03 5.781504736255138e-07
5.892186570000000e+03 4.382798265883899e-07
5.894186640000000e+03 -1.205660015596221e-07
5.896186720000000e+03 -5.641291316573778e-07
5.898186790000000e+03 -4.683831987003055e-07
5.900186870000000e+03 7.511795034698247e-08
5.902186940000000e+03 5.467838616033990e-07
5.904187020000000e+03 4.957208847716906e-07
5.906187090000000e+03 -2.923310845414082e-08
5.908187170000000e+03 -5.262173184258082e-07
5.910187240000000e+03 -5.201323007677352e-07
5.912187320000000e+03 -1.681783098121806e-08
5.914187390000000e+03 5.025511648549821e-07
5.916187470000000e+03 5.414738277664611e-07
5.918187540000000e+03 6.276344521035554e-08
5.920187620000000e+03 -4.759253832612914e-07
5.922187690000000e+03 -5.596202329514881e-07
5.924187770000000e+03 -1.083326249883749e-07
5.926187840000000e+03 4.464972689103702e-07
5.928187920000000e+03 5.744648189272438e-07
5.930187990000000e+03 1.532569496737499e-07
5.932188070000000e+03 -4.144407012816504e-07
5.934188140000000e+03 -5.859206133603029e-07
5.936188220000000e+03 -1.972715378021287e-07
5.938188290000000e+03 3.799450461077232e-07
5.940188370000000e+03 5.939204555473497e-07
5.942188440000000e+03 2.401172052430633e-07
5.944188520000000e+03 -3.432141416576916e-07
5.946188590000000e+03 -5.984176843109320e-07
5.948188670000000e+03 -2.815413477284295e-07
5.950188740000000e+03 3.044647689825078e-07
5.952188820000000e+03 5.993860910552233e-07
5.954188890000000e+03 3.213001167875442e-07
5.956188970000000e+03 -2.639257205831377e-07
5.958189040000000e+03 -5.968206183520493e-07
5.960189120000000e+03 -3.591591832882115e-07
5.962189190000000e+03 2.218361144849703e-07
5.964189270000000e+03 5.907368336773960e-07
5.966189340000000e+03 3.948957049115382e-07
5.968189420000000e+03 -1.784444128243831e-07
5.970189490000000e+03 -5.811711494915714e-07
5.972189570000000e+03 -4.282990298506982e-07
5.974189640000000e+03 1.340064540253308e-07
5.976189720000000e+03 5.681804189842520e-07
5.978189790000000e+03 4.591727724666509e-07
5.980189870000000e+03 -8.878445418851595e-08
5.982189940000000e+03 -5.518416963567558e-07
5.984190020000000e+03 -4.873351056438360e-07
5.986190090000000e+03 4.304509295173504e-08
5.988190170000000e+03 5.322517415835794e-07
5.990190240000000e+03 5.126205285195839e-07
5.992190320000000e+03 2.941714032207157e-09
5.994190390000000e+03 -5.095264442997037e-07
5.996190470000000e+03 -5.348802613269812e-07
5.998190540000000e+03 -4.890497941075271e-08
6.000190620000000e+03 4.838001493838789e-07
6.002190690000000e+03 5.539836247885373e-07
6.004190770000000e+03 9.457354095244005e-08
6.006190840000000e+03 -4.552250220494351e-07
6.008190920000000e+03 -5.698182692598355e-07
6.010190990000000e+03 -1.396783865648330e-07
6.012191070000000e+03 4.239699523238147e-07
6.014191140000000e+03 5.822913623954970e-07
6.016191220000000e+03 1.839535564605060e-07
6.018191290000000e+03 -3.902195313388444e-07
6.020191370000000e+03 -5.913296329560558e-07
6.022191440000000e+03 -2.271383246696936e-07
6.024191520000000e+03 3.541732104014155e-07
6.026191590000000e+03 5.968804428563073e-07
6.028191670000000e+03 2.689780800581290e-07
6.030191740000000e+03 -3.160437084915740e-07
6.032191820000000e+03 -5.989114216044905e-07
6.034191890000000e+03 -3.092264266168674e-07
6.036191970000000e+03 2.760561299664969e-07
6.038192040000000e+03 5.974111729060176e-07
6.040192120000000e+03 3.476460880684415e-07
6.042192190000000e+03 -2.344463750797464e-07
6.044192270000000e+03 -5.923890514459502e-07
6.046192340000000e+03 -3.840110074594936e-07
6.048192420000000e+03 1.914600198266972e-07
6.050192490000000e+03 5.838751775300229e-07
6.052192570000000e+03 4.181068249694470e-07
6.054192640000000e+03 -1.473506792871563e-07
6.056192720000000e+03 -5.719201173060779e-07
6.058192790000000e+03 -4.497330505920619e-07
6.060192870000000e+03 1.023786550735761e-07
6.062192940000000e+03 5.565948510418438e-07
6.064193020000000e+03 4.787034975562391e-07
6.066193090000000e+03 -5.680907557234841e-08
6.068193170000000e+03 -5.379900913877092e-07
6.070193240000000e+03 -5.048478666940281e-07
6.072193320000000e+03 1.091094787936938e-08
6.074193390000000e+03 5.162160577190270e-07
6.076193470000000e+03 5.280122538799440e-07
6.078193540000000e+03 3.504530375125298e-08
6.080193620000000e+03 -4.914015062263412e-07
6.082193690000000e+03 -5.480605806682178e-07
6.084193770000000e+03 -8.078866756525328e-08
6.086193840000000e+03 4.636931535702961e-07
6.088193920000000e+03 5.648749087262269e-07
6.090193990000000e+03 1.260496164779687e-07
6.092194070000000e+03 -4.332549334429478e-07
6.094194140000000e+03 -5.783567043077378e-07
6.096194220000000e+03 -1.705612721519849e-07
6.098194290000000e+03 4.002665465253470e-07
6.100194370000000e+03 5.884267206599155e-07
6.102194440000000e+03 2.140613912961250e-07
6.104194520000000e+03 -3.649228319692728e-07
6.106194590000000e+03 -5.950262333307153e-07
6.108194670000000e+03 -2.562934924433429e-07
6.110194740000000e+03 3.274324198419869e-07
6.112194820000000e+03 5.981168306627943e-07
6.114194890000000e+03 2.970089319550369e-07
6.116194970000000e+03 -2.880166509439816e-07
6.118195040000000e+03 -5.976808049180226e-07
6.120195120000000e+03 -3.359675588002008e-07
6.122195190000000e+03 2.469081182840644e-07
6.124195270000000e+03 5.937211100973896e-07
6.126195350000000e+03 3.729402038781834e-07
6.128195420000000e+03 -2.043495059066773e-07
6.130195500000000e+03 -5.862616303597852e-07
6.132195570000000e+03 -4.077090767207327e-07
6.134195650000000e+03 1.605918091940303e-07
6.136195720000000e+03 5.753466977977820e-07
6.138195800000000e+03 4.400696118878628e-07
6.140195870000000e+03 -1.158934663977131e-07
6.142195950000000e+03 -5.610412082876449e-07
6.144196020000000e+03 -4.698312368082492e-07
6.146196100000000e+03 7.051789058027973e-08
6.148196170000000e+03 5.434298513249644e-07
6.150196250000000e+03 4.968189707882607e-07
6.152196320000000e+03 -2.473278264908414e-08
6.154196400000000e+03 -5.226169954528301e-07
6.156196470000000e+03 -5.208738663342695e-07
6.158196550000000e+03 -2.119198252877989e-08
6.160196620000000e+03 4.987259076395874e-07
6.162196700000000e+03 5.418546886873173e-07
6.164196770000000e+03 6.698555564469966e-08
6.166196850000000e+03 -4.718977630343094e-07
6.168196920000000e+03 -5.596378684140842e-07
6.170197000000000e+03 -1.123781219062613e-07
6.172197070000000e+03 4.422911675067190e-07
6.174197150000000e+03 5.741192490339389e-07
6.176197220000000e+03 1.571018989508872e-07
6.178197300000000e+03 -4.100810143690947e-07
6.180197370000000e+03 -5.852138613612434e-07
6.182197450000000e+03 -2.008935000931071e-07
6.184197520000000e+03 3.754575072621838e-07
6.186197600000000e+03 5.928567965054888e-07
6.188197670000000e+03 2.434945291452273e-07
6.190197750000000e+03 -3.386250633565493e-07
6.192197820000000e+03 -5.970034431488498e-07
6.194197900000000e+03 -2.846542843589177e-07
6.196197970000000e+03 2.998011812295425e-07
6.198198050000000e+03 5.976299064421645e-07
6.200198120000000e+03 3.241301521060922e-07
6.202198200000000e+03 -2.592149894285005e-07
6.204198270000000e+03 -5.947327758401166e-07
6.206198350000000e+03 -3.616897493488264e-07
6.208198420000000e+03 2.171062178806776e-07
6.210198500000000e+03 5.883297220134801e-07
6.212198570000000e+03 3.971118510204405e-07
6.214198650000000e+03 -1.737231326954010e-07
6.216198720000000e+03 -5.784588212704178e-07
6.218198800000000e+03 -4.301880729299254e-07
6.220198870000000e+03 1.293218412964008e-07
6.222198950000000e+03 5.651788751026510e-07
6.224199020000000e+03 4.607234488042259e-07
6.226199100000000e+03 -8.416413414888182e-08
6.228199170000000e+03 -5.485686783666319e-07
6.230199250000000e+03 -4.885385080355333e-07
6.232199320000000e+03 3.851633590389591e-08
6.234199400000000e+03 5.287265576264774e-07
6.236199470000000e+03 5.134693517913737e-07
6.238199550000000e+03 7.352476274900824e-09
6.240199620000000e+03 -5.057700353399955e-07
6.242199700000000e+03 -5.353696286233248e-07
6.244199770000000e+03 -5.317165619406082e-08
6.246199850000000e+03 4.798348572763430e-07
6.248199920000000e+03 5.541105108786992e-07
6.250200000000000e+03 9.867122405914814e-08
6.252200070000000e+03 -4.510741874920763e-07
6.254200150000000e+03 -5.695820283119574e-07
6.256200220000000e+03 -1.435827230908698e-07
6.258200300000000e+03 4.196580151372625e-07
6.260200370000000e+03 5.816934380610734e-07
6.262200450000000e+03 1.876416802629778e-07
6.264200520000000e+03 -3.857719034612750e-07
6.266200600000000e+03 -5.903738790780891e-07
6.268200670000000e+03 -2.305882371445072e-07
6.270200750000000e+03 3.496159670326541e-07
6.272200820000000e+03 5.955723956012330e-07
6.274200900000000e+03 2.721695258126944e-07
6.276200970000000e+03 -3.114038092190445e-07
6.278201050000000e+03 -5.972589757380706e-07
6.280201120000000e+03 -3.121405663710193e-07
6.282201200000000e+03 2.713608555505731e-07
6.284201270000000e+03 5.954239766309951e-07
6.286201350000000e+03 3.502660653550456e-07
6.288201420000000e+03 -2.297236499048867e-07
6.290201500000000e+03 -5.900788178143154e-07
6.292201570000000e+03 -3.863212456228739e-07
6.294201650000000e+03 1.867377452700358e-07
6.296201720000000e+03 5.812554513486088e-07
6.298201800000000e+03 4.200940238008389e-07
6.300201870000000e+03 -1.426566990913182e-07
6.302201950000000e+03 -5.690063937753365e-07
6.304202020000000e+03 -4.513853392417663e-07
6.306202100000000e+03 9.774049459700297e-08
6.308202170000000e+03 5.534044418950521e-07
6.310202250000000e+03 4.800112450189071e-07
6.312202320000000e+03 -5.225417639428626e-08
6.314202400000000e+03 -5.345420250763649e-07
6.316202470000000e+03 -5.058031421823295e-07
6.318202550000000e+03 6.465841511573528e-09
6.320202620000000e+03 5.125306207769467e-07
6.322202700000000e+03 5.286095337768928e-07
6.324202770000000e+03 3.935426474288208e-08
6.326202850000000e+03 -4.875005125018328e-07
6.328202920000000e+03 -5.482963705331031e-07
6.330203000000000e+03 -8.493620754350557e-08
6.332203070000000e+03 4.595996231694077e-07
6.334203150000000e+03 5.647481064152607e-07
6.336203220000000e+03 1.300110101222373e-07
6.338203300000000e+03 -4.289928020005528e-07
6.340203370000000e+03 -5.778679616951060e-07
6.342203450000000e+03 -1.743132288458643e-07
6.344203520000000e+03 3.958609794061772e-07
6.346203600000000e+03 5.875792311157376e-07
6.348203670000000e+03 2.175817434827474e-07
6.350203750000000e+03 -3.603997590086961e-07
6.352203820000000e+03 -5.938248989256281e-07
6.354203900000000e+03 -2.595617191001026e-07
6.356203970000000e+03 3.228187147566564e-07
6.358204050000000e+03 5.965687280081674e-07
6.360204120000000e+03 3.000056350026670e-07
6.362204200000000e+03 -2.833395700925637e-07
6.364204270000000e+03 -5.957949237190926e-07
6.366204350000000e+03 -3.386754997105470e-07
6.368204420000000e+03 2.421953051989842e-07
6.370204500000000e+03 5.915086607309727e-07
6.372204570000000e+03 3.753432420837296e-07
6.374204650000000e+03 -1.996286802304475e-07
6.376204720000000e+03 -5.837357063173244e-07
6.378204800000000e+03 -4.097931696198137e-07
6.380204870000000e+03 1.558909185508307e-07
6.382204950000000e+03 5.725223981586780e-07
6.384205020000000e+03 4.418222482602559e-07
6.386205100000000e+03 -1.112398373301687e-07
6.388205170000000e+03 -5.579351861714695e-07
6.390205250000000e+03 -4.712422004724201e-07
6.392205320000000e+03 6.593911549342836e-08
6.394205400000000e+03 5.400606237931457e-07
6.396205470000000e+03 4.978798682540259e-07
6.398205550000000e+03 -2.025572108334901e-08
6.400205620000000e+03 -5.190044150373870e-07
6.402205700000000e+03 -5.215787025668940e-07
6.404205770000000e+03 -2.554072260296000e-08
6.406205850000000e+03 4.948910868140361e-07
6.408205920000000e+03 5.421992191840819e-07
6.410206000000000e+03 7.118039275538087e-08
6.412206070000000e+03 -4.678633478613813e-07
6.414206150000000e+03 -5.596204933525666e-07
6.416206220000000e+03 -1.163941607342745e-07
6.418206300000000e+03 4.380808912033140e-07
6.420206380000000e+03 5.737399142655881e-07
6.422206450000000e+03 1.609156543633588e-07
6.424206530000000e+03 -4.057198076949571e-07
6.426206600000000e+03 -5.844748506534831e-07
6.428206680000000e+03 -2.044823514748002e-07
6.430206750000000e+03 3.709711568959974e-07
6.432206830000000e+03 5.917623772521636e-07
6.434206900000000e+03 2.468378074365108e-07
6.436206980000000e+03 -3.340401604199552e-07
6.438207050000000e+03 -5.955601009752140e-07
6.440207130000000e+03 -2.877320606852875e-07
6.442207200000000e+03 2.951447980226130e-07
6.444207280000000e+03 5.958461052547575e-07
6.446207350000000e+03 3.269244670432358e-07
6.448207430000000e+03 -2.545146247001965e-07
6.450207500000000e+03 -5.926192389111940e-07
6.452207580000000e+03 -3.641839705767225e-07
6.454207650000000e+03 2.123892547623457e-07
6.456207730000000e+03 5.858989501053897e-07
6.458207800000000e+03 3.992913427435347e-07
6.460207880000000e+03 -1.690175484418658e-07
6.462207950000000e+03 -5.757254464603586e-07
6.464208030000000e+03 -4.320397875552248e-07
6.466208100000000e+03 1.246551741641492e-07
6.468208180000000e+03 5.621589208299434e-07
6.470208250000000e+03 4.622367323138448e-07
6.472208330000000e+03 -7.956403394506383e-08
6.474208400000000e+03 -5.452798809542626e-07
6.476208480000000e+03 -4.897043551536219e-07
6.478208550000000e+03 3.400992012984230e-08
6.480208630000000e+03 5.251883505942886e-07
6.482208700000000e+03 5.142813525379712e-07
6.484208780000000e+03 1.173840362170108e-08
6.486208850000000e+03 -5.020031711782183e-07
6.488208930000000e+03 -5.358227909900724e-07
6.490209000000000e+03 -5.741136862580223e-08
6.492209080000000e+03 4.758615535072462e-07
6.494209150000000e+03 5.542023422892765e-07
6.496209230000000e+03 1.027396435924513e-07
6.498209300000000e+03 -4.469180133763251e-07
6.500209380000000e+03 -5.693119122165554e-07
6.502209450000000e+03 -1.474562630352785e-07
6.504209530000000e+03 4.153436019907907e-07
6.506209600000000e+03 5.810629549931455e-07
6.508209680000000e+03 1.912972971565240e-07
6.510209750000000e+03 -3.813248168368173e-07
6.512209830000000e+03 -5.893865957538794e-07
6.514209900000000e+03 -2.340046747759981e-07
6.516209980000000e+03 3.450624179662077e-07
6.518210050000000e+03 5.942343954826166e-07
6.520210130000000e+03 2.753265041554357e-07
6.522210200000000e+03 -3.067704589000099e-07
6.524210280000000e+03 -5.955781311644783e-07
6.526210350000000e+03 -3.150195022465752e-07
6.528210430000000e+03 2.666751624069945e-07
6.530210500000000e+03 5.934105430590903e-07
6.532210580000000e+03 3.528497292987533e-07
6.534210650000000e+03 -2.250129604655495e-07
6.536210730000000e+03 -5.877445576804968e-07
6.538210800000000e+03 -3.885946551025355e-07
6.540210880000000e+03 1.820299261686907e-07
6.542210950000000e+03 5.786142176184148e-07
6.544211030000000e+03 4.220436660804374e-07
6.546211100000000e+03 -1.379795544468651e-07
6.548211180000000e+03 -5.660737763510844e-07
6.550211250000000e+03 -4.530001352489112e-07
6.552211330000000e+03 9.312180889077740e-08
6.554211400000000e+03 5.501975714725887e-07
6.556211480000000e+03 4.812815021629877e-07
6.558211550000000e+03 -4.772110663514545e-08
6.560211630000000e+03 -5.310797658023577e-07
6.562211700000000e+03 -5.067216857803518e-07
6.564211780000000e+03 2.045233179909169e-09
6.566211850000000e+03 5.088335575832351e-07
6.568211930000000e+03 5.291708289406058e-07
6.570212000000000e+03 4.363666656748736e-08
6.572212080000000e+03 -4.835905236107533e-07
6.574212150000000e+03 -5.484970916583725e-07
6.576212230000000e+03 -8.905497384168037e-08
6.578212300000000e+03 4.554999050764938e-07
6.580212380000000e+03 5.645868865416728e-07
6.582212450000000e+03 1.339422608020425e-07
6.584212530000000e+03 -4.247276033797252e-07
6.586212600000000e+03 -5.773460024324565e-07
6.588212680000000e+03 -1.780336183289536e-07
6.590212750000000e+03 3.914553545362996e-07
6.592212830000000e+03 5.866995206274061e-07
6.594212900000000e+03 2.210693653105228e-07
6.596212980000000e+03 -3.558797804170258e-07
6.598213050000000e+03 -5.925929596666145e-07
6.600213130000000e+03 -2.627957825529914e-07
6.602213200000000e+03 3.182107173469056e-07
6.604213280000000e+03 5.949917970601178e-07
6.606213350000000e+03 3.029672762825977e-07
6.608213430000000e+03 -2.786708098748029e-07
6.610213500000000e+03 -5.938825021773132e-07
6.612213580000000e+03 -3.413470488439372e-07
6.614213650000000e+03 2.374933530815090e-07
6.616213730000000e+03 5.892719499087885e-07
6.618213800000000e+03 3.777093387767097e-07
6.620213880000000e+03 -1.949214026146112e-07
6.622213950000000e+03 -5.811877885511118e-07
6.624214030000000e+03 -4.118397444288402e-07
6.626214100000000e+03 1.512060328713728e-07
6.628214180000000e+03 5.696782265823873e-07
6.630214250000000e+03 4.435376358909657e-07
6.632214330000000e+03 -1.066052113828256e-07
6.634214400000000e+03 -5.548116810452704e-07
6.636214480000000e+03 -4.726161021260694e-07
6.638214550000000e+03 6.138179380680587e-08
6.640214630000000e+03 5.366761841206814e-07
6.642214700000000e+03 4.989042248600222e-07
6.644214780000000e+03 -1.580270728414294e-08
6.646214850000000e+03 -5.153791843119889e-07
6.648214930000000e+03 -5.222473123731803e-07
6.650215000000000e+03 -2.986358780371336e-08
6.652215080000000e+03 4.910465954756092e-07
6.654215150000000e+03 5.425083292080469e-07
6.656215230000000e+03 7.534744317695308e-08
6.658215300000000e+03 -4.638222625398112e-07
6.660215380000000e+03 -5.595680861539943e-07
6.662215450000000e+03 -1.203809122843669e-07
6.664215530000000e+03 4.338670449301038e-07
6.666215600000000e+03 5.733266710007130e-07
6.668215680000000e+03 1.646984247200617e-07
6.670215750000000e+03 -4.013578192365911e-07
6.672215830000000e+03 -5.837032068451095e-07
6.674215900000000e+03 -2.080389714544650e-07
6.676215980000000e+03 3.664868024732849e-07
6.678216050000000e+03 5.906371507269385e-07
6.680216130000000e+03 2.501469813204185e-07
6.682216200000000e+03 -3.294598671983024e-07
6.684216280000000e+03 -5.940878169821161e-07
6.686216350000000e+03 -2.907746819364764e-07
6.688216430000000e+03 2.904956333055525e-07
6.690216500000000e+03 5.940354301183000e-07
6.692216580000000e+03 3.296824802573437e-07
6.694216650000000e+03 -2.498240534228943e-07
6.696216730000000e+03 -5.904807762190670e-07
6.698216800000000e+03 -3.666415218481972e-07
6.700216880000000e+03 2.076852338448700e-07
6.702216950000000e+03 5.834453916504514e-07
6.704217030000000e+03 4.014337722237099e-07
6.706217100000000e+03 -1.643275795381426e-07
6.708217180000000e+03 -5.729711244112031e-07
6.710217250000000e+03 -4.338546063340106e-07
6.712217330000000e+03 1.200070222341479e-07
6.714217410000000e+03 5.591203741991102e-07
6.716217480000000e+03 4.637130686171658e-07
6.718217560000000e+03 -7.498477082406276e-08
6.720217630000000e+03 -5.419751545720409e-07
6.722217710000000e+03 -4.908336445631435e-07
6.724217780000000e+03 2.952666610793881e-08
6.726217860000000e+03 5.216369954573121e-07
6.728217930000000e+03 5.150566109364149e-07
6.730218010000000e+03 1.609938335995907e-08
6.732218080000000e+03 -4.982261382439384e-07
6.734218160000000e+03 -5.362399079679116e-07
6.736218230000000e+03 -6.162420606270577e-08
6.738218310000000e+03 4.718809927865416e-07
6.740218380000000e+03 5.542587866922531e-07
6.742218460000000e+03 1.067795549594941e-07
6.744218530000000e+03 -4.427573943152575e-07
6.746218610000000e+03 -5.690076574351885e-07
6.748218680000000e+03 -1.512990665889375e-07
6.750218760000000e+03 4.110273832341636e-07
6.752218830000000e+03 5.803997222774016e-07
6.754218910000000e+03 1.949207255253278e-07
6.756218980000000e+03 -3.768784446013960e-07
6.758219060000000e+03 -5.883684115016926e-07
6.760219130000000e+03 -2.373871979848358e-07
6.762219210000000e+03 3.405122663146348e-07
6.764219280000000e+03 5.928671105262501e-07
6.766219360000000e+03 2.784485512215131e-07
6.768219430000000e+03 -3.021435953682155e-07
6.770219510000000e+03 -5.938698755718737e-07
6.772219580000000e+03 -3.178625628479835e-07
6.774219660000000e+03 2.619987130950062e-07
6.776219730000000e+03 5.913711645459987e-07
6.778219810000000e+03 3.553972967261656e-07
6.780219880000000e+03 -2.203146618646780e-07
6.782219960000000e+03 -5.853864589376419e-07
6.784220030000000e+03 -3.908314751514104e-07
6.786220110000000e+03 1.773372191609903e-07
6.788220180000000e+03 5.759513269080325e-07
6.790220260000000e+03 4.239566757033673e-07
6.792220330000000e+03 -1.333201575128626e-07
6.794220410000000e+03 -5.631219263143819e-07
6.796220480000000e+03 -4.545777018033416e-07
6.798220560000000e+03 8.852295770578688e-08
6.800220630000000e+03 5.469742649895516e-07
6.802220710000000e+03 4.825147668995123e-07
6.804220780000000e+03 -4.321007858978115e-08
6.806220860000000e+03 -5.276039711336051e-07
6.808220930000000e+03 -5.076032045514068e-07
6.810221010000000e+03 -2.351396407198726e-09
6.812221080000000e+03 5.051256887324557e-07
6.814221160000000e+03 5.296957515001331e-07
6.816221230000000e+03 4.789266225863432e-08
6.818221310000000e+03 -4.796723603800632e-07
6.820221380000000e+03 -5.486623186409255e-07
6.822221460000000e+03 -9.314555093877126e-08
6.824221530000000e+03 4.513945220690878e-07
6.826221610000000e+03 5.643916483638769e-07
6.828221680000000e+03 1.378430359569710e-07
6.830221760000000e+03 -4.204593652357338e-07
6.832221830000000e+03 -5.767912236866282e-07
6.834221910000000e+03 -1.817219540776847e-07
6.836221980000000e+03 3.870495875555256e-07
6.838222060000000e+03 5.857885737457186e-07
6.840222130000000e+03 2.245234841749126e-07
6.842222210000000e+03 -3.513623954944642e-07
6.844222280000000e+03 -5.913309833000686e-07
6.846222360000000e+03 -2.659956127342491e-07
6.848222430000000e+03 3.136086163192724e-07
6.850222510000000e+03 5.933865409586139e-07
6.852222580000000e+03 3.058937028774619e-07
6.854222660000000e+03 -2.740109147973718e-07
6.856222730000000e+03 -5.919433750582650e-07
6.858222810000000e+03 -3.439829669526518e-07
6.860222880000000e+03 2.328031058821219e-07
6.862222960000000e+03 5.870105988233778e-07
6.864223030000000e+03 3.800388930993389e-07
6.866223110000000e+03 -1.902282596297371e-07
6.868223180000000e+03 -5.786177028794355e-07
6.870223260000000e+03 -4.138495239031482e-07
6.872223330000000e+03 1.465377824169012e-07
6.874223410000000e+03 5.668146047536554e-07
6.876223480000000e+03 4.452155304143215e-07
6.878223560000000e+03 -1.019893243200515e-07
6.880223630000000e+03 -5.516712450848286e-07
6.882223710000000e+03 -4.739526135081319e-07
6.884223780000000e+03 5.684574669075592e-08
6.886223860000000e+03 5.332774536463271e-07
6.888223930000000e+03 4.998915065574513e-07
6.890224010000000e+03 -1.137304812677473e-08
6.892224080000000e+03 -5.117421160858919e-07
6.894224160000000e+03 -5.228797868528364e-07
6.896224230000000e+03 -3.416037594546365e-08
6.898224310000000e+03 4.871927425964032e-07
6.900224380000000e+03 5.427820390939686e-07
6.902224460000000e+03 7.948640293386019e-08
6.904224530000000e+03 -4.597744174804731e-07
6.906224610000000e+03 -5.594815728050670e-07
6.908224680000000e+03 -1.243376312586727e-07
6.910224760000000e+03 4.296491569207437e-07
6.912224830000000e+03 5.728801924940432e-07
6.914224910000000e+03 1.684498513158956e-07
6.916224980000000e+03 -3.969950376065332e-07
6.918225060000000e+03 -5.828996320081073e-07
6.920225130000000e+03 -2.115627935638920e-07
6.922225210000000e+03 3.620047017225567e-07
6.924225280000000e+03 5.894810536015726e-07
6.926225360000000e+03 2.534226324871774e-07
6.928225430000000e+03 -3.248848086076998e-07
6.930225510000000e+03 -5.925863566807673e-07
6.932225580000000e+03 -2.937825149514868e-07
6.934225660000000e+03 2.858544711865613e-07
6.936225730000000e+03 5.921975682261420e-07
6.938225810000000e+03 3.324050092056169e-07
6.940225880000000e+03 -2.451441815971330e-07
6.942225960000000e+03 -5.883174781662524e-07
6.944226030000000e+03 -3.690623482013092e-07
6.946226110000000e+03 2.029941367688707e-07
6.948226180000000e+03 5.809692545279733e-07
6.950226260000000e+03 4.035390725305686e-07
6.952226330000000e+03 -1.596531589376352e-07
6.954226410000000e+03 -5.701968525717943e-07
6.956226480000000e+03 -4.356319430443101e-07
6.958226560000000e+03 1.153767622170686e-07
6.960226630000000e+03 5.560641354007608e-07
6.962226710000000e+03 4.651522437925533e-07
6.964226780000000e+03 -7.042631469043934e-08
6.966226860000000e+03 -5.386550395434894e-07
6.968226930000000e+03 -4.919259986186251e-07
6.970227010000000e+03 2.506658034530742e-08
6.972227080000000e+03 5.180725976076839e-07
6.974227160000000e+03 5.157959739583520e-07
6.976227230000000e+03 2.043476559086539e-08
6.978227310000000e+03 -4.944386619598476e-07
6.980227380000000e+03 -5.366215567153237e-07
6.982227460000000e+03 -6.580956334242578e-08
6.984227530000000e+03 4.678929707208794e-07
6.986227610000000e+03 5.542806801366070e-07
6.988227680000000e+03 1.107901192063335e-07
6.990227760000000e+03 -4.385922938225106e-07
6.992227830000000e+03 -5.686694460510740e-07
6.994227910000000e+03 -1.551114768863336e-07
6.996227980000000e+03 4.067097545236382e-07
6.998228060000000e+03 5.797037851151001e-07
7.000228130000000e+03 1.985121128254218e-07
7.002228210000000e+03 -3.724336919421600e-07
7.004228280000000e+03 -5.873188725659676e-07
7.006228360000000e+03 -2.407365832101129e-07
7.008228440000000e+03 3.359665045302388e-07
7.010228510000000e+03 5.914703625996690e-07
7.012228590000000e+03 2.815358518829106e-07
7.014228660000000e+03 -2.975234869262448e-07
7.016228740000000e+03 -5.921340857897332e-07
7.018228810000000e+03 -3.206699655828380e-07
7.020228890000000e+03 2.573317337370974e-07
7.022228960000000e+03 5.893067570853399e-07
7.024229040000000e+03 3.579081458585359e-07
7.026229110000000e+03 -2.156283029030808e-07
7.028229190000000e+03 -5.830052869859754e-07
7.030229260000000e+03 -3.930312896622866e-07
7.032229340000000e+03 1.726593940574941e-07
7.034229410000000e+03 5.732675194025887e-07
7.036229490000000e+03 4.258323983552722e-07
7.038229560000000e+03 -1.286782469586433e-07
7.040229640000000e+03 -5.601512773184306e-07
7.042229710000000e+03 -4.561186122289848e-07
7.044229790000000e+03 8.394446370336605e-08
7.046229860000000e+03 5.437344866567696e-07
7.048229940000000e+03 4.837113274010263e-07
7.050230010000000e+03 -3.872175075569962e-08
7.052230090000000e+03 -5.241142858509653e-07
7.054230160000000e+03 -5.084486032178489e-07
7.056230240000000e+03 -6.723103833259298e-09
7.058230310000000e+03 5.014067591686659e-07
7.060230390000000e+03 5.301847523060698e-07
7.062230460000000e+03 5.212225832344498e-08
7.064230540000000e+03 -4.757461717763767e-07
7.066230610000000e+03 -5.487923563859071e-07
7.068230690000000e+03 -9.720771399047353e-08
7.070230760000000e+03 4.472842261845745e-07
7.072230840000000e+03 5.641618954814237e-07
7.074230910000000e+03 1.417140189510310e-07
7.076230990000000e+03 -4.161889820654558e-07
7.078231060000000e+03 -5.762033637783580e-07
7.080231140000000e+03 -1.853786221038305e-07
7.082231210000000e+03 3.826442380763468e-07
7.084231290000000e+03 5.848460303711919e-07
7.086231360000000e+03 2.279445304755574e-07
7.088231440000000e+03 -3.468482030124333e-07
7.090231510000000e+03 -5.900395694108031e-07
7.092231590000000e+03 -2.691606973242172e-07
7.094231660000000e+03 3.090121610333612e-07
7.096231740000000e+03 5.917534767874573e-07
7.098231810000000e+03 3.087845428355185e-07
7.100231890000000e+03 -2.693595288277383e-07
7.102231960000000e+03 -5.899784649788881e-07
7.104232040000000e+03 -3.465824730658526e-07
7.106232110000000e+03 2.281241817721999e-07
7.108232190000000e+03 5.847253132650798e-07
7.110232260000000e+03 3.823320772579529e-07
7.112232340000000e+03 -1.855495406103567e-07
7.114232410000000e+03 -5.760256620619450e-07
7.116232490000000e+03 -4.158224495948383e-07
7.118232560000000e+03 1.418866430207119e-07
7.120232640000000e+03 5.639311494494757e-07
7.122232710000000e+03 4.468568472429500e-07
7.124232790000000e+03 -9.739311270261934e-08
7.126232860000000e+03 -5.485136213750237e-07
7.128232940000000e+03 -4.752523465204726e-07
7.130233010000000e+03 5.233134505123234e-08
7.132233090000000e+03 5.298643225623991e-07
7.134233160000000e+03 5.008422166024807e-07
7.136233240000000e+03 -6.967347844001167e-09
7.138233310000000e+03 -5.080936723647578e-07
7.140233390000000e+03 -5.234757491737794e-07
7.142233460000000e+03 -3.843163780960843e-08
7.144233540000000e+03 4.833302553473011e-07
7.146233610000000e+03 5.430201557197621e-07
7.148233690000000e+03 8.359770172855116e-08
7.150233760000000e+03 -4.557206825461393e-07
7.152233840000000e+03 -5.593603854431921e-07
7.154233910000000e+03 -1.282648604208857e-07
7.156233990000000e+03 4.254280934358493e-07
7.158234060000000e+03 5.724007179985104e-07
7.160234140000000e+03 1.721696585277648e-07
7.162234210000000e+03 -3.926314597836195e-07
7.164234290000000e+03 -5.820643498247944e-07
7.166234360000000e+03 -2.150536285155502e-07
7.168234440000000e+03 3.575245662388699e-07
7.170234510000000e+03 5.882951315473308e-07
7.172234590000000e+03 2.566638551686454e-07
7.174234660000000e+03 -3.203146309395874e-07
7.176234740000000e+03 -5.910565397361419e-07
7.178234810000000e+03 -2.967553691646032e-07
7.180234890000000e+03 2.812213164297825e-07
7.182234960000000e+03 5.903329919256209e-07
7.184235040000000e+03 3.350916439393694e-07
7.186235110000000e+03 -2.404752387151619e-07
7.188235190000000e+03 -5.861291448911456e-07
7.190235260000000e+03 -3.714472709278135e-07
7.192235340000000e+03 1.983168773201938e-07
7.194235410000000e+03 5.784704130110627e-07
7.196235490000000e+03 4.056078004878357e-07
7.198235560000000e+03 -1.549949666345922e-07
7.200235640000000e+03 -5.674022126271467e-07
7.202235710000000e+03 -4.373724654795182e-07
7.204235790000000e+03 1.107652315562724e-07
7.206235860000000e+03 5.529903651375685e-07
7.208235940000000e+03 4.665541475675290e-07
7.210236010000000e+03 -6.588838271678400e-08
7.212236090000000e+03 -5.353200717765841e-07
7.214236160000000e+03 -4.929814460211225e-07
7.216236240000000e+03 2.062939093720756e-08
7.218236310000000e+03 5.144961521702755e-07
7.220236390000000e+03 5.164986251923691e-07
7.222236460000000e+03 2.474510748674100e-08
7.224236540000000e+03 -4.906416871368199e-07
7.226236610000000e+03 -5.369676611222211e-07
7.228236690000000e+03 -6.996749182474661e-08
7.230236760000000e+03 4.638978048810526e-07
7.232236840000000e+03 5.542679413995118e-07
7.234236910000000e+03 1.147713943160743e-07
7.236236990000000e+03 -4.344226909823353e-07
7.238237060000000e+03 -5.682982182271418e-07
7.240237140000000e+03 -1.588925204155367e-07
7.242237210000000e+03 4.023904623138538e-07
7.244237290000000e+03 5.789758706771239e-07
7.246237360000000e+03 2.020710265655902e-07
7.248237440000000e+03 -3.679902238585254e-07
7.250237510000000e+03 -5.862387082091629e-07
7.252237590000000e+03 -2.440521891517167e-07
7.254237660000000e+03 3.314250907815210e-07
7.256237740000000e+03 5.900442856798671e-07
7.258237810000000e+03 2.845889371672626e-07
7.260237890000000e+03 -2.929109062948351e-07
7.262237960000000e+03 -5.903708382767405e-07
7.264238040000000e+03 -3.234420586983642e-07
7.266238110000000e+03 2.526749757896602e-07
7.268238190000000e+03 5.872166478871789e-07
7.270238260000000e+03 3.603830833465945e-07
7.272238340000000e+03 -2.109548288564267e-07
7.274238410000000e+03 -5.806009829128037e-07
7.276238490000000e+03 -3.951943249900507e-07
7.278238560000000e+03 1.679965562503388e-07
7.280238640000000e+03 5.705630562003537e-07
7.282238710000000e+03 4.276710938562374e-07
7.284238790000000e+03 -1.240538790243330e-07
7.286238860000000e+03 -5.571626929512783e-07
7.288238940000000e+03 -4.576219681944095e-07
7.290239010000000e+03 7.938578865156692e-08
7.292239090000000e+03 5.404791364324544e-07
7.294239160000000e+03 4.848709892672602e-07
7.296239240000000e+03 -3.425578580834455e-08
7.298239310000000e+03 -5.206114031953280e-07
7.300239390000000e+03 -5.092575226097838e-07
7.302239470000000e+03 -1.107012986178641e-08
7.304239540000000e+03 4.976770823957073e-07
7.306239620000000e+03 5.306384562745251e-07
7.308239690000000e+03 5.632459907537680e-08
7.310239770000000e+03 -4.718118549639264e-07
7.312239840000000e+03 -5.488877474246137e-07
7.314239920000000e+03 -1.012410226040664e-07
7.316239990000000e+03 4.431684920890514e-07
7.318240070000000e+03 5.638986033816194e-07
7.320240140000000e+03 1.455543816367498e-07
7.322240220000000e+03 -4.119163112932002e-07
7.324240290000000e+03 -5.755828065116451e-07
7.326240370000000e+03 -1.890037053731963e-07
7.328240440000000e+03 3.782398050555820e-07
7.330240520000000e+03 5.838721518344933e-07
7.332240590000000e+03 2.313325620793636e-07
7.334240670000000e+03 -3.423378198693382e-07
7.336240740000000e+03 -5.887180017506037e-07
7.338240820000000e+03 -2.722918906150549e-07
7.340240890000000e+03 3.044223444062695e-07
7.342240970000000e+03 5.900925046158459e-07
7.344241040000000e+03 3.116401992497354e-07
7.346241120000000e+03 -2.647172120431887e-07
7.348241190000000e+03 -5.879877059383740e-07
7.350241270000000e+03 -3.491459756216436e-07
7.352241340000000e+03 2.234569265587980e-07
7.354241420000000e+03 5.824166685331984e-07
7.356241490000000e+03 3.845881437469125e-07
7.358241570000000e+03 -1.808848356077843e-07
7.360241640000000e+03 -5.734124583407433e-07
7.362241720000000e+03 -4.177583473221987e-07
7.364241790000000e+03 1.372521762654606e-07
7.366241870000000e+03 5.610288840309810e-07
7.368241940000000e+03 4.484609379886234e-07
7.370242020000000e+03 -9.281624094895191e-08
7.372242090000000e+03 -5.453393416406818e-07
7.374242170000000e+03 -4.765155138065425e-07
7.376242240000000e+03 4.783913478929115e-08
7.378242320000000e+03 5.264368945180550e-07
7.380242390000000e+03 5.017566594354607e-07
7.382242470000000e+03 -2.585907971207625e-09
7.384242540000000e+03 -5.044333484980363e-07
7.386242620000000e+03 -5.240362827718218e-07
7.388242690000000e+03 -4.267636595422432e-08
7.390242770000000e+03 4.794589604761797e-07
7.392242840000000e+03 5.432232125532324e-07
7.394242920000000e+03 8.768098980321870e-08
7.396242990000000e+03 -4.516611491851138e-07
7.398243070000000e+03 -5.592050071059792e-07
7.400243140000000e+03 -1.321623803880355e-07
7.402243220000000e+03 4.212042231736010e-07
7.404243290000000e+03 5.718877117223376e-07
7.406243370000000e+03 1.758586049001761e-07
7.408243440000000e+03 -3.882680827518990e-07
7.410243520000000e+03 -5.811972932485750e-07
7.412243590000000e+03 -2.185119178641466e-07
7.414243670000000e+03 3.530472913324922e-07
7.416243740000000e+03 5.870789097767050e-07
7.418243820000000e+03 2.598712508088127e-07
7.420243890000000e+03 -3.157498838133768e-07
7.422243970000000e+03 -5.894985987778509e-07
7.424244040000000e+03 -2.996928067394741e-07
7.426244120000000e+03 2.765960050789814e-07
7.428244190000000e+03 5.884423032417204e-07
7.430244270000000e+03 3.377423361199808e-07
7.432244340000000e+03 -2.358168608429434e-07
7.434244420000000e+03 -5.839169351262567e-07
7.436244490000000e+03 -3.737953368505362e-07
7.438244570000000e+03 1.936530056940313e-07
7.440244640000000e+03 5.759495078188387e-07
7.442244720000000e+03 4.076398211889286e-07
7.444244790000000e+03 -1.503531420673421e-07
7.446244870000000e+03 -5.645876562412461e-07
7.448244940000000e+03 -4.390762218620568e-07
7.450245020000000e+03 1.061725684119032e-07
7.452245090000000e+03 5.498987597825732e-07
7.454245170000000e+03 4.679197728591906e-07
7.456245240000000e+03 -6.137209389568288e-08
7.458245320000000e+03 -5.319700478075640e-07
7.460245390000000e+03 -4.940005109425524e-07
7.462245470000000e+03 1.621573988094335e-08
7.464245540000000e+03 5.109073271656662e-07
7.466245620000000e+03 5.171653666412522e-07
7.468245690000000e+03 2.902997492958985e-08
7.470245770000000e+03 -4.868353604174973e-07
7.472245840000000e+03 -5.372779956471076e-07
7.474245920000000e+03 -7.409842423328101e-08
7.476245990000000e+03 4.598963702425728e-07
7.478246070000000e+03 5.542205653682286e-07
7.480246140000000e+03 1.187236907713948e-07
7.482246220000000e+03 -4.302495871943274e-07
7.484246290000000e+03 -5.678931716120100e-07
7.486246370000000e+03 -1.626429865136845e-07
7.488246440000000e+03 3.980701962435436e-07
7.490246520000000e+03 5.782159776852885e-07
7.492246590000000e+03 2.055973916815331e-07
7.494246670000000e+03 -3.635483342167693e-07
7.496246740000000e+03 -5.851282597065873e-07
7.498246820000000e+03 -2.473340497396406e-07
7.500246890000000e+03 3.268879116586409e-07
7.502246970000000e+03 5.885899046385588e-07
7.504247040000000e+03 2.876067170154360e-07
7.506247120000000e+03 -2.883053467318608e-07
7.508247190000000e+03 -5.885807773541716e-07
7.510247270000000e+03 -3.261785062643888e-07
7.512247340000000e+03 2.480282342783517e-07
7.514247420000000e+03 5.851017063494938e-07
7.516247490000000e+03 3.628218516942281e-07
7.518247570000000e+03 -2.062942487882069e-07
7.520247640000000e+03 -5.781735232460080e-07
7.522247720000000e+03 -3.973212009380728e-07
7.524247790000000e+03 1.633496979594301e-07
7.526247870000000e+03 5.678377943770408e-07
7.528247940000000e+03 4.294731591407048e-07
7.530248020000000e+03 -1.194477533417450e-07
7.532248090000000e+03 -5.541555789732485e-07
7.534248170000000e+03 -4.590888417479646e-07
7.536248240000000e+03 7.484761242843950e-08
7.538248320000000e+03 5.372082308168086e-07
7.540248390000000e+03 4.859937772485171e-07
7.542248470000000e+03 -2.981225218869549e-08
7.544248540000000e+03 -5.170958738318924e-07
7.546248620000000e+03 -5.100300537107208e-07
7.548248690000000e+03 -1.539259836049521e-08
7.550248770000000e+03 4.939375608119628e-07
7.552248840000000e+03 5.310559700706074e-07
7.554248920000000e+03 6.050055809555782e-08
7.556248990000000e+03 -4.678702154314568e-07
7.558249070000000e+03 -5.489483540616958e-07
7.560249140000000e+03 -1.052456342286624e-07
7.562249220000000e+03 4.390480952920221e-07
7.564249290000000e+03 5.636017078066345e-07
7.566249370000000e+03 1.493642820442330e-07
7.568249440000000e+03 -4.076414233353230e-07
7.570249520000000e+03 -5.749302976491498e-07
7.572249590000000e+03 -1.925962681383994e-07
7.574249670000000e+03 3.738358556534199e-07
7.576249740000000e+03 5.828675558474180e-07
7.578249820000000e+03 2.346871679918580e-07
7.580249890000000e+03 -3.378308567998454e-07
7.582249970000000e+03 -5.873674777461164e-07
7.584250040000000e+03 -2.753885603701411e-07
7.586250120000000e+03 2.998390491936029e-07
7.588250190000000e+03 5.884037629525194e-07
7.590250270000000e+03 3.144608709359293e-07
7.592250340000000e+03 -2.600846048142464e-07
7.594250420000000e+03 -5.859711118805553e-07
7.596250500000000e+03 -3.516737397852461e-07
7.598250570000000e+03 2.188020129156523e-07
7.600250650000000e+03 5.800840261163874e-07
7.602250720000000e+03 3.868082690771141e-07
7.604250800000000e+03 -1.762350707249182e-07
7.606250870000000e+03 -5.707779740066414e-07
7.608250950000000e+03 -4.196573862704011e-07
7.610251020000000e+03 1.326349049286804e-07
7.612251100000000e+03 5.581079098233567e-07
7.614251170000000e+03 4.500280990739886e-07
7.616251250000000e+03 -8.825875867585442e-08
7.618251320000000e+03 -5.421491123693338e-07
7.620251400000000e+03 -4.777413855228903e-07
7.622251470000000e+03 4.336835271248108e-08
7.624251550000000e+03 5.229960436754159e-07
7.626251620000000e+03 5.026346061451353e-07
7.628251700000000e+03 1.771521202412507e-09
7.630251770000000e+03 -5.007622499992747e-07
7.632251850000000e+03 -5.245608848555907e-07
7.634251920000000e+03 -4.689491199629636e-08
7.636252000000000e+03 4.755790807357689e-07
7.638252070000000e+03 5.433916068774171e-07
7.640252150000000e+03 9.173567082661126e-08
7.642252220000000e+03 -4.475956537897577e-07
7.644252300000000e+03 -5.590159494158951e-07
7.646252370000000e+03 -1.360297578555165e-07
7.648252450000000e+03 4.169771864993098e-07
7.650252520000000e+03 5.713424839210181e-07
7.652252600000000e+03 1.795157204071577e-07
7.654252670000000e+03 -3.839046125288955e-07
7.656252750000000e+03 -5.802987234939175e-07
7.658252820000000e+03 -2.219374783644778e-07
7.660252900000000e+03 3.485730734952681e-07
7.662252970000000e+03 5.858327385122965e-07
7.664253050000000e+03 2.630448768097912e-07
7.666253120000000e+03 -3.111911485706993e-07
7.668253200000000e+03 -5.879120772615676e-07
7.670253270000000e+03 -3.025958863616086e-07
7.672253350000000e+03 2.719796051155556e-07
7.674253420000000e+03 5.865252507206545e-07
7.676253500000000e+03 3.403573096621669e-07
7.678253570000000e+03 -2.311698748497655e-07
7.680253650000000e+03 -5.816804865643286e-07
7.682253720000000e+03 -3.761071754173318e-07
7.684253800000000e+03 1.890027977458765e-07
7.686253870000000e+03 5.734070240804861e-07
7.688253950000000e+03 4.096347083011578e-07
7.690254020000000e+03 -1.457272491425125e-07
7.692254100000000e+03 -5.617539441663730e-07
7.694254170000000e+03 -4.407429022902408e-07
7.696254250000000e+03 1.015985531685936e-07
7.698254320000000e+03 5.467905614988844e-07
7.700254400000000e+03 4.692482460864099e-07
7.702254470000000e+03 -5.687681471233017e-08
7.704254550000000e+03 -5.286053922261392e-07
7.706254620000000e+03 -4.949833024934070e-07
7.708254700000000e+03 1.182583342904233e-08
7.710254770000000e+03 5.073064218052692e-07
7.712254850000000e+03 5.177964455756373e-07
7.714254920000000e+03 3.328893345282006e-08
7.716255000000000e+03 -4.830194503342546e-07
7.718255070000000e+03 -5.375537672449145e-07
7.720255150000000e+03 -7.820126458276701e-08
7.722255220000000e+03 4.558881888805687e-07
7.724255300000000e+03 5.541389550195269e-07
7.726255370000000e+03 1.226465557463231e-07
7.728255450000000e+03 -4.260727814348967e-07
7.730255520000000e+03 -5.674551119268200e-07
7.732255600000000e+03 -1.663626238431902e-07
7.734255670000000e+03 3.937494106492611e-07
7.736255750000000e+03 5.774238629359091e-07
7.738255820000000e+03 2.090919088508510e-07
7.740255900000000e+03 -3.591089415668806e-07
7.742255970000000e+03 -5.839871940330329e-07
7.744256050000000e+03 -2.505824502414650e-07
7.746256120000000e+03 3.223559330044206e-07
7.748256200000000e+03 5.871065530767328e-07
7.750256270000000e+03 2.905901724922706e-07
7.752256350000000e+03 -2.837073865577893e-07
7.754256420000000e+03 -5.867642021172412e-07
7.756256500000000e+03 -3.288791378175555e-07
7.758256570000000e+03 2.433915825244928e-07
7.760256650000000e+03 5.829623590373713e-07
7.762256720000000e+03 3.652241683064244e-07
7.764256800000000e+03 -2.016463863089359e-07
7.766256870000000e+03 -5.757240978593250e-07
7.768256950000000e+03 -3.994109659559597e-07
7.770257020000000e+03 1.587180233405083e-07
7.772257100000000e+03 5.650923688418389e-07
7.774257170000000e+03 4.312384897461267e-07
7.776257250000000e+03 -1.148598023994886e-07
7.778257320000000e+03 -5.511307222813083e-07
7.780257400000000e+03 -4.605190674228336e-07
7.782257470000000e+03 7.033024528426469e-08
7.784257550000000e+03 5.339216344384545e-07
7.786257620000000e+03 4.870806331345077e-07
7.788257700000000e+03 -2.539205798886675e-08
7.790257770000000e+03 -5.135672240189372e-07
7.792257850000000e+03 -5.107667015198064e-07
7.794257920000000e+03 -1.968985919817909e-08
7.796258000000000e+03 4.901877607642307e-07
7.798258070000000e+03 5.314384631170985e-07
7.800258150000000e+03 6.464948850634238e-08
7.802258220000000e+03 -4.639215227597363e-07
7.804258300000000e+03 -5.489740932151494e-07
7.806258370000000e+03 -1.092218205366049e-07
7.808258450000000e+03 4.349235710042708e-07
7.810258520000000e+03 5.632710062222968e-07
7.812258600000000e+03 1.531439992825349e-07
7.814258670000000e+03 -4.033653704864098e-07
7.816258750000000e+03 -5.742451021184838e-07
7.818258820000000e+03 -1.961574339237717e-07
7.820258900000000e+03 3.694332560142775e-07
7.822258970000000e+03 5.818322909809837e-07
7.824259050000000e+03 2.380083877205670e-07
7.826259120000000e+03 -3.333278499443276e-07
7.828259200000000e+03 -5.859879553334455e-07
7.830259270000000e+03 -2.784506364055171e-07
7.832259350000000e+03 2.952621783695243e-07
7.834259420000000e+03 5.866883191978825e-07
7.836259500000000e+03 3.172457556589169e-07
7.838259570000000e+03 -2.554609700931468e-07
7.840259650000000e+03 -5.839294637762704e-07
7.842259720000000e+03 -3.541653938373160e-07
7.844259800000000e+03 2.141591699838098e-07
7.846259870000000e+03 5.777285295251395e-07
7.848259950000000e+03 3.889918249626894e-07
7.850260020000000e+03 -1.716002938355846e-07
7.852260100000000e+03 -5.681222243978557e-07
7.854260170000000e+03 -4.215202054155858e-07
7.856260250000000e+03 1.280354036124833e-07
7.858260320000000e+03 5.551679747918238e-07
7.860260400000000e+03 4.515588186493940e-07
7.862260470000000e+03 -8.372149193922459e-08
7.864260550000000e+03 -5.389424273998474e-07
7.866260620000000e+03 -4.789312496148770e-07
7.868260700000000e+03 3.892000196337702e-08
7.870260770000000e+03 5.195417457489726e-07
7.872260850000000e+03 5.034761653772025e-07
7.874260920000000e+03 6.104818365513441e-09
7.876261000000000e+03 -4.970804713379410e-07
7.878261070000000e+03 -5.250496582608534e-07
7.880261150000000e+03 -5.108742594822627e-08
7.882261220000000e+03 4.716916628431211e-07
7.884261300000000e+03 5.435247071528868e-07
7.886261370000000e+03 9.576273411366954e-08
7.888261450000000e+03 -4.435252118196984e-07
7.890261530000000e+03 -5.587929671938789e-07
7.892261600000000e+03 -1.398672239423580e-07
7.894261680000000e+03 4.127478179513719e-07
7.896261750000000e+03 5.707645295954054e-07
7.898261830000000e+03 1.831412754428683e-07
7.900261900000000e+03 -3.795411610138678e-07
7.902261980000000e+03 -5.793695185574973e-07
7.904262050000000e+03 -2.253297438969301e-07
7.906262130000000e+03 3.441015025461146e-07
7.908262200000000e+03 5.845573378368737e-07
7.910262280000000e+03 2.661841436960473e-07
7.912262350000000e+03 -3.066380443125206e-07
7.914262430000000e+03 -5.862982279244744e-07
7.916262500000000e+03 -3.054636070962053e-07
7.918262580000000e+03 2.673718244162070e-07
7.920262650000000e+03 5.845821082425400e-07
7.922262730000000e+03 3.429368886438429e-07
7.924262800000000e+03 -2.265345003509957e-07
7.926262880000000e+03 -5.794199659503626e-07
7.928262950000000e+03 -3.783830341312334e-07
7.930263030000000e+03 1.843671385605193e-07
7.932263100000000e+03 5.708424665575414e-07
7.934263180000000e+03 4.115936161414859e-07
7.936263250000000e+03 -1.411184264902543e-07
7.938263330000000e+03 -5.589007522084136e-07
7.940263400000000e+03 -4.423728627966023e-07
7.942263480000000e+03 9.704361413440917e-08
7.944263550000000e+03 5.436654513213259e-07
7.946263630000000e+03 4.705400846815845e-07
7.948263700000000e+03 -5.240273852120807e-08
7.950263780000000e+03 -5.252270217231213e-07
7.952263850000000e+03 -4.959293067272468e-07
7.954263930000000e+03 7.459025633447782e-09
7.956264000000000e+03 5.036943138533628e-07
7.958264080000000e+03 5.183914104477371e-07
7.960264150000000e+03 3.752240102282132e-08
7.962264230000000e+03 -4.791949878011338e-07
7.964264300000000e+03 -5.377941302221802e-07
7.966264380000000e+03 -8.227661257421573e-08
7.968264450000000e+03 4.518737534771346e-07
7.970264530000000e+03 5.540236825153481e-07
7.972264600000000e+03 1.265396757370173e-07
7.974264680000000e+03 -4.218923117009875e-07
7.976264750000000e+03 -5.669844194896129e-07
7.978264830000000e+03 -1.700507878503800e-07
7.980264900000000e+03 3.894276525888360e-07
7.982264980000000e+03 5.766007480249419e-07
7.984265050000000e+03 2.125534769755433e-07
7.986265130000000e+03 -3.546715280116677e-07
7.988265200000000e+03 -5.828161359884100e-07
7.990265280000000e+03 -2.537973410403846e-07
7.992265350000000e+03 3.178290423386084e-07
7.994265430000000e+03 5.855948284876264e-07
7.996265500000000e+03 2.935390853767820e-07
7.998265580000000e+03 -2.791177754860336e-07
8.000265650000000e+03 -5.849206376622422e-07
8.002265730000000e+03 -3.315448780663792e-07
8.004265800000000e+03 2.387659793989893e-07
8.006265880000000e+03 5.807982030902405e-07
8.008265950000000e+03 3.675906212643338e-07
8.010266030000000e+03 -1.970119884594585e-07
8.012266100000000e+03 -5.732520848578092e-07
8.014266180000000e+03 -4.014644516771421e-07
8.016266250000000e+03 1.541021956552223e-07
8.018266330000000e+03 5.623274117151706e-07
8.020266400000000e+03 4.329667281293890e-07
8.022266480000000e+03 -1.102897654478894e-07
8.024266550000000e+03 -5.480886296175830e-07
8.026266630000000e+03 -4.619122599044353e-07
8.028266700000000e+03 6.583317722335604e-08
8.030266780000000e+03 5.306205322907876e-07
8.032266850000000e+03 4.881305902690193e-07
8.034266930000000e+03 -2.099447557318082e-08
8.036267000000000e+03 -5.100263140909493e-07
8.038267080000000e+03 -5.114676557893657e-07
8.040267150000000e+03 -2.396188634635008e-08
8.042267230000000e+03 4.864281265959844e-07
8.044267300000000e+03 5.317858145674472e-07
8.046267380000000e+03 6.877094433747660e-08
8.048267450000000e+03 -4.599653338834759e-07
8.050267530000000e+03 -5.489661085116655e-07
8.052267600000000e+03 -1.131685872164132e-07
8.054267680000000e+03 4.307944612870870e-07
8.056267750000000e+03 5.629073200365598e-07
8.058267830000000e+03 1.568930831982516e-07
8.060267900000000e+03 -3.990877175826772e-07
8.062267980000000e+03 -5.735281087227923e-07
8.064268050000000e+03 -1.996864896184615e-07
8.066268130000000e+03 3.650324593127227e-07
8.068268200000000e+03 5.807660602315508e-07
8.070268280000000e+03 2.412968552450907e-07
8.072268350000000e+03 -3.288294569869010e-07
8.074268430000000e+03 -5.845792237283180e-07
8.076268500000000e+03 -2.814787630424591e-07
8.078268580000000e+03 2.906927536683859e-07
8.080268650000000e+03 5.849453692575739e-07
8.082268730000000e+03 3.199957853315270e-07
8.084268800000000e+03 -2.508473570371132e-07
8.086268880000000e+03 -5.818629846106459e-07
8.088268950000000e+03 -3.566209137247418e-07
8.090269030000000e+03 2.095285153562608e-07
8.092269100000000e+03 5.753502360453674e-07
8.094269180000000e+03 3.911387071734879e-07
8.096269250000000e+03 -1.669800826740453e-07
8.098269330000000e+03 -5.654464522584885e-07
8.100269400000000e+03 -4.233458415874989e-07
8.102269480000000e+03 1.234530342703178e-07
8.104269550000000e+03 5.522101126391912e-07
8.106269630000000e+03 4.530528453772522e-07
8.108269700000000e+03 -7.920409737217853e-08
8.110269780000000e+03 -5.357200537592278e-07
8.112269850000000e+03 -4.800845388009030e-07
8.114269930000000e+03 3.449418154319221e-08
8.116270000000000e+03 5.160738028524974e-07
8.118270080000000e+03 5.042822955377732e-07
8.120270150000000e+03 1.041319929369601e-08
8.122270230000000e+03 -4.933878041699324e-07
8.124270300000000e+03 -5.255034049903960e-07
8.126270380000000e+03 -5.525311777568454e-08
8.128270450000000e+03 4.677960230856325e-07
8.130270530000000e+03 5.436235533571747e-07
8.132270600000000e+03 9.976115653565821e-08
8.134270680000000e+03 -4.394498713811591e-07
8.136270750000000e+03 -5.585361414303600e-07
8.138270830000000e+03 -1.436750619407642e-07
8.140270900000000e+03 4.085164567135210e-07
8.142270980000000e+03 5.701539716836260e-07
8.144271050000000e+03 1.867357122592064e-07
8.146271130000000e+03 -3.751788793864161e-07
8.148271200000000e+03 -5.784087710443914e-07
8.150271280000000e+03 -2.286895974547187e-07
8.152271350000000e+03 3.396337285026459e-07
8.154271430000000e+03 5.832525362412921e-07
8.156271500000000e+03 2.692894336447995e-07
8.158271580000000e+03 -3.020910710414472e-07
8.160271650000000e+03 -5.846567365655383e-07
8.162271730000000e+03 -3.082962329464995e-07
8.164271800000000e+03 2.627725917511895e-07
8.166271880000000e+03 5.826139920111968e-07
8.168271950000000e+03 3.454801844942604e-07
8.170272030000000e+03 -2.219103502890737e-07
8.172272100000000e+03 -5.771363176304384e-07
8.174272180000000e+03 -3.806223797568331e-07
8.176272250000000e+03 1.797453605769622e-07
8.178272330000000e+03 5.682568799916810e-07
8.180272400000000e+03 4.135156775197086e-07
8.182272480000000e+03 -1.365264321850674e-07
8.184272550000000e+03 -5.560283708638856e-07
8.186272630000000e+03 -4.439667159801979e-07
8.188272710000000e+03 9.250829418924232e-08
8.190272780000000e+03 5.405235717093897e-07
8.192272859999999e+03 4.717958160701915e-07
8.194272929999999e+03 -4.795073948443761e-08
8.196273010000001e+03 -5.218340842141242e-07
8.198273080000001e+03 -4.968396558832995e-07
8.200273160000001e+03 3.116447455202373e-09
8.202273230000001e+03 5.000707762578682e-07
8.204273310000000e+03 5.189508116903536e-07
8.206273380000001e+03 4.173019846134150e-08
8.208273460000000e+03 -4.753619652652255e-07
8.210273530000000e+03 -5.379995787715799e-07
8.212273610000000e+03 -8.632450144042883e-08
8.214273680000000e+03 4.478540571817650e-07
8.216273760000000e+03 5.538738625385047e-07
8.218273830000000e+03 1.304037845376812e-07
8.220273910000000e+03 -4.177092321463634e-07
8.222273980000000e+03 -5.664807617399753e-07
8.224274060000000e+03 -1.737082048927470e-07
8.226274130000000e+03 3.851058562990691e-07
8.228274210000000e+03 5.757460105926477e-07
8.230274280000000e+03 2.159826505553630e-07
8.232274359999999e+03 -3.502365124471090e-07
8.234274429999999e+03 -5.816157836939498e-07
8.236274509999999e+03 -2.569780374942065e-07
8.238274579999999e+03 3.133071683152594e-07
8.240274659999999e+03 5.840553928547042e-07
8.242274729999999e+03 2.964529460218796e-07
8.244274810000001e+03 -2.745356727034728e-07
8.246274880000001e+03 -5.830513749556992e-07
8.248274960000001e+03 -3.341746858713407e-07
8.250275030000001e+03 2.341510233194551e-07
8.252275110000000e+03 5.786099347701553e-07
8.254275180000001e+03 3.699212762201692e-07
8.256275260000000e+03 -1.923912499886403e-07
8.258275330000000e+03 -5.707579863356423e-07
8.260275410000000e+03 -4.034817730220425e-07
8.262275480000000e+03 1.495028739820718e-07
8.264275560000000e+03 5.595420620815559e-07
8.266275630000000e+03 4.346589832899977e-07
8.268275710000000e+03 -1.057387524160424e-07
8.270275780000000e+03 -5.450290481339036e-07
8.272275860000000e+03 -4.632692283998696e-07
8.274275930000000e+03 6.135711380365569e-08
8.276276010000000e+03 5.273045309253239e-07
8.278276080000000e+03 4.891444097529286e-07
8.280276159999999e+03 -1.661991210155690e-08
8.282276229999999e+03 -5.064737506046575e-07
8.284276309999999e+03 -5.121322238595021e-07
8.286276379999999e+03 -2.820916179683032e-08
8.288276459999999e+03 4.826594974935643e-07
8.290276529999999e+03 5.320978153803591e-07
8.292276610000001e+03 7.286575222585116e-08
8.294276680000001e+03 -4.560029417445767e-07
8.296276760000001e+03 -5.489235048733737e-07
8.298276830000001e+03 -1.170866229772314e-07
8.300276910000000e+03 4.266615195722391e-07
8.302276980000001e+03 5.625108473680484e-07
8.304277060000000e+03 1.606112349285657e-07
8.306277130000000e+03 -3.948087572122177e-07
8.308277210000000e+03 -5.727796316631092e-07
8.310277280000000e+03 -2.031831727298152e-07
8.312277360000000e+03 3.606326744686382e-07
8.314277430000000e+03 5.796702168480973e-07
8.316277510000000e+03 2.445514427417490e-07
8.318277580000000e+03 -3.243352941235665e-07
8.320277660000000e+03 -5.831421517477186e-07
8.322277730000000e+03 -2.844724541059952e-07
8.324277810000000e+03 2.861305274709558e-07
8.326277880000000e+03 5.831757331451640e-07
8.328277959999999e+03 3.227106730593988e-07
8.330278029999999e+03 -2.462440668329351e-07
8.332278109999999e+03 -5.797710792144167e-07
8.334278179999999e+03 -3.590411677997139e-07
8.336278259999999e+03 2.049110542671552e-07
8.338278329999999e+03 5.729490557393498e-07
8.340278410000001e+03 3.932497493183166e-07
8.342278480000001e+03 -1.623755498419631e-07
8.344278560000001e+03 -5.627498739451339e-07
8.346278630000001e+03 -4.251352388998227e-07
8.348278710000001e+03 1.188885241892657e-07
8.350278780000001e+03 5.492344895294668e-07
8.352278860000000e+03 4.545099410504189e-07
8.354278930000000e+03 -7.470651501623493e-08
8.356279010000000e+03 -5.324825409506879e-07
8.358279080000000e+03 -4.812012709755536e-07
8.360279160000000e+03 3.009019089052458e-08
8.362279230000000e+03 5.125936200595472e-07
8.364279310000000e+03 5.050518772856653e-07
8.366279380000000e+03 1.469734130864087e-08
8.368279460000000e+03 -4.896851515908232e-07
8.370279530000000e+03 -5.259218527908821e-07
8.372279610000000e+03 -5.939221511174242e-08
8.374279680000000e+03 4.638928775953182e-07
8.376279759999999e+03 5.436880859965943e-07
8.378279829999999e+03 1.037309425081243e-07
8.380279909999999e+03 -4.353691861552901e-07
8.382279979999999e+03 -5.582466075019279e-07
8.384280059999999e+03 -1.474521435622604e-07
8.386280129999999e+03 4.042828441276581e-07
8.388280210000001e+03 5.695116649426335e-07
8.390280280000001e+03 1.902982150257517e-07
8.392280360000001e+03 -3.708170611590094e-07
8.394280430000001e+03 -5.774176187713605e-07
8.396280510000001e+03 -2.320164434037837e-07
8.398280580000001e+03 3.351697309139072e-07
8.400280660000000e+03 5.819182188051299e-07
8.402280730000000e+03 2.723611573019253e-07
8.404280810000000e+03 -2.975510003162300e-07
8.406280880000000e+03 -5.829877181051813e-07
8.408280960000000e+03 -3.110944125331158e-07
8.410281030000000e+03 2.581831055929363e-07
8.412281110000000e+03 5.806198191718054e-07
8.414281180000000e+03 3.479882728639250e-07
8.416281260000000e+03 -2.172982961535527e-07
8.418281330000000e+03 -5.748293528980181e-07
8.420281410000000e+03 -3.828254970969168e-07
8.422281480000000e+03 1.751379640302086e-07
8.424281559999999e+03 5.656504331032822e-07
8.426281629999999e+03 4.154011630623814e-07
8.428281709999999e+03 -1.319509240220540e-07
8.430281779999999e+03 -5.531379499180062e-07
8.432281859999999e+03 -4.455232964851971e-07
8.434281929999999e+03 8.799198410379609e-08
8.436282010000001e+03 5.373658003111552e-07
8.438282080000001e+03 4.730149201472660e-07
8.440282160000001e+03 -4.352017374553698e-08
8.442282230000001e+03 -5.184277637629542e-07
8.444282310000001e+03 -4.977139207239104e-07
8.446282380000001e+03 -1.202153372869857e-09
8.448282460000000e+03 4.964358123885454e-07
8.450282530000000e+03 5.194752844450728e-07
8.452282610000000e+03 4.591141895445096e-08
8.454282680000000e+03 -4.715203074298323e-07
8.456282760000000e+03 -5.381707629081219e-07
8.458282830000000e+03 -9.034406910394036e-08
8.460282910000000e+03 4.438281410073557e-07
8.462282980000000e+03 5.536908907504663e-07
8.464283060000000e+03 1.342380549304310e-07
8.466283130000000e+03 -4.135232837643292e-07
8.468283210000000e+03 -5.659444639178083e-07
8.470283280000000e+03 -1.773346662775928e-07
8.472283359999999e+03 3.807843556185586e-07
8.474283429999999e+03 5.748600081821400e-07
8.476283509999999e+03 2.193797318228870e-07
8.478283579999999e+03 -3.458048813993787e-07
8.480283659999999e+03 -5.803850673090771e-07
8.482283740000001e+03 -2.601256380283636e-07
8.484283810000001e+03 3.087912325055266e-07
8.486283890000001e+03 5.824879152443334e-07
8.488283960000001e+03 2.993323568011428e-07
8.490284040000000e+03 -2.699621518852362e-07
8.492284110000001e+03 -5.811561254764708e-07
8.494284190000000e+03 -3.367690747140844e-07
8.496284260000000e+03 2.295467636702982e-07
8.498284340000000e+03 5.763982831071760e-07
8.500284410000000e+03 3.722152412334228e-07
8.502284490000000e+03 -1.877837357326977e-07
8.504284560000000e+03 -5.682425644394876e-07
8.506284640000000e+03 -4.054623976848417e-07
8.508284710000000e+03 1.449192412124515e-07
8.510284790000000e+03 5.567378874602047e-07
8.512284860000000e+03 4.363144603132818e-07
8.514284940000000e+03 -1.012062976961288e-07
8.516285010000000e+03 -5.419523317712276e-07
8.518285089999999e+03 -4.645900454170673e-07
8.520285159999999e+03 5.690248251983911e-08
8.522285239999999e+03 5.239738629716748e-07
8.524285309999999e+03 4.901224848023218e-07
8.526285389999999e+03 -1.226908022005218e-08
8.528285459999999e+03 -5.029086078057594e-07
8.530285540000001e+03 -5.127618949315637e-07
8.532285610000001e+03 -3.243066137509705e-08
8.534285690000001e+03 4.788815052235844e-07
8.536285760000001e+03 5.323750205203817e-07
8.538285840000000e+03 7.693312852805996e-08
8.540285910000001e+03 -4.520341498511942e-07
8.542285990000000e+03 -5.488469475372995e-07
8.544286060000000e+03 -1.209758945862579e-07
8.546286140000000e+03 4.225254090051775e-07
8.548286210000000e+03 5.620807930696945e-07
8.550286290000000e+03 1.642993474597726e-07
8.552286360000000e+03 -3.905294053686510e-07
8.554286440000000e+03 -5.719993201358395e-07
8.556286510000000e+03 -2.066481718507787e-07
8.558286590000000e+03 3.562353865002226e-07
8.560286660000000e+03 5.785440068178620e-07
8.562286740000000e+03 2.477729084064529e-07
8.564286810000000e+03 -3.198456978654901e-07
8.566286889999999e+03 -5.816770075780328e-07
8.568286959999999e+03 -2.874313340422273e-07
8.570287039999999e+03 2.815754537625859e-07
8.572287109999999e+03 5.813799662899946e-07
8.574287189999999e+03 3.253900033163132e-07
8.576287259999999e+03 -2.416503544151439e-07
8.578287340000001e+03 -5.776554159671831e-07
8.580287410000001e+03 -3.614250808765213e-07
8.582287490000001e+03 2.003061828323320e-07
8.584287560000001e+03 5.705255211453026e-07
8.586287640000000e+03 3.953245056593190e-07
8.588287710000001e+03 -1.577865373092324e-07
8.590287790000000e+03 -5.600331830472775e-07
8.592287860000000e+03 -4.268884846177113e-07
8.594287940000000e+03 1.143423475758424e-07
8.596288010000000e+03 5.462404745042142e-07
8.598288090000000e+03 4.559313608462477e-07
8.600288160000000e+03 -7.022981552535946e-08
8.602288240000000e+03 -5.292295051702287e-07
8.604288310000000e+03 -4.822820865093523e-07
8.606288390000000e+03 2.570921674174821e-08
8.608288460000000e+03 5.091004930903643e-07
8.610288540000000e+03 5.057859659366286e-07
8.612288610000000e+03 1.895693369527270e-08
8.614288689999999e+03 -4.859728305904137e-07
8.616288759999999e+03 -5.263047055882607e-07
8.618288839999999e+03 -6.350511094008906e-08
8.620288909999999e+03 4.599829521486781e-07
8.622288989999999e+03 5.437180337473977e-07
8.624289059999999e+03 1.076727221761140e-07
8.626289140000001e+03 -4.312847428340710e-07
8.628289210000001e+03 -5.579233047476972e-07
8.630289290000001e+03 -1.511994598647662e-07
8.632289360000001e+03 4.000475457324038e-07
8.634289440000000e+03 5.688374636593745e-07
8.636289510000001e+03 1.938289295717560e-07
8.638289590000000e+03 -3.664562607152022e-07
8.640289660000000e+03 -5.763962794945942e-07
8.642289740000000e+03 -2.353100112337679e-07
8.644289810000000e+03 3.307090444044772e-07
8.646289890000000e+03 5.805558377785779e-07
8.648289960000000e+03 2.753981857979569e-07
8.650290040000000e+03 -2.930171728259725e-07
8.652290110000000e+03 -5.812918359212512e-07
8.654290190000000e+03 -3.138573607020663e-07
8.656290260000000e+03 2.536027620572867e-07
8.658290340000000e+03 5.786008189894300e-07
8.660290410000000e+03 3.504608591893681e-07
8.662290489999999e+03 -2.126985826586990e-07
8.664290559999999e+03 -5.724988777014279e-07
8.666290639999999e+03 -3.849931105336011e-07
8.668290709999999e+03 1.705457892685849e-07
8.670290789999999e+03 5.630228123885032e-07
8.672290859999999e+03 4.172506899003068e-07
8.674290940000001e+03 -1.273932099327354e-07
8.676291010000001e+03 -5.502285252709322e-07
8.678291090000001e+03 -4.470439790573203e-07
8.680291160000001e+03 8.349531483650692e-08
8.682291240000000e+03 5.341921686164450e-07
8.684291310000001e+03 4.741975540133246e-07
8.686291390000000e+03 -3.911129996260553e-08
8.688291460000000e+03 -5.150083700388993e-07
8.690291540000000e+03 -4.985519621593468e-07
8.692291610000000e+03 -5.497216894893911e-09
8.694291690000000e+03 4.927908556714112e-07
8.696291760000000e+03 5.199637586389223e-07
8.698291840000000e+03 5.006713280751950e-08
8.700291910000000e+03 -4.676708123469875e-07
8.702291990000000e+03 -5.383072819790090e-07
8.704292060000000e+03 -9.433583671550310e-08
8.706292140000000e+03 4.397971607814515e-07
8.708292210000000e+03 5.534745065177573e-07
8.710292289999999e+03 1.380424105727817e-07
8.712292359999999e+03 -4.093343342046714e-07
8.714292439999999e+03 -5.653765371833905e-07
8.716292509999999e+03 -1.809293137620055e-07
8.718292589999999e+03 3.764626089455970e-07
8.720292659999999e+03 5.739434559958457e-07
8.722292740000001e+03 2.227438042035027e-07
8.724292810000001e+03 -3.413758038160390e-07
8.726292890000001e+03 -5.791255770117296e-07
8.728292960000001e+03 -2.632394093134463e-07
8.730293040000000e+03 3.042812332826293e-07
8.732293110000001e+03 5.808925476442918e-07
8.734293190000000e+03 3.021774324025964e-07
8.736293260000000e+03 -2.653975670884798e-07
8.738293340000000e+03 -5.792347966142672e-07
8.740293410000000e+03 -3.393285136883873e-07
8.742293490000000e+03 2.249544443576073e-07
8.744293560000000e+03 5.741622827232755e-07
8.746293640000000e+03 3.744739683218885e-07
8.748293710000000e+03 -1.831904008441810e-07
8.750293790000000e+03 -5.657055830537760e-07
8.752293860000000e+03 -4.074067787239090e-07
8.754293940000000e+03 1.403521748782423e-07
8.756294010000000e+03 5.539146350029476e-07
8.758294089999999e+03 4.379333323351657e-07
8.760294159999999e+03 -9.669226568437434e-08
8.762294239999999e+03 -5.388595946417993e-07
8.764294309999999e+03 -4.658738993087578e-07
8.766294389999999e+03 5.246839886810922e-08
8.768294459999999e+03 5.206294279232579e-07
8.770294540000001e+03 4.910642208289265e-07
8.772294610000001e+03 -7.941258683912551e-09
8.774294690000001e+03 -4.993324583262032e-07
8.776294770000000e+03 -5.133558855945419e-07
8.778294840000000e+03 -3.662663885890811e-08
8.780294920000000e+03 4.750943388411787e-07
8.782294990000000e+03 5.326179317331004e-07
8.784295070000000e+03 8.097270094376593e-08
8.786295140000000e+03 -4.480587746095290e-07
8.788295220000000e+03 -5.487370374826387e-07
8.790295290000000e+03 -1.248354492149146e-07
8.792295370000000e+03 4.183853068997642e-07
8.794295440000000e+03 5.616188563137292e-07
8.796295520000000e+03 1.679563341024990e-07
8.798295590000000e+03 -3.862493626081666e-07
8.800295670000000e+03 -5.711876305691119e-07
8.802295740000000e+03 -2.100810618106485e-07
8.804295819999999e+03 3.518403891549483e-07
8.806295889999999e+03 5.773877981418333e-07
8.808295969999999e+03 2.509614448964929e-07
8.810296039999999e+03 -3.153617622225575e-07
8.812296120000001e+03 -5.801830783408058e-07
8.814296189999999e+03 -2.903566130596480e-07
8.816296270000001e+03 2.770286058698094e-07
8.818296340000001e+03 5.795576258591740e-07
8.820296420000001e+03 3.280344335539892e-07
8.822296490000001e+03 -2.370675300392332e-07
8.824296570000000e+03 -5.755152321412883e-07
8.826296640000000e+03 -3.637732512617918e-07
8.828296720000000e+03 1.957141030049703e-07
8.830296790000000e+03 5.680804057973532e-07
8.832296870000000e+03 3.973626231851266e-07
8.834296940000000e+03 -1.532126446554532e-07
8.836297020000000e+03 -5.572971247465866e-07
8.838297090000000e+03 -4.286048705106546e-07
8.840297170000000e+03 1.098137582025932e-07
8.842297240000000e+03 5.432297866056264e-07
8.844297320000000e+03 4.573159689233545e-07
8.846297390000000e+03 -6.577340558946434e-08
8.848297470000000e+03 -5.259614494416199e-07
8.850297540000000e+03 -4.833270118955817e-07
8.852297619999999e+03 2.135110710908503e-08
8.854297689999999e+03 5.055948304992513e-07
8.856297769999999e+03 5.064848280502674e-07
8.858297839999999e+03 2.319106359733429e-08
8.860297920000001e+03 -4.822501896431139e-07
8.862297989999999e+03 -5.266534377104586e-07
8.864298070000001e+03 -6.759063363016930e-08
8.866298140000001e+03 4.560657199012279e-07
8.868298220000001e+03 5.437141098366352e-07
8.870298290000001e+03 1.115856345079490e-07
8.872298370000000e+03 -4.271958595640755e-07
8.874298440000000e+03 -5.575671141855069e-07
8.876298520000000e+03 -1.549167856553813e-07
8.878298590000000e+03 3.958113914182097e-07
8.880298670000000e+03 5.681310255127528e-07
8.882298740000000e+03 1.973285843462873e-07
8.884298820000000e+03 -3.620973424564323e-07
8.886298890000000e+03 -5.753441860486915e-07
8.888298970000000e+03 -2.385710755245860e-07
8.890299040000000e+03 3.262531541087529e-07
8.892299120000000e+03 5.791642989193534e-07
8.894299190000000e+03 2.784014861377025e-07
8.896299270000000e+03 -2.884902020993199e-07
8.898299340000000e+03 -5.795694382609736e-07
8.900299419999999e+03 -3.165851763383657e-07
8.902299489999999e+03 2.490317696045415e-07
8.904299569999999e+03 5.765573162391774e-07
8.906299639999999e+03 3.528972903182190e-07
8.908299720000001e+03 -2.081105479372469e-07
8.910299789999999e+03 -5.701464817538109e-07
8.912299870000001e+03 -3.871240416968117e-07
8.914299940000001e+03 1.659680482331379e-07
8.916300020000001e+03 5.603748767874474e-07
8.918300090000001e+03 4.190638468066142e-07
8.920300170000000e+03 -1.228526971880169e-07
8.922300240000000e+03 -5.473010639274720e-07
8.924300320000000e+03 -4.485285116617887e-07
8.926300390000000e+03 7.901896417384989e-08
8.928300470000000e+03 5.310023036277302e-07
8.930300540000000e+03 4.753447792588416e-07
8.932300620000000e+03 -3.472503110809907e-08
8.934300690000000e+03 -5.115753450562480e-07
8.936300770000000e+03 -4.993547051305212e-07
8.938300840000000e+03 -9.767582519182298e-09
8.940300920000000e+03 4.891349156295387e-07
8.942300990000000e+03 5.204174853823044e-07
8.944301070000000e+03 5.419660959610303e-08
8.946301140000000e+03 -4.638138997260599e-07
8.948301219999999e+03 -5.384091700304331e-07
8.950301289999999e+03 -9.829994324865109e-08
8.952301369999999e+03 4.357615112307205e-07
8.954301439999999e+03 5.532242862964548e-07
8.956301520000001e+03 1.418176211643067e-07
8.958301589999999e+03 -4.051439010211984e-07
8.960301670000001e+03 -5.647758515052684e-07
8.962301740000001e+03 -1.844932510003551e-07
8.964301820000001e+03 3.721416550957315e-07
8.966301890000001e+03 5.729962585185098e-07
8.968301970000000e+03 2.260753686294054e-07
8.970302040000000e+03 -3.369500755413495e-07
8.972302120000000e+03 -5.778370934189373e-07
8.974302190000000e+03 -2.663190048452086e-07
8.976302270000000e+03 2.997767355989827e-07
8.978302340000000e+03 5.792706152996932e-07
8.980302420000000e+03 3.049872665933040e-07
8.982302490000000e+03 -2.608412270476899e-07
8.984302570000000e+03 -5.772884848191448e-07
8.986302640000000e+03 -3.418522419257702e-07
8.988302720000000e+03 2.203731804127909e-07
8.990302790000000e+03 5.719033049944142e-07
8.992302870000000e+03 3.766966757013380e-07
8.994302940000000e+03 -1.786114843436248e-07
8.996303019999999e+03 -5.631470372981658e-07
8.998303089999999e+03 -4.093155000372446e-07
9.000303169999999e+03 1.358021087488443e-07
9.002303239999999e+03 5.510720375691871e-07
9.004303320000001e+03 4.395164896693770e-07
9.006303389999999e+03 -9.219795083326177e-08
9.008303470000001e+03 -5.357497956060995e-07
9.010303540000001e+03 -4.671221892223691e-07
9.012303620000001e+03 4.805601588724403e-08
9.014303690000001e+03 5.172712006811740e-07
9.016303770000000e+03 4.919700617114217e-07
9.018303840000000e+03 -3.636862205966659e-09
9.020303920000000e+03 -4.957451469246498e-07
9.022303990000000e+03 -5.139142032851473e-07
9.024304070000000e+03 -4.079761783918699e-08
9.026304140000000e+03 4.712993854091197e-07
9.028304220000000e+03 5.328256398806133e-07
9.030304290000000e+03 8.498542253394430e-08
9.032304370000000e+03 -4.440780447036525e-07
9.034304440000000e+03 -5.485932891154122e-07
9.036304520000000e+03 -1.286661180318379e-07
9.038304590000000e+03 4.142424170735685e-07
9.040304670000000e+03 5.611242894783149e-07
9.042304740000000e+03 1.715823108229547e-07
9.044304819999999e+03 -3.819685721096457e-07
9.046304889999999e+03 -5.703454971997271e-07
9.048304969999999e+03 -2.134813197156928e-07
9.050305039999999e+03 3.474473612598654e-07
9.052305120000001e+03 5.762025897794362e-07
9.054305189999999e+03 2.541160605729563e-07
9.056305270000001e+03 -3.108824507031936e-07
9.058305340000001e+03 -5.786618856567976e-07
9.060305420000001e+03 -2.932471271968104e-07
9.062305490000001e+03 2.724897845120155e-07
9.064305570000000e+03 5.777091406255625e-07
9.066305640000000e+03 3.306440225689220e-07
9.068305720000000e+03 -2.324955272395995e-07
9.070305800000000e+03 -5.733507575775769e-07
9.072305870000000e+03 -3.660862697092436e-07
9.074305950000000e+03 1.911360922725563e-07
9.076306020000000e+03 5.656127439688781e-07
9.078306100000000e+03 3.993653437102532e-07
9.080306170000000e+03 -1.486551549456449e-07
9.082306250000000e+03 -5.545413176792325e-07
9.084306320000000e+03 -4.302852664414249e-07
9.086306399999999e+03 1.053036288372561e-07
9.088306470000000e+03 5.402017683819847e-07
9.090306549999999e+03 4.586642720238647e-07
9.092306619999999e+03 -6.133721339781042e-08
9.094306699999999e+03 -5.226794903172772e-07
9.096306769999999e+03 -4.843354261688856e-07
9.098306850000001e+03 1.701530842237094e-08
9.100306920000001e+03 5.020777014295920e-07
9.102307000000001e+03 5.071477479593610e-07
9.104307070000001e+03 2.740082583810154e-08
9.106307150000001e+03 -4.785187110945539e-07
9.108307220000001e+03 -5.269669419009489e-07
9.110307300000000e+03 -7.164931723078127e-08
9.112307370000000e+03 4.521416707462949e-07
9.114307450000000e+03 5.436767673226760e-07
9.116307520000000e+03 1.154695885201198e-07
9.118307600000000e+03 -4.231027508479322e-07
9.120307670000000e+03 -5.571786665413960e-07
9.122307750000000e+03 -1.586031292951926e-07
9.124307820000000e+03 3.915733338870303e-07
9.126307900000000e+03 5.673938215771338e-07
9.128307970000000e+03 2.007959005836745e-07
9.130308050000000e+03 -3.577398127710171e-07
9.132308120000000e+03 -5.742622963749688e-07
9.134308199999999e+03 -2.417991774079386e-07
9.136308270000000e+03 3.218015607213198e-07
9.138308349999999e+03 5.777443519408693e-07
9.140308419999999e+03 2.813711230437861e-07
9.142308499999999e+03 -2.839710903492585e-07
9.144308569999999e+03 -5.778197829638451e-07
9.146308650000001e+03 -3.192787535902953e-07
9.148308720000001e+03 2.444712410687609e-07
9.150308800000001e+03 5.744887965098142e-07
9.152308870000001e+03 3.552987643743154e-07
9.154308950000001e+03 -2.035354492581248e-07
9.156309020000001e+03 -5.677711565674569e-07
9.158309100000000e+03 -3.892191862454118e-07
9.160309170000000e+03 1.614052716029062e-07
9.162309250000000e+03 5.577072322758510e-07
9.164309320000000e+03 4.208403874402566e-07
9.166309400000000e+03 -1.183293797455709e-07
9.168309470000000e+03 -5.443562353078007e-07
9.170309550000000e+03 -4.499762836749222e-07
9.172309620000000e+03 7.456175781270188e-08
9.174309700000000e+03 5.277977746071994e-07
9.176309770000000e+03 4.764553754498468e-07
9.178309850000000e+03 -3.036064268370248e-08
9.180309920000000e+03 -5.081297177536663e-07
9.182309999999999e+03 -5.001220117096868e-07
9.184310070000000e+03 -1.401360848604064e-08
9.186310149999999e+03 4.854687608005154e-07
9.188310219999999e+03 5.208365634440352e-07
9.190310299999999e+03 5.829917943523175e-08
9.192310369999999e+03 -4.599487108593432e-07
9.194310450000001e+03 -5.384776658557441e-07
9.196310520000001e+03 -1.022352691298052e-07
9.198310600000001e+03 4.317206932821453e-07
9.200310670000001e+03 5.529415104790103e-07
9.202310750000001e+03 1.455627111015009e-07
9.204310820000001e+03 -4.009510970375453e-07
9.206310900000000e+03 -5.641435343585264e-07
9.208310970000000e+03 -1.880259468488088e-07
9.210311050000000e+03 3.678219788495507e-07
9.212311120000000e+03 5.720180396152410e-07
9.214311200000000e+03 2.293748286583572e-07
9.216311270000000e+03 -3.325284276969463e-07
9.218311350000000e+03 -5.765192881534364e-07
9.220311420000000e+03 -2.693656584204603e-07
9.222311500000000e+03 2.952792428321652e-07
9.224311570000000e+03 5.776209340305329e-07
9.226311650000000e+03 3.077628838963841e-07
9.228311720000000e+03 -2.562941674410514e-07
9.230311799999999e+03 -5.753171890453161e-07
9.232311870000000e+03 -3.443404818303670e-07
9.234311949999999e+03 2.158034934513963e-07
9.236312019999999e+03 5.696215013273774e-07
9.238312099999999e+03 3.788831061080553e-07
9.240312169999999e+03 -1.740460474624826e-07
9.242312250000001e+03 -5.605683972012349e-07
9.244312320000001e+03 -4.111873946422379e-07
9.246312400000001e+03 1.312684043129117e-07
9.248312470000001e+03 5.482113779915452e-07
9.250312550000001e+03 4.410632373320467e-07
9.252312620000001e+03 -8.772255753092844e-08
9.254312700000000e+03 -5.326240901430768e-07
9.256312770000000e+03 -4.683344366520372e-07
9.258312850000000e+03 4.366551240689986e-08
9.260312920000000e+03 5.138987244686986e-07
9.262313000000000e+03 4.928408466361479e-07
9.264313070000000e+03 6.432677034730393e-10
9.266313150000000e+03 -4.921464448060417e-07
9.268313220000000e+03 -5.144380855185454e-07
9.270313300000000e+03 -4.494227016585481e-08
9.272313370000000e+03 4.674954925858209e-07
9.274313450000000e+03 5.329994304681107e-07
9.276313520000000e+03 8.897030328646278e-08
9.278313599999999e+03 -4.400919084251846e-07
9.280313670000000e+03 -5.484158582579523e-07
9.282313749999999e+03 -1.324677755425323e-07
9.284313819999999e+03 4.100970553544045e-07
9.286313899999999e+03 5.605971623988141e-07
9.288313969999999e+03 1.751782295201288e-07
9.290314050000001e+03 -3.776885745504194e-07
9.292314119999999e+03 -5.694717086572066e-07
9.294314200000001e+03 -2.168499095495560e-07
9.296314270000001e+03 3.430575490450347e-07
9.298314350000001e+03 5.749878816118661e-07
9.300314420000001e+03 2.572374960857647e-07
9.302314500000000e+03 -3.064087716789104e-07
9.304314570000000e+03 -5.771130920852530e-07
9.306314650000000e+03 -2.961030856112071e-07
9.308314720000000e+03 2.679585144369012e-07
9.310314800000000e+03 5.758356746668056e-07
9.312314870000000e+03 3.332177991731536e-07
9.314314950000000e+03 -2.279339933534704e-07
9.316315020000000e+03 -5.711631922590644e-07
9.318315100000000e+03 -3.683630848538801e-07
9.320315170000000e+03 1.865709845820680e-07
9.322315250000000e+03 5.631240138223580e-07
9.324315320000000e+03 4.013317841252852e-07
9.326315399999999e+03 -1.441137795424674e-07
9.328315470000000e+03 -5.517659004701537e-07
9.330315549999999e+03 -4.319299497760976e-07
9.332315619999999e+03 1.008124311299769e-07
9.334315699999999e+03 5.371566179519142e-07
9.336315769999999e+03 4.599771859090006e-07
9.338315850000001e+03 -5.692262101663028e-08
9.340315919999999e+03 -5.193823299749580e-07
9.342316000000001e+03 -4.853086739795450e-07
9.344316070000001e+03 1.270299591431791e-08
9.346316150000001e+03 4.985486331854527e-07
9.348316220000001e+03 5.077754778174929e-07
9.350316300000000e+03 3.158548081344038e-08
9.352316370000000e+03 -4.747782163474752e-07
9.354316450000000e+03 -5.272457446556202e-07
9.356316520000000e+03 -7.568160074026248e-08
9.358316600000000e+03 4.482120166353509e-07
9.360316670000000e+03 5.436049023187529e-07
9.362316750000000e+03 1.193253169610426e-07
9.364316830000000e+03 -4.190065837844507e-07
9.366316900000000e+03 -5.567571890946277e-07
9.368316980000000e+03 -1.622596545132503e-07
9.370317050000000e+03 3.873348705903150e-07
9.372317129999999e+03 5.666251008609201e-07
9.374317200000000e+03 2.042314834462633e-07
9.376317279999999e+03 -3.533838420061143e-07
9.378317349999999e+03 -5.731511583498588e-07
9.380317429999999e+03 -2.449936765133023e-07
9.382317499999999e+03 3.173543054926833e-07
9.384317580000001e+03 5.762968803011351e-07
9.386317650000001e+03 2.843060538661066e-07
9.388317730000001e+03 -2.794585367323818e-07
9.390317800000001e+03 -5.760445441031978e-07
9.392317880000001e+03 -3.219370013529347e-07
9.394317950000001e+03 2.399205867420139e-07
9.396318030000000e+03 5.723959989406798e-07
9.398318100000000e+03 3.576648465424695e-07
9.400318180000000e+03 -1.989732842973608e-07
9.402318250000000e+03 -5.653735443720667e-07
9.404318330000000e+03 -3.912789483181568e-07
9.406318400000000e+03 1.568585002850118e-07
9.408318480000000e+03 5.550187145436707e-07
9.410318550000000e+03 4.225815300274306e-07
9.412318630000000e+03 -1.138243795029487e-07
9.414318700000000e+03 -5.413934371545380e-07
9.416318780000000e+03 -4.513884216422163e-07
9.418318850000000e+03 7.012506991779016e-08
9.420318929999999e+03 5.245779417653222e-07
9.422319000000000e+03 4.775302159350711e-07
9.424319079999999e+03 -2.601829515969211e-08
9.426319149999999e+03 -5.046721159522278e-07
9.428319229999999e+03 -5.008531402011347e-07
9.430319299999999e+03 -1.823565140899406e-08
9.432319380000001e+03 4.817932602337234e-07
9.434319450000001e+03 5.212203109706884e-07
9.436319530000001e+03 6.237611865040580e-08
9.438319600000001e+03 -4.560770908645193e-07
9.440319680000001e+03 -5.385117258752520e-07
9.442319750000001e+03 -1.061426404148630e-07
9.444319830000000e+03 4.276754137718528e-07
9.446319900000000e+03 5.526260252184680e-07
9.448319980000000e+03 1.492775983481478e-07
9.450320050000000e+03 -3.967564331789872e-07
9.452320130000000e+03 -5.634800186991743e-07
9.454320200000000e+03 -1.915267141088042e-07
9.456320280000000e+03 3.635024310028309e-07
9.458320350000000e+03 5.710104532570125e-07
9.460320430000000e+03 2.326410555370891e-07
9.462320500000000e+03 -3.281102245602498e-07
9.464320580000000e+03 -5.751732282670359e-07
9.466320650000000e+03 -2.723782841632182e-07
9.468320729999999e+03 2.907881857252007e-07
9.470320800000000e+03 5.759445526454385e-07
9.472320879999999e+03 3.105041611413134e-07
9.474320949999999e+03 -2.517568908275399e-07
9.476321029999999e+03 -5.733201742203927e-07
9.478321099999999e+03 -3.467941097720723e-07
9.480321180000001e+03 2.112463287490920e-07
9.482321250000001e+03 5.673164226145486e-07
9.484321330000001e+03 3.810344553419056e-07
9.486321400000001e+03 -1.694958746627634e-07
9.488321480000001e+03 -5.579686272009974e-07
9.490321550000001e+03 -4.130236218523917e-07
9.492321630000000e+03 1.267516890429226e-07
9.494321700000000e+03 5.453326598721790e-07
9.496321780000000e+03 4.425734731845992e-07
9.498321850000000e+03 -8.326624450467164e-08
9.500321930000000e+03 -5.294830005654702e-07
9.502322000000000e+03 -4.695102967202962e-07
9.504322080000000e+03 3.929580394547684e-08
9.506322150000000e+03 5.105138993654546e-07
9.508322230000000e+03 4.936753756200897e-07
9.510322300000000e+03 4.900042971074886e-09
9.512322380000000e+03 -4.885373240879258e-07
9.514322450000000e+03 -5.149267721234485e-07
9.516322529999999e+03 -4.906117276499571e-08
9.518322600000000e+03 4.636836801302583e-07
9.520322679999999e+03 5.331392747945366e-07
9.522322749999999e+03 9.292710197301308e-08
9.524322829999999e+03 -4.360996645155315e-07
9.526322899999999e+03 -5.482060750357141e-07
9.528322980000001e+03 -1.362393728221716e-07
9.530323050000001e+03 4.059486912956308e-07
9.532323130000001e+03 5.600385589758339e-07
9.534323200000001e+03 1.787425898376068e-07
9.536323280000001e+03 -3.734082833573131e-07
9.538323350000001e+03 -5.685676963921909e-07
9.540323430000000e+03 -2.201862870379623e-07
9.542323500000000e+03 3.386709405419997e-07
9.544323580000000e+03 5.737435838175995e-07
9.546323650000000e+03 2.603260607556101e-07
9.548323730000000e+03 -3.019413583159181e-07
9.550323800000000e+03 -5.755365237930561e-07
9.552323880000000e+03 -2.989254567020295e-07
9.554323950000000e+03 2.634366501742353e-07
9.556324030000000e+03 5.739359286500792e-07
9.558324100000000e+03 3.357570944217279e-07
9.560324180000000e+03 -2.233837961520437e-07
9.562324250000000e+03 -5.689520310704057e-07
9.564324329999999e+03 -3.706042908191791e-07
9.566324400000000e+03 1.820195964611173e-07
9.568324479999999e+03 5.606142514955597e-07
9.570324549999999e+03 4.032619679023411e-07
9.572324629999999e+03 -1.395878986425507e-07
9.574324699999999e+03 -5.489724262299324e-07
9.576324780000001e+03 -4.335377546940477e-07
9.578324850000001e+03 9.633933426071528e-08
9.580324930000001e+03 5.340953289297039e-07
9.582325000000001e+03 4.612536007658660e-07
9.584325080000001e+03 -5.252850991813218e-08
9.586325150000001e+03 -5.160715517368824e-07
9.588325230000000e+03 -4.862462570679328e-07
9.590325300000000e+03 8.414006442081603e-09
9.592325380000000e+03 4.950075813789655e-07
9.594325450000000e+03 5.083687015696643e-07
9.596325530000000e+03 3.574430309544685e-08
9.598325600000000e+03 -4.710284624305901e-07
9.600325680000000e+03 -5.274907389607680e-07
9.602325750000000e+03 -7.968594231929565e-08
9.604325830000000e+03 4.442754230273936e-07
9.606325900000000e+03 5.435002540856162e-07
9.608325980000000e+03 1.231519789013981e-07
9.610326050000000e+03 -4.149069552806629e-07
9.612326129999999e+03 -5.563032663241954e-07
9.614326200000000e+03 -1.658858911699900e-07
9.616326279999999e+03 3.830960898390051e-07
9.618326349999999e+03 5.658250305739071e-07
9.620326429999999e+03 2.076359032368173e-07
9.622326499999999e+03 -3.490309429513897e-07
9.624326580000001e+03 -5.720095568845272e-07
9.626326650000001e+03 -2.481558885575048e-07
9.628326730000001e+03 3.129123517092961e-07
9.630326800000001e+03 5.748211202267066e-07
9.632326880000001e+03 2.872073585545179e-07
9.634326950000001e+03 -2.749540267316829e-07
9.636327030000000e+03 -5.742432244651920e-07
9.638327100000000e+03 -3.245602941343945e-07
9.640327180000000e+03 2.353797549159203e-07
9.642327250000000e+03 5.702798468459062e-07
9.644327330000000e+03 3.599947720034497e-07
9.646327400000000e+03 -1.944234786852398e-07
9.648327480000000e+03 -5.629545288580473e-07
9.650327550000000e+03 -3.933022084576664e-07
9.652327630000000e+03 1.523264244887560e-07
9.654327700000000e+03 5.523113239499276e-07
9.656327780000000e+03 4.242863876241685e-07
9.658327859999999e+03 -1.093372006406940e-07
9.660327929999999e+03 -5.384131724914539e-07
9.662328009999999e+03 -4.527648338829700e-07
9.664328079999999e+03 6.570899786354749e-08
9.666328159999999e+03 5.213429441918311e-07
9.668328229999999e+03 4.785698844963164e-07
9.670328310000001e+03 -2.169924441061328e-08
9.672328380000001e+03 -5.012013187531685e-07
9.674328460000001e+03 -5.015498959826232e-07
9.676328530000001e+03 -2.243268188458245e-08
9.678328610000000e+03 4.781078073724338e-07
9.680328680000001e+03 5.215696840444029e-07
9.682328760000000e+03 6.642621226898957e-08
9.684328830000000e+03 -4.521984778051242e-07
9.686328910000000e+03 -5.385119334059643e-07
9.688328980000000e+03 -1.100221670277069e-07
9.690329060000000e+03 4.236266558562573e-07
9.692329130000000e+03 5.522770393185123e-07
9.694329210000000e+03 1.529633105647283e-07
9.696329280000000e+03 -3.925608486788653e-07
9.698329360000000e+03 -5.627845115879175e-07
9.700329430000000e+03 -1.949967478830151e-07
9.702329510000000e+03 3.591850133089759e-07
9.704329580000000e+03 5.699725029245702e-07
9.706329659999999e+03 2.358747874753519e-07
9.708329729999999e+03 -3.236958731749807e-07
9.710329809999999e+03 -5.737991420899987e-07
9.712329879999999e+03 -2.753567761003528e-07
9.714329959999999e+03 2.863034847982418e-07
9.716330029999999e+03 5.742421012894560e-07
9.718330110000001e+03 3.132101685068379e-07
9.720330180000001e+03 -2.472282361506737e-07
9.722330260000001e+03 -5.712995196022497e-07
9.724330330000001e+03 -3.492119394793064e-07
9.726330410000000e+03 2.067009549518449e-07
9.728330480000001e+03 5.649888922392574e-07
9.730330560000000e+03 3.831499245374654e-07
9.732330630000000e+03 -1.649603529968146e-07
9.734330710000000e+03 -5.553484094994754e-07
9.736330780000000e+03 -4.148243305181215e-07
9.738330860000000e+03 1.222528336150399e-07
9.740330930000000e+03 5.424351025888458e-07
9.742331010000000e+03 4.440486557519505e-07
9.744331080000000e+03 -7.883008926417476e-08
9.746331160000000e+03 -5.263258483896128e-07
9.748331230000000e+03 -4.706508461234394e-07
9.750331310000000e+03 3.494861860865942e-08
9.752331380000000e+03 5.071155978963577e-07
9.754331459999999e+03 4.944747087431393e-07
9.756331529999999e+03 9.133110236874757e-09
9.758331609999999e+03 -4.849182299271660e-07
9.760331679999999e+03 -5.153801546865566e-07
9.762331759999999e+03 -5.315473907125366e-08
9.764331829999999e+03 4.598646673118094e-07
9.766331910000001e+03 5.332444961192032e-07
9.768331980000001e+03 9.685689877584658e-08
9.770332060000001e+03 -4.321034251167740e-07
9.772332130000001e+03 -5.479625939850263e-07
9.774332210000000e+03 -1.399819607709582e-07
9.776332280000001e+03 4.017981040089079e-07
9.778332360000000e+03 5.594481320079363e-07
9.780332430000000e+03 1.822760107653686e-07
9.782332510000000e+03 -3.691283363444810e-07
9.784332580000000e+03 -5.676336372589600e-07
9.786332660000000e+03 -2.234897668415274e-07
9.788332730000000e+03 3.342867823189922e-07
9.790332810000000e+03 5.724714578513214e-07
9.792332880000000e+03 2.633805054474662e-07
9.794332960000000e+03 -2.974793839773259e-07
9.796333030000000e+03 -5.739331971694226e-07
9.798333110000000e+03 -3.017129885454849e-07
9.800333180000000e+03 2.589230155617170e-07
9.802333259999999e+03 5.720112324684413e-07
9.804333329999999e+03 3.382615356657123e-07
9.806333409999999e+03 -2.188454259934410e-07
9.808333479999999e+03 -5.667171386402236e-07
9.810333559999999e+03 -3.728106834494005e-07
9.812333629999999e+03 1.774827344442359e-07
9.814333710000001e+03 5.580828783194201e-07
9.816333780000001e+03 4.051569379239194e-07
9.818333860000001e+03 -1.350793733989842e-07
9.820333930000001e+03 -5.461594838426841e-07
9.822334010000000e+03 -4.351101631923099e-07
9.824334080000001e+03 9.188512094328836e-08
9.826334160000000e+03 5.310178659909775e-07
9.828334230000000e+03 4.624940701646252e-07
9.830334310000000e+03 -4.815528610024925e-08
9.832334380000000e+03 -5.127473454715745e-07
9.834334460000000e+03 -4.871477242348576e-07
9.836334530000000e+03 4.147567517322175e-09
9.838334610000000e+03 4.914563805537390e-07
9.840334680000000e+03 5.089260993158976e-07
9.842334760000000e+03 3.987846884642177e-08
9.844334830000000e+03 -4.672704857192752e-07
9.846334910000000e+03 -5.277011467505192e-07
9.848334980000000e+03 -8.366345561533101e-08
9.850335059999999e+03 4.403332787281748e-07
9.852335129999999e+03 5.433624125583820e-07
9.854335209999999e+03 1.269492372490272e-07
9.856335279999999e+03 -4.108036360767172e-07
9.858335359999999e+03 -5.558180309341210e-07
9.860335429999999e+03 -1.694809700998308e-07
9.862335510000001e+03 3.788563080366953e-07
9.864335580000001e+03 5.649947072823500e-07
9.866335660000001e+03 2.110077193250059e-07
9.868335730000001e+03 -3.446797027479798e-07
9.870335810000000e+03 -5.708392860854671e-07
9.872335880000001e+03 -2.512849336846935e-07
9.874335960000000e+03 3.084757682769321e-07
9.876336030000000e+03 5.733174997932522e-07
9.878336110000000e+03 2.900750242109749e-07
9.880336180000000e+03 -2.704577629975325e-07
9.882336260000000e+03 -5.724155249546131e-07
9.884336330000000e+03 -3.271494785577259e-07
9.886336410000000e+03 2.308504530128126e-07
9.888336480000000e+03 5.681390033605190e-07
9.890336560000000e+03 3.622901140863958e-07
9.892336630000000e+03 -1.898871920838607e-07
9.894336710000000e+03 -5.605136792771622e-07
9.896336780000000e+03 -3.952899513309366e-07
9.898336859999999e+03 1.478102250243837e-07
9.900336929999999e+03 5.495845697879039e-07
9.902337009999999e+03 4.259548936486683e-07
9.904337079999999e+03 -1.048675290739717e-07
9.906337159999999e+03 -5.354168224551920e-07
9.908337229999999e+03 -4.541046183473967e-07
9.910337310000001e+03 6.131259463132618e-08
9.912337380000001e+03 5.180939944191911e-07
9.914337460000001e+03 4.795733775262133e-07
9.916337530000001e+03 -1.740216728292719e-08
9.918337610000000e+03 -4.977192243769332e-07
9.920337680000001e+03 -5.022112499992878e-07
9.922337760000000e+03 -2.660480123799120e-08
9.924337830000000e+03 4.744127045654223e-07
9.926337910000000e+03 5.218851486215932e-07
9.928337980000000e+03 7.044925473564715e-08
9.930338060000000e+03 -4.483126210407626e-07
9.932338130000000e+03 -5.384792379066993e-07
9.934338210000000e+03 -1.138724113591701e-07
9.936338280000000e+03 4.195730882479177e-07
9.938338360000000e+03 5.518964627356477e-07
9.940338430000000e+03 1.566185170447943e-07
9.942338510000000e+03 -3.883639908744070e-07
9.944338580000000e+03 -5.620578924158144e-07
9.946338659999999e+03 -1.984353175146002e-07
9.948338729999999e+03 3.548691759161772e-07
9.950338809999999e+03 5.689044088142742e-07
9.952338890000001e+03 2.390764462740892e-07
9.954338959999999e+03 -3.192868049917797e-07
9.956339040000001e+03 -5.723961059595968e-07
9.958339110000001e+03 -2.783024387936256e-07
9.960339190000001e+03 2.818264913248905e-07
9.962339260000001e+03 5.725128589502285e-07
9.964339340000000e+03 3.158821661668513e-07
9.966339410000000e+03 -2.427099038608685e-07
9.968339490000000e+03 -5.692541060821024e-07
9.970339560000000e+03 -3.515944623559788e-07
9.972339640000000e+03 2.021675786607787e-07
9.974339710000000e+03 5.626397528738025e-07
9.976339790000000e+03 3.852292778115623e-07
9.978339860000000e+03 -1.604390898295431e-07
9.980339940000000e+03 -5.527087975532404e-07
9.982340010000000e+03 -4.165884253513571e-07
9.984340090000000e+03 1.177704993051114e-07
9.986340160000000e+03 5.395207451947029e-07
9.988340240000000e+03 4.454873417312022e-07
9.990340310000000e+03 -7.441352115807848e-08
9.992340389999999e+03 -5.231534266709981e-07
9.994340459999999e+03 -4.717558944119497e-07
9.996340539999999e+03 3.062342897097009e-08
9.998340609999999e+03 5.037042381439960e-07
1.000034070000000e+04 4.952393575115652e-07
1.000234080000000e+04 1.334119793951541e-08
1.000434080000000e+04 -4.812881438429710e-07
1.000634090000000e+04 -5.157998486009049e-07
1.000834100000000e+04 -5.722151973940258e-08
1.001034110000000e+04 4.560378019076930e-07
1.001234110000000e+04 5.333163410207675e-07
1.001434120000000e+04 1.007584275949406e-07
1.001634130000000e+04 -4.281020430000645e-07
1.001834140000000e+04 -5.476863144831078e-07
1.002034140000000e+04 -1.436953884469016e-07
1.002234150000000e+04 3.976462801366085e-07
1.002434160000000e+04 5.588255212794391e-07
1.002634170000000e+04 1.857791734596489e-07
1.002834170000000e+04 -3.648498508777286e-07
1.003034180000000e+04 -5.666687332054804e-07
1.003234190000000e+04 -2.267617696044213e-07
1.003434200000000e+04 3.299069673675201e-07
1.003634200000000e+04 5.711699949903171e-07
1.003834210000000e+04 2.664018327229152e-07
1.004034220000000e+04 -2.930236398594494e-07
1.004234230000000e+04 -5.723033515834835e-07
1.004434230000000e+04 -3.044660943438202e-07
1.004634240000000e+04 2.544179824348890e-07
1.004834250000000e+04 5.700621027408986e-07
1.005034260000000e+04 3.407301725166994e-07
1.005234260000000e+04 -2.143177161274489e-07
1.005434270000000e+04 -5.644603172089139e-07
1.005634280000000e+04 -3.749807393808056e-07
1.005834290000000e+04 1.729595531865574e-07
1.006034290000000e+04 5.555311774751568e-07
1.006234300000000e+04 4.070159384342798e-07
1.006434310000000e+04 -1.305871139850322e-07
1.006634320000000e+04 -5.433282038046570e-07
1.006834320000000e+04 -4.366469981842071e-07
1.007034330000000e+04 8.745067347371970e-08
1.007234340000000e+04 5.279236862558423e-07
1.007434350000000e+04 4.636996425653097e-07
1.007634350000000e+04 -4.380409841860966e-08
1.007834360000000e+04 -5.094090297904020e-07
1.008034370000000e+04 -4.880145756043370e-07
1.008234380000000e+04 -9.476589020046677e-11
1.008434380000000e+04 4.878935275645921e-07
1.008634390000000e+04 5.094490629993066e-07
1.008834400000000e+04 4.398714864070782e-08
1.009034410000000e+04 -4.635047094088573e-07
1.009234410000000e+04 -5.278771985629103e-07
1.009434420000000e+04 -8.761408171567474e-08
1.009634430000000e+04 4.363860952439630e-07
1.009834440000000e+04 5.431907597928575e-07
1.010034440000000e+04 1.307184106257228e-07
1.010234450000000e+04 -4.066984515365320e-07
1.010434460000000e+04 -5.552999298138222e-07
1.010634470000000e+04 -1.730460714158261e-07
1.010834470000000e+04 3.746168701822624e-07
1.011034480000000e+04 5.641337672846085e-07
1.011234490000000e+04 2.143478718737590e-07
1.011434500000000e+04 -3.403312121522090e-07
1.011634500000000e+04 -5.696401496932314e-07
1.011834510000000e+04 -2.543802748249063e-07
1.012034520000000e+04 3.040437752705408e-07
1.012234530000000e+04 5.717874073417294e-07
1.012434530000000e+04 2.929078522468453e-07
1.012634540000000e+04 -2.659689805945000e-07
1.012834550000000e+04 -5.705630408621376e-07
1.013034560000000e+04 -3.297033838057639e-07
1.013234560000000e+04 2.263312288986981e-07
1.013434570000000e+04 5.659750850395396e-07
1.013634580000000e+04 3.645500064144933e-07
1.013834590000000e+04 -1.853647011621068e-07
1.014034590000000e+04 -5.580509730868818e-07
1.014234600000000e+04 -3.972425777069634e-07
1.014434610000000e+04 1.433104408210346e-07
1.014634620000000e+04 5.468380654648340e-07
1.014834620000000e+04 4.275885059286545e-07
1.015034630000000e+04 -1.004170158687900e-07
1.015234640000000e+04 -5.324027873395288e-07
1.015434650000000e+04 -4.554093129240610e-07
1.015634650000000e+04 5.693724681910449e-08
1.015834660000000e+04 5.148308475007384e-07
1.016034670000000e+04 4.805414402064290e-07
1.016234680000000e+04 -1.312782011336730e-08
1.016434680000000e+04 -4.942256317999319e-07
1.016634690000000e+04 -5.028370966265947e-07
1.016834700000000e+04 -3.075297170988550e-08
1.017034710000000e+04 4.707095052718669e-07
1.017234710000000e+04 5.221654093201875e-07
1.017434720000000e+04 7.444626418257375e-08
1.017634730000000e+04 -4.444211439821737e-07
1.017834740000000e+04 -5.384127687012943e-07
1.018034740000000e+04 -1.176947487359661e-07
1.018234750000000e+04 4.155162969416220e-07
1.018434760000000e+04 5.514834124766590e-07
1.018634770000000e+04 1.602433390996914e-07
1.018834770000000e+04 -3.841656332945271e-07
1.019034780000000e+04 -5.613009736435257e-07
1.019234790000000e+04 -2.018417825168374e-07
1.019434800000000e+04 3.505545826618644e-07
1.019634800000000e+04 5.678076817404138e-07
1.019834810000000e+04 2.422446349936467e-07
1.020034820000000e+04 -3.148813694094330e-07
1.020234830000000e+04 -5.709658809819196e-07
1.020434830000000e+04 -2.812138693772536e-07
1.020634840000000e+04 2.773568105784783e-07
1.020834850000000e+04 5.707574162652759e-07
1.021034860000000e+04 3.185198422442924e-07
1.021234860000000e+04 -2.382017614917123e-07
1.021434870000000e+04 -5.671841533915167e-07
1.021634880000000e+04 -3.539427008336329e-07
1.021834890000000e+04 1.976477404370258e-07
1.022034890000000e+04 5.602675746943239e-07
1.022234900000000e+04 3.872738359937629e-07
1.022434910000000e+04 -1.559336902123084e-07
1.022634920000000e+04 -5.500490407192909e-07
1.022834920000000e+04 -4.183172058011214e-07
1.023034930000000e+04 1.133060265802684e-07
1.023234940000000e+04 5.365887360701589e-07
1.023434950000000e+04 4.468900923616264e-07
1.023634950000000e+04 -7.001619135816434e-08
1.023834960000000e+04 -5.199668200074243e-07
1.024034970000000e+04 -4.728246211074625e-07
1.024234980000000e+04 2.631971353306028e-08
1.024434980000000e+04 5.002812775874981e-07
1.024634990000000e+04 4.959681698161783e-07
1.024835000000000e+04 1.752599386376464e-08
1.025035010000000e+04 -4.776489072346674e-07
1.025235010000000e+04 -5.161845002689198e-07
1.025435020000000e+04 -6.126223578179939e-08
1.025635030000000e+04 4.522035465045635e-07
1.025835040000000e+04 5.333549122187979e-07
1.026035040000000e+04 1.046316617046154e-07
1.026235050000000e+04 -4.240958339932169e-07
1.026435060000000e+04 -5.473782330492125e-07
1.026635070000000e+04 -1.473783250273549e-07
1.026835070000000e+04 3.934916550644883e-07
1.027035080000000e+04 5.581723698386467e-07
1.027235090000000e+04 1.892505203943184e-07
1.027435100000000e+04 -3.605720153097857e-07
1.027635100000000e+04 -5.656742048981195e-07
1.027835110000000e+04 -2.300012962510204e-07
1.028035120000000e+04 3.255307817633414e-07
1.028235130000000e+04 5.698401079746454e-07
1.028435130000000e+04 2.693903758395619e-07
1.028635140000000e+04 -2.885752048663552e-07
1.028835150000000e+04 -5.706459537972245e-07
1.029035160000000e+04 -3.071856434950134e-07
1.029235160000000e+04 2.499229333247783e-07
1.029435170000000e+04 5.680876219632499e-07
1.029635180000000e+04 3.431647006609622e-07
1.029835190000000e+04 -2.098024368398460e-07
1.030035190000000e+04 -5.621802884756002e-07
1.030235200000000e+04 -3.771155905040259e-07
1.030435210000000e+04 1.684504849469000e-07
1.030635220000000e+04 5.529594918648598e-07
1.030835220000000e+04 4.088387140288839e-07
1.031035230000000e+04 -1.261112797089850e-07
1.031235240000000e+04 -5.404795071060111e-07
1.031435250000000e+04 -4.381472756999345e-07
1.031635250000000e+04 8.303429872210560e-08
1.031835260000000e+04 5.248146744657054e-07
1.032035270000000e+04 4.648688233052367e-07
1.032235280000000e+04 -3.947391433239093e-08
1.032435280000000e+04 -5.060577691196067e-07
1.032635290000000e+04 -4.888461558162269e-07
1.032835300000000e+04 -4.313512723465531e-09
1.033035310000000e+04 4.843200561143330e-07
1.033235310000000e+04 5.099378934580855e-07
1.033435320000000e+04 4.806950154898560e-08
1.033635330000000e+04 -4.597298980757463e-07
1.033835340000000e+04 -5.280202079069957e-07
1.034035340000000e+04 -9.153647922360680e-08
1.034235350000000e+04 4.324330251383166e-07
1.034435360000000e+04 5.429869584749117e-07
1.034635370000000e+04 1.344579424349447e-07
1.034835370000000e+04 -4.025902300295522e-07
1.035035380000000e+04 -5.547504147486959e-07
1.035235390000000e+04 -1.765807793593599e-07
1.035435400000000e+04 3.703781213855695e-07
1.035635400000000e+04 5.632417239409162e-07
1.035835410000000e+04 2.176566202383675e-07
1.036035420000000e+04 -3.359863581080454e-07
1.036235430000000e+04 -5.684114616712439e-07
1.036435430000000e+04 -2.574436368302668e-07
1.036635440000000e+04 2.996183724681498e-07
1.036835450000000e+04 5.702293619208908e-07
1.037035460000000e+04 2.957072161296650e-07
1.037235460000000e+04 -2.614887864305167e-07
1.037435470000000e+04 -5.686853192455951e-07
1.037635480000000e+04 -3.322223753231279e-07
1.037835490000000e+04 2.218229468588163e-07
1.038035490000000e+04 5.637883752913709e-07
1.038235500000000e+04 3.667739731544464e-07
1.038435510000000e+04 -1.808546697521954e-07
1.038635520000000e+04 -5.555681352555281e-07
1.038835520000000e+04 -3.991587287592356e-07
1.039035530000000e+04 1.388260867469179e-07
1.039235540000000e+04 5.440734011586555e-07
1.039435550000000e+04 4.291859028211700e-07
1.039635550000000e+04 -9.598456933923518e-08
1.039835560000000e+04 -5.293726567414091e-07
1.040035570000000e+04 -4.566785257912598e-07
1.040235580000000e+04 5.258308584750701e-08
1.040435580000000e+04 5.115528959501552e-07
1.040635590000000e+04 4.814748588529379e-07
1.040835600000000e+04 -8.877133768974907e-09
1.041035610000000e+04 -4.907199996528540e-07
1.041235610000000e+04 -5.034290920432908e-07
1.041435620000000e+04 -3.487527056191405e-08
1.041635630000000e+04 4.669967303996980e-07
1.041835640000000e+04 5.224121711223475e-07
1.042035640000000e+04 7.841620179422209e-08
1.042235650000000e+04 -4.405236393532401e-07
1.042435660000000e+04 -5.383127764301447e-07
1.042635670000000e+04 -1.214887234271577e-07
1.042835670000000e+04 4.114566086878533e-07
1.043035680000000e+04 5.510377504976010e-07
1.043235690000000e+04 1.638391008125474e-07
1.043435700000000e+04 -3.799677168045598e-07
1.043635700000000e+04 -5.605123297465397e-07
1.043835710000000e+04 -2.052174557015893e-07
1.044035720000000e+04 3.462426953245147e-07
1.044235730000000e+04 5.666812390805671e-07
1.044435730000000e+04 2.453804202210389e-07
1.044635740000000e+04 -3.104810748020593e-07
1.044835750000000e+04 -5.695081465650097e-07
1.045035760000000e+04 -2.840912792165028e-07
1.045235760000000e+04 2.728937992835165e-07
1.045435770000000e+04 5.689770094715788e-07
1.045635780000000e+04 3.211221931317917e-07
1.045835790000000e+04 -2.337031723910370e-07
1.046035790000000e+04 -5.650911983732698e-07
1.046235800000000e+04 -3.562549768881842e-07
1.046435810000000e+04 1.931398973954815e-07
1.046635820000000e+04 5.578743141367687e-07
1.046835820000000e+04 3.892826712381899e-07
1.047035830000000e+04 -1.514436127758001e-07
1.047235840000000e+04 -5.473693673278897e-07
1.047435850000000e+04 -4.200106933641568e-07
1.047635850000000e+04 1.088598334069005e-07
1.047835860000000e+04 5.336391048458586e-07
1.048035870000000e+04 4.482581491091411e-07
1.048235880000000e+04 -6.564000587018423e-08
1.048435880000000e+04 -5.167644923695047e-07
1.048635890000000e+04 -4.738587601255928e-07
1.048835900000000e+04 2.203880834651417e-08
1.049035910000000e+04 4.968457653736624e-07
1.049235910000000e+04 4.966622309519685e-07
1.049435920000000e+04 2.168626920935261e-08
1.049635930000000e+04 -4.740002821275077e-07
1.049835940000000e+04 -5.165346231722458e-07
1.050035940000000e+04 -6.527751013917665e-08
1.050235950000000e+04 4.483633609055219e-07
1.050435960000000e+04 5.333590738719104e-07
1.050635970000000e+04 1.084775969269338e-07
1.050835970000000e+04 -4.200861922471191e-07
1.051035980000000e+04 -5.470369705220734e-07
1.051235990000000e+04 -1.510323647572072e-07
1.051436000000000e+04 3.893362380988608e-07
1.051636000000000e+04 5.574878354780548e-07
1.051836010000000e+04 1.926908477622328e-07
1.052036020000000e+04 -3.562950263648938e-07
1.052236030000000e+04 -5.646504852928872e-07
1.052436030000000e+04 -2.332078299299204e-07
1.052636040000000e+04 3.211581187199362e-07
1.052836050000000e+04 5.684829102193593e-07
1.053036060000000e+04 2.723445124324545e-07
1.053236060000000e+04 -2.841324364145337e-07
1.053436070000000e+04 -5.689631254810122e-07
1.053636080000000e+04 -3.098704306709135e-07
1.053836090000000e+04 2.454368970434269e-07
1.054036090000000e+04 5.660888109402583e-07
1.054236100000000e+04 3.455642697570941e-07
1.054436110000000e+04 -2.052993881528297e-07
1.054636120000000e+04 -5.598777019904959e-07
1.054836120000000e+04 -3.792158129317553e-07
1.055036130000000e+04 1.639569303832736e-07
1.055236140000000e+04 5.503665638710041e-07
1.055436150000000e+04 4.106267793565748e-07
1.055636150000000e+04 -1.216531176142938e-07
1.055836160000000e+04 -5.376122583701563e-07
1.056036170000000e+04 -4.396125596565447e-07
1.056236180000000e+04 7.863791013090879e-08
1.056436180000000e+04 5.216900118851813e-07
1.056636190000000e+04 4.660026462034134e-07
1.056836200000000e+04 -3.516488118142684e-08
1.057036210000000e+04 -5.026942180059423e-07
1.057236210000000e+04 -4.896418536658541e-07
1.057436220000000e+04 -8.509184488741372e-09
1.057636230000000e+04 4.807369591200596e-07
1.057836240000000e+04 5.103913212224516e-07
1.058036240000000e+04 5.212720408475801e-08
1.058236250000000e+04 -4.559484175235820e-07
1.058436260000000e+04 -5.281289781695197e-07
1.058636270000000e+04 -9.543177398743109e-08
1.058836270000000e+04 4.284749853344441e-07
1.059036280000000e+04 5.427505213837850e-07
1.059236290000000e+04 1.381680030238509e-07
1.059436300000000e+04 -3.984794872451961e-07
1.059636300000000e+04 -5.541700086324740e-07
1.059836310000000e+04 -1.800839434480235e-07
1.060036320000000e+04 3.661387137427744e-07
1.060236330000000e+04 5.623206010824125e-07
1.060436330000000e+04 2.209327423580809e-07
1.060636340000000e+04 -3.316440440492339e-07
1.060836350000000e+04 -5.671546969284240e-07
1.061036360000000e+04 -2.604733864131540e-07
1.061236360000000e+04 2.951986688588401e-07
1.061436370000000e+04 5.686445464325564e-07
1.061636380000000e+04 2.984730047735655e-07
1.061836390000000e+04 -2.570178344713431e-07
1.062036390000000e+04 -5.667816875474481e-07
1.062236400000000e+04 -3.347074851858458e-07
1.062436410000000e+04 2.173265668098601e-07
1.062636420000000e+04 5.615778619099468e-07
1.062836420000000e+04 3.689636450375065e-07
1.063036430000000e+04 -1.763594512245156e-07
1.063236440000000e+04 -5.530638654044891e-07
1.063436450000000e+04 -4.010397790010763e-07
1.063636450000000e+04 1.343579535335548e-07
1.063836460000000e+04 5.412903664336911e-07
1.064036470000000e+04 4.307472723355613e-07
1.064236480000000e+04 -9.157037180092186e-08
1.064436480000000e+04 -5.263269458854566e-07
1.064636490000000e+04 -4.579114084667643e-07
1.064836500000000e+04 4.824874545331174e-08
1.065036510000000e+04 5.082624771024228e-07
1.065236510000000e+04 4.823723193756920e-07
1.065436520000000e+04 -4.648846100479941e-09
1.065636530000000e+04 -4.872036503920467e-07
1.065836540000000e+04 -5.039860079139004e-07
1.066036540000000e+04 -3.897267293278743e-08
1.066236550000000e+04 4.632755448399517e-07
1.066436560000000e+04 5.226253682596615e-07
1.066636570000000e+04 8.235857314551906e-08
1.066836570000000e+04 -4.366193854444129e-07
1.067036580000000e+04 -5.381808103692787e-07
1.067236590000000e+04 -1.252532933636368e-07
1.067436600000000e+04 4.073930658938905e-07
1.067636600000000e+04 5.505609890071463e-07
1.067836610000000e+04 1.674037125838111e-07
1.068036620000000e+04 -3.757687797422265e-07
1.068236630000000e+04 -5.596935944772719e-07
1.068436630000000e+04 -2.085616289545444e-07
1.068636640000000e+04 3.419334296601379e-07
1.068836650000000e+04 5.655252458367559e-07
1.069036660000000e+04 2.484840660756996e-07
1.069236660000000e+04 -3.060864706728714e-07
1.069436670000000e+04 -5.680222723314241e-07
1.069636680000000e+04 -2.869359808908388e-07
1.069836690000000e+04 2.684398117399831e-07
1.070036690000000e+04 5.671701411176879e-07
1.070236700000000e+04 3.236907926232835e-07
1.070436710000000e+04 -2.292153065626172e-07
1.070636720000000e+04 -5.629743584989408e-07
1.070836720000000e+04 -3.585323293351797e-07
1.071036730000000e+04 1.886450331573546e-07
1.071236740000000e+04 5.554599083376907e-07
1.071436750000000e+04 3.912555009498306e-07
1.071636750000000e+04 -1.469681202398564e-07
1.071836760000000e+04 -5.446716047183318e-07
1.072036770000000e+04 -4.216677148993261e-07
1.072236780000000e+04 1.044307442037000e-07
1.072436780000000e+04 5.306732302182748e-07
1.072636790000000e+04 4.495898305799018e-07
1.072836800000000e+04 -6.128337114644067e-08
1.073036810000000e+04 -5.135482196205511e-07
1.073236810000000e+04 -4.748576248487713e-07
1.073436820000000e+04 1.778058489567231e-08
1.073636830000000e+04 4.933978324583190e-07
1.073836840000000e+04 4.973222077827422e-07
1.074036840000000e+04 2.582140428910776e-08
1.074236850000000e+04 -4.703416317531252e-07
1.074436860000000e+04 -5.168514483189263e-07
1.074636870000000e+04 -6.926523462020613e-08
1.074836870000000e+04 4.445155778929538e-07
1.075036880000000e+04 5.333307848562229e-07
1.075236890000000e+04 1.122951106671527e-07
1.075436900000000e+04 -4.160724629826202e-07
1.075636900000000e+04 -5.466635467768646e-07
1.075836910000000e+04 -1.546568338007361e-07
1.076036920000000e+04 3.851799703270323e-07
1.076236930000000e+04 5.567717874742306e-07
1.076436930000000e+04 1.961009063225924e-07
1.076636940000000e+04 -3.520207686682614e-07
1.076836950000000e+04 -5.635962427537465e-07
1.077036960000000e+04 -2.363829336285851e-07
1.077236960000000e+04 3.167902864012230e-07
1.077436970000000e+04 5.670971460823107e-07
1.077636980000000e+04 2.752658853174998e-07
1.077836990000000e+04 -2.796971006066140e-07
1.078036990000000e+04 -5.672541320272527e-07
1.078237000000000e+04 -3.125207010505812e-07
1.078437010000000e+04 2.409599150737377e-07
1.078637020000000e+04 5.640666716525126e-07
1.078837020000000e+04 3.479281931875260e-07
1.079037030000000e+04 -2.008077483098507e-07
1.079237040000000e+04 -5.575537628493550e-07
1.079437050000000e+04 -3.812796911077589e-07
1.079637050000000e+04 1.594771151429479e-07
1.079837060000000e+04 5.477546320597555e-07
1.080037070000000e+04 4.123789582550519e-07
1.080237080000000e+04 -1.172120448487454e-07
1.080437080000000e+04 -5.347273589496879e-07
1.080637090000000e+04 -4.410425896529593e-07
1.080837100000000e+04 7.426139673045949e-08
1.081037110000000e+04 5.185495986996664e-07
1.081237110000000e+04 4.671019080336884e-07
1.081437120000000e+04 -3.087873729687924e-08
1.081637130000000e+04 -4.993169128117540e-07
1.081837140000000e+04 -4.904036617269329e-07
1.082037140000000e+04 -1.268042898283743e-08
1.082237150000000e+04 4.771432757354899e-07
1.082437160000000e+04 5.108109127658271e-07
1.082637170000000e+04 5.615873846181940e-08
1.082837170000000e+04 -4.521594200835259e-07
1.083037180000000e+04 -5.282039373099523e-07
1.083237190000000e+04 -9.930005873363611e-08
1.083437200000000e+04 4.245131567587893e-07
1.083637210000000e+04 5.424806890453814e-07
1.083837210000000e+04 1.418497770372404e-07
1.084037220000000e+04 -3.943674780122215e-07
1.084237230000000e+04 -5.535574094597640e-07
1.084437240000000e+04 -1.835573605770767e-07
1.084637240000000e+04 3.619009572821860e-07
1.084837250000000e+04 5.613690852000432e-07
1.085037260000000e+04 2.241769677277544e-07
1.085237270000000e+04 -3.273050354921979e-07
1.085437270000000e+04 -5.658699990862503e-07
1.085637280000000e+04 -2.634696602231296e-07
1.085837290000000e+04 2.907844695775477e-07
1.086037300000000e+04 5.670338436375444e-07
1.086237300000000e+04 3.012037784778053e-07
1.086437310000000e+04 -2.525545802050939e-07
1.086637320000000e+04 -5.648544727610016e-07
1.086837330000000e+04 -3.371572297701027e-07
1.087037330000000e+04 2.128411714800254e-07
1.087237340000000e+04 5.593449862227892e-07
1.087437350000000e+04 3.711179201522831e-07
1.087637360000000e+04 -1.718780858947715e-07
1.087837360000000e+04 -5.505387537064904e-07
1.088037370000000e+04 -4.028859543225777e-07
1.088237380000000e+04 1.299072205968070e-07
1.088437390000000e+04 5.384880841066560e-07
1.088637390000000e+04 4.322741936108985e-07
1.088837400000000e+04 -8.717578463673057e-08
1.089037410000000e+04 -5.232645819099324e-07
1.089237420000000e+04 -4.591097201974856e-07
1.089437420000000e+04 4.393632952849840e-08
1.089637430000000e+04 5.049580821186284e-07
1.089837440000000e+04 4.832348314243887e-07
1.090037450000000e+04 -4.435418192732177e-10
1.090237450000000e+04 -4.836770223186561e-07
1.090437460000000e+04 -5.045079074504660e-07
1.090637470000000e+04 -4.304563920138690e-08
1.090837480000000e+04 4.595469128086695e-07
1.091037480000000e+04 5.228038619857805e-07
1.091237490000000e+04 8.627499025974065e-08
1.091437500000000e+04 -4.327108027888763e-07
1.091637510000000e+04 -5.380151967939600e-07
1.091837510000000e+04 -1.289896168131187e-07
1.092037520000000e+04 4.033269331491747e-07
1.092237530000000e+04 5.500524927475099e-07
1.092437540000000e+04 1.709381809258171e-07
1.092637540000000e+04 -3.715694524849706e-07
1.092837550000000e+04 -5.588450806423726e-07
1.093037560000000e+04 -2.118733080804207e-07
1.093237570000000e+04 3.376257696281136e-07
1.093437570000000e+04 5.643416053421641e-07
1.093637580000000e+04 2.515540605813535e-07
1.093837590000000e+04 -3.016964674275307e-07
1.094037600000000e+04 -5.665099387454179e-07
1.094237600000000e+04 -2.897462859183023e-07
1.094437610000000e+04 2.639932083855323e-07
1.094637620000000e+04 5.653381273852253e-07
1.094837630000000e+04 3.262251715087925e-07
1.095037630000000e+04 -2.247387178090143e-07
1.095237640000000e+04 -5.608335793875819e-07
1.095437650000000e+04 -3.607755405398411e-07
1.095637660000000e+04 1.841641913023354e-07
1.095837660000000e+04 5.530234216659056e-07
1.096037670000000e+04 3.931939968780452e-07
1.096237680000000e+04 -1.425094648820781e-07
1.096437690000000e+04 -5.419539229949528e-07
1.096637690000000e+04 -4.232897986507096e-07
1.096837700000000e+04 1.000199345519747e-07
1.097037710000000e+04 5.276908488813641e-07
1.097237720000000e+04 4.508860928560478e-07
1.097437720000000e+04 -5.694677522108343e-08
1.097637730000000e+04 -5.103183487296043e-07
1.097837740000000e+04 -4.758204934512507e-07
1.098037750000000e+04 1.354385888433140e-08
1.098237750000000e+04 4.899395181270221e-07
1.098437760000000e+04 4.979464755033762e-07
1.098637770000000e+04 2.993274282372236e-08
1.098837780000000e+04 -4.666746074099250e-07
1.099037780000000e+04 -5.171337882753957e-07
1.099237790000000e+04 -7.322708527359632e-08
1.099437800000000e+04 4.406616826012562e-07
1.099637810000000e+04 5.332695947859347e-07
1.099837810000000e+04 1.160837757791926e-07
1.100037820000000e+04 -4.120543710414185e-07
1.100237830000000e+04 -5.462590818519598e-07
1.100437840000000e+04 -1.582506452361708e-07
1.100637840000000e+04 3.810219283186724e-07
1.100837850000000e+04 5.560259647393289e-07
1.101037860000000e+04 1.994787941365966e-07
1.101237870000000e+04 -3.477473104180457e-07
1.101437870000000e+04 -5.625133773603202e-07
1.101637880000000e+04 -2.395254640689195e-07
1.101837890000000e+04 3.124271819714347e-07
1.102037900000000e+04 5.656835742242053e-07
1.102237900000000e+04 2.781542995134350e-07
1.102437910000000e+04 -2.752695043231172e-07
1.102637920000000e+04 -5.655184727361479e-07
1.102837930000000e+04 -3.151378178760748e-07
1.103037930000000e+04 2.364939862641494e-07
1.103237940000000e+04 5.620194623990916e-07
1.103437950000000e+04 3.502581740752418e-07
1.103637960000000e+04 -1.963291274750072e-07
1.103837960000000e+04 -5.552076297742625e-07
1.104037970000000e+04 -3.833088039387096e-07
1.104237980000000e+04 1.550124405811244e-07
1.104437990000000e+04 5.451231915481661e-07
1.104637990000000e+04 4.140951003633174e-07
1.104838000000000e+04 -1.127875048210120e-07
1.105038010000000e+04 -5.318262090378212e-07
1.105238020000000e+04 -4.424361988227661e-07
1.105438020000000e+04 6.990365591217519e-08
1.105638030000000e+04 5.153952247163057e-07
1.105838040000000e+04 4.681651012353338e-07
1.106038050000000e+04 -2.661351067218746e-08
1.106238050000000e+04 -4.959279649819310e-07
1.106438060000000e+04 -4.911303938440821e-07
1.106638070000000e+04 -1.682749126861603e-08
1.106838080000000e+04 4.735394769135782e-07
1.107038080000000e+04 5.111969014150150e-07
1.107238090000000e+04 6.016379454608749e-08
1.107438100000000e+04 -4.483624998738435e-07
1.107638110000000e+04 -5.282466049736766e-07
1.107838110000000e+04 -1.031395392395300e-07
1.108038120000000e+04 4.205456678003878e-07
1.108238130000000e+04 5.421795274709349e-07
1.108438140000000e+04 1.455016186380426e-07
1.108638140000000e+04 -3.902534707441981e-07
1.108838150000000e+04 -5.529139900009101e-07
1.109038160000000e+04 -1.869999438247489e-07
1.109238170000000e+04 3.576642647360439e-07
1.109438170000000e+04 5.603873227040529e-07
1.109638180000000e+04 2.273900969557908e-07
1.109838190000000e+04 -3.229708133881846e-07
1.110038200000000e+04 -5.645560656745358e-07
1.110238200000000e+04 -2.664338651929282e-07
1.110438210000000e+04 2.863775887169263e-07
1.110638220000000e+04 5.653960225278113e-07
1.110838230000000e+04 3.039014724139864e-07
1.111038230000000e+04 -2.481010716322189e-07
1.111238240000000e+04 -5.629023709054872e-07
1.111438250000000e+04 -3.395721808892437e-07
1.111638260000000e+04 2.083669407447559e-07
1.111838260000000e+04 5.570903494414911e-07
1.112038270000000e+04 3.732364236420695e-07
1.112238280000000e+04 -1.674100875879912e-07
1.112438290000000e+04 -5.479943876669018e-07
1.112638290000000e+04 -4.046957253176735e-07
1.112838300000000e+04 1.254718936199814e-07
1.113038310000000e+04 5.356688502620261e-07
1.113238320000000e+04 4.337649498127620e-07
1.113438320000000e+04 -8.279993194156112e-08
1.113638330000000e+04 -5.201867236635446e-07
1.113838340000000e+04 -4.602728283982067e-07
1.114038350000000e+04 3.964523569948793e-08
1.114238350000000e+04 5.016400805103424e-07
1.114438360000000e+04 4.840633449226407e-07
1.114638370000000e+04 3.737324384283267e-09
1.114838380000000e+04 -4.801386505168425e-07
1.115038380000000e+04 -5.049965468787346e-07
1.115238390000000e+04 -4.709231658092260e-08
1.115438400000000e+04 4.558096954433033e-07
1.115638410000000e+04 5.229494971859886e-07
1.115838410000000e+04 9.016368819624397e-08
1.116038420000000e+04 -4.287965388348438e-07
1.116238430000000e+04 -5.378168805150625e-07
1.116438440000000e+04 -1.326976835501260e-07
1.116638440000000e+04 3.992590724149730e-07
1.116838450000000e+04 5.495117378953712e-07
1.117038460000000e+04 1.744432255727376e-07
1.117238470000000e+04 -3.673713238163467e-07
1.117438470000000e+04 -5.579654812399094e-07
1.117638480000000e+04 -2.151545453790163e-07
1.117838490000000e+04 3.333220222355868e-07
1.118038500000000e+04 5.631285455680341e-07
1.118238500000000e+04 2.545916427637478e-07
1.118438510000000e+04 -2.973120366025909e-07
1.118638520000000e+04 -5.649709372304919e-07
1.118838530000000e+04 -2.925227083615309e-07
1.119038530000000e+04 2.595543881299821e-07
1.119238540000000e+04 5.634819288880760e-07
1.119438550000000e+04 3.287240707764109e-07
1.119638560000000e+04 -2.202717336836765e-07
1.119838560000000e+04 -5.586708831273533e-07
1.120038570000000e+04 -3.629827663140753e-07
1.120238580000000e+04 1.796961018958472e-07
1.120438590000000e+04 5.505665902448018e-07
1.120638590000000e+04 3.950967892736533e-07
1.120838600000000e+04 -1.380663135558463e-07
1.121038610000000e+04 -5.392175659476431e-07
1.121238620000000e+04 -4.248770227037715e-07
1.121438620000000e+04 9.562826711018341e-08
1.121638630000000e+04 5.246911922975393e-07
1.121838640000000e+04 4.521480003168196e-07
1.122038650000000e+04 -5.263175238052032e-08
1.122238650000000e+04 -5.070737023723774e-07
1.122438660000000e+04 -4.767494405429619e-07
1.122638670000000e+04 9.330781497304239e-09
1.122838680000000e+04 4.864690303648533e-07
1.123038680000000e+04 4.985366687958750e-07
1.123238690000000e+04 3.401942877805805e-08
1.123438700000000e+04 -4.629992374503674e-07
1.123638710000000e+04 -5.173819373727255e-07
1.123838710000000e+04 -7.716286665329013e-08
1.124038720000000e+04 4.368025494249474e-07
1.124238730000000e+04 5.331745008670664e-07
1.124438740000000e+04 1.198454532999443e-07
1.124638740000000e+04 -4.080341024679091e-07
1.124838750000000e+04 -5.458217266789246e-07
1.125038760000000e+04 -1.618153561248464e-07
1.125238770000000e+04 3.768637400162662e-07
1.125438770000000e+04 5.552493608772138e-07
1.125638780000000e+04 2.028257494166024e-07
1.125838790000000e+04 -3.434759610563497e-07
1.126038800000000e+04 -5.614019433773580e-07
1.126238800000000e+04 -2.426347457884207e-07
1.126438810000000e+04 3.080677368681803e-07
1.126638820000000e+04 5.642436592122866e-07
1.126838830000000e+04 2.810082740690131e-07
1.127038830000000e+04 -2.708484543205473e-07
1.127238840000000e+04 -5.637582234958136e-07
1.127438850000000e+04 -3.177199100012247e-07
1.127638860000000e+04 2.320373031453290e-07
1.127838860000000e+04 5.599491191649874e-07
1.128038870000000e+04 3.525534137872150e-07
1.128238880000000e+04 -1.918635908357178e-07
1.128438890000000e+04 -5.528393372762045e-07
1.128638890000000e+04 -3.853033780118913e-07
1.128838900000000e+04 1.505636985913104e-07
1.129038910000000e+04 5.424714538124882e-07
1.129238920000000e+04 4.157771811738904e-07
1.129438920000000e+04 -1.083817034454503e-07
1.129638930000000e+04 -5.289068869419922e-07
1.129838940000000e+04 -4.437953172248286e-07
1.130038950000000e+04 6.556625356848482e-08
1.130238950000000e+04 5.122260990873792e-07
1.130438960000000e+04 4.691932985538897e-07
1.130638970000000e+04 -2.237030995826159e-08
1.130838980000000e+04 -4.925273336145636e-07
1.131038980000000e+04 -4.918216949143585e-07
1.131238990000000e+04 -2.095165429489792e-08
1.131439000000000e+04 4.699273669862953e-07
1.131639010000000e+04 5.115477567181612e-07
1.131839010000000e+04 6.414379855926555e-08
1.132039020000000e+04 -4.445596828172491e-07
1.132239030000000e+04 -5.282553639084794e-07
1.132439040000000e+04 -1.069520013615048e-07
1.132639040000000e+04 4.165745636709231e-07
1.132839050000000e+04 5.418461984036939e-07
1.133039060000000e+04 1.491236898071158e-07
1.133239070000000e+04 -3.861372393186367e-07
1.133439070000000e+04 -5.522404718492623e-07
1.133639080000000e+04 -1.904109336007456e-07
1.133839090000000e+04 3.534279153243885e-07
1.134039100000000e+04 5.593773169746266e-07
1.134239100000000e+04 2.305700340517155e-07
1.134439110000000e+04 -3.186393770295775e-07
1.134639120000000e+04 -5.632151551294080e-07
1.134839130000000e+04 -2.693644836525427e-07
1.135039130000000e+04 2.819772305489145e-07
1.135239140000000e+04 5.637319649345863e-07
1.135439150000000e+04 3.065653741684489e-07
1.135639160000000e+04 -2.436572140508533e-07
1.135839160000000e+04 -5.609253458431379e-07
1.136039170000000e+04 -3.419537568634669e-07
1.136239180000000e+04 2.039058460296192e-07
1.136439190000000e+04 5.548122984084699e-07
1.136639190000000e+04 3.753209144051812e-07
1.136839200000000e+04 -1.629573907785853e-07
1.137039210000000e+04 -5.454293372294659e-07
1.137239220000000e+04 -4.064708356626614e-07
1.137439220000000e+04 1.210539034753317e-07
1.137639230000000e+04 5.328317901566874e-07
1.137839240000000e+04 4.352200742927582e-07
1.138039250000000e+04 -7.844236147043479e-08
1.138239250000000e+04 -5.170944930438445e-07
1.138439260000000e+04 -4.613998533292736e-07
1.138639270000000e+04 3.537460293460187e-08
1.138839280000000e+04 4.983104090759476e-07
1.139039280000000e+04 4.848559716430828e-07
1.139239290000000e+04 7.895898930859443e-09
1.139439300000000e+04 -4.765909557521874e-07
1.139639310000000e+04 -5.054504540785536e-07
1.139839310000000e+04 -5.111372668954796e-08
1.140039320000000e+04 4.520645826149835e-07
1.140239330000000e+04 5.230620515723508e-07
1.140439340000000e+04 9.402471831481333e-08
1.140639340000000e+04 -4.248766755023335e-07
1.140839350000000e+04 -5.375872970501784e-07
1.141039360000000e+04 -1.363756006993494e-07
1.141239370000000e+04 3.951875999956661e-07
1.141439370000000e+04 5.489408430999329e-07
1.141639380000000e+04 1.779170326643162e-07
1.141839390000000e+04 -3.631729870360176e-07
1.142039400000000e+04 -5.570564824278696e-07
1.142239400000000e+04 -2.184037627570484e-07
1.142439410000000e+04 3.290213262184819e-07
1.142639420000000e+04 5.618869081408765e-07
1.142839430000000e+04 2.575973520168167e-07
1.143039430000000e+04 -2.929344999572077e-07
1.143239440000000e+04 -5.634041765655265e-07
1.143439450000000e+04 -2.952664666791185e-07
1.143639460000000e+04 2.551251261394528e-07
1.143839460000000e+04 5.615998757360576e-07
1.144039470000000e+04 3.311897044743980e-07
1.144239480000000e+04 -2.158167732092061e-07
1.144439490000000e+04 -5.564848186300497e-07
1.144639490000000e+04 -3.651553264416615e-07
1.144839500000000e+04 1.752412974761060e-07
1.145039510000000e+04 5.480895931364328e-07
1.145239520000000e+04 3.969637830861946e-07
1.145439520000000e+04 -1.336385956124080e-07
1.145639530000000e+04 -5.364638478988471e-07
1.145839540000000e+04 -4.264277014815172e-07
1.146039550000000e+04 9.125364147230471e-08
1.146239550000000e+04 5.216766988945699e-07
1.146439560000000e+04 4.533738175360207e-07
1.146639570000000e+04 -4.833678634912761e-08
1.146839580000000e+04 -5.038158391207870e-07
1.147039580000000e+04 -4.776432847326668e-07
1.147239590000000e+04 5.140531326637410e-09
1.147439600000000e+04 4.829873293209030e-07
1.147639610000000e+04 4.990933103215734e-07
1.147839610000000e+04 3.808018013288294e-08
1.148039620000000e+04 -4.593141675796868e-07
1.148239630000000e+04 -5.175975881598267e-07
1.148439640000000e+04 -8.107094721464558e-08
1.148639640000000e+04 4.329366461691944e-07
1.148839650000000e+04 5.330477238873966e-07
1.149039660000000e+04 1.235778772403714e-07
1.149239670000000e+04 -4.040101800292001e-07
1.149439670000000e+04 -5.453530744568606e-07
1.149639680000000e+04 -1.653505222394879e-07
1.149839690000000e+04 3.727057830652866e-07
1.150039700000000e+04 5.544416730743153e-07
1.150239700000000e+04 2.061422147631042e-07
1.150439710000000e+04 -3.392078759459239e-07
1.150639720000000e+04 -5.602605238790451e-07
1.150839730000000e+04 -2.457130353640380e-07
1.151039730000000e+04 3.037145847328895e-07
1.151239740000000e+04 5.627756449370059e-07
1.151439750000000e+04 2.838295554492982e-07
1.151639760000000e+04 -2.664353552076667e-07
1.151839760000000e+04 -5.619725300140902e-07
1.152039770000000e+04 -3.202677235372867e-07
1.152239780000000e+04 2.275907171044707e-07
1.152439790000000e+04 5.578560812971337e-07
1.152639790000000e+04 3.548128574724906e-07
1.152839800000000e+04 -1.874095312490480e-07
1.153039810000000e+04 -5.504510284060914e-07
1.153239820000000e+04 -3.872618131562859e-07
1.153439820000000e+04 1.461293378059026e-07
1.153639830000000e+04 5.398015493541825e-07
1.153839840000000e+04 4.174232149687745e-07
1.154039850000000e+04 -1.039930957453806e-07
1.154239850000000e+04 -5.259711423808265e-07
1.154439860000000e+04 -4.451195278223459e-07
1.154639870000000e+04 6.124951226672165e-08
1.154839880000000e+04 5.090416941550124e-07
1.155039880000000e+04 4.701874536313247e-07
1.155239890000000e+04 -1.815019721037034e-08
1.155439900000000e+04 -4.891138159378698e-07
1.155639910000000e+04 -4.924798373177220e-07
1.155839910000000e+04 -2.505031416709710e-08
1.156039920000000e+04 4.663050497085724e-07
1.156239930000000e+04 5.118655071543500e-07
1.156439940000000e+04 6.809745930243171e-08
1.156639940000000e+04 -4.407503048387032e-07
1.156839950000000e+04 -5.282308751682366e-07
1.157039960000000e+04 -1.107369289453480e-07
1.157239970000000e+04 4.126001901774495e-07
1.157439970000000e+04 5.414799747889741e-07
1.157639980000000e+04 1.527177478159947e-07
1.157839990000000e+04 -3.820212286704288e-07
1.158040000000000e+04 -5.515351515332406e-07
1.158240000000000e+04 -1.937920683524274e-07
1.158440010000000e+04 3.491938730360767e-07
1.158640020000000e+04 5.583373846425432e-07
1.158840030000000e+04 2.337184054474318e-07
1.159040030000000e+04 -3.143124558002454e-07
1.159240040000000e+04 -5.618468379808148e-07
1.159440050000000e+04 -2.722614159035684e-07
1.159640060000000e+04 2.775826706913959e-07
1.159840060000000e+04 5.620431285693950e-07
1.160040070000000e+04 3.091944062315095e-07
1.160240080000000e+04 -2.392218315310935e-07
1.160440090000000e+04 -5.589255514313347e-07
1.160640090000000e+04 -3.442995342546232e-07
1.160840100000000e+04 1.994557886715730e-07
1.161040110000000e+04 5.525131019015285e-07
1.161240120000000e+04 3.773702029164772e-07
1.161440120000000e+04 -1.585193491699011e-07
1.161640130000000e+04 -5.428441229639425e-07
1.161840140000000e+04 -4.082112425964541e-07
1.162040150000000e+04 1.166535407755742e-07
1.162240150000000e+04 5.299763940273503e-07
1.162440160000000e+04 4.366413136321502e-07
1.162640170000000e+04 -7.410561355729948e-08
1.162840180000000e+04 -5.139859662666936e-07
1.163040180000000e+04 -4.624928986502687e-07
1.163240190000000e+04 3.112618873777227e-08
1.163440200000000e+04 4.949675939523120e-07
1.163640210000000e+04 4.856143517290542e-07
1.163840210000000e+04 1.203064927702657e-08
1.164040220000000e+04 -4.730334777620079e-07
1.164240230000000e+04 -5.058697796433176e-07
1.164440240000000e+04 -5.511070418185761e-08
1.164640240000000e+04 4.483133851628027e-07
1.164840250000000e+04 5.231402841437432e-07
1.165040260000000e+04 9.785950021383141e-08
1.165240270000000e+04 -4.209531550510627e-07
1.165440270000000e+04 -5.373243148520593e-07
1.165640280000000e+04 -1.400256197249996e-07
1.165840290000000e+04 3.911149203890303e-07
1.166040300000000e+04 5.483386651992987e-07
1.166240300000000e+04 1.813603765480703e-07
1.166440310000000e+04 -3.589748139795258e-07
1.166640320000000e+04 -5.561184957817194e-07
1.166840330000000e+04 -2.216205963966784e-07
1.167040330000000e+04 3.247231429962550e-07
1.167240340000000e+04 5.606183326230376e-07
1.167440350000000e+04 2.605688203291465e-07
1.167640360000000e+04 -2.885616656370557e-07
1.167840360000000e+04 -5.618121471190691e-07
1.168040370000000e+04 -2.979759135234124e-07
1.168240380000000e+04 2.507040733481165e-07
1.168440390000000e+04 5.596935347511878e-07
1.168640390000000e+04 3.336209186343870e-07
1.168840400000000e+04 -2.113733279004984e-07
1.169040410000000e+04 -5.542757036988617e-07
1.169240420000000e+04 -3.672940948523235e-07
1.169440420000000e+04 1.708016949715330e-07
1.169640430000000e+04 5.455909280090076e-07
1.169840440000000e+04 3.987968457434832e-07
1.170040450000000e+04 -1.292280965595593e-07
1.170240450000000e+04 -5.336909510375559e-07
1.170440460000000e+04 -4.279441682519770e-07
1.170640470000000e+04 8.689841368129566e-08
1.170840480000000e+04 5.186461490518757e-07
1.171040480000000e+04 4.545645050113373e-07
1.171240490000000e+04 -4.406209592888240e-08
1.171440500000000e+04 -5.005455249560512e-07
1.171640510000000e+04 -4.785015286903268e-07
1.171840510000000e+04 9.722890559524064e-10
1.172040520000000e+04 4.794959277848368e-07
1.172240530000000e+04 4.996143620731016e-07
1.172440540000000e+04 4.211740301275380e-08
1.172640540000000e+04 -4.556221841242823e-07
1.172840550000000e+04 -5.177790785318235e-07
1.173040560000000e+04 -8.495270112238994e-08
1.173240570000000e+04 4.290653827878956e-07
1.173440570000000e+04 5.328885048376240e-07
1.173640580000000e+04 1.272815866458118e-07
1.173840590000000e+04 -3.999829018909174e-07
1.174040600000000e+04 -5.448539722736134e-07
1.174240600000000e+04 -1.688543655090098e-07
1.174440610000000e+04 3.685462884581396e-07
1.174640620000000e+04 5.536052586517752e-07
1.174840630000000e+04 2.094264714825047e-07
1.175040630000000e+04 -3.349414405071226e-07
1.175240640000000e+04 -5.590913954284912e-07
1.175440650000000e+04 -2.487581972977706e-07
1.175640660000000e+04 2.993663567459708e-07
1.175840660000000e+04 5.612806567818727e-07
1.176040670000000e+04 2.866180219943490e-07
1.176240680000000e+04 -2.620311215837117e-07
1.176440690000000e+04 -5.601607069515936e-07
1.176640690000000e+04 -3.227825020417538e-07
1.176840700000000e+04 2.231556275213993e-07
1.177040710000000e+04 5.557386384682326e-07
1.177240720000000e+04 3.570389852741380e-07
1.177440720000000e+04 -1.829698280002827e-07
1.177640730000000e+04 -5.480408934868165e-07
1.177840740000000e+04 -3.891856460984720e-07
1.178040750000000e+04 1.417105521655889e-07
1.178240750000000e+04 5.371130621822360e-07
1.178440760000000e+04 4.190337024477676e-07
1.178640770000000e+04 -9.962178850732278e-08
1.178840780000000e+04 -5.230197746845420e-07
1.179040780000000e+04 -4.464073301427050e-07
1.179240790000000e+04 5.695147754631463e-08
1.179440800000000e+04 5.058447450020186e-07
1.179640810000000e+04 4.711457725935426e-07
1.179840810000000e+04 -1.395155842986139e-08
1.180040820000000e+04 -4.856894948118817e-07
1.180240830000000e+04 -4.931030315956239e-07
1.180440840000000e+04 -2.912496426971172e-08
1.180640840000000e+04 4.626737311057521e-07
1.180840850000000e+04 5.121501107758839e-07
1.181040860000000e+04 7.202392399400867e-08
1.181240870000000e+04 -4.369334579622903e-07
1.181440870000000e+04 -5.281748533795938e-07
1.181640880000000e+04 -1.144929207520569e-07
1.181840890000000e+04 4.086210416184168e-07
1.182040900000000e+04 5.410832676316736e-07
1.182240900000000e+04 1.562810377119044e-07
1.182440910000000e+04 -3.779033846405984e-07
1.182640920000000e+04 -5.507998138634499e-07
1.182840930000000e+04 -1.971423435428360e-07
1.183040930000000e+04 3.449619431222428e-07
1.183240940000000e+04 5.572679163675200e-07
1.183440950000000e+04 2.368354408675860e-07
1.183640960000000e+04 -3.099908051073333e-07
1.183840960000000e+04 -5.604499062280373e-07
1.184040970000000e+04 -2.751267141296047e-07
1.184240980000000e+04 2.731968158525264e-07
1.184440990000000e+04 5.603274871609274e-07
1.184640990000000e+04 3.117904002418114e-07
1.184841000000000e+04 -2.347967598947327e-07
1.185041010000000e+04 -5.569015915438133e-07
1.185241020000000e+04 -3.466111084695877e-07
1.185441020000000e+04 1.950179322834685e-07
1.185641030000000e+04 5.501927263392694e-07
1.185841040000000e+04 3.793836296326642e-07
1.186041050000000e+04 -1.540948536462342e-07
1.186241050000000e+04 -5.402408580582000e-07
1.186441060000000e+04 -4.099154002127829e-07
1.186641070000000e+04 1.122692710019039e-07
1.186841080000000e+04 5.271049040423373e-07
1.187041080000000e+04 4.380262708860713e-07
1.187241090000000e+04 -6.978736934275236e-08
1.187441100000000e+04 -5.108631562405620e-07
1.187641110000000e+04 -4.635510563852762e-07
1.187841110000000e+04 2.689988864645137e-08
1.188041120000000e+04 4.916118713712036e-07
1.188241130000000e+04 4.863391298504268e-07
1.188441140000000e+04 1.614080281824618e-08
1.188641140000000e+04 -4.694651680862726e-07
1.188841150000000e+04 -5.062565823799466e-07
1.189041160000000e+04 -5.908045610813185e-08
1.189241170000000e+04 4.445537636602046e-07
1.189441170000000e+04 5.231863731592543e-07
1.189641180000000e+04 1.016663781793459e-07
1.189841190000000e+04 -4.170249430810311e-07
1.190041200000000e+04 -5.370294989997438e-07
1.190241200000000e+04 -1.436468079008576e-07
1.190441210000000e+04 3.870409551610058e-07
1.190641220000000e+04 5.477047309165420e-07
1.190841230000000e+04 1.847745196056673e-07
1.191041230000000e+04 -3.547791223442881e-07
1.191241240000000e+04 -5.551497531072551e-07
1.191441250000000e+04 -2.248068674786749e-07
1.191641260000000e+04 3.204295414851052e-07
1.191841260000000e+04 5.593208793111691e-07
1.192041270000000e+04 2.635085010019284e-07
1.192241280000000e+04 -2.841956508969545e-07
1.192441290000000e+04 -5.601939165134963e-07
1.192641290000000e+04 -3.006512388791354e-07
1.192841300000000e+04 2.462912197628926e-07
1.193041310000000e+04 5.577639358017214e-07
1.193241320000000e+04 3.360168392104553e-07
1.193441320000000e+04 -2.069402959623612e-07
1.193641330000000e+04 -5.520455307913047e-07
1.193841340000000e+04 -3.693966128997344e-07
1.194041350000000e+04 1.663746950192878e-07
1.194241350000000e+04 5.430731456543489e-07
1.194441360000000e+04 4.005943579017308e-07
1.194641370000000e+04 -1.248339339850783e-07
1.194841380000000e+04 -5.309002323311027e-07
1.195041380000000e+04 -4.294258337720144e-07
1.195241390000000e+04 8.256245359471633e-08
1.195441400000000e+04 5.155992213641100e-07
1.195641410000000e+04 4.557214530591028e-07
1.195841410000000e+04 -3.980995303495031e-08
1.196041420000000e+04 -4.972607072297757e-07
1.196241430000000e+04 -4.793264090067313e-07
1.196441440000000e+04 -3.171946233914614e-09
1.196641440000000e+04 4.759932384836817e-07
1.196841450000000e+04 5.001022283158388e-07
1.197041460000000e+04 4.612908834375426e-08
1.197241470000000e+04 -4.519222199161465e-07
1.197441470000000e+04 -5.179267960110705e-07
1.197641480000000e+04 -8.880841945403398e-08
1.197841490000000e+04 4.251900278212443e-07
1.198041500000000e+04 5.326958110607273e-07
1.198241500000000e+04 1.309579478956864e-07
1.198441510000000e+04 -3.959542248376040e-07
1.198641520000000e+04 -5.443223746851026e-07
1.198841530000000e+04 -1.723296375164278e-07
1.199041530000000e+04 3.643880207920847e-07
1.199241540000000e+04 5.527383892715118e-07
1.199441550000000e+04 2.126794751921484e-07
1.199641560000000e+04 -3.306777035485736e-07
1.199841560000000e+04 -5.578943496815940e-07
1.200041570000000e+04 -2.517703850879785e-07
1.200241580000000e+04 2.950227555551887e-07
1.200441590000000e+04 5.597601680290261e-07
1.200641590000000e+04 2.893716768311028e-07
1.200841600000000e+04 -2.576334430717777e-07
1.201041610000000e+04 -5.583253905061221e-07
1.201241620000000e+04 -3.252622303983822e-07
1.201441620000000e+04 2.187306347838927e-07
1.201641630000000e+04 5.535989958954495e-07
1.201841640000000e+04 3.592301059214313e-07
1.202041650000000e+04 -1.785432454334340e-07
1.202241650000000e+04 -5.456095275714466e-07
1.202441660000000e+04 -3.910754177429656e-07
1.202641670000000e+04 1.373086906199987e-07
1.202841680000000e+04 5.344047307283714e-07
1.203041680000000e+04 4.206103914703173e-07
1.203241690000000e+04 -9.526971562469448e-08
1.203441700000000e+04 -5.200510758498133e-07
1.203641710000000e+04 -4.476614803006669e-07
1.203841710000000e+04 5.267486229614320e-08
1.204041720000000e+04 5.026333013509764e-07
1.204241730000000e+04 4.720694490326354e-07
1.204441740000000e+04 -9.775102079642090e-09
1.204641740000000e+04 -4.822545132770845e-07
1.204841750000000e+04 -4.936913753548939e-07
1.205041760000000e+04 -3.317608287620853e-08
1.205241770000000e+04 4.590348960798345e-07
1.205441770000000e+04 5.123998567906708e-07
1.205641780000000e+04 7.592569322802073e-08
1.205841790000000e+04 -4.331120428538388e-07
1.206041800000000e+04 -5.280851364350695e-07
1.206241800000000e+04 -1.182214957298230e-07
1.206441810000000e+04 4.046389986682803e-07
1.206641820000000e+04 5.406548107155713e-07
1.206841830000000e+04 1.598149341243663e-07
1.207041830000000e+04 -3.737844353296174e-07
1.207241840000000e+04 -5.500351086225009e-07
1.207441850000000e+04 -2.004605000438652e-07
1.207641860000000e+04 3.407305993141832e-07
1.207841860000000e+04 5.561710519469062e-07
1.208041870000000e+04 2.399191708619867e-07
1.208241880000000e+04 -3.056728089768122e-07
1.208441890000000e+04 -5.590269535401839e-07
1.208641890000000e+04 -2.779579313041853e-07
1.208841900000000e+04 2.688174672060644e-07
1.209041910000000e+04 5.585865784815493e-07
1.209241920000000e+04 3.143529007008150e-07
1.209441920000000e+04 -2.303823512235503e-07
1.209641930000000e+04 -5.548533686899427e-07
1.209841940000000e+04 -3.488892298027663e-07
1.210041950000000e+04 1.905937246999500e-07
1.210241950000000e+04 5.478496871682889e-07
1.210441960000000e+04 3.813637706768609e-07
1.210641970000000e+04 -1.496868124263224e-07
1.210841980000000e+04 -5.376171503315143e-07
1.211041980000000e+04 -4.115851881403160e-07
1.211241990000000e+04 1.079026680644537e-07
1.211442000000000e+04 5.242164659094889e-07
1.211642010000000e+04 4.393762847786734e-07
1.211842010000000e+04 -6.548835948363476e-08
1.212042020000000e+04 -5.077267097268970e-07
1.212242030000000e+04 -4.645732492570101e-07
1.212442040000000e+04 2.269388113127461e-08
1.212642040000000e+04 4.882456412986530e-07
1.212842050000000e+04 4.870282219851826e-07
1.213042060000000e+04 2.022813960098011e-08
1.213242070000000e+04 -4.658883879968757e-07
1.213442070000000e+04 -5.066088228866879e-07
1.213642080000000e+04 -6.302530423273867e-08
1.213842090000000e+04 4.407875388231635e-07
1.214042100000000e+04 5.231999700230628e-07
1.214242100000000e+04 1.054449680587619e-07
1.214442110000000e+04 -4.130915710794550e-07
1.214642120000000e+04 -5.367039437355150e-07
1.214842130000000e+04 -1.472377230860109e-07
1.215042130000000e+04 3.829642961006734e-07
1.215242140000000e+04 5.470416353151544e-07
1.215442150000000e+04 1.881567675400048e-07
1.215642160000000e+04 -3.505832863903805e-07
1.215842160000000e+04 -5.541525479325829e-07
1.216042170000000e+04 -2.279611803415683e-07
1.216242180000000e+04 3.161399525442550e-07
1.216442190000000e+04 5.579956296657072e-07
1.216642190000000e+04 2.664158746273888e-07
1.216842200000000e+04 -2.798370065183015e-07
1.217042210000000e+04 -5.585486151184325e-07
1.217242220000000e+04 -3.032945122434793e-07
1.217442220000000e+04 2.418890683017778e-07
1.217642230000000e+04 5.558088045323218e-07
1.217842240000000e+04 3.383796032111858e-07
1.218042250000000e+04 -2.025198594884367e-07
1.218242250000000e+04 -5.497926792854058e-07
1.218442260000000e+04 -3.714651512208748e-07
1.218642270000000e+04 1.619621906108782e-07
1.218842280000000e+04 5.405357989402166e-07
1.219042280000000e+04 4.023561054069049e-07
1.219242290000000e+04 -1.204552444171156e-07
1.219442300000000e+04 -5.280931527445746e-07
1.219642310000000e+04 -4.308712096536714e-07
1.219842310000000e+04 7.824423540865721e-08
1.220042320000000e+04 5.125384444291612e-07
1.220242330000000e+04 4.568422821642417e-07
1.220442340000000e+04 -3.557759609123549e-08
1.220642340000000e+04 -4.939640244637317e-07
1.220842350000000e+04 -4.801165511685569e-07
1.221042360000000e+04 -7.292741708364796e-09
1.221242370000000e+04 4.724799648838051e-07
1.221442370000000e+04 5.005567762347772e-07
1.221642380000000e+04 5.011479584936210e-08
1.221842390000000e+04 -4.482135630064139e-07
1.222042400000000e+04 -5.180429494168895e-07
1.222242400000000e+04 -9.263564983797531e-08
1.222442410000000e+04 4.213081184397637e-07
1.222642420000000e+04 5.324722061303759e-07
1.222842430000000e+04 1.346048892850296e-07
1.223042430000000e+04 -3.919227396125534e-07
1.223242440000000e+04 -5.437603176071229e-07
1.223442450000000e+04 -1.757746230541027e-07
1.223642460000000e+04 3.602303654926891e-07
1.223842460000000e+04 5.518411202440620e-07
1.224042470000000e+04 2.159024321497755e-07
1.224242480000000e+04 -3.264183781863408e-07
1.224442490000000e+04 -5.566677840271647e-07
1.224642490000000e+04 -2.547514103871445e-07
1.224842500000000e+04 2.906861748518489e-07
1.225042510000000e+04 5.582120858253541e-07
1.225242520000000e+04 2.920932321512472e-07
1.225442520000000e+04 -2.532450785753926e-07
1.225642530000000e+04 -5.564651118110839e-07
1.225842540000000e+04 -3.277076889970170e-07
1.226042550000000e+04 2.143159688489943e-07
1.226242550000000e+04 5.514374611564971e-07
1.226442560000000e+04 3.613857839019911e-07
1.226642570000000e+04 -1.741290666030965e-07
1.226842580000000e+04 -5.431591598140602e-07
1.227042580000000e+04 -3.929288222446077e-07
1.227242590000000e+04 1.329211061648629e-07
1.227442600000000e+04 5.316794750635845e-07
1.227642610000000e+04 4.221512424022737e-07
1.227842610000000e+04 -9.093544529825927e-08
1.228042620000000e+04 -5.170667077491188e-07
1.228242630000000e+04 -4.488806443362227e-07
1.228442640000000e+04 4.841892551769002e-08
1.228642640000000e+04 4.994076946003136e-07
1.228842650000000e+04 4.729599077759231e-07
1.229042660000000e+04 -5.622640393188427e-09
1.229242670000000e+04 -4.788070346982947e-07
1.229442670000000e+04 -4.942470348861639e-07
1.229642680000000e+04 -3.720136995135902e-08
1.229842690000000e+04 4.553866277023985e-07
1.230042700000000e+04 5.126173515334677e-07
1.230242700000000e+04 7.980015358159607e-08
1.230442710000000e+04 -4.292844230883652e-07
1.230642720000000e+04 -5.279628573872811e-07
1.230842730000000e+04 -1.219227678694801e-07
1.231042740000000e+04 4.006547636314214e-07
1.231242740000000e+04 5.401940251392063e-07
1.231442750000000e+04 1.633203174902265e-07
1.231642760000000e+04 -3.696665148411036e-07
1.231842770000000e+04 -5.492389579469019e-07
1.232042770000000e+04 -2.037493275516736e-07
1.232242780000000e+04 3.365029146002603e-07
1.232442790000000e+04 5.550446735448890e-07
1.232642800000000e+04 2.429712734547186e-07
1.232842800000000e+04 -3.013597844036951e-07
1.233042810000000e+04 -5.575771554881375e-07
1.233242820000000e+04 -2.807558336409252e-07
1.233442830000000e+04 2.644450904760271e-07
1.233642830000000e+04 5.568218210838562e-07
1.233842840000000e+04 3.168801312804138e-07
1.234042850000000e+04 -2.259764714139289e-07
1.234242860000000e+04 -5.527833933406286e-07
1.234442860000000e+04 -3.511316831601123e-07
1.234642870000000e+04 1.861812231965056e-07
1.234842880000000e+04 5.454864042245793e-07
1.235042890000000e+04 3.833083693559191e-07
1.235242890000000e+04 -1.452934756753419e-07
1.235442900000000e+04 -5.349744799217424e-07
1.235642910000000e+04 -4.132208650371527e-07
1.235842920000000e+04 1.035546515589998e-07
1.236042920000000e+04 5.213102086040467e-07
1.236242930000000e+04 4.406925692368048e-07
1.236442940000000e+04 -6.121052194031548e-08
1.236642950000000e+04 -5.045746914378976e-07
1.236842950000000e+04 -4.655623328462392e-07
1.237042960000000e+04 1.851120850417250e-08
1.237242970000000e+04 4.848666799257180e-07
1.237442980000000e+04 4.876836781091478e-07
1.237642980000000e+04 2.429160767923848e-08
1.237842990000000e+04 -4.623027443939296e-07
1.238043000000000e+04 -5.069271073716748e-07
1.238243010000000e+04 -6.694492029461312e-08
1.238443010000000e+04 4.370159615296846e-07
1.238643020000000e+04 5.231794573667569e-07
1.238843030000000e+04 1.091977183891278e-07
1.239043040000000e+04 -4.091558683662182e-07
1.239243040000000e+04 -5.363454416344341e-07
1.239443050000000e+04 -1.508005401697884e-07
1.239643060000000e+04 3.788871342489682e-07
1.239843070000000e+04 5.463475332774544e-07
1.240043070000000e+04 1.915088799465900e-07
1.240243080000000e+04 -3.463889598563787e-07
1.240443090000000e+04 -5.531270969681052e-07
1.240643100000000e+04 -2.310826482737880e-07
1.240843100000000e+04 3.118530976404307e-07
1.241043110000000e+04 5.566442613621410e-07
1.241243120000000e+04 2.692891616238603e-07
1.241443130000000e+04 -2.754838165022648e-07
1.241643130000000e+04 -5.568790559859568e-07
1.241843140000000e+04 -3.059028861695779e-07
1.242043150000000e+04 2.374952802354074e-07
1.242243160000000e+04 5.538305520640861e-07
1.242443160000000e+04 3.407082741920040e-07
1.242643170000000e+04 -1.981117927048314e-07
1.242843180000000e+04 -5.475174218992958e-07
1.243043190000000e+04 -3.734997476964907e-07
1.243243190000000e+04 1.575651920931928e-07
1.243443200000000e+04 5.379774997580505e-07
1.243643210000000e+04 4.040847189954695e-07
1.243843220000000e+04 -1.160949901067616e-07
1.244043220000000e+04 -5.252673903974045e-07
1.244243230000000e+04 -4.322827980015539e-07
1.244443240000000e+04 7.394573380224696e-08
1.244643250000000e+04 5.094623029009942e-07
1.244843250000000e+04 4.579286235228000e-07
1.245043260000000e+04 -3.136657669773828e-08
1.245243270000000e+04 -4.906555146548634e-07
1.245443280000000e+04 -4.808712823858689e-07
1.245643280000000e+04 -1.139173274659414e-08
1.245843290000000e+04 4.689582216836574e-07
1.246043300000000e+04 5.009762443752321e-07
1.246243310000000e+04 5.407653936763657e-08
1.246443310000000e+04 -4.444988514520609e-07
1.246643320000000e+04 -5.181249706438658e-07
1.246843330000000e+04 -9.643680781085787e-08
1.247043340000000e+04 4.174222312313670e-07
1.247243340000000e+04 5.322167281545004e-07
1.247443350000000e+04 1.382226743522821e-07
1.247643360000000e+04 -3.878883300171585e-07
1.247843370000000e+04 -5.431683850538732e-07
1.248043370000000e+04 -1.791884662030948e-07
1.248243380000000e+04 3.560720498366095e-07
1.248443390000000e+04 5.509161225106081e-07
1.248643400000000e+04 2.190923770831320e-07
1.248843400000000e+04 -3.221609467452048e-07
1.249043410000000e+04 -5.554145033833795e-07
1.249243420000000e+04 -2.576994277289912e-07
1.249443430000000e+04 2.863552667321095e-07
1.249643430000000e+04 5.566378071105109e-07
1.249843440000000e+04 2.947815604796979e-07
1.250043450000000e+04 -2.488658579797957e-07
1.250243460000000e+04 -5.545794477873505e-07
1.250443460000000e+04 -3.301207410823225e-07
1.250643470000000e+04 2.099140985885086e-07
1.250843480000000e+04 5.492521083756620e-07
1.251043490000000e+04 3.635083150678960e-07
1.251243490000000e+04 -1.697297317962172e-07
1.251443500000000e+04 -5.406874588058045e-07
1.251643510000000e+04 -3.947483041896941e-07
1.251843520000000e+04 1.285503059013278e-07
1.252043520000000e+04 5.289361994350108e-07
1.252243530000000e+04 4.236567245698107e-07
1.252443540000000e+04 -8.661852342386069e-08
1.252643550000000e+04 -5.140678191218882e-07
1.252843550000000e+04 -4.500639514570107e-07
1.253043560000000e+04 4.418233022978206e-08
1.253243570000000e+04 4.961704380097023e-07
1.253443580000000e+04 4.738143024223265e-07
1.253643580000000e+04 -1.491449326554686e-09
1.253843590000000e+04 -4.753500869788157e-07
1.254043600000000e+04 -4.947682118997905e-07
1.254243610000000e+04 -4.120221732207877e-08
1.254443610000000e+04 4.517300347405529e-07
1.254643620000000e+04 5.128019796164514e-07
1.254843630000000e+04 8.364756870937419e-08
1.255043640000000e+04 -4.254503307118815e-07
1.255243640000000e+04 -5.278099071361616e-07
1.255443650000000e+04 -1.255941266531214e-07
1.255643660000000e+04 3.966660999170509e-07
1.255843670000000e+04 5.397035566286636e-07
1.256043670000000e+04 1.667949498243125e-07
1.256243680000000e+04 -3.655474231868289e-07
1.256443690000000e+04 -5.484137143936517e-07
1.256643700000000e+04 -2.070065912184514e-07
1.256843700000000e+04 3.322776736592429e-07
1.257043710000000e+04 5.538895136774877e-07
1.257243720000000e+04 2.459923984283926e-07
1.257443730000000e+04 -2.970532814774001e-07
1.257643730000000e+04 -5.560993808784580e-07
1.257843740000000e+04 -2.835220170114940e-07
1.258043750000000e+04 2.600819302709073e-07
1.258243760000000e+04 5.550305801644324e-07
1.258443760000000e+04 3.193750129811925e-07
1.258643770000000e+04 -2.215822314511755e-07
1.258843780000000e+04 -5.506898299064749e-07
1.259043790000000e+04 -3.533400281593298e-07
1.259243790000000e+04 1.817812736989949e-07
1.259443800000000e+04 5.431027724645995e-07
1.259643810000000e+04 3.852176268096279e-07
1.259843820000000e+04 -1.409145246605133e-07
1.260043820000000e+04 -5.323145532054293e-07
1.260243830000000e+04 -4.148199164816344e-07
1.260443840000000e+04 9.922260783027344e-08
1.260643850000000e+04 5.183891342332231e-07
1.260843850000000e+04 4.419730001499281e-07
1.261043860000000e+04 -5.695170645757057e-08
1.261243870000000e+04 -5.014092965976485e-07
1.261443880000000e+04 -4.665164683100065e-07
1.261643880000000e+04 1.435055377013243e-08
1.261843890000000e+04 4.814758725695859e-07
1.262043900000000e+04 4.883061634593479e-07
1.262243910000000e+04 2.832949788770978e-08
1.262443910000000e+04 -4.587067247201659e-07
1.262643920000000e+04 -5.072134637329978e-07
1.262843930000000e+04 -7.083728952610702e-08
1.263043940000000e+04 4.332366262362042e-07
1.263243940000000e+04 5.231278264910784e-07
1.263443950000000e+04 1.129215886014920e-07
1.263643960000000e+04 -4.052158340013068e-07
1.263843970000000e+04 -5.359557549645760e-07
1.264043970000000e+04 -1.543345712564359e-07
1.264243980000000e+04 3.748097467395681e-07
1.264443990000000e+04 5.456223990073512e-07
1.264644000000000e+04 1.948314510650992e-07
1.264844000000000e+04 -3.421975990594255e-07
1.265044010000000e+04 -5.520711501439945e-07
1.265244020000000e+04 -2.341741590431172e-07
1.265444030000000e+04 3.075722576413032e-07
1.265644030000000e+04 5.552645924230268e-07
1.265844040000000e+04 2.721305639549470e-07
1.266044050000000e+04 -2.711380798134818e-07
1.266244060000000e+04 -5.551838195176863e-07
1.266444060000000e+04 -3.084776694023425e-07
1.266644070000000e+04 2.331107039298116e-07
1.266844080000000e+04 5.518297179071466e-07
1.267044090000000e+04 3.430012338549091e-07
1.267244090000000e+04 -1.937142127293163e-07
1.267444100000000e+04 -5.452222820019261e-07
1.267644110000000e+04 -3.754984833065863e-07
1.267844120000000e+04 1.531814453294530e-07
1.268044120000000e+04 5.354011386644004e-07
1.268244130000000e+04 4.057773994429800e-07
1.268444140000000e+04 -1.117510224255728e-07
1.268644150000000e+04 -5.224248555946933e-07
1.268844150000000e+04 -4.336599906321529e-07
1.269044160000000e+04 6.966739172457575e-08
1.269244170000000e+04 5.063704419090634e-07
1.269444180000000e+04 4.589815562712417e-07
1.269644180000000e+04 -2.717816897218527e-08
1.269844190000000e+04 -4.873331869724360e-07
1.270044200000000e+04 -4.815936124349875e-07
1.270244210000000e+04 -1.546552890564536e-08
1.270444210000000e+04 4.654256061284412e-07
1.270644220000000e+04 5.013630034211847e-07
1.270844230000000e+04 5.801255419033198e-08
1.271044240000000e+04 -4.407770094863832e-07
1.271244240000000e+04 -5.181740521221050e-07
1.271444250000000e+04 -1.002113120310504e-07
1.271644260000000e+04 4.135327639438862e-07
1.271844270000000e+04 5.319280000634083e-07
1.272044270000000e+04 1.418135032018704e-07
1.272244280000000e+04 -3.838539538869624e-07
1.272444290000000e+04 -5.425445222853849e-07
1.272644300000000e+04 -1.825734580513399e-07
1.272844300000000e+04 3.519157683533454e-07
1.273044310000000e+04 5.499608966391119e-07
1.273244320000000e+04 2.222516298974081e-07
1.273444330000000e+04 -3.179073612455658e-07
1.273644330000000e+04 -5.541339047956662e-07
1.273844340000000e+04 -2.606140599328399e-07
1.274044350000000e+04 2.820293466699761e-07
1.274244360000000e+04 5.550389648235219e-07
1.274444360000000e+04 2.974353844451673e-07
1.274644370000000e+04 -2.444939604528139e-07
1.274844380000000e+04 -5.526713449992003e-07
1.275044390000000e+04 -3.324980983499172e-07
1.275244390000000e+04 2.055222943809568e-07
1.275444400000000e+04 5.470455463278715e-07
1.275644410000000e+04 3.655960879768631e-07
1.275844420000000e+04 -1.653443358256471e-07
1.276044420000000e+04 -5.381954316400072e-07
1.276244430000000e+04 -3.965336952064432e-07
1.276444440000000e+04 1.241965780019389e-07
1.276644450000000e+04 5.261738176180712e-07
1.276844450000000e+04 4.251291834418121e-07
1.277044460000000e+04 -8.232211432196668e-08
1.277244470000000e+04 -5.110520288262651e-07
1.277444480000000e+04 -4.512139117853411e-07
1.277644480000000e+04 3.996750730727940e-08
1.277844490000000e+04 4.929193866690548e-07
1.278044500000000e+04 4.746350383992109e-07
1.278244510000000e+04 2.616659119180372e-09
1.278444510000000e+04 -4.718830055788134e-07
1.278644520000000e+04 -4.952547380239925e-07
1.278844530000000e+04 -4.517960442642683e-08
1.279044540000000e+04 4.480671963359741e-07
1.279244540000000e+04 5.129522944831624e-07
1.279444550000000e+04 8.746983299724625e-08
1.279644560000000e+04 -4.216125313674348e-07
1.279844570000000e+04 -5.276232852012791e-07
1.280044570000000e+04 -1.292386544811969e-07
1.280244580000000e+04 3.926757894360209e-07
1.280444590000000e+04 5.391818625312354e-07
1.280644600000000e+04 1.702397048239509e-07
1.280844600000000e+04 -3.614279269290045e-07
1.281044610000000e+04 -5.475596941391603e-07
1.281244620000000e+04 -2.102319984561060e-07
1.281444630000000e+04 3.280538931023193e-07
1.281644630000000e+04 5.527079096796837e-07
1.281844640000000e+04 2.489794310793460e-07
1.282044650000000e+04 -2.927504788957475e-07
1.282244660000000e+04 -5.545965110880053e-07
1.282444660000000e+04 -2.862542473814719e-07
1.282644670000000e+04 2.557261149797409e-07
1.282844680000000e+04 5.532152193191445e-07
1.283044690000000e+04 3.218360107033531e-07
1.283244690000000e+04 -2.171988493186647e-07
1.283444700000000e+04 -5.485727031377853e-07
1.283644710000000e+04 -3.555154394521378e-07
1.283844720000000e+04 1.773961979717859e-07
1.284044720000000e+04 5.406970056833619e-07
1.284244730000000e+04 3.870937409346400e-07
1.284444740000000e+04 -1.365524829831853e-07
1.284644750000000e+04 -5.296347762810694e-07
1.284844750000000e+04 -4.163856329859165e-07
1.285044760000000e+04 9.490939199424899e-08
1.285244770000000e+04 5.154516204320659e-07
1.285444780000000e+04 4.432185438256597e-07
1.285644780000000e+04 -5.271237434387013e-08
1.285844790000000e+04 -4.982312684124410e-07
1.286044800000000e+04 -4.674352300128144e-07
1.286244810000000e+04 1.021083918707375e-08
1.286444810000000e+04 4.780754137571500e-07
1.286644820000000e+04 4.888928491806934e-07
1.286844830000000e+04 3.234504658999834e-08
1.287044840000000e+04 -4.551035573214851e-07
1.287244840000000e+04 -5.074657011621191e-07
1.287444850000000e+04 -7.470415188516279e-08
1.287644860000000e+04 4.294516474087753e-07
1.287844870000000e+04 5.230439112268069e-07
1.288044870000000e+04 1.166174508825993e-07
1.288244880000000e+04 -4.012716052152757e-07
1.288444890000000e+04 -5.355361448294234e-07
1.288644900000000e+04 -1.578375344377079e-07
1.288844900000000e+04 3.707298910555550e-07
1.289044910000000e+04 5.448688862486331e-07
1.289244920000000e+04 1.981221278737393e-07
1.289444930000000e+04 -3.380069403344562e-07
1.289644930000000e+04 -5.509879824017925e-07
1.289844940000000e+04 -2.372329934859516e-07
1.290044950000000e+04 3.032955947497029e-07
1.290244960000000e+04 5.538577539256056e-07
1.290444960000000e+04 2.749399420661219e-07
1.290644970000000e+04 -2.668007778653879e-07
1.290844980000000e+04 -5.534622042226302e-07
1.291044990000000e+04 -3.110202795647796e-07
1.291244990000000e+04 2.287373729768129e-07
1.291445000000000e+04 5.498038700246576e-07
1.291645010000000e+04 3.452619896548559e-07
1.291845020000000e+04 -1.893305448644306e-07
1.292045020000000e+04 -5.429049004129771e-07
1.292245030000000e+04 -3.774631720276166e-07
1.292445040000000e+04 1.488126936473606e-07
1.292645050000000e+04 5.328059494456510e-07
1.292845050000000e+04 4.074350207953591e-07
1.293045060000000e+04 -1.074233871558003e-07
1.293245070000000e+04 -5.195668002602332e-07
1.293445080000000e+04 -4.350007383830322e-07
1.293645080000000e+04 6.540653776966688e-08
1.293845090000000e+04 5.032659684879231e-07
1.294045100000000e+04 4.599987025212717e-07
1.294245110000000e+04 -2.301022997986474e-08
1.294445110000000e+04 -4.840001002285821e-07
1.294645120000000e+04 -4.822811172967707e-07
1.294845130000000e+04 -1.951623326410793e-08
1.295045140000000e+04 4.618834213855351e-07
1.295245140000000e+04 5.017171225108068e-07
1.295445150000000e+04 6.192180591744817e-08
1.295645160000000e+04 -4.370469683145929e-07
1.295845170000000e+04 -5.181920789416097e-07
1.296045170000000e+04 -1.039572219818148e-07
1.296245180000000e+04 4.096375642305225e-07
1.296445190000000e+04 5.316095625448559e-07
1.296645200000000e+04 1.453739597109451e-07
1.296845200000000e+04 -3.798168992626746e-07
1.297045210000000e+04 -5.418907676576232e-07
1.297245220000000e+04 -1.859282338461978e-07
1.297445230000000e+04 3.477610424208342e-07
1.297645230000000e+04 5.489762023360665e-07
1.297845240000000e+04 2.253803849928735e-07
1.298045250000000e+04 -3.136587706592507e-07
1.298245260000000e+04 -5.528242286685178e-07
1.298445260000000e+04 -2.634982535629689e-07
1.298645270000000e+04 2.777117864004303e-07
1.298845280000000e+04 5.534129278793270e-07
1.299045290000000e+04 3.000569579520367e-07
1.299245290000000e+04 -2.401320446185773e-07
1.299445300000000e+04 -5.507387758971383e-07
1.299645310000000e+04 -3.348420185387366e-07
1.299845320000000e+04 2.011418992498395e-07
1.300045320000000e+04 5.448178718065653e-07
1.300245330000000e+04 3.676481685082902e-07
1.300445340000000e+04 -1.609714233038325e-07
1.300645350000000e+04 -5.356853970598726e-07
1.300845350000000e+04 -3.982829906364856e-07
1.301045360000000e+04 1.198578633111802e-07
1.301245370000000e+04 5.233956284912205e-07
1.301445380000000e+04 4.265654567893851e-07
1.301645380000000e+04 -7.804315395150721e-08
1.301845390000000e+04 -5.080216492145303e-07
1.302045400000000e+04 -4.523294048180457e-07
1.302245410000000e+04 3.577416137332281e-08
1.302445410000000e+04 4.896549686540391e-07
1.302645420000000e+04 4.754226685795488e-07
1.302845430000000e+04 6.700598603239181e-09
1.303045440000000e+04 -4.684042420356500e-07
1.303245440000000e+04 -4.957096311689925e-07
1.303445450000000e+04 -4.913011572254679e-08
1.303645460000000e+04 4.443950921382684e-07
1.303845470000000e+04 5.130708674925767e-07
1.304045470000000e+04 9.126464826916148e-08
1.304245480000000e+04 -4.177693504007000e-07
1.304445490000000e+04 -5.274051988913736e-07
1.304645500000000e+04 -1.328550829297119e-07
1.304845500000000e+04 3.886838637943526e-07
1.305045510000000e+04 5.386282048695681e-07
1.305245520000000e+04 1.736563999515552e-07
1.305445530000000e+04 -3.573106224093067e-07
1.305645530000000e+04 -5.466746459516140e-07
1.305845540000000e+04 -2.134277957323079e-07
1.306045550000000e+04 3.238345867727611e-07
1.306245560000000e+04 5.514970722039140e-07
1.306445560000000e+04 2.519356916665773e-07
1.306645570000000e+04 -2.884539186194656e-07
1.306845580000000e+04 -5.530674576844270e-07
1.307045590000000e+04 -2.889528259376488e-07
1.307245590000000e+04 2.513776498314651e-07
1.307445600000000e+04 5.513766483830861e-07
1.307645610000000e+04 3.242620090564661e-07
1.307845620000000e+04 -2.128248267515567e-07
1.308045620000000e+04 -5.464349742398620e-07
1.308245630000000e+04 -3.576546876468486e-07
1.308445640000000e+04 1.730225701313461e-07
1.308645650000000e+04 5.382720756602423e-07
1.308845650000000e+04 3.889346203884253e-07
1.309045660000000e+04 -1.322059345309332e-07
1.309245670000000e+04 -5.269370601509542e-07
1.309445680000000e+04 -4.179169759668488e-07
1.309645680000000e+04 9.061489772920099e-08
1.309845690000000e+04 5.124971043345227e-07
1.310045700000000e+04 4.444312763845123e-07
1.310245710000000e+04 -4.849522140689834e-08
1.310445710000000e+04 -4.950379854416989e-07
1.310645720000000e+04 -4.683212348634927e-07
1.310845730000000e+04 6.094802161781988e-09
1.311045740000000e+04 4.746629132830627e-07
1.311245740000000e+04 4.894470587857443e-07
1.311445750000000e+04 3.633564059562959e-08
1.311645760000000e+04 -4.514920152567950e-07
1.311845770000000e+04 -5.076842551714181e-07
1.312045770000000e+04 -7.854597495497534e-08
1.312245780000000e+04 4.256622638407478e-07
1.312445790000000e+04 5.229264432661459e-07
1.312645800000000e+04 1.202869626893812e-07
1.312845800000000e+04 -3.973259757712349e-07
1.313045810000000e+04 -5.350836941791442e-07
1.313245820000000e+04 -1.613131169278039e-07
1.313445830000000e+04 3.666509031427396e-07
1.313645830000000e+04 5.440848919227107e-07
1.313845840000000e+04 2.013822875584013e-07
1.314045850000000e+04 -3.338184233822125e-07
1.314245860000000e+04 -5.498768866729755e-07
1.314445860000000e+04 -2.402593321749265e-07
1.314645870000000e+04 2.990226478895569e-07
1.314845880000000e+04 5.524259195972203e-07
1.315045890000000e+04 2.777146532524641e-07
1.315245890000000e+04 -2.624689165684747e-07
1.315445900000000e+04 -5.517172768144263e-07
1.315645910000000e+04 -3.135281090439478e-07
1.315845920000000e+04 2.243731239907448e-07
1.316045920000000e+04 5.477560443376259e-07
1.316245930000000e+04 3.474880583114123e-07
1.316445940000000e+04 -1.849593394163526e-07
1.316645950000000e+04 -5.405659484118019e-07
1.316845950000000e+04 -3.793946394506848e-07
1.317045960000000e+04 1.444604066106995e-07
1.317245970000000e+04 5.301903478499937e-07
1.317445980000000e+04 4.090595606367005e-07
1.317645980000000e+04 -1.031147125937377e-07
1.317845990000000e+04 -5.166906175944734e-07
1.318046000000000e+04 -4.363087662329391e-07
1.318246010000000e+04 6.116669519548556e-08
1.318446010000000e+04 5.001465499505364e-07
1.318646020000000e+04 4.609816006262488e-07
1.318846030000000e+04 -1.886369651394694e-08
1.319046040000000e+04 -4.806559276728185e-07
1.319246040000000e+04 -4.829339157261948e-07
1.319446050000000e+04 -2.354431526435445e-08
1.319646060000000e+04 4.583337694877409e-07
1.319846070000000e+04 5.020361421843806e-07
1.320046070000000e+04 6.580760039935643e-08
1.320246080000000e+04 -4.333121870530241e-07
1.320446090000000e+04 -5.181763638933927e-07
1.320646100000000e+04 -1.076766585201274e-07
1.320846100000000e+04 4.057392290139454e-07
1.321046110000000e+04 5.312592663894068e-07
1.321246120000000e+04 1.489056904137684e-07
1.321446130000000e+04 -3.757780846942840e-07
1.321646130000000e+04 -5.412081475528843e-07
1.321846140000000e+04 -1.892512228148982e-07
1.322046150000000e+04 3.436059132791565e-07
1.322246160000000e+04 5.479644027325441e-07
1.322446160000000e+04 2.284761011059914e-07
1.322646170000000e+04 -3.094127865238909e-07
1.322846180000000e+04 -5.514890323060916e-07
1.323046190000000e+04 -2.663485944719050e-07
1.323246190000000e+04 2.733999609969380e-07
1.323446200000000e+04 5.517615769523816e-07
1.323646210000000e+04 3.026457686806478e-07
1.323846220000000e+04 -2.357801765940933e-07
1.324046220000000e+04 -5.487816098739302e-07
1.324246230000000e+04 -3.371531871043638e-07
1.324446240000000e+04 1.967749034448987e-07
1.324646250000000e+04 5.425668714606757e-07
1.324846250000000e+04 3.696680526134696e-07
1.325046260000000e+04 -1.566146623884017e-07
1.325246270000000e+04 -5.331544403395407e-07
1.325446280000000e+04 -3.999985640687681e-07
1.325646280000000e+04 1.155362719957562e-07
1.325846290000000e+04 5.205999811046496e-07
1.326046300000000e+04 4.279672014884677e-07
1.326246310000000e+04 -7.378264487406416e-08
1.326446310000000e+04 -5.049776956301128e-07
1.326646320000000e+04 -4.534089368220307e-07
1.326846330000000e+04 3.159991512061013e-08
1.327046340000000e+04 4.863799807489294e-07
1.327246340000000e+04 4.761746034773814e-07
1.327446350000000e+04 1.076281103934947e-08
1.327646360000000e+04 -4.649170260896091e-07
1.327846370000000e+04 -4.961298142794766e-07
1.328046370000000e+04 -5.305660865038527e-08
1.328246380000000e+04 4.407159680341133e-07
1.328446390000000e+04 5.131573786337303e-07
1.328646400000000e+04 9.503176655729241e-08
1.328846400000000e+04 -4.139202430726071e-07
1.329046410000000e+04 -5.271567158392469e-07
1.329246420000000e+04 -1.364415458490365e-07
1.329446430000000e+04 3.846882491955053e-07
1.329646430000000e+04 5.380460546122540e-07
1.329846440000000e+04 1.770413723946329e-07
1.330046450000000e+04 -3.531923222999435e-07
1.330246460000000e+04 -5.457613817211056e-07
1.330446460000000e+04 -2.165922152014490e-07
1.330646470000000e+04 3.196184882219500e-07
1.330846480000000e+04 5.502584256127039e-07
1.331046490000000e+04 2.548602852284149e-07
1.331246490000000e+04 -2.841644521519473e-07
1.331446500000000e+04 -5.515109061128809e-07
1.331646510000000e+04 -2.916204530194542e-07
1.331846520000000e+04 2.470396323323488e-07
1.332046520000000e+04 5.495121101957083e-07
1.332246530000000e+04 3.266557272041359e-07
1.332446540000000e+04 -2.084630497746555e-07
1.332646550000000e+04 -5.442739693665580e-07
1.332846550000000e+04 -3.597606760818583e-07
1.333046560000000e+04 1.686628351125672e-07
1.333246570000000e+04 5.358276162534299e-07
1.333446580000000e+04 3.907400330061668e-07
1.333646580000000e+04 -1.278738162027011e-07
1.333846590000000e+04 -5.242229284112201e-07
1.334046600000000e+04 -4.194121230816765e-07
1.334246610000000e+04 8.633701800578735e-08
1.334446610000000e+04 5.095289216540066e-07
1.334646620000000e+04 4.456077188401900e-07
1.334846630000000e+04 -4.429681246723420e-08
1.335046640000000e+04 -4.918326774257064e-07
1.335246640000000e+04 -4.691728599160965e-07
1.335446650000000e+04 2.001383079159209e-09
1.335646660000000e+04 4.712393606946618e-07
1.335846670000000e+04 4.899682576447091e-07
1.336046670000000e+04 4.030065173493368e-08
1.336246680000000e+04 -4.478709337512583e-07
1.336446690000000e+04 -5.078720139934722e-07
1.336646700000000e+04 -8.235951714300296e-08
1.336846700000000e+04 4.218654734249095e-07
1.337046710000000e+04 5.227785578799117e-07
1.337246720000000e+04 1.239275160603002e-07
1.337446730000000e+04 -3.933766292499523e-07
1.337646730000000e+04 -5.346011425120987e-07
1.337846740000000e+04 -1.647589474617495e-07
1.338046750000000e+04 3.625721699372708e-07
1.338246760000000e+04 5.432703308560050e-07
1.338446760000000e+04 2.046134329156705e-07
1.338646770000000e+04 -3.296340104485722e-07
1.338846780000000e+04 -5.487359668286730e-07
1.339046790000000e+04 -2.432555117478318e-07
1.339246790000000e+04 2.947565317645279e-07
1.339446800000000e+04 5.509658996699078e-07
1.339646810000000e+04 2.804582658569983e-07
1.339846820000000e+04 -2.581459610814037e-07
1.340046820000000e+04 -5.499473299869413e-07
1.340246830000000e+04 -3.160022332579554e-07
1.340446840000000e+04 2.200184380338406e-07
1.340646850000000e+04 5.456862263212257e-07
1.340846850000000e+04 3.496789553925856e-07
1.341046860000000e+04 -1.805994742551337e-07
1.341246870000000e+04 -5.382083073752602e-07
1.341446880000000e+04 -3.812896767512567e-07
1.341646880000000e+04 1.401212689570110e-07
1.341846890000000e+04 5.275579009422684e-07
1.342046900000000e+04 4.106485347569835e-07
1.342246910000000e+04 -9.882282884659627e-08
1.342446910000000e+04 -5.137986768870120e-07
1.342646920000000e+04 -4.375820511641244e-07
1.342846930000000e+04 5.694694510344698e-08
1.343046940000000e+04 4.970123481615628e-07
1.343246940000000e+04 4.619320527103704e-07
1.343446950000000e+04 -1.474081724987604e-08
1.343646960000000e+04 -4.772985241626602e-07
1.343846970000000e+04 -4.835547096894703e-07
1.344046970000000e+04 -2.754694442451512e-08
1.344246980000000e+04 4.547737132828676e-07
1.344446990000000e+04 5.023235811681257e-07
1.344647000000000e+04 6.966648014650322e-08
1.344847000000000e+04 -4.295707169348376e-07
1.345047010000000e+04 -5.181282149089754e-07
1.345247020000000e+04 -1.113696658014589e-07
1.345447030000000e+04 4.018382829308659e-07
1.345647030000000e+04 5.308765787102489e-07
1.345847040000000e+04 1.524099456073524e-07
1.346047050000000e+04 -3.717401726404745e-07
1.346247060000000e+04 -5.404935638839064e-07
1.346447060000000e+04 -1.925460055013193e-07
1.346647070000000e+04 3.394542395354574e-07
1.346847080000000e+04 5.469229908435969e-07
1.347047090000000e+04 2.315410235424463e-07
1.347247090000000e+04 -3.051712727813426e-07
1.347447100000000e+04 -5.501268095420425e-07
1.347647110000000e+04 -2.691661563347777e-07
1.347847120000000e+04 2.690941667659477e-07
1.348047120000000e+04 5.500867250895522e-07
1.348247130000000e+04 3.051994101578477e-07
1.348447140000000e+04 -2.314357659638143e-07
1.348647150000000e+04 -5.468029682565593e-07
1.348847150000000e+04 -3.394289461198605e-07
1.349047160000000e+04 1.924184518501599e-07
1.349247170000000e+04 5.402958225557168e-07
1.349447180000000e+04 3.716525342566336e-07
1.349647180000000e+04 -1.522718155589767e-07
1.349847190000000e+04 -5.306041585126671e-07
1.350047200000000e+04 -4.016807247077842e-07
1.350247210000000e+04 1.112327582786283e-07
1.350447210000000e+04 5.177860052469899e-07
1.350647220000000e+04 4.293359909843986e-07
1.350847230000000e+04 -6.954296555892576e-08
1.351047240000000e+04 -5.019172304560267e-07
1.351247240000000e+04 -4.544562041911858e-07
1.351447250000000e+04 2.744873940414099e-08
1.351647260000000e+04 4.830916841525568e-07
1.351847270000000e+04 4.768933412465622e-07
1.352047270000000e+04 1.480183174406903e-08
1.352247280000000e+04 -4.614204086304683e-07
1.352447290000000e+04 -4.965162900332251e-07
1.352647300000000e+04 -5.695884709437269e-08
1.352847300000000e+04 4.370314023491888e-07
1.353047310000000e+04 5.132094511803144e-07
1.353247320000000e+04 9.877417579262137e-08
1.353447330000000e+04 -4.100687290389643e-07
1.353647330000000e+04 -5.268751732376192e-07
1.353847340000000e+04 -1.400009703982817e-07
1.354047350000000e+04 3.806918868586215e-07
1.354247360000000e+04 5.374326447218624e-07
1.354447360000000e+04 1.803970318798976e-07
1.354647370000000e+04 -3.490748035100144e-07
1.354847380000000e+04 -5.448201806728878e-07
1.355047390000000e+04 -2.197241049867376e-07
1.355247390000000e+04 3.154042521024130e-07
1.355447400000000e+04 5.489940295263643e-07
1.355647410000000e+04 2.577510631364153e-07
1.355847420000000e+04 -2.798792359970786e-07
1.356047420000000e+04 -5.499304944355562e-07
1.356247430000000e+04 -2.942532552625200e-07
1.356447440000000e+04 2.427090461989496e-07
1.356647450000000e+04 5.476244251296020e-07
1.356847450000000e+04 3.290159234480473e-07
1.357047460000000e+04 -2.041129653987902e-07
1.357247470000000e+04 -5.420903750192437e-07
1.357447480000000e+04 -3.618334884201642e-07
1.357647480000000e+04 1.643182515787608e-07
1.357847490000000e+04 5.333613976116547e-07
1.358047500000000e+04 3.925132576801591e-07
1.358247510000000e+04 -1.235599423339648e-07
1.358447510000000e+04 -5.214895287346591e-07
1.358647520000000e+04 -4.208742343515191e-07
1.358847530000000e+04 8.207837705335028e-08
1.359047540000000e+04 5.065447400520765e-07
1.359247540000000e+04 4.467502716235178e-07
1.359447550000000e+04 -4.011890909576096e-08
1.359647560000000e+04 -4.886154028123626e-07
1.359847570000000e+04 -4.699889845512590e-07
1.360047570000000e+04 -2.071274101145433e-09
1.360247580000000e+04 4.678073210761985e-07
1.360447590000000e+04 4.904543249006116e-07
1.360647600000000e+04 4.424293616967257e-08
1.360847600000000e+04 -4.442437793579199e-07
1.361047610000000e+04 -5.080253480485908e-07
1.361247620000000e+04 -8.614804270051572e-08
1.361447630000000e+04 4.180642870995668e-07
1.361647630000000e+04 5.225990155775626e-07
1.361847640000000e+04 1.275394803907285e-07
1.362047650000000e+04 -3.894237484318368e-07
1.362247660000000e+04 -5.340890678001588e-07
1.362447660000000e+04 -1.681740116257048e-07
1.362647670000000e+04 3.584916356533924e-07
1.362847680000000e+04 5.424286119670518e-07
1.363047690000000e+04 2.078116560701924e-07
1.363247690000000e+04 -3.254505022372866e-07
1.363447700000000e+04 -5.475686321360166e-07
1.363647710000000e+04 -2.462191105094973e-07
1.363847720000000e+04 2.904952252160444e-07
1.364047720000000e+04 5.494798428883104e-07
1.364247730000000e+04 2.831692810338920e-07
1.364447740000000e+04 -2.538316816795286e-07
1.364647750000000e+04 -5.481514285737849e-07
1.364847750000000e+04 -3.184449079703617e-07
1.365047760000000e+04 2.156763007131104e-07
1.365247770000000e+04 5.435920923519114e-07
1.365447780000000e+04 3.518376733611037e-07
1.365647780000000e+04 -1.762541435642838e-07
1.365847790000000e+04 -5.358286295052835e-07
1.366047800000000e+04 -3.831516438120557e-07
1.366247810000000e+04 1.357983345018879e-07
1.366447810000000e+04 5.249072081806639e-07
1.366647820000000e+04 4.122023582176325e-07
1.366847830000000e+04 -9.454742926625208e-08
1.367047840000000e+04 -5.108921409373101e-07
1.367247840000000e+04 -4.388196065342152e-07
1.367447850000000e+04 5.274529619802169e-08
1.367647860000000e+04 4.938666481718232e-07
1.367847870000000e+04 4.628462092299825e-07
1.368047870000000e+04 -1.063805974999689e-08
1.368247880000000e+04 -4.739315285736861e-07
1.368447890000000e+04 -4.841411452352148e-07
1.368647900000000e+04 -3.152596690805919e-08
1.368847900000000e+04 4.512050258454607e-07
1.369047910000000e+04 5.025784221432372e-07
1.369247920000000e+04 7.349888868897173e-08
1.369447930000000e+04 -4.258218068522370e-07
1.369647930000000e+04 -5.180500514757541e-07
1.369847940000000e+04 -1.150329679546785e-07
1.370047950000000e+04 3.979319949654218e-07
1.370247960000000e+04 5.304647542303662e-07
1.370447960000000e+04 1.558837533961225e-07
1.370647970000000e+04 -3.677001106800370e-07
1.370847980000000e+04 -5.397503575930403e-07
1.371047990000000e+04 -1.958097159830164e-07
1.371247990000000e+04 3.353043927824574e-07
1.371448000000000e+04 5.458525375529815e-07
1.371648010000000e+04 2.345758468213128e-07
1.371848020000000e+04 -3.009359440582518e-07
1.372048020000000e+04 -5.487363380832226e-07
1.372248030000000e+04 -2.719530597761660e-07
1.372448040000000e+04 2.647974565934627e-07
1.372648050000000e+04 5.483847395737853e-07
1.372848050000000e+04 3.077217580719771e-07
1.373048060000000e+04 -2.271026239258538e-07
1.373248070000000e+04 -5.448004169166045e-07
1.373448080000000e+04 -3.416711475586263e-07
1.373648080000000e+04 1.880739331551763e-07
1.373848090000000e+04 5.380042820263999e-07
1.374048100000000e+04 3.736020789294021e-07
1.374248110000000e+04 -1.479422252476402e-07
1.374448110000000e+04 -5.280369014636829e-07
1.374648120000000e+04 -4.033261713511067e-07
1.374848130000000e+04 1.069440531443835e-07
1.375048140000000e+04 5.149572970327333e-07
1.375248140000000e+04 4.306689681858269e-07
1.375448150000000e+04 -6.532126507326741e-08
1.375648160000000e+04 -4.988434112732209e-07
1.375848170000000e+04 -4.554687109794309e-07
1.376048170000000e+04 2.331878747945312e-08
1.376248180000000e+04 4.797908648322993e-07
1.376448190000000e+04 4.775797590703762e-07
1.376648200000000e+04 1.881561957266594e-08
1.376848200000000e+04 -4.579126919965781e-07
1.377048210000000e+04 -4.968714938368443e-07
1.377248220000000e+04 -6.083404763307511e-08
1.377448230000000e+04 4.333380621588481e-07
1.377648240000000e+04 5.132311533617608e-07
1.377848240000000e+04 1.024880784884705e-07
1.378048250000000e+04 -4.062121588553317e-07
1.378248260000000e+04 -5.265625645897938e-07
1.378448270000000e+04 -1.435323257796040e-07
1.378648270000000e+04 3.766948440626947e-07
1.378848280000000e+04 5.367882326945068e-07
1.379048290000000e+04 1.837241725086302e-07
1.379248300000000e+04 -3.449601863155025e-07
1.379448300000000e+04 -5.438479500648347e-07
1.379648310000000e+04 -2.228272172573945e-07
1.379848320000000e+04 3.111957853599161e-07
1.380048330000000e+04 5.477009643386935e-07
1.380248330000000e+04 2.606108311221450e-07
1.380448340000000e+04 -2.756011193447051e-07
1.380648350000000e+04 -5.483241789513517e-07
1.380848360000000e+04 -2.968531686518387e-07
1.381048360000000e+04 2.383867496741793e-07
1.381248370000000e+04 5.457144072722086e-07
1.381448380000000e+04 3.313405112098127e-07
1.381648390000000e+04 -1.997723005468089e-07
1.381848390000000e+04 -5.398870824516605e-07
1.382048400000000e+04 -3.638704813758525e-07
1.382248410000000e+04 1.599857214426652e-07
1.382448420000000e+04 5.308774300974429e-07
1.382648420000000e+04 3.942506699434501e-07
1.382848430000000e+04 -1.192613657794530e-07
1.383048440000000e+04 -5.187390394965581e-07
1.383248450000000e+04 -4.223024666392836e-07
1.383448450000000e+04 7.783935635191680e-08
1.383648460000000e+04 5.035443928999297e-07
1.383848470000000e+04 4.478600788259809e-07
1.384048480000000e+04 -3.596337941748464e-08
1.384248480000000e+04 -4.853833701625296e-07
1.384448490000000e+04 -4.707736474839666e-07
1.384648500000000e+04 -6.119063733748078e-09
1.384848510000000e+04 4.643636182549472e-07
1.385048510000000e+04 4.909081729553395e-07
1.385248520000000e+04 4.815996332658132e-08
1.385448530000000e+04 -4.406089041481343e-07
1.385648540000000e+04 -5.081460890916160e-07
1.385848540000000e+04 -8.991078901605534e-08
1.386048550000000e+04 4.142593781194492e-07
1.386248560000000e+04 5.223859166280715e-07
1.386448570000000e+04 1.311256566480894e-07
1.386648570000000e+04 -3.854707056328630e-07
1.386848580000000e+04 -5.335447477423577e-07
1.387048590000000e+04 -1.715613140832516e-07
1.387248600000000e+04 3.544130672175486e-07
1.387448600000000e+04 5.415563900141519e-07
1.387648610000000e+04 2.109801276171596e-07
1.387848620000000e+04 -3.212702162133753e-07
1.388048630000000e+04 -5.463741273040604e-07
1.388248630000000e+04 -2.491496992222684e-07
1.388448640000000e+04 2.862380417427359e-07
1.388648650000000e+04 5.479694352942166e-07
1.388848660000000e+04 2.858459519694849e-07
1.389048660000000e+04 -2.495235298949992e-07
1.389248670000000e+04 -5.463336527728461e-07
1.389448680000000e+04 -3.208520090602045e-07
1.389648690000000e+04 2.113431487982683e-07
1.389848690000000e+04 5.414767699151923e-07
1.390048700000000e+04 3.539619842248746e-07
1.390248710000000e+04 -1.719220053660899e-07
1.390448720000000e+04 -5.334284992860781e-07
1.390648720000000e+04 -3.849801490437762e-07
1.390848730000000e+04 1.314921017373543e-07
1.391048740000000e+04 5.222366343021830e-07
1.391248750000000e+04 4.137241919693560e-07
1.391448750000000e+04 -9.029222686299563e-08
1.391648760000000e+04 -5.079679554649804e-07
1.391848770000000e+04 -4.400245772585123e-07
1.392048780000000e+04 4.856518214804881e-08
1.392248780000000e+04 4.907064519410562e-07
1.392448790000000e+04 4.637273596514531e-07
1.392648800000000e+04 -6.557675478520221e-09
1.392848810000000e+04 -4.705541359981453e-07
1.393048810000000e+04 -4.846929205956460e-07
1.393248820000000e+04 -3.548258107122146e-08
1.393448830000000e+04 4.476299376077828e-07
1.393648840000000e+04 5.027987933825522e-07
1.393848840000000e+04 7.730733359270271e-08
1.394048850000000e+04 -4.220693683989326e-07
1.394248860000000e+04 -5.179379328341685e-07
1.394448870000000e+04 -1.186705682541973e-07
1.394648870000000e+04 3.940237067571555e-07
1.394848880000000e+04 5.300217133432882e-07
1.395048890000000e+04 1.593283723271921e-07
1.395248900000000e+04 -3.636590656793835e-07
1.395448900000000e+04 -5.389785922409238e-07
1.395648910000000e+04 -1.990419283920944e-07
1.395848920000000e+04 3.311549220481500e-07
1.396048930000000e+04 5.447563327918599e-07
1.396248930000000e+04 2.375767439414669e-07
1.396448940000000e+04 -2.967032146980013e-07
1.396648950000000e+04 -5.473210569436071e-07
1.396848960000000e+04 -2.747061933459684e-07
1.397048960000000e+04 2.605071138722484e-07
1.397248970000000e+04 5.466588314373894e-07
1.397448980000000e+04 3.102107509435478e-07
1.397648990000000e+04 -2.227798049721460e-07
1.397848990000000e+04 -5.427738432576156e-07
1.398049000000000e+04 -3.438813983311985e-07
1.398249010000000e+04 1.837439275500180e-07
1.398449020000000e+04 5.356900002676920e-07
1.398649020000000e+04 3.755193930135326e-07
1.398849030000000e+04 -1.436294841991242e-07
1.399049040000000e+04 -5.254490341515626e-07
1.399249050000000e+04 -4.049392157804485e-07
1.399449050000000e+04 1.026736549844851e-07
1.399649060000000e+04 5.121117663975344e-07
1.399849070000000e+04 4.319674463694097e-07
1.400049080000000e+04 -6.111821237247001e-08
1.400249080000000e+04 -4.957567440104305e-07
1.400449090000000e+04 -4.564459203492014e-07
1.400649100000000e+04 1.920862150498255e-08
1.400849110000000e+04 4.764806921051651e-07
1.401049110000000e+04 4.782301562555850e-07
1.401249120000000e+04 2.280832095623515e-08
1.401449130000000e+04 -4.543976827381077e-07
1.401649140000000e+04 -4.971924967882437e-07
1.401849140000000e+04 -6.468474827646835e-08
1.402049150000000e+04 4.296388379034422e-07
1.402249160000000e+04 5.132207026914376e-07
1.402449170000000e+04 1.061745447178124e-07
1.402649170000000e+04 -4.023505543670476e-07
1.402849180000000e+04 -5.262207144462987e-07
1.403049190000000e+04 -1.470328889948454e-07
1.403249200000000e+04 3.726943237910539e-07
1.403449200000000e+04 5.361159003496443e-07
1.403649210000000e+04 1.870195201526790e-07
1.403849220000000e+04 -3.408451685843920e-07
1.404049230000000e+04 -5.428490458341299e-07
1.404249230000000e+04 -2.258980490902110e-07
1.404449240000000e+04 3.069908231674086e-07
1.404649250000000e+04 5.463806637081058e-07
1.404849260000000e+04 2.634393829330765e-07
1.405049260000000e+04 -2.713309686878398e-07
1.405249270000000e+04 -5.466911276782404e-07
1.405449280000000e+04 -2.994218533169095e-07
1.405649290000000e+04 2.340756868821454e-07
1.405849290000000e+04 5.437786739658772e-07
1.406049300000000e+04 3.336340361789413e-07
1.406249310000000e+04 -1.954451870087822e-07
1.406449320000000e+04 -5.376611088455646e-07
1.406649320000000e+04 -3.658741653036305e-07
1.406849330000000e+04 1.556676672128407e-07
1.407049340000000e+04 5.283742986441576e-07
1.407249350000000e+04 3.959533627601381e-07
1.407449350000000e+04 -1.149781341805946e-07
1.407649360000000e+04 -5.159733011666543e-07
1.407849370000000e+04 -4.236941973424084e-07
1.408049380000000e+04 7.361658753626498e-08
1.408249380000000e+04 5.005314427306608e-07
1.408449390000000e+04 4.489340065711467e-07
1.408649400000000e+04 -3.182712522894472e-08
1.408849410000000e+04 -4.821406837272084e-07
1.409049410000000e+04 -4.715235152085792e-07
1.409249420000000e+04 -1.014450546924459e-08
1.409449430000000e+04 4.609098299755945e-07
1.409649440000000e+04 4.913299377612632e-07
1.409849440000000e+04 5.205071716503965e-08
1.410049450000000e+04 -4.369650145990073e-07
1.410249460000000e+04 -5.082363328806248e-07
1.410449470000000e+04 -9.364505226423377e-08
1.410649470000000e+04 4.104476397985978e-07
1.410849480000000e+04 5.221439176906169e-07
1.411049490000000e+04 1.346817722096009e-07
1.411249500000000e+04 -3.815142305594335e-07
1.411449500000000e+04 -5.329708239978288e-07
1.411649510000000e+04 -1.749189821776383e-07
1.411849520000000e+04 3.503353894440279e-07
1.412049530000000e+04 5.406545972587299e-07
1.412249530000000e+04 2.141190025655139e-07
1.412449540000000e+04 -3.170948632851288e-07
1.412649550000000e+04 -5.451500176233904e-07
1.412849560000000e+04 -2.520510722354607e-07
1.413049560000000e+04 2.819889660272362e-07
1.413249570000000e+04 5.464313892804365e-07
1.413449580000000e+04 2.884913870927149e-07
1.413649590000000e+04 -2.452251386772657e-07
1.413849590000000e+04 -5.444909599235988e-07
1.414049600000000e+04 -3.232262660327638e-07
1.414249610000000e+04 2.070206398624443e-07
1.414449620000000e+04 5.393405275460495e-07
1.414649620000000e+04 3.560508463795845e-07
1.414849630000000e+04 -1.676012203528004e-07
1.415049640000000e+04 -5.310104672770690e-07
1.415249650000000e+04 -3.867725137199290e-07
1.415449650000000e+04 1.271995913311250e-07
1.415649660000000e+04 5.195506563229576e-07
1.415849670000000e+04 4.152098155625463e-07
1.416049680000000e+04 -8.605352919368983e-08
1.416249680000000e+04 -5.050290112589703e-07
1.416449690000000e+04 -4.411954740194686e-07
1.416649700000000e+04 4.440574738318445e-08
1.416849710000000e+04 4.875323462722277e-07
1.417049710000000e+04 4.645759515718162e-07
1.417249720000000e+04 -2.501253451397807e-09
1.417449730000000e+04 -4.671640892780951e-07
1.417649740000000e+04 -4.852140212667878e-07
1.417849740000000e+04 -3.941257703846749e-08
1.418049750000000e+04 4.440447474118015e-07
1.418249760000000e+04 5.029880278107176e-07
1.418449770000000e+04 8.108868923136438e-08
1.418649770000000e+04 -4.183106797387521e-07
1.418849780000000e+04 -5.177945901162794e-07
1.419049790000000e+04 -1.222808023873661e-07
1.419249800000000e+04 3.901136432665703e-07
1.419449800000000e+04 5.295464902061925e-07
1.419649810000000e+04 1.627460951152773e-07
1.419849820000000e+04 -3.596200023297752e-07
1.420049830000000e+04 -5.381754024861053e-07
1.420249830000000e+04 -2.022457068858220e-07
1.420449840000000e+04 3.270099380906575e-07
1.420649850000000e+04 5.436303687540757e-07
1.420849860000000e+04 2.405477402550547e-07
1.421049860000000e+04 -2.924762344962332e-07
1.421249870000000e+04 -5.458796627234203e-07
1.421449880000000e+04 -2.774262767783570e-07
1.421649890000000e+04 2.562232489909814e-07
1.421849890000000e+04 5.449098206939344e-07
1.422049900000000e+04 3.126648257850959e-07
1.422249910000000e+04 -2.184651014453551e-07
1.422449920000000e+04 -5.407272007048012e-07
1.422649920000000e+04 -3.460554511460913e-07
1.422849930000000e+04 1.794242848852347e-07
1.423049940000000e+04 5.333566926138555e-07
1.423249950000000e+04 3.774017215562498e-07
1.423449950000000e+04 -1.393311593307954e-07
1.423649960000000e+04 -5.228430457828674e-07
1.423849970000000e+04 -4.065183307975168e-07
1.424049980000000e+04 9.842163479628210e-08
1.424249980000000e+04 5.092485323235543e-07
1.424449990000000e+04 4.332340475567159e-07
1.424650000000000e+04 -5.693705648578609e-08
1.424850010000000e+04 -4.926540227480863e-07
1.425050010000000e+04 -4.573912178631131e-07
1.425250020000000e+04 1.512193496965382e-08
1.425450030000000e+04 4.731574867746585e-07
1.425650040000000e+04 4.788486785360922e-07
1.425850040000000e+04 2.677660866386160e-08
1.426050050000000e+04 -4.508740180777933e-07
1.426250060000000e+04 -4.974799957304701e-07
1.426450070000000e+04 -6.851138279395259e-08
1.426650070000000e+04 4.259349376998888e-07
1.426850080000000e+04 5.131764537970681e-07
1.427050090000000e+04 1.098359037979245e-07
1.427250100000000e+04 -3.984876756448382e-07
1.427450100000000e+04 -5.258455279682206e-07
1.427650110000000e+04 -1.505071895819082e-07
1.427850120000000e+04 3.686944344778494e-07
1.428050130000000e+04 5.354130342644027e-07
1.428250130000000e+04 1.902852924624600e-07
1.428450140000000e+04 -3.367317455629650e-07
1.428650150000000e+04 -5.418222283740330e-07
1.428850160000000e+04 -2.289366749684941e-07
1.429050160000000e+04 3.027885146024909e-07
1.429250170000000e+04 5.450359136124042e-07
1.429450180000000e+04 2.662333612428553e-07
1.429650190000000e+04 -2.670651293478929e-07
1.429850190000000e+04 -5.450351391486881e-07
1.430050200000000e+04 -3.019559081245033e-07
1.430250210000000e+04 2.297724693552669e-07
1.430450220000000e+04 5.418211651567782e-07
1.430650220000000e+04 3.358931949452324e-07
1.430850230000000e+04 -1.911300061381134e-07
1.431050240000000e+04 -5.354132113510799e-07
1.431250250000000e+04 -3.678454588696857e-07
1.431450250000000e+04 1.513656227109006e-07
1.431650260000000e+04 5.258501224611444e-07
1.431850270000000e+04 3.976239510636767e-07
1.432050280000000e+04 -1.107137319850200e-07
1.432250280000000e+04 -5.131884593209527e-07
1.432450290000000e+04 -4.250541179796541e-07
1.432650300000000e+04 6.941444571634846e-08
1.432850310000000e+04 4.975031374964597e-07
1.433050310000000e+04 4.499742364878627e-07
1.433250320000000e+04 -2.771154904732863e-08
1.433450330000000e+04 -4.788865026932778e-07
1.433650340000000e+04 -4.722387032265125e-07
1.433850340000000e+04 -1.414852099498630e-08
1.434050350000000e+04 4.574487296664943e-07
1.434250360000000e+04 4.917162681505544e-07
1.434450370000000e+04 5.591923221688389e-08
1.434650370000000e+04 -4.333163647415444e-07
1.434850380000000e+04 -5.082927138391620e-07
1.435050390000000e+04 -9.735406776286785e-08
1.435250400000000e+04 4.066325701798802e-07
1.435450400000000e+04 5.218699626256343e-07
1.435650410000000e+04 1.382097084469100e-07
1.435850420000000e+04 -3.775551859862056e-07
1.436050430000000e+04 -5.323685371029013e-07
1.436250430000000e+04 -1.782451864779951e-07
1.436450440000000e+04 3.462563189140029e-07
1.436650450000000e+04 5.397262815902497e-07
1.436850460000000e+04 2.172249584484833e-07
1.437050460000000e+04 -3.129207792456715e-07
1.437250470000000e+04 -5.439009057208325e-07
1.437450480000000e+04 -2.549187882059145e-07
1.437650490000000e+04 2.777449160176912e-07
1.437850490000000e+04 5.448680445059234e-07
1.438050500000000e+04 2.911047138682415e-07
1.438250510000000e+04 -2.409361198067818e-07
1.438450520000000e+04 -5.426233063353665e-07
1.438650520000000e+04 -3.255687912573052e-07
1.438850530000000e+04 2.027114077794649e-07
1.439050540000000e+04 5.371800970424603e-07
1.439250550000000e+04 3.581085477862316e-07
1.439450550000000e+04 -1.632963861547017e-07
1.439650560000000e+04 -5.285710159140230e-07
1.439850570000000e+04 -3.885320495008158e-07
1.440050580000000e+04 1.229237672772691e-07
1.440250580000000e+04 5.168466547777885e-07
1.440450590000000e+04 4.166612502719734e-07
1.440650600000000e+04 -8.183227897763388e-08
1.440850610000000e+04 -5.020766004477900e-07
1.441050610000000e+04 -4.423303357331926e-07
1.441250620000000e+04 4.026428819423910e-08
1.441450630000000e+04 4.843478214228984e-07
1.441650640000000e+04 4.653887313138755e-07
1.441850640000000e+04 1.534838118834549e-09
1.442050650000000e+04 -4.637656890401821e-07
1.442250660000000e+04 -4.857002170383497e-07
1.442450670000000e+04 -4.331936849247601e-08
1.442650670000000e+04 4.404520700747718e-07
1.442850680000000e+04 5.031455804562662e-07
1.443050690000000e+04 8.484295060841661e-08
1.443250700000000e+04 -4.145453521873549e-07
1.443450700000000e+04 -5.176214712729295e-07
1.443650710000000e+04 -1.258612522611717e-07
1.443850720000000e+04 3.861985988064942e-07
1.444050730000000e+04 5.290434670171481e-07
1.444250730000000e+04 1.661322050265197e-07
1.444450740000000e+04 -3.555790911899171e-07
1.444650750000000e+04 -5.373443816543098e-07
1.444850760000000e+04 -2.054185651626036e-07
1.445050760000000e+04 3.228672964646866e-07
1.445250770000000e+04 5.424766181433811e-07
1.445450780000000e+04 2.434879749627951e-07
1.445650790000000e+04 -2.882561485902201e-07
1.445850790000000e+04 -5.444101448381640e-07
1.446050800000000e+04 -2.801164389532246e-07
1.446250810000000e+04 2.519497047537964e-07
1.446450820000000e+04 5.431343535030241e-07
1.446650820000000e+04 3.150877957701113e-07
1.446850830000000e+04 -2.141624393478185e-07
1.447050840000000e+04 -5.386566269326606e-07
1.447250850000000e+04 -3.481969532451834e-07
1.447450850000000e+04 1.751177998535252e-07
1.447650860000000e+04 5.310038479072182e-07
1.447850870000000e+04 3.792488311145521e-07
1.448050880000000e+04 -1.350463589345428e-07
1.448250880000000e+04 -5.202208009966449e-07
1.448450890000000e+04 -4.080612443709475e-07
1.448650900000000e+04 9.418476063171717e-08
1.448850910000000e+04 5.063719055467181e-07
1.449050910000000e+04 4.344641369339049e-07
1.449250920000000e+04 -5.277360717524581e-08
1.449450930000000e+04 -4.895391621010622e-07
1.449650940000000e+04 -4.583023567048994e-07
1.449850940000000e+04 1.105698942610647e-08
1.450050950000000e+04 4.698228726001145e-07
1.450250960000000e+04 4.794347156368130e-07
1.450450970000000e+04 3.071962875198189e-08
1.450650970000000e+04 -4.473396989347987e-07
1.450850980000000e+04 -4.977374337444497e-07
1.451050990000000e+04 -7.230985716000468e-08
1.451251000000000e+04 4.222227611343478e-07
1.451451000000000e+04 5.131025217361236e-07
1.451651010000000e+04 1.134685785546879e-07
1.451851020000000e+04 -3.946200540440838e-07
1.452051030000000e+04 -5.254406324112780e-07
1.452251030000000e+04 -1.539524279677521e-07
1.452451040000000e+04 3.646944685897630e-07
1.452651050000000e+04 5.346793288364456e-07
1.452851060000000e+04 1.935229672518581e-07
1.453051060000000e+04 -3.326222402937743e-07
1.453251070000000e+04 -5.407652156600997e-07
1.453451080000000e+04 -2.319464819654416e-07
1.453651090000000e+04 2.985929782085923e-07
1.453851090000000e+04 5.436622831663039e-07
1.454051100000000e+04 2.689972083242303e-07
1.454251110000000e+04 -2.628077744816390e-07
1.454451120000000e+04 -5.433540041947767e-07
1.454651120000000e+04 -3.044568610863032e-07
1.454851130000000e+04 2.254781606593945e-07
1.455051140000000e+04 5.398417214204227e-07
1.455251150000000e+04 3.381173667757268e-07
1.455451150000000e+04 -1.868247796535172e-07
1.455651160000000e+04 -5.331469781811928e-07
1.455851170000000e+04 -3.697801614943722e-07
1.456051180000000e+04 1.470756296312950e-07
1.456251180000000e+04 5.233093282505387e-07
1.456451190000000e+04 3.992590726473702e-07
1.456651200000000e+04 -1.064649949884599e-07
1.456851210000000e+04 -5.103878454897166e-07
1.457051210000000e+04 -4.263796719492679e-07
1.457251220000000e+04 6.523189533018100e-08
1.457451230000000e+04 4.944592406169623e-07
1.457651240000000e+04 4.509827230367001e-07
1.457851240000000e+04 -2.361938409627204e-08
1.458051250000000e+04 -4.756183160088388e-07
1.458251260000000e+04 -4.729228351913281e-07
1.458451270000000e+04 -1.812723404163973e-08
1.458651270000000e+04 4.539761187233770e-07
1.458851280000000e+04 4.920717086507361e-07
1.459051290000000e+04 5.976129697979913e-08
1.459251300000000e+04 -4.296605131268120e-07
1.459451300000000e+04 -5.083167724121615e-07
1.459651310000000e+04 -1.010373769922540e-07
1.459851320000000e+04 4.028145749126335e-07
1.460051330000000e+04 5.215634791549835e-07
1.460251330000000e+04 1.417115005786198e-07
1.460451340000000e+04 -3.735970921499808e-07
1.460651350000000e+04 -5.317336759038557e-07
1.460851360000000e+04 -1.815443053478365e-07
1.461051360000000e+04 3.421805467976383e-07
1.461251370000000e+04 5.387680741786946e-07
1.461451380000000e+04 2.203010561697753e-07
1.461651390000000e+04 -3.087508436126856e-07
1.461851390000000e+04 -5.426247018806375e-07
1.462051400000000e+04 -2.577541939916844e-07
1.462251410000000e+04 2.735057522757724e-07
1.462451420000000e+04 5.432815771381910e-07
1.462651420000000e+04 2.936829021849880e-07
1.462851430000000e+04 -2.366535166099904e-07
1.463051440000000e+04 -5.407346260281906e-07
1.463251450000000e+04 -3.278759060021273e-07
1.463451450000000e+04 1.984114080244136e-07
1.463651460000000e+04 5.349999322970338e-07
1.463851470000000e+04 3.601310888887605e-07
1.464051480000000e+04 -1.590047016881714e-07
1.464251480000000e+04 -5.261118140413348e-07
1.464451490000000e+04 -3.902587676577017e-07
1.464651500000000e+04 1.186655641611835e-07
1.464851510000000e+04 5.141237935014991e-07
1.465051510000000e+04 4.180807427977052e-07
1.465251520000000e+04 -7.763177311790642e-08
1.465451530000000e+04 -4.991066047204077e-07
1.465651540000000e+04 -4.434338477599187e-07
1.465851540000000e+04 3.614559940053524e-08
1.466051550000000e+04 4.811493026591201e-07
1.466251560000000e+04 4.661688417013563e-07
1.466451570000000e+04 5.548216231142906e-09
1.466651570000000e+04 -4.603574267940893e-07
1.466851580000000e+04 -4.861529051985818e-07
1.467051590000000e+04 -4.720310869920977e-08
1.467251600000000e+04 4.368540057703180e-07
1.467451600000000e+04 5.032682953650298e-07
1.467651610000000e+04 8.857364725654942e-08
1.467851620000000e+04 -4.107776153740385e-07
1.468051630000000e+04 -5.174149590414805e-07
1.468251630000000e+04 -1.294159077871852e-07
1.468451640000000e+04 3.822827793017087e-07
1.468651650000000e+04 5.285090363903982e-07
1.468851660000000e+04 1.694897949192439e-07
1.469051660000000e+04 -3.515381315952398e-07
1.469251670000000e+04 -5.364857330930999e-07
1.469451680000000e+04 -2.085591883190014e-07
1.469651690000000e+04 3.187256482206075e-07
1.469851690000000e+04 5.412976219909156e-07
1.470051700000000e+04 2.463944016858065e-07
1.470251710000000e+04 -2.840389239587078e-07
1.470451720000000e+04 -5.429173567874571e-07
1.470651720000000e+04 -2.827719360624373e-07
1.470851730000000e+04 2.476826170922136e-07
1.471051740000000e+04 5.413357184014376e-07
1.471251750000000e+04 3.174776414830017e-07
1.471451750000000e+04 -2.098708060086754e-07
1.471651760000000e+04 -5.365632732369928e-07
1.471851770000000e+04 -3.503062231288571e-07
1.472051780000000e+04 1.708263265198641e-07
1.472251780000000e+04 5.286283305283680e-07
1.472451790000000e+04 3.810647798085932e-07
1.472651800000000e+04 -1.307795625828680e-07
1.472851810000000e+04 -5.175785559899735e-07
1.473051810000000e+04 -4.095720061383956e-07
1.473251820000000e+04 8.996691549964301e-08
1.473451830000000e+04 5.034786900243385e-07
1.473651840000000e+04 4.356609064767130e-07
1.473851840000000e+04 -4.862969503370507e-08
1.474051850000000e+04 -4.864122960463520e-07
1.474251860000000e+04 -4.591778814870068e-07
1.474451870000000e+04 7.011754071284598e-09
1.474651870000000e+04 4.664798031177280e-07
1.474851880000000e+04 4.799853628249681e-07
1.475051890000000e+04 3.464133301902411e-08
1.475251900000000e+04 -4.437995488295025e-07
1.475451900000000e+04 -4.979602205204086e-07
1.475651910000000e+04 -7.608436196119028e-08
1.475851920000000e+04 4.185057152661773e-07
1.476051930000000e+04 5.129970602289360e-07
1.476251930000000e+04 1.170732467745777e-07
1.476451940000000e+04 -3.907483386502035e-07
1.476651950000000e+04 -5.250066971956463e-07
1.476851960000000e+04 -1.573670422107008e-07
1.477051960000000e+04 3.606913860226375e-07
1.477251970000000e+04 5.339192096059222e-07
1.477451980000000e+04 1.967278667135482e-07
1.477651990000000e+04 -3.285126032553632e-07
1.477851990000000e+04 -5.396821693454422e-07
1.478052000000000e+04 -2.349238937203248e-07
1.478252010000000e+04 2.944013817608639e-07
1.478452020000000e+04 5.422628206078642e-07
1.478652020000000e+04 2.717292650934893e-07
1.478852030000000e+04 -2.585587867284848e-07
1.479052040000000e+04 -5.416462821861757e-07
1.479252050000000e+04 -3.069273783793486e-07
1.479452050000000e+04 2.211961572798128e-07
1.479652060000000e+04 5.378373258923750e-07
1.479852070000000e+04 3.403105055604278e-07
1.480052080000000e+04 -1.825341165727432e-07
1.480252080000000e+04 -5.308580365499217e-07
1.480452090000000e+04 -3.716827032495849e-07
1.480652100000000e+04 1.428011469741593e-07
1.480852110000000e+04 5.207500512570941e-07
1.481052110000000e+04 4.008592960710030e-07
1.481252120000000e+04 -1.022319177295798e-07
1.481452130000000e+04 -5.075726530326410e-07
1.481652140000000e+04 -4.276694334943409e-07
1.481852140000000e+04 6.106602188429988e-08
1.482052150000000e+04 4.914042561825763e-07
1.482252160000000e+04 4.519547147404170e-07
1.482452170000000e+04 -1.954612826074373e-08
1.482652170000000e+04 -4.723404488184443e-07
1.482852180000000e+04 -4.735725559844451e-07
1.483052190000000e+04 -2.208324652841454e-08
1.483252200000000e+04 4.504946702951985e-07
1.483452200000000e+04 4.923949656227156e-07
1.483652210000000e+04 6.357728154634893e-08
1.483852220000000e+04 -4.259961709960590e-07
1.484052230000000e+04 -5.083115977395925e-07
1.484252230000000e+04 -1.046912003602999e-07
1.484452240000000e+04 3.989902324126739e-07
1.484652250000000e+04 5.212285345785084e-07
1.484852260000000e+04 1.451828663374636e-07
1.485052260000000e+04 -3.696357873976466e-07
1.485252270000000e+04 -5.310707492552430e-07
1.485452280000000e+04 -1.848129588020801e-07
1.485652290000000e+04 3.381060596054708e-07
1.485852290000000e+04 5.377806007535636e-07
1.486052300000000e+04 2.233479204131016e-07
1.486252310000000e+04 -3.045867710128170e-07
1.486452320000000e+04 -5.413198134846966e-07
1.486652320000000e+04 -2.605601689942538e-07
1.486852330000000e+04 2.692758177244194e-07
1.487052340000000e+04 5.416672805526593e-07
1.487252350000000e+04 2.962309212763860e-07
1.487452350000000e+04 -2.323817780991594e-07
1.487652360000000e+04 -5.388216260497452e-07
1.487852370000000e+04 -3.301501365411465e-07
1.488052380000000e+04 1.941228214127480e-07
1.488252380000000e+04 5.327992078348656e-07
1.488452390000000e+04 3.621189187947874e-07
1.488652400000000e+04 -1.547250196081634e-07
1.488852410000000e+04 -5.236360920964798e-07
1.489052410000000e+04 -3.919486781628169e-07
1.489252420000000e+04 1.144209397819237e-07
1.489452430000000e+04 5.113863648706349e-07
1.489652440000000e+04 4.194642534951668e-07
1.489852440000000e+04 -7.344803030163313e-08
1.490052450000000e+04 -4.961233891936968e-07
1.490252460000000e+04 -4.445028744802351e-07
1.490452470000000e+04 3.204747311233976e-08
1.490652470000000e+04 4.779375675819715e-07
1.490852480000000e+04 4.669173048172067e-07
1.491052490000000e+04 9.536731908487977e-09
1.491252500000000e+04 -4.569372116620809e-07
1.491452500000000e+04 -4.865751309643797e-07
1.491652510000000e+04 -5.105974255967897e-08
1.491852520000000e+04 4.332460191506073e-07
1.492052530000000e+04 5.033614670103412e-07
1.492252530000000e+04 9.227625626118089e-08
1.492452540000000e+04 -4.070040910566994e-07
1.492652550000000e+04 -5.171776092102953e-07
1.492852560000000e+04 -1.329430922195066e-07
1.493052560000000e+04 3.783658279062918e-07
1.493252570000000e+04 5.279434476881535e-07
1.493452580000000e+04 1.728200321246565e-07
1.493652590000000e+04 -3.475002444079323e-07
1.493852590000000e+04 -5.355954661937126e-07
1.494052600000000e+04 -2.116722763562746e-07
1.494252610000000e+04 3.145895703053545e-07
1.494452620000000e+04 5.400894663789973e-07
1.494652620000000e+04 2.492708785664394e-07
1.494852630000000e+04 -2.798286317360936e-07
1.495052640000000e+04 -5.413984499624473e-07
1.495252650000000e+04 -2.853950818526592e-07
1.495452650000000e+04 2.434228401821938e-07
1.495652660000000e+04 5.395151301294132e-07
1.495852670000000e+04 3.198320059512210e-07
1.496052680000000e+04 -2.055874457779589e-07
1.496252680000000e+04 -5.344505243670233e-07
1.496452690000000e+04 -3.523794745816991e-07
1.496652700000000e+04 1.665455244014824e-07
1.496852710000000e+04 5.262355401103771e-07
1.497052710000000e+04 3.828450457695784e-07
1.497252720000000e+04 -1.265271810169969e-07
1.497452730000000e+04 -5.149189591615059e-07
1.497652740000000e+04 -4.110493638274728e-07
1.497852740000000e+04 8.576808975557529e-08
1.498052750000000e+04 5.005687312122678e-07
1.498252760000000e+04 4.368257541705821e-07
1.498452770000000e+04 -4.450818540261580e-08
1.498652770000000e+04 -4.832695878221488e-07
1.498852780000000e+04 -4.600229945372728e-07
1.499052790000000e+04 2.991112384047842e-09
1.499252800000000e+04 4.631242370561433e-07
1.499452800000000e+04 4.805044465206883e-07
1.499652810000000e+04 3.853810036779590e-08
1.499852820000000e+04 -4.402510256849775e-07
1.500052830000000e+04 -4.981506399419691e-07
1.500252830000000e+04 -7.983409554331916e-08
1.500452840000000e+04 4.147850018213715e-07
1.500652850000000e+04 5.128577002183045e-07
1.500852860000000e+04 1.206533796585832e-07
1.501052860000000e+04 -3.868763566967185e-07
1.501252870000000e+04 -5.245400298781884e-07
1.501452880000000e+04 -1.607552159254035e-07
1.501652890000000e+04 3.566904046749238e-07
1.501852890000000e+04 5.331282354620698e-07
1.502052900000000e+04 1.999038532892295e-07
1.502252910000000e+04 -3.244055345547642e-07
1.502452920000000e+04 -5.385721336965175e-07
1.502652920000000e+04 -2.378687229209891e-07
1.502852930000000e+04 2.902129777536663e-07
1.503052940000000e+04 5.408393486284357e-07
1.503252950000000e+04 2.744268810604051e-07
1.503452950000000e+04 -2.543145349981580e-07
1.503652960000000e+04 -5.399173834462294e-07
1.503852970000000e+04 -3.093623744554021e-07
1.504052980000000e+04 2.169220823635893e-07
1.504252980000000e+04 5.358118815676483e-07
1.504452990000000e+04 3.424694670812264e-07
1.504653000000000e+04 -1.782557473045979e-07
1.504853010000000e+04 -5.285484079644341e-07
1.505053010000000e+04 -3.735524979133511e-07
1.505253020000000e+04 1.385432220375390e-07
1.505453030000000e+04 5.181700460589274e-07
1.505653040000000e+04 4.024286314647038e-07
1.505853040000000e+04 -9.801878863417252e-08
1.506053050000000e+04 -5.047389536234160e-07
1.506253060000000e+04 -4.289275642679855e-07
1.506453070000000e+04 5.692161729306235e-08
1.506653070000000e+04 4.883339357398295e-07
1.506853080000000e+04 4.528942565887243e-07
1.507053090000000e+04 -1.549450209873121e-08
1.507253100000000e+04 -4.690520223120288e-07
1.507453100000000e+04 -4.741876430855312e-07
1.507653110000000e+04 -2.601794331030989e-08
1.507853120000000e+04 4.470067092836891e-07
1.508053130000000e+04 4.926833720760633e-07
1.508253130000000e+04 6.737069604405586e-08
1.508453140000000e+04 -4.223286329388170e-07
1.508653150000000e+04 -5.082720615121304e-07
1.508853160000000e+04 -1.083204090288128e-07
1.509053160000000e+04 3.951635915042662e-07
1.509253170000000e+04 5.208623385028585e-07
1.509453180000000e+04 1.486258617415951e-07
1.509653190000000e+04 -3.656728980449078e-07
1.509853190000000e+04 -5.303795267352249e-07
1.510053200000000e+04 -1.880502360760434e-07
1.510253210000000e+04 3.340307212585065e-07
1.510453220000000e+04 5.367681499730472e-07
1.510653220000000e+04 2.263609429741027e-07
1.510853230000000e+04 -3.004241585646448e-07
1.511053240000000e+04 -5.399905784594093e-07
1.511253250000000e+04 -2.633324123545789e-07
1.511453250000000e+04 2.650510875924787e-07
1.511653260000000e+04 5.400292242569455e-07
1.511853270000000e+04 2.987461271593299e-07
1.512053280000000e+04 -2.281199814249513e-07
1.512253280000000e+04 -5.368841188554783e-07
1.512453290000000e+04 -3.323934065423030e-07
1.512653300000000e+04 1.898484353166548e-07
1.512853310000000e+04 5.305749902221200e-07
1.513053310000000e+04 3.640756447738706e-07
1.513253320000000e+04 -1.504622802146561e-07
1.513453330000000e+04 -5.211388261164825e-07
1.513653340000000e+04 -3.936070673555915e-07
1.513853340000000e+04 1.101941501458712e-07
1.514053350000000e+04 5.086317622018432e-07
1.514253360000000e+04 4.208137432158524e-07
1.514453370000000e+04 -6.928213803157765e-08
1.514653370000000e+04 -4.931271394368328e-07
1.514853380000000e+04 -4.455364678297065e-07
1.515053390000000e+04 2.796778545151251e-08
1.515253400000000e+04 4.747168900924194e-07
1.515453400000000e+04 4.676294099698956e-07
1.515653410000000e+04 1.350541434278267e-08
1.515853420000000e+04 -4.535097179655238e-07
1.516053430000000e+04 -4.869629671714202e-07
1.516253430000000e+04 -5.489307093032112e-08
1.516453440000000e+04 4.296319291990598e-07
1.516653450000000e+04 5.034226115307755e-07
1.516853460000000e+04 9.595182375837055e-08
1.517053460000000e+04 -4.032246076099950e-07
1.517253470000000e+04 -5.169117219308005e-07
1.517453480000000e+04 -1.364397215309053e-07
1.517653490000000e+04 3.744442984019547e-07
1.517853490000000e+04 5.273506135499115e-07
1.518053500000000e+04 1.761184029078655e-07
1.518253510000000e+04 -3.434606243507974e-07
1.518453520000000e+04 -5.346790591394785e-07
1.518653520000000e+04 -2.147534349916992e-07
1.518853530000000e+04 3.104563827142540e-07
1.519053540000000e+04 5.388540454611198e-07
1.519253550000000e+04 2.521169066478753e-07
1.519453550000000e+04 -2.756258092247369e-07
1.519653560000000e+04 -5.398522865463740e-07
1.519853570000000e+04 -2.879881725245647e-07
1.520053580000000e+04 2.391744241261865e-07
1.520253580000000e+04 5.376679471335911e-07
1.520453590000000e+04 3.221564468379471e-07
1.520653600000000e+04 -2.013173866855960e-07
1.520853610000000e+04 -5.323145743535758e-07
1.521053610000000e+04 -3.544203361376129e-07
1.521253620000000e+04 1.622787179405288e-07
1.521453630000000e+04 5.238232273968083e-07
1.521653640000000e+04 3.845907858708402e-07
1.521853640000000e+04 -1.222889853256737e-07
1.522053650000000e+04 -5.122444380163426e-07
1.522253660000000e+04 -4.124900808421775e-07
1.522453670000000e+04 8.158422353638127e-08
1.522653670000000e+04 4.976463878364562e-07
1.522853680000000e+04 4.379544554989533e-07
1.523053690000000e+04 -4.040449784908560e-08
1.523253700000000e+04 -4.801163820995836e-07
1.523453700000000e+04 -4.608332738015063e-07
1.523653710000000e+04 -1.007894052139985e-09
1.523853720000000e+04 4.597580663610809e-07
1.524053730000000e+04 4.809919699775347e-07
1.524253730000000e+04 4.240907604134362e-08
1.524453740000000e+04 -4.366925948662201e-07
1.524653750000000e+04 -4.983113292527171e-07
1.524853760000000e+04 -8.355529109614567e-08
1.525053770000000e+04 4.110561249596242e-07
1.525253770000000e+04 5.126902887019384e-07
1.525453780000000e+04 1.242036374159146e-07
1.525653790000000e+04 -3.830001195502423e-07
1.525853800000000e+04 -5.240441956645665e-07
1.526053800000000e+04 -1.641142426139041e-07
1.526253810000000e+04 3.526895965793332e-07
1.526453820000000e+04 5.323075412004854e-07
1.526653830000000e+04 2.030513089237235e-07
1.526853830000000e+04 -3.203034441510883e-07
1.527053840000000e+04 -5.374318251730868e-07
1.527253850000000e+04 -2.407855849761076e-07
1.527453860000000e+04 2.860326027216219e-07
1.527653860000000e+04 5.393876449192332e-07
1.527853870000000e+04 2.770945062830328e-07
1.528053880000000e+04 -2.500799204317062e-07
1.528253890000000e+04 -5.381630416268803e-07
1.528453890000000e+04 -3.117650881182387e-07
1.528653900000000e+04 2.126578319233956e-07
1.528853910000000e+04 5.337657014852900e-07
1.529053920000000e+04 3.445931626733729e-07
1.529253920000000e+04 -1.739876058378476e-07
1.529453930000000e+04 -5.262212165404799e-07
1.529653940000000e+04 -3.753859520437469e-07
1.529853950000000e+04 1.342974858700067e-07
1.530053950000000e+04 5.155751105017373e-07
1.530253960000000e+04 4.039615998317519e-07
1.530453970000000e+04 -9.382119668691474e-08
1.530653980000000e+04 -5.018904180922381e-07
1.530853980000000e+04 -4.301519436456227e-07
1.531053990000000e+04 5.279709486448876e-08
1.531254000000000e+04 4.852491700672440e-07
1.531454010000000e+04 4.538019898817344e-07
1.531654010000000e+04 -1.146675556386333e-08
1.531854020000000e+04 -4.657497728193155e-07
1.532054030000000e+04 -4.747730564321293e-07
1.532254040000000e+04 -2.992610602408053e-08
1.532454040000000e+04 4.435077426373090e-07
1.532654050000000e+04 4.929414624290231e-07
1.532854060000000e+04 7.113725495209230e-08
1.533054070000000e+04 -4.186539043955704e-07
1.533254070000000e+04 -5.082015673031748e-07
1.533454080000000e+04 -1.119230918793022e-07
1.533654090000000e+04 3.913350596959256e-07
1.533854100000000e+04 5.204636453951645e-07
1.534054100000000e+04 1.520431122985412e-07
1.534254110000000e+04 -3.617119757021896e-07
1.534454120000000e+04 -5.296563821338707e-07
1.534654130000000e+04 -1.912605198325896e-07
1.534854130000000e+04 3.299600169119924e-07
1.535054140000000e+04 5.357253216230796e-07
1.535254150000000e+04 2.293449779333907e-07
1.535454160000000e+04 -2.962668331530947e-07
1.535654160000000e+04 -5.386352415086170e-07
1.535854170000000e+04 -2.660721951692225e-07
1.536054180000000e+04 2.608320140087306e-07
1.536254190000000e+04 5.383683752558577e-07
1.536454190000000e+04 3.012264108291015e-07
1.536654200000000e+04 -2.238648241067544e-07
1.536854210000000e+04 -5.349271745392124e-07
1.537054220000000e+04 -3.346003136999566e-07
1.537254220000000e+04 1.855832753899634e-07
1.537454230000000e+04 5.283320461580562e-07
1.537654240000000e+04 3.659975084982625e-07
1.537854250000000e+04 -1.462128349875859e-07
1.538054250000000e+04 -5.186233281102402e-07
1.538254260000000e+04 -3.952321240483371e-07
1.538454270000000e+04 1.059854435694493e-07
1.538654280000000e+04 5.058585957597836e-07
1.538854280000000e+04 4.221323136491808e-07
1.539054290000000e+04 -6.513801963750936e-08
1.539254300000000e+04 -4.901139708141826e-07
1.539454310000000e+04 -4.465392375232744e-07
1.539654310000000e+04 2.391155910284442e-08
1.539854320000000e+04 4.714820944721075e-07
1.540054330000000e+04 4.683103070816887e-07
1.540254340000000e+04 1.745024341081794e-08
1.540454340000000e+04 -4.500732489723574e-07
1.540654350000000e+04 -4.873174371808355e-07
1.540854360000000e+04 -5.870323940799086e-08
1.541054370000000e+04 4.260130818441413e-07
1.541254370000000e+04 5.034496758131442e-07
1.541454380000000e+04 9.960378144158122e-08
1.541654390000000e+04 -3.994441239256808e-07
1.541854400000000e+04 -5.166118773513667e-07
1.542054400000000e+04 -1.399112492706075e-07
1.542254410000000e+04 3.705232946963144e-07
1.542454420000000e+04 5.267270893841643e-07
1.542654430000000e+04 1.793881990592110e-07
1.542854430000000e+04 -3.394221740650400e-07
1.543054440000000e+04 -5.337349046712648e-07
1.543254450000000e+04 -2.178026421475400e-07
1.543454460000000e+04 3.063245961297590e-07
1.543654460000000e+04 5.375947847722199e-07
1.543854470000000e+04 2.549282818645100e-07
1.544054480000000e+04 -2.714261618403185e-07
1.544254490000000e+04 -5.382838139273307e-07
1.544454490000000e+04 -2.905465959230416e-07
1.544654500000000e+04 2.349325005511510e-07
1.544854510000000e+04 5.357993010930559e-07
1.545054520000000e+04 3.244468884770369e-07
1.545254520000000e+04 -1.970587286519637e-07
1.545454530000000e+04 -5.301562920136356e-07
1.545654540000000e+04 -3.564295859786698e-07
1.545854550000000e+04 1.580276737044266e-07
1.546054550000000e+04 5.213892030897058e-07
1.546254560000000e+04 3.863056736151423e-07
1.546454570000000e+04 -1.180696836440599e-07
1.546654580000000e+04 -5.095497105144016e-07
1.546854580000000e+04 -4.138999719932052e-07
1.547054590000000e+04 7.742071577794164e-08
1.547254600000000e+04 4.947081763788622e-07
1.547454610000000e+04 4.390500681119731e-07
1.547654610000000e+04 -3.632090649605360e-08
1.547854620000000e+04 -4.769514264900694e-07
1.548054630000000e+04 -4.616088903240571e-07
1.548254640000000e+04 -4.986847746108668e-09
1.548454640000000e+04 4.563848338118721e-07
1.548654650000000e+04 4.814435685434282e-07
1.548854660000000e+04 4.625907019720581e-08
1.549054670000000e+04 -4.331295896568978e-07
1.549254670000000e+04 -4.984378659336675e-07
1.549454680000000e+04 -8.725255635923488e-08
1.549654690000000e+04 4.073238939088849e-07
1.549854700000000e+04 5.124908923569883e-07
1.550054700000000e+04 1.277262862680060e-07
1.550254710000000e+04 -3.791204419954077e-07
1.550454720000000e+04 -5.235204732042533e-07
1.550654730000000e+04 -1.674419657462540e-07
1.550854730000000e+04 3.486863945600397e-07
1.551054740000000e+04 5.314611189405135e-07
1.551254750000000e+04 2.061657814674000e-07
1.551454760000000e+04 -3.162011641112856e-07
1.551654760000000e+04 -5.362671745520552e-07
1.551854770000000e+04 -2.436689561524957e-07
1.552054780000000e+04 2.818564423292549e-07
1.552254790000000e+04 5.379107006648000e-07
1.552454790000000e+04 2.797305567419609e-07
1.552654800000000e+04 -2.458541576427445e-07
1.552854810000000e+04 -5.363833875677598e-07
1.553054820000000e+04 -3.141372797767558e-07
1.553254820000000e+04 2.084068469485830e-07
1.553454830000000e+04 5.316943252455690e-07
1.553654840000000e+04 3.466868574119525e-07
1.553854850000000e+04 -1.697353515094513e-07
1.554054850000000e+04 -5.238719297189926e-07
1.554254860000000e+04 -3.771875784460755e-07
1.554454870000000e+04 1.300681862278427e-07
1.554654880000000e+04 5.129616596260983e-07
1.554854880000000e+04 4.054607982110154e-07
1.555054890000000e+04 -8.963995330267967e-08
1.555254900000000e+04 -4.990285333164831e-07
1.555454910000000e+04 -4.313400663852838e-07
1.555654910000000e+04 4.868935372255069e-08
1.555854920000000e+04 4.821543167287837e-07
1.556054930000000e+04 4.546736180597522e-07
1.556254940000000e+04 -7.457802410711079e-09
1.556454940000000e+04 -4.624394775026509e-07
1.556654950000000e+04 -4.753233525842924e-07
1.556854960000000e+04 -3.381200973267945e-08
1.557054970000000e+04 4.400008235906577e-07
1.557254970000000e+04 4.931681577775284e-07
1.557454980000000e+04 7.487721239681192e-08
1.557654990000000e+04 -4.149718094416281e-07
1.557855000000000e+04 -5.081020933940114e-07
1.558055000000000e+04 -1.154960235870312e-07
1.558255010000000e+04 3.875001093089273e-07
1.558455020000000e+04 5.200380352287368e-07
1.558655030000000e+04 1.554287765881254e-07
1.558855030000000e+04 -3.577481750037754e-07
1.559055040000000e+04 -5.289058740387345e-07
1.559255050000000e+04 -1.944401423788849e-07
1.559455060000000e+04 3.258908498730499e-07
1.559655060000000e+04 5.346547631727248e-07
1.559855070000000e+04 2.322992674436502e-07
1.560055080000000e+04 -2.921162622503755e-07
1.560255090000000e+04 -5.372510314117394e-07
1.560455090000000e+04 -2.687832168532382e-07
1.560655100000000e+04 2.566232881433398e-07
1.560855110000000e+04 5.366803784256026e-07
1.561055120000000e+04 3.036768793306804e-07
1.561255120000000e+04 -2.196217582994114e-07
1.561455130000000e+04 -5.329456356257728e-07
1.561655140000000e+04 -3.367755022400349e-07
1.561855150000000e+04 1.813305054883475e-07
1.562055150000000e+04 5.260695169349684e-07
1.562255160000000e+04 3.678843087119759e-07
1.562455170000000e+04 -1.419759465305923e-07
1.562655180000000e+04 -5.160919004369539e-07
1.562855180000000e+04 -3.968208015135762e-07
1.563055190000000e+04 1.017902712257867e-07
1.563255200000000e+04 5.030725646213386e-07
1.563455210000000e+04 4.234140767793342e-07
1.563655210000000e+04 -6.101038703701874e-08
1.563855220000000e+04 -4.870886021511796e-07
1.564055230000000e+04 -4.475079147779230e-07
1.564255240000000e+04 1.987622026718871e-08
1.564455240000000e+04 4.682355756905260e-07
1.564655250000000e+04 4.689593849479128e-07
1.564855260000000e+04 2.137002377752278e-08
1.565055270000000e+04 -4.466248987878159e-07
1.565255270000000e+04 -4.876427694599374e-07
1.565455280000000e+04 -6.248525795970590e-08
1.565655290000000e+04 4.223848670223148e-07
1.565855300000000e+04 5.034478797312747e-07
1.566055300000000e+04 1.032270646783248e-07
1.566255310000000e+04 -3.956578613360410e-07
1.566455320000000e+04 -5.162828565798803e-07
1.566655330000000e+04 -1.433544757937684e-07
1.566855330000000e+04 3.666018516437410e-07
1.567055340000000e+04 5.260723746073122e-07
1.567255350000000e+04 1.826308922340516e-07
1.567455360000000e+04 -3.353876108550866e-07
1.567655360000000e+04 -5.327599969635033e-07
1.567855370000000e+04 -2.208245012640135e-07
1.568055380000000e+04 3.021998272439398e-07
1.568255390000000e+04 5.363058940195083e-07
1.568455390000000e+04 2.577107213040103e-07
1.568655400000000e+04 -2.672345821251895e-07
1.568855410000000e+04 -5.366898919541597e-07
1.569055420000000e+04 -2.930725226380704e-07
1.569255420000000e+04 2.306988935428213e-07
1.569455430000000e+04 5.339089208002585e-07
1.569655440000000e+04 3.267024003500448e-07
1.569855450000000e+04 -1.928085325494946e-07
1.570055450000000e+04 -5.279802577800950e-07
1.570255460000000e+04 -3.584019905196072e-07
1.570455470000000e+04 1.537873405397262e-07
1.570655480000000e+04 5.189388678679293e-07
1.570855480000000e+04 3.879849133697723e-07
1.571055490000000e+04 -1.138648721611458e-07
1.571255500000000e+04 -5.068393676626484e-07
1.571455510000000e+04 -4.152759677781512e-07
1.571655510000000e+04 7.327630200701414e-08
1.571855520000000e+04 4.917535121280949e-07
1.572055530000000e+04 4.401147502825694e-07
1.572255540000000e+04 -3.226059379097041e-08
1.572455540000000e+04 -4.737714976442458e-07
1.572655550000000e+04 -4.623545299299541e-07
1.572855560000000e+04 -8.940345230231900e-09
1.573055570000000e+04 4.529989069134358e-07
1.573255570000000e+04 4.818652100626298e-07
1.573455580000000e+04 5.008309233760574e-08
1.573655590000000e+04 -4.295587470839253e-07
1.573855600000000e+04 -4.985322125792936e-07
1.574055600000000e+04 -9.092481835464902e-08
1.574255610000000e+04 4.035885290979114e-07
1.574455620000000e+04 5.122586782718385e-07
1.574655630000000e+04 1.312242625536580e-07
1.574855630000000e+04 -3.752420118326202e-07
1.575055640000000e+04 -5.229634751812284e-07
1.575255650000000e+04 -1.707439755212409e-07
1.575455660000000e+04 3.446864115907579e-07
1.575655660000000e+04 5.305843052834564e-07
1.575855670000000e+04 2.092514211859079e-07
1.576055680000000e+04 -3.121028580638449e-07
1.576255690000000e+04 -5.350754495393761e-07
1.576455690000000e+04 -2.465204195399762e-07
1.576655700000000e+04 2.776839633411572e-07
1.576855710000000e+04 5.364111632180011e-07
1.577055720000000e+04 2.823314111075996e-07
1.577255720000000e+04 -2.416335342019751e-07
1.577455730000000e+04 -5.345832931278670e-07
1.577655740000000e+04 -3.164737819626980e-07
1.577855750000000e+04 2.041636949218735e-07
1.578055750000000e+04 5.296037932006768e-07
1.578255760000000e+04 3.487456345853040e-07
1.578455770000000e+04 -1.654954180679592e-07
1.578655780000000e+04 -5.215024992879755e-07
1.578855780000000e+04 -3.789569886683932e-07
1.579055790000000e+04 1.258561216278748e-07
1.579255800000000e+04 5.103286607749894e-07
1.579455810000000e+04 4.069291890859817e-07
1.579655810000000e+04 -8.547962067117842e-08
1.579855820000000e+04 -4.961479003602709e-07
1.580055830000000e+04 -4.324980346568195e-07
1.580255840000000e+04 4.460416928661564e-08
1.580455840000000e+04 4.790446134407361e-07
1.580655850000000e+04 4.555131715876625e-07
1.580855860000000e+04 -3.471226088118128e-09
1.581055870000000e+04 -4.591188838520369e-07
1.581255870000000e+04 -4.758402745211265e-07
1.581455880000000e+04 -3.767611376920044e-08
1.581655890000000e+04 4.364887639176294e-07
1.581855900000000e+04 4.933595390911581e-07
1.582055900000000e+04 7.859499949589705e-08
1.582255910000000e+04 -4.112874672066251e-07
1.582455920000000e+04 -5.079686506812466e-07
1.582655930000000e+04 -1.190445095480020e-07
1.582855930000000e+04 3.836646106969008e-07
1.583055940000000e+04 5.195807992874209e-07
1.583255950000000e+04 1.587867443587198e-07
1.583455960000000e+04 -3.537835413937457e-07
1.583655960000000e+04 -5.281280986622628e-07
1.583855970000000e+04 -1.975878011285441e-07
1.584055980000000e+04 3.218216217136401e-07
1.584255990000000e+04 5.335596304599522e-07
1.584455990000000e+04 2.352195053007015e-07
1.584656000000000e+04 -2.879670695793347e-07
1.584856010000000e+04 -5.358444119486926e-07
1.585056020000000e+04 -2.714596091445712e-07
1.585256020000000e+04 2.524199066004844e-07
1.585456030000000e+04 5.349693059463651e-07
1.585656040000000e+04 3.060945455464743e-07
1.585856050000000e+04 -2.153890290553595e-07
1.586056050000000e+04 -5.309410364015667e-07
1.586256060000000e+04 -3.389194685629874e-07
1.586456070000000e+04 1.770928179335330e-07
1.586656080000000e+04 5.237833371121903e-07
1.586856080000000e+04 3.697412347286041e-07
1.587056090000000e+04 -1.377570150577406e-07
1.587256100000000e+04 -5.135395293591250e-07
1.587456110000000e+04 -3.983783511149585e-07
1.587656110000000e+04 9.761412617163571e-08
1.587856120000000e+04 5.002692648592999e-07
1.588056130000000e+04 4.246631140823862e-07
1.588256140000000e+04 -5.690135969269892e-08
1.588456140000000e+04 -4.840512959404770e-07
1.588656150000000e+04 -4.484408584045260e-07
1.588856160000000e+04 1.585935991502346e-08
1.589056170000000e+04 4.649807990225355e-07
1.589256170000000e+04 4.695725605819124e-07
1.589456180000000e+04 2.527002772229610e-08
1.589656190000000e+04 -4.431712127632375e-07
1.589856200000000e+04 -4.879330852887966e-07
1.590056200000000e+04 -6.624447718272631e-08
1.590256210000000e+04 4.187514439465218e-07
1.590456220000000e+04 5.034146579685183e-07
1.590656230000000e+04 1.068229975517290e-07
1.590856230000000e+04 -3.918668342549150e-07
1.591056240000000e+04 -5.159253708680154e-07
1.591256250000000e+04 -1.467669820777861e-07
1.591456260000000e+04 3.626759203037705e-07
1.591656260000000e+04 5.253922481246813e-07
1.591856270000000e+04 1.858407761511909e-07
1.592056280000000e+04 -3.313516504730816e-07
1.592256290000000e+04 -5.317596195668578e-07
1.592456290000000e+04 -2.238139826844125e-07
1.592656300000000e+04 2.980779957427089e-07
1.592856310000000e+04 5.349913941395844e-07
1.593056320000000e+04 2.604621443141178e-07
1.593256320000000e+04 -2.630512010351800e-07
1.593456330000000e+04 -5.350687747427899e-07
1.593656340000000e+04 -2.955692135511614e-07
1.593856350000000e+04 2.264775045856285e-07
1.594056350000000e+04 5.319926908491320e-07
1.594256360000000e+04 3.289282072111396e-07
1.594456370000000e+04 -1.885731424735392e-07
1.594656380000000e+04 -5.257806590500322e-07
1.594856380000000e+04 -3.603432518584716e-07
1.595056390000000e+04 1.495619498187043e-07
1.595256400000000e+04 5.164698366388698e-07
1.595456410000000e+04 3.896296092538945e-07
1.595656410000000e+04 -1.096748050032851e-07
1.595856420000000e+04 -5.041145209007599e-07
1.596056430000000e+04 -4.166158478740315e-07
1.596256440000000e+04 6.914702461524035e-08
1.596456440000000e+04 4.887884192847396e-07
1.596656450000000e+04 4.411425529906557e-07
1.596856460000000e+04 -2.821778605744760e-08
1.597056470000000e+04 -4.705819736984428e-07
1.597256470000000e+04 -4.630655842986391e-07
1.597456480000000e+04 -1.287221373803099e-08
1.597656490000000e+04 4.496039597495294e-07
1.597856500000000e+04 4.822550357060219e-07
1.598056500000000e+04 5.388124692509117e-08
1.598256510000000e+04 -4.259783325344963e-07
1.598456520000000e+04 -4.985983105301490e-07
1.598656530000000e+04 -9.456767931370604e-08
1.598856530000000e+04 3.998455611796796e-07
1.599056540000000e+04 5.119988923488043e-07
1.599256550000000e+04 1.346916015659722e-07
1.599456560000000e+04 -3.713591163897599e-07
1.599656560000000e+04 -5.223790942592542e-07
1.599856570000000e+04 -1.740160048936159e-07
1.600056580000000e+04 3.406872171452239e-07
1.600256590000000e+04 5.296780788539827e-07
1.600456590000000e+04 2.123087736317077e-07
1.600656600000000e+04 -3.080101402398159e-07
1.600856610000000e+04 -5.338543519589986e-07
1.601056620000000e+04 -2.493438612847642e-07
1.601256620000000e+04 2.735211102456699e-07
1.601456630000000e+04 5.348829111200171e-07
1.601656640000000e+04 2.849034155668746e-07
1.601856650000000e+04 -2.374235790715201e-07
1.602056650000000e+04 -5.327583765739275e-07
1.602256660000000e+04 -3.187782333192473e-07
1.602456670000000e+04 1.999314654480307e-07
1.602656680000000e+04 5.274925683916377e-07
1.602856680000000e+04 3.507697462282061e-07
1.603056690000000e+04 -1.612661466620567e-07
1.603256700000000e+04 -5.191172161133921e-07
1.603456710000000e+04 -3.806893656974437e-07
1.603656710000000e+04 1.216561781694056e-07
1.603856720000000e+04 5.076814978946707e-07
1.604056730000000e+04 4.083612387303858e-07
1.604256740000000e+04 -8.133463055515982e-08
1.604456740000000e+04 -4.932543246222092e-07
1.604656750000000e+04 -4.336216347501414e-07
1.604856760000000e+04 4.053893405994085e-08
1.605056770000000e+04 4.759210413841393e-07
1.605256770000000e+04 4.563218833326865e-07
1.605456780000000e+04 4.908301206079866e-10
1.605656790000000e+04 -4.557852853695174e-07
1.605856800000000e+04 -4.763277406920596e-07
1.606056800000000e+04 -4.151281155085201e-08
1.606256810000000e+04 4.329654238000245e-07
1.606456820000000e+04 4.935224056152069e-07
1.606656830000000e+04 8.228488452065634e-08
1.606856830000000e+04 -4.075965229153636e-07
1.607056840000000e+04 -5.078047448768560e-07
1.607256850000000e+04 -1.225661352713580e-07
1.607456860000000e+04 3.798274586948941e-07
1.607656860000000e+04 5.190921365032321e-07
1.607856870000000e+04 1.621186372780846e-07
1.608056880000000e+04 -3.498223672486459e-07
1.608256890000000e+04 -5.273179745231697e-07
1.608456890000000e+04 -2.007093796818378e-07
1.608656900000000e+04 3.177580253521195e-07
1.608856910000000e+04 5.324346578286835e-07
1.609056920000000e+04 2.381110678978955e-07
1.609256920000000e+04 -2.838247311155296e-07
1.609456930000000e+04 -5.344113269746994e-07
1.609656940000000e+04 -2.741041689436942e-07
1.609856950000000e+04 2.482228518393871e-07
1.610056950000000e+04 5.332368000530593e-07
1.610256960000000e+04 3.084767968670020e-07
1.610456970000000e+04 -2.111632381463348e-07
1.610656980000000e+04 -5.289175746574740e-07
1.610856980000000e+04 -3.410269933759799e-07
1.611056990000000e+04 1.728641846903806e-07
1.611257000000000e+04 5.214805269447674e-07
1.611457010000000e+04 3.715623965569531e-07
1.611657010000000e+04 -1.335515060345882e-07
1.611857020000000e+04 -5.109696565632969e-07
1.612057030000000e+04 -3.999030043096841e-07
1.612257040000000e+04 9.345635955397455e-08
1.612457040000000e+04 4.974485521549978e-07
1.612657050000000e+04 4.258811958441157e-07
1.612857060000000e+04 -5.281498631261628e-08
1.613057070000000e+04 -4.809968884321751e-07
1.613257070000000e+04 -4.493446339729791e-07
1.613457080000000e+04 1.186705256093085e-08
1.613657090000000e+04 4.617125170552389e-07
1.613857100000000e+04 4.701550508363510e-07
1.614057100000000e+04 2.914533853347665e-08
1.614257110000000e+04 -4.397083786547211e-07
1.614457120000000e+04 -4.881912496602690e-07
1.614657130000000e+04 -6.997995912189575e-08
1.614857130000000e+04 4.151145596628198e-07
1.615057140000000e+04 5.033471136936006e-07
1.615257150000000e+04 1.103958158496176e-07
1.615457160000000e+04 -3.880756743587812e-07
1.615657160000000e+04 -5.155344307637829e-07
1.615857170000000e+04 -1.501546371981054e-07
1.616057180000000e+04 3.587523777747643e-07
1.616257190000000e+04 5.246807190846862e-07
1.616457190000000e+04 1.890226981517217e-07
1.616657200000000e+04 -3.273177261230698e-07
1.616857210000000e+04 -5.307324694301488e-07
1.617057220000000e+04 -2.267713504119720e-07
1.617257220000000e+04 2.939583352962526e-07
1.617457230000000e+04 5.336533732214174e-07
1.617657240000000e+04 2.631788047679392e-07
1.617857250000000e+04 -2.588709426665372e-07
1.618057250000000e+04 -5.334273805258891e-07
1.618257260000000e+04 -2.980301998858584e-07
1.618457270000000e+04 2.222628004181022e-07
1.618657280000000e+04 5.300557862608414e-07
1.618857280000000e+04 3.311199996025803e-07
1.619057290000000e+04 -1.843490391168851e-07
1.619257300000000e+04 -5.235601944198979e-07
1.619457310000000e+04 -3.622525469605291e-07
1.619657310000000e+04 1.453531277408669e-07
1.619857320000000e+04 5.139790998586042e-07
1.620057330000000e+04 3.912446942469752e-07
1.620257340000000e+04 -1.055046541704788e-07
1.620457340000000e+04 -5.013701200048753e-07
1.620657350000000e+04 -4.179253646928895e-07
1.620857360000000e+04 6.503930845600279e-08
1.621057370000000e+04 4.858069477829224e-07
1.621257370000000e+04 4.421385995490168e-07
1.621457380000000e+04 -2.419594310901088e-08
1.621657390000000e+04 -4.673817772591755e-07
1.621857400000000e+04 -4.637420217078926e-07
1.622057400000000e+04 -1.678393224537680e-08
1.622257410000000e+04 4.462025624009440e-07
1.622457420000000e+04 4.826094725988343e-07
1.622657430000000e+04 5.765851353476979e-08
1.622857430000000e+04 -4.223952697026134e-07
1.623057440000000e+04 -4.986293967949045e-07
1.623257450000000e+04 -9.818717296527703e-08
1.623457460000000e+04 3.961002361727033e-07
1.623657460000000e+04 5.117077737037688e-07
1.623857470000000e+04 1.381315013230125e-07
1.624057480000000e+04 -3.674740728994492e-07
1.624257490000000e+04 -5.217667563010129e-07
1.624457490000000e+04 -1.772566505328011e-07
1.624657500000000e+04 3.366857671685278e-07
1.624857510000000e+04 5.287478577607436e-07
1.625057520000000e+04 2.153321582034949e-07
1.625257520000000e+04 -3.039175754493523e-07
1.625457530000000e+04 -5.326096789594299e-07
1.625657540000000e+04 -2.521334643683908e-07
1.625857550000000e+04 2.693621050670559e-07
1.626057550000000e+04 5.333311918999436e-07
1.626257560000000e+04 2.874430946194482e-07
1.626457570000000e+04 -2.332232131149156e-07
1.626657580000000e+04 -5.309084179419784e-07
1.626857580000000e+04 -3.210528322078510e-07
1.627057590000000e+04 1.957132833399960e-07
1.627257600000000e+04 5.253569683683948e-07
1.627457610000000e+04 3.527641845814148e-07
1.627657610000000e+04 -1.570541200590334e-07
1.627857620000000e+04 -5.167092213400623e-07
1.628057630000000e+04 -3.823912796348685e-07
1.628257640000000e+04 1.174737861619396e-07
1.628457640000000e+04 5.050167445206169e-07
1.628657650000000e+04 4.097598107427009e-07
1.628857660000000e+04 -7.720670292640585e-08
1.629057670000000e+04 -4.903476057758997e-07
1.629257670000000e+04 -4.347096088153277e-07
1.629457680000000e+04 3.649058562823678e-08
1.629657690000000e+04 4.727891534580286e-07
1.629857700000000e+04 4.570936616990470e-07
1.630057700000000e+04 4.434456068265576e-09
1.630257710000000e+04 -4.524446962625975e-07
1.630457720000000e+04 -4.767805165822400e-07
1.630657730000000e+04 -4.532757684541773e-08
1.630857730000000e+04 4.294358743774534e-07
1.631057740000000e+04 4.936533409944281e-07
1.631257750000000e+04 8.594813635987911e-08
1.631457760000000e+04 -4.038985984575765e-07
1.631657760000000e+04 -5.076131503387823e-07
1.631857770000000e+04 -1.260572355044362e-07
1.632057780000000e+04 3.759845150057150e-07
1.632257790000000e+04 5.185772103936731e-07
1.632457790000000e+04 1.654184074411188e-07
1.632657800000000e+04 -3.458578708691712e-07
1.632857810000000e+04 -5.264824203189177e-07
1.633057820000000e+04 -2.037992005748242e-07
1.633257820000000e+04 3.136966309542031e-07
1.633457830000000e+04 5.312824359268637e-07
1.633657840000000e+04 2.409729675470720e-07
1.633857850000000e+04 -2.796895000557250e-07
1.634057850000000e+04 -5.329504202196177e-07
1.634257860000000e+04 -2.767200825326115e-07
1.634457870000000e+04 2.440375104788762e-07
1.634657880000000e+04 5.314765531366970e-07
1.634857880000000e+04 3.108304397418713e-07
1.635057890000000e+04 -2.069507832352457e-07
1.635257900000000e+04 -5.268702823220489e-07
1.635457910000000e+04 -3.431032274146684e-07
1.635657910000000e+04 1.686491924665074e-07
1.635857920000000e+04 5.191578284561544e-07
1.636057930000000e+04 3.733492551621095e-07
1.636257940000000e+04 -1.293589227120899e-07
1.636457940000000e+04 -5.083853737458077e-07
1.636657950000000e+04 -4.013906537093902e-07
1.636857960000000e+04 8.931214273968605e-08
1.637057970000000e+04 4.946159475690486e-07
1.637257970000000e+04 4.270626952631733e-07
1.637457980000000e+04 -4.874472154543274e-08
1.637657990000000e+04 -4.779323364368795e-07
1.637858000000000e+04 -4.502133947179699e-07
1.638058000000000e+04 7.895606691362643e-09
1.638258010000000e+04 4.584331330082276e-07
1.638458020000000e+04 4.707065423235850e-07
1.638658030000000e+04 3.299519720176300e-08
1.638858030000000e+04 -4.362347096070878e-07
1.639058040000000e+04 -4.884206896198734e-07
1.639258050000000e+04 -7.368663379959026e-08
1.639458060000000e+04 4.114679034248584e-07
1.639658060000000e+04 5.032525743906839e-07
1.639858070000000e+04 1.139386887206749e-07
1.640058080000000e+04 -3.842793320047717e-07
1.640258090000000e+04 -5.151149271827529e-07
1.640458090000000e+04 -1.535135270046469e-07
1.640658100000000e+04 3.548282984081935e-07
1.640858110000000e+04 5.239393617460560e-07
1.641058120000000e+04 1.921772840813418e-07
1.641258120000000e+04 -3.232889863225086e-07
1.641458130000000e+04 -5.296741389078126e-07
1.641658140000000e+04 -2.297021458420651e-07
1.641858150000000e+04 2.898468903237140e-07
1.642058150000000e+04 5.322863767861923e-07
1.642258160000000e+04 2.658670006299778e-07
1.642458170000000e+04 -2.547004075649373e-07
1.642658180000000e+04 -5.317598720664311e-07
1.642858180000000e+04 -3.004595747380960e-07
1.643058190000000e+04 2.180570945545095e-07
1.643258200000000e+04 5.280983768015514e-07
1.643458210000000e+04 3.332765598791637e-07
1.643658210000000e+04 -1.801339915824749e-07
1.643858220000000e+04 -5.213227028592728e-07
1.644058230000000e+04 -3.641251077321368e-07
1.644258240000000e+04 1.411546525679967e-07
1.644458240000000e+04 5.114741415308183e-07
1.644658250000000e+04 3.928230422370382e-07
1.644858260000000e+04 -1.013489534478529e-07
1.645058270000000e+04 -4.986109271425082e-07
1.645258270000000e+04 -4.192013467099436e-07
1.645458280000000e+04 6.095067919616235e-08
1.645658290000000e+04 4.828105575419424e-07
1.645858300000000e+04 4.431037303059788e-07
1.646058300000000e+04 -2.019805624640224e-08
1.646258310000000e+04 -4.641663423021790e-07
1.646458320000000e+04 -4.643899775603668e-07
1.646658330000000e+04 -2.066898352099421e-08
1.646858330000000e+04 4.427890823725991e-07
1.647058340000000e+04 4.829346492880012e-07
1.647258350000000e+04 6.140893187529016e-08
1.647458360000000e+04 -4.188039441039798e-07
1.647658360000000e+04 -4.986299137625075e-07
1.647858370000000e+04 -1.017810376196739e-07
1.648058380000000e+04 3.923529370675912e-07
1.648258390000000e+04 5.113836689467522e-07
1.648458390000000e+04 1.415468960720049e-07
1.648658400000000e+04 -3.635911875658677e-07
1.648858410000000e+04 -5.211217999993818e-07
1.649058420000000e+04 -1.804720483062434e-07
1.649258420000000e+04 3.326893674156926e-07
1.649458430000000e+04 5.277863998093541e-07
1.649658440000000e+04 2.183276278029109e-07
1.649858450000000e+04 -2.998299258599682e-07
1.650058450000000e+04 -5.313388196741674e-07
1.650258460000000e+04 -2.548911601279042e-07
1.650458470000000e+04 2.652079796489461e-07
1.650658480000000e+04 5.317571343110497e-07
1.650858480000000e+04 2.899476870378204e-07
1.651058490000000e+04 -2.290277379576829e-07
1.651258500000000e+04 -5.290398982093290e-07
1.651458510000000e+04 -3.232906612092311e-07
1.651658510000000e+04 1.915029990188872e-07
1.651858520000000e+04 5.232031373646946e-07
1.652058530000000e+04 3.547236488968722e-07
1.652258540000000e+04 -1.528541625405327e-07
1.652458540000000e+04 -5.142830175478120e-07
1.652658550000000e+04 -3.840605099252863e-07
1.652858560000000e+04 1.133092385421652e-07
1.653058570000000e+04 5.023323779836745e-07
1.653258570000000e+04 4.111285678192205e-07
1.653458580000000e+04 -7.310064422409963e-08
1.653658590000000e+04 -4.874228950858662e-07
1.653858600000000e+04 -4.357681025967070e-07
1.654058600000000e+04 3.246597529377390e-08
1.654258610000000e+04 4.696418414450129e-07
1.654458620000000e+04 4.578351047922493e-07
1.654658630000000e+04 8.354748638430411e-09
1.654858630000000e+04 -4.490947336464420e-07
1.655058640000000e+04 -4.771999741486216e-07
1.655258650000000e+04 -4.912008534258528e-08
1.655458660000000e+04 4.259016418024211e-07
1.655658660000000e+04 4.937497405208455e-07
1.655858670000000e+04 8.958953763203403e-08
1.656058680000000e+04 -4.002002570791871e-07
1.656258690000000e+04 -5.073867255006344e-07
1.656458690000000e+04 -1.295246527184129e-07
1.656658700000000e+04 3.721421363903620e-07
1.656858710000000e+04 5.180311959277837e-07
1.657058720000000e+04 1.686906818763560e-07
1.657258720000000e+04 -3.418942693351695e-07
1.657458730000000e+04 -5.256193487739280e-07
1.657658740000000e+04 -2.068572732195906e-07
1.657858750000000e+04 3.096351815943454e-07
1.658058750000000e+04 5.301071985669400e-07
1.658258760000000e+04 2.437999195355812e-07
1.658458770000000e+04 -2.755560434648491e-07
1.658658780000000e+04 -5.314680257857181e-07
1.658858780000000e+04 -2.793009625900909e-07
1.659058790000000e+04 2.398570980308804e-07
1.659258800000000e+04 5.296954084818450e-07
1.659458810000000e+04 3.131504149999289e-07
1.659658810000000e+04 -2.027491079527367e-07
1.659858820000000e+04 -5.248001276782841e-07
1.660058830000000e+04 -3.451486654527219e-07
1.660258840000000e+04 1.644498446420981e-07
1.660458840000000e+04 5.168125765150993e-07
1.660658850000000e+04 3.751067255127556e-07
1.660858860000000e+04 -1.251856404430215e-07
1.661058870000000e+04 -5.057795006461308e-07
1.661258870000000e+04 -4.028487618210203e-07
1.661458880000000e+04 8.518812066231454e-08
1.661658890000000e+04 4.917667600474864e-07
1.661858900000000e+04 4.282117623728110e-07
1.662058900000000e+04 -4.469410445212409e-08
1.662258910000000e+04 -4.748558058757761e-07
1.662458920000000e+04 -4.510474421748840e-07
1.662658930000000e+04 3.942629428403296e-09
1.662858930000000e+04 4.551471944301883e-07
1.663058940000000e+04 4.712213902314814e-07
1.663258950000000e+04 3.682561793466024e-08
1.663458960000000e+04 -4.327567973349198e-07
1.663658960000000e+04 -4.886153767838745e-07
1.663858970000000e+04 -7.737090375905977e-08
1.664058980000000e+04 4.078181307402552e-07
1.664258990000000e+04 5.031259602052626e-07
1.664458990000000e+04 1.174545975887613e-07
1.664659000000000e+04 -3.804785454026374e-07
1.664859010000000e+04 -5.146681096085476e-07
1.665059020000000e+04 -1.568411420722922e-07
1.665259020000000e+04 3.509006364061692e-07
1.665459030000000e+04 5.231732564280902e-07
1.665659040000000e+04 1.952984665135839e-07
1.665859050000000e+04 -3.192583366816415e-07
1.666059050000000e+04 -5.285924715220254e-07
1.666259060000000e+04 -2.325994995454387e-07
1.666459070000000e+04 2.857386853169364e-07
1.666659080000000e+04 5.308942266060960e-07
1.666859080000000e+04 2.685240474800130e-07
1.667059090000000e+04 -2.505382215656532e-07
1.667259100000000e+04 -5.300666433938924e-07
1.667459110000000e+04 -3.028598106980339e-07
1.667659110000000e+04 2.138649737024673e-07
1.667859120000000e+04 5.261145357613084e-07
1.668059130000000e+04 3.354045859609986e-07
1.668259140000000e+04 -1.759348900991126e-07
1.668459140000000e+04 -5.190621722522265e-07
1.668659150000000e+04 -3.659670117090406e-07
1.668859160000000e+04 1.369726452941187e-07
1.669059170000000e+04 5.089501052509281e-07
1.669259170000000e+04 3.943680484311836e-07
1.669459180000000e+04 -9.720837760071856e-08
1.669659190000000e+04 -4.958386828525943e-07
1.669859200000000e+04 -4.204407224474130e-07
1.670059200000000e+04 5.687744264960282e-08
1.670259210000000e+04 4.798045479154743e-07
1.670459220000000e+04 4.440320793234593e-07
1.670659230000000e+04 -1.621718085986971e-08
1.670859230000000e+04 -4.609435348921592e-07
1.671059240000000e+04 -4.650024917918949e-07
1.671259250000000e+04 -2.453283052619634e-08
1.671459260000000e+04 4.393672031603387e-07
1.671659260000000e+04 4.832286668558860e-07
1.671859270000000e+04 6.513324004020445e-08
1.672059280000000e+04 -4.152044651976834e-07
1.672259290000000e+04 -4.986024044394735e-07
1.672459300000000e+04 -1.053448139229527e-07
1.672659300000000e+04 3.885975597191167e-07
1.672859310000000e+04 5.110338760474702e-07
1.673059320000000e+04 1.449305876578368e-07
1.673259330000000e+04 -3.597041637026966e-07
1.673459330000000e+04 -5.204501241766492e-07
1.673659340000000e+04 -1.836567803376892e-07
1.673859350000000e+04 3.286935792161264e-07
1.674059360000000e+04 5.267973109911875e-07
1.674259360000000e+04 2.212944535160935e-07
1.674459370000000e+04 -2.957491219953213e-07
1.674659380000000e+04 -5.300382165666569e-07
1.674859390000000e+04 -2.576214855379178e-07
1.675059390000000e+04 2.610643582363202e-07
1.675259400000000e+04 5.301549058804518e-07
1.675459410000000e+04 2.924240110076586e-07
1.675659420000000e+04 -2.248447959822096e-07
1.675859420000000e+04 -5.271459408586112e-07
1.676059430000000e+04 -3.254977065270285e-07
1.676259440000000e+04 1.873043679074863e-07
1.676459450000000e+04 5.210296992404333e-07
1.676659450000000e+04 3.566482457287013e-07
1.676859460000000e+04 -1.486657053143731e-07
1.677059470000000e+04 -5.118413244812382e-07
1.677259480000000e+04 -3.856928263584063e-07
1.677459480000000e+04 1.091563775972976e-07
1.677659490000000e+04 4.996360682053009e-07
1.677859500000000e+04 4.124600577946767e-07
1.678059510000000e+04 -6.900965090359820e-08
1.678259510000000e+04 -4.844860910258011e-07
1.678459520000000e+04 -4.367923627578594e-07
1.678659530000000e+04 2.846123492112124e-08
1.678859540000000e+04 4.664825151932172e-07
1.679059540000000e+04 4.585454526734034e-07
1.679259550000000e+04 1.224992917902396e-08
1.679459560000000e+04 -4.457315218327102e-07
1.679659570000000e+04 -4.775915109327015e-07
1.679859570000000e+04 -5.288431481714564e-08
1.680059580000000e+04 4.223566673633562e-07
1.680259590000000e+04 4.938183663723979e-07
1.680459600000000e+04 9.320190482303297e-08
1.680659600000000e+04 -3.964948681390800e-07
1.680859610000000e+04 -5.071317682107172e-07
1.681059620000000e+04 -1.329644699744422e-07
1.681259630000000e+04 3.682990683686733e-07
1.681459630000000e+04 5.174536836216724e-07
1.681659640000000e+04 1.719369748840438e-07
1.681859650000000e+04 -3.379346056557631e-07
1.682059660000000e+04 -5.247246523836389e-07
1.682259660000000e+04 -2.098897247686881e-07
1.682459670000000e+04 3.055814114518337e-07
1.682659680000000e+04 5.289013702969228e-07
1.682859690000000e+04 2.465993179293872e-07
1.683059690000000e+04 -2.714304025084838e-07
1.683259700000000e+04 -5.299598019120472e-07
1.683459710000000e+04 -2.818501435513611e-07
1.683659720000000e+04 2.356844137198441e-07
1.683859720000000e+04 5.278927331546905e-07
1.684059730000000e+04 3.154352548203701e-07
1.684259740000000e+04 -1.985542270351806e-07
1.684459750000000e+04 -5.227131683919637e-07
1.684659750000000e+04 -3.471568537033046e-07
1.684859760000000e+04 1.602595985383825e-07
1.685059770000000e+04 5.144515654865552e-07
1.685259780000000e+04 3.768280979527230e-07
1.685459780000000e+04 -1.210253892667438e-07
1.685659790000000e+04 -5.031582959536401e-07
1.685859800000000e+04 -4.042733606945401e-07
1.686059810000000e+04 8.108284444142839e-08
1.686259810000000e+04 4.889002499861768e-07
1.686459820000000e+04 4.293309083411264e-07
1.686659830000000e+04 -4.066669349883344e-08
1.686859840000000e+04 -4.717630640984036e-07
1.687059840000000e+04 -4.518528606189862e-07
1.687259850000000e+04 1.565462494126975e-11
1.687459860000000e+04 4.518471214535841e-07
1.687659870000000e+04 4.717074284377321e-07
1.687859870000000e+04 4.063038282850508e-08
1.688059880000000e+04 -4.292704007052575e-07
1.688259890000000e+04 -4.887781852086198e-07
1.688459900000000e+04 -8.103087949475458e-08
1.688659900000000e+04 4.041649824861165e-07
1.688859910000000e+04 5.029659999245754e-07
1.689059920000000e+04 1.209474898367578e-07
1.689259930000000e+04 -3.766796753803282e-07
1.689459930000000e+04 -5.141871232529381e-07
1.689659940000000e+04 -1.601446599890004e-07
1.689859950000000e+04 3.469763354488546e-07
1.690059960000000e+04 5.223760435810239e-07
1.690259960000000e+04 1.983921342776563e-07
1.690459970000000e+04 -3.152316064197912e-07
1.690659980000000e+04 -5.274836066902655e-07
1.690859990000000e+04 -2.354651797162965e-07
1.691059990000000e+04 2.816329102554301e-07
1.691260000000000e+04 5.294802368977995e-07
1.691460010000000e+04 2.711457627491831e-07
1.691660020000000e+04 -2.463796570121572e-07
1.691860020000000e+04 -5.283538034176426e-07
1.692060030000000e+04 -3.052237199522357e-07
1.692260040000000e+04 2.096789353827112e-07
1.692460050000000e+04 5.241123150063907e-07
1.692660050000000e+04 3.374977529255049e-07
1.692860060000000e+04 -1.717473105210322e-07
1.693060070000000e+04 -5.167812543671715e-07
1.693260080000000e+04 -3.677773491723459e-07
1.693460080000000e+04 1.328074329021133e-07
1.693660090000000e+04 5.064056156922201e-07
1.693860100000000e+04 3.958836277928812e-07
1.694060110000000e+04 -9.308924423114399e-08
1.694260110000000e+04 -4.930462441743592e-07
1.694460120000000e+04 -4.216513598291814e-07
1.694660130000000e+04 5.282677605568755e-08
1.694860140000000e+04 4.767826908905757e-07
1.695060140000000e+04 4.449292947833513e-07
1.695260150000000e+04 -1.225843944880769e-08
1.695460160000000e+04 -4.577098307253635e-07
1.695660170000000e+04 -4.655815813778987e-07
1.695860170000000e+04 -2.837623494285258e-08
1.696060180000000e+04 4.359406847186907e-07
1.696260190000000e+04 4.834867615081944e-07
1.696460200000000e+04 6.883697094238725e-08
1.696660200000000e+04 -4.116031448920607e-07
1.696860210000000e+04 -4.985400373934942e-07
1.697060220000000e+04 -1.088858989622415e-07
1.697260230000000e+04 3.848420657072406e-07
1.697460230000000e+04 5.106520439386561e-07
1.697660240000000e+04 1.482873455685343e-07
1.697860250000000e+04 -3.558156181025671e-07
1.698060260000000e+04 -5.197516141447896e-07
1.698260260000000e+04 -1.868098595199713e-07
1.698460270000000e+04 3.246965301454748e-07
1.698660280000000e+04 5.257845554217247e-07
1.698860290000000e+04 2.242266261320778e-07
1.699060290000000e+04 -2.916678554278212e-07
1.699260300000000e+04 -5.287162988000544e-07
1.699460310000000e+04 -2.603169930811082e-07
1.699660320000000e+04 2.569248604798624e-07
1.699860320000000e+04 5.285300030346620e-07
1.700060330000000e+04 2.948677416168075e-07
1.700260340000000e+04 -2.206713176860911e-07
1.700460350000000e+04 -5.252285374177519e-07
1.700660350000000e+04 -3.276746898707917e-07
1.700860360000000e+04 1.831211756402133e-07
1.701060370000000e+04 5.188314365619546e-07
1.701260380000000e+04 3.585444366490442e-07
1.701460380000000e+04 -1.444954000536180e-07
1.701660390000000e+04 -5.093774872137165e-07
1.701860400000000e+04 -3.872954657834774e-07
1.702060410000000e+04 1.050227730855949e-07
1.702260410000000e+04 4.969215800844388e-07
1.702460420000000e+04 4.137593716786417e-07
1.702660430000000e+04 -6.493636566982229e-08
1.702860440000000e+04 -4.815375328956371e-07
1.703060440000000e+04 -4.377807933109167e-07
1.703260450000000e+04 2.447362001537823e-08
1.703460460000000e+04 4.633153785358481e-07
1.703660470000000e+04 4.592190444949682e-07
1.703860470000000e+04 1.612729356818739e-08
1.704060480000000e+04 -4.423637420193370e-07
1.704260490000000e+04 -4.779474258717958e-07
1.704460500000000e+04 -5.662700409111766e-08
1.704660500000000e+04 4.188063852043173e-07
1.704860510000000e+04 4.938555807192935e-07
1.705060520000000e+04 9.678775781586904e-08
1.705260530000000e+04 -3.927839713849973e-07
1.705460530000000e+04 -5.068490800070224e-07
1.705660540000000e+04 -1.363731864408901e-07
1.705860550000000e+04 3.644498606449838e-07
1.706060560000000e+04 5.168519507617033e-07
1.706260560000000e+04 1.751501792925790e-07
1.706460570000000e+04 -3.339720830258282e-07
1.706660580000000e+04 -5.238054206574654e-07
1.706860590000000e+04 -2.128895837704864e-07
1.707060590000000e+04 3.015293075973475e-07
1.707260600000000e+04 5.276701195146560e-07
1.707460610000000e+04 2.493684835372066e-07
1.707660620000000e+04 -2.673129786528166e-07
1.707860620000000e+04 -5.284236854923361e-07
1.708060630000000e+04 -2.843713915294758e-07
1.708260640000000e+04 2.315241011907018e-07
1.708460650000000e+04 5.260630476937179e-07
1.708660650000000e+04 3.176921398123178e-07
1.708860660000000e+04 -1.943746999043721e-07
1.709060670000000e+04 -5.206015029578065e-07
1.709260680000000e+04 -3.491349774234837e-07
1.709460680000000e+04 1.560839221132139e-07
1.709660690000000e+04 5.120716202435837e-07
1.709860700000000e+04 3.785153965455481e-07
1.710060710000000e+04 -1.168789364426593e-07
1.710260710000000e+04 -5.005228382238068e-07
1.710460720000000e+04 -4.056612524280843e-07
1.710660730000000e+04 7.699082032308358e-08
1.710860740000000e+04 4.860242057129579e-07
1.711060740000000e+04 4.304125065887425e-07
1.711260750000000e+04 -3.665524683977193e-08
1.711460760000000e+04 -4.686611573882950e-07
1.711660770000000e+04 -4.526233082788984e-07
1.711860770000000e+04 -3.891026091794712e-09
1.712060780000000e+04 4.485378558889754e-07
1.712260790000000e+04 4.721620679211729e-07
1.712460800000000e+04 4.440929027871424e-08
1.712660800000000e+04 -4.257731985347259e-07
1.712860810000000e+04 -4.889138449908076e-07
1.713060820000000e+04 -8.466129930134906e-08
1.713260830000000e+04 4.005027953747303e-07
1.713460830000000e+04 5.027798011850199e-07
1.713660840000000e+04 1.244092432982284e-07
1.713860850000000e+04 -3.728747743017159e-07
1.714060860000000e+04 -5.136795077787434e-07
1.714260860000000e+04 -1.634185695710365e-07
1.714460870000000e+04 3.430523624040092e-07
1.714660880000000e+04 5.215493546333004e-07
1.714860890000000e+04 2.014584882809504e-07
1.715060890000000e+04 -3.112103857148953e-07
1.715260900000000e+04 -5.263444904807420e-07
1.715460910000000e+04 -2.383046551258820e-07
1.715660920000000e+04 2.775374199326362e-07
1.715860920000000e+04 5.280363507984839e-07
1.716060930000000e+04 2.737400518935221e-07
1.716260940000000e+04 -2.422318448967671e-07
1.716460950000000e+04 -5.266154915447356e-07
1.716660950000000e+04 -3.075566732003206e-07
1.716860960000000e+04 2.055034088537457e-07
1.717060970000000e+04 5.220893630255872e-07
1.717260980000000e+04 3.395561279354773e-07
1.717460980000000e+04 -1.675688337094331e-07
1.717660990000000e+04 -5.144852959668134e-07
1.717861000000000e+04 -3.695501853943947e-07
1.718061010000000e+04 1.286527558892157e-07
1.718261010000000e+04 5.038477976884860e-07
1.718461020000000e+04 3.973622008031898e-07
1.718661030000000e+04 -8.898370226404347e-08
1.718861040000000e+04 -4.902412682474134e-07
1.719061040000000e+04 -4.228277101393636e-07
1.719261050000000e+04 4.879550393888233e-08
1.719461060000000e+04 4.737463365788623e-07
1.719661070000000e+04 4.457964558221185e-07
1.719861070000000e+04 -8.324063723663699e-09
1.720061080000000e+04 -4.544619205816610e-07
1.720261090000000e+04 -4.661326994028097e-07
1.720461100000000e+04 -3.219163503040877e-08
1.720661100000000e+04 4.325011996744790e-07
1.720861110000000e+04 4.837174988252467e-07
1.721061120000000e+04 7.251278431582949e-08
1.721261130000000e+04 -4.079942808566679e-07
1.721461130000000e+04 -4.984478264782662e-07
1.721661140000000e+04 -1.124005952978631e-07
1.721861150000000e+04 3.810844811662245e-07
1.722061160000000e+04 5.102383562141090e-07
1.722261160000000e+04 1.516196318201841e-07
1.722461170000000e+04 -3.519310842593471e-07
1.722661180000000e+04 -5.190197673135528e-07
1.722861190000000e+04 -1.899384127784562e-07
1.723061190000000e+04 3.207055360680393e-07
1.723261200000000e+04 5.247410065241947e-07
1.723461210000000e+04 2.271317678146934e-07
1.723661220000000e+04 -2.875935605443484e-07
1.723861220000000e+04 -5.273675303241230e-07
1.724061230000000e+04 -2.629811135213493e-07
1.724261240000000e+04 2.527906462740683e-07
1.724461250000000e+04 5.268841722387445e-07
1.724661250000000e+04 2.972759841255675e-07
1.724861260000000e+04 -2.165033461581606e-07
1.725061270000000e+04 -5.232932482224969e-07
1.725261280000000e+04 -3.298145009315551e-07
1.725461280000000e+04 1.789450286106860e-07
1.725661290000000e+04 5.166173417070630e-07
1.725861300000000e+04 3.604046123921165e-07
1.726061310000000e+04 -1.403374412434608e-07
1.726261310000000e+04 -5.068961971478089e-07
1.726461320000000e+04 -3.888655490314133e-07
1.726661330000000e+04 1.009069338303324e-07
1.726861340000000e+04 4.941888900327713e-07
1.727061340000000e+04 4.150290657242724e-07
1.727261350000000e+04 -6.088620175108125e-08
1.727461360000000e+04 -4.785703200086957e-07
1.727661370000000e+04 -4.387413831425127e-07
1.727861370000000e+04 2.051083105823588e-08
1.728061380000000e+04 4.601334874441468e-07
1.728261390000000e+04 4.598632141320294e-07
1.728461400000000e+04 1.997994913694608e-08
1.728661400000000e+04 -4.389859765624661e-07
1.728861410000000e+04 -4.782713339045709e-07
1.729061420000000e+04 -6.034713561329917e-08
1.729261430000000e+04 4.152529003792700e-07
1.729461430000000e+04 4.938579081773933e-07
1.729661440000000e+04 1.003519669589593e-07
1.729861450000000e+04 -3.890734866711753e-07
1.730061460000000e+04 -5.065319292718449e-07
1.730261460000000e+04 -1.397590776663540e-07
1.730461470000000e+04 3.606035655555793e-07
1.730661480000000e+04 5.162181241950553e-07
1.730861490000000e+04 1.783364192333488e-07
1.731061490000000e+04 -3.300111702113957e-07
1.731261500000000e+04 -5.228595071747377e-07
1.731461510000000e+04 -2.158577802786367e-07
1.731661520000000e+04 2.974783268023987e-07
1.731861520000000e+04 5.264162323141418e-07
1.732061530000000e+04 2.521023147753944e-07
1.732261540000000e+04 -2.631966834342199e-07
1.732461550000000e+04 -5.268683379707566e-07
1.732661550000000e+04 -2.868565004626050e-07
1.732861560000000e+04 2.273690554796240e-07
1.733061570000000e+04 5.242133892027708e-07
1.733261580000000e+04 3.199148923930255e-07
1.733461580000000e+04 -1.902053739654774e-07
1.733661590000000e+04 -5.184687718781723e-07
1.733861600000000e+04 -3.510821422325807e-07
1.734061610000000e+04 1.519249394771297e-07
1.734261610000000e+04 5.096687943328925e-07
1.734461620000000e+04 3.801744180911425e-07
1.734661630000000e+04 -1.127527155390461e-07
1.734861640000000e+04 -4.978665066923967e-07
1.735061640000000e+04 -4.070204998106006e-07
1.735261650000000e+04 7.292076238942064e-08
1.735461660000000e+04 4.831306101049346e-07
1.735661670000000e+04 4.314631054881611e-07
1.735861670000000e+04 -3.266409647520998e-08
1.736061680000000e+04 -4.655483861084247e-07
1.736261690000000e+04 -4.533591356096193e-07
1.736461700000000e+04 -7.778720537127307e-09
1.736661700000000e+04 4.452225691449452e-07
1.736861710000000e+04 4.725804727281744e-07
1.737061720000000e+04 4.816943002709990e-08
1.737261730000000e+04 -4.222741256828189e-07
1.737461730000000e+04 -4.890136439074750e-07
1.737661740000000e+04 -8.826976303254046e-08
1.737861750000000e+04 3.968384216379562e-07
1.738061760000000e+04 5.025618748805964e-07
1.738261760000000e+04 1.278445829571326e-07
1.738461770000000e+04 -3.690672211060956e-07
1.738661780000000e+04 -5.131445513532964e-07
1.738861790000000e+04 -1.666608911427316e-07
1.739061790000000e+04 3.391244609166557e-07
1.739261800000000e+04 5.206997349362575e-07
1.739461810000000e+04 2.044904605107937e-07
1.739661820000000e+04 -3.071877393692893e-07
1.739861820000000e+04 -5.251829807080598e-07
1.740061830000000e+04 -2.411097837377974e-07
1.740261840000000e+04 2.734442562545517e-07
1.740461850000000e+04 5.265694075257646e-07
1.740661850000000e+04 2.763026056876862e-07
1.740861860000000e+04 -2.380932541866361e-07
1.741061870000000e+04 -5.248515270863371e-07
1.741261880000000e+04 -3.098608426590491e-07
1.741461880000000e+04 2.013420694775127e-07
1.741661890000000e+04 5.200408457244462e-07
1.741861900000000e+04 3.415867224148669e-07
1.742061910000000e+04 -1.634082449762018e-07
1.742261910000000e+04 -5.121652509895917e-07
1.742461920000000e+04 -3.712937881384778e-07
1.742661930000000e+04 1.245154776423516e-07
1.742861940000000e+04 5.012716859570465e-07
1.743061940000000e+04 3.988079651367902e-07
1.743261950000000e+04 -8.489457253680234e-08
1.743461960000000e+04 -4.874232948090745e-07
1.743661970000000e+04 -4.239679925181077e-07
1.743861970000000e+04 4.477920726616001e-08
1.744061980000000e+04 4.707024591045324e-07
1.744261990000000e+04 4.466259144798404e-07
1.744462000000000e+04 -4.406480905015906e-09
1.744662000000000e+04 -4.512076560009318e-07
1.744862010000000e+04 -4.666483519860601e-07
1.745062020000000e+04 -3.598669176302951e-08
1.745262030000000e+04 4.290556053723016e-07
1.745462030000000e+04 4.839165586590308e-07
1.745662040000000e+04 7.616231542352857e-08
1.745862050000000e+04 -4.043772983731945e-07
1.746062060000000e+04 -4.983287581141899e-07
1.746262060000000e+04 -1.158846196167633e-07
1.746462070000000e+04 3.773196349094578e-07
1.746662080000000e+04 5.097998337098671e-07
1.746862090000000e+04 1.549190875497874e-07
1.747062090000000e+04 -3.480414444169348e-07
1.747262100000000e+04 -5.182634166362540e-07
1.747462110000000e+04 -1.930353762836210e-07
1.747662120000000e+04 3.167158472495572e-07
1.747862120000000e+04 5.236703242061247e-07
1.748062130000000e+04 2.300078525250275e-07
1.748262140000000e+04 -2.835261872633033e-07
1.748462150000000e+04 -5.259901487545889e-07
1.748662150000000e+04 -2.656183846466446e-07
1.748862160000000e+04 2.486687940894854e-07
1.749062170000000e+04 5.252093055024932e-07
1.749262180000000e+04 2.996571352776833e-07
1.749462180000000e+04 -2.123489662651012e-07
1.749662190000000e+04 -5.213330548769787e-07
1.749862200000000e+04 -3.319243522730585e-07
1.750062210000000e+04 1.747824474199393e-07
1.750262210000000e+04 5.143831672680741e-07
1.750462220000000e+04 3.622306109874851e-07
1.750662230000000e+04 -1.361909364785989e-07
1.750862240000000e+04 -5.044010603910876e-07
1.751062240000000e+04 -3.903981550912046e-07
1.751262250000000e+04 9.680303247136516e-08
1.751462260000000e+04 4.914452089872574e-07
1.751662270000000e+04 4.162612290142005e-07
1.751862270000000e+04 -5.685017223090507e-08
1.752062280000000e+04 -4.755935684942979e-07
1.752262290000000e+04 -4.396668486915587e-07
1.752462300000000e+04 1.656799909566045e-08
1.752662300000000e+04 4.569400282001178e-07
1.752862310000000e+04 4.604767769397877e-07
1.753062320000000e+04 2.380740180882275e-08
1.753262330000000e+04 -4.355962405574912e-07
1.753462330000000e+04 -4.785679672192995e-07
1.753662340000000e+04 -6.403777953116128e-08
1.753862350000000e+04 4.116878345038499e-07
1.754062360000000e+04 4.938344976440253e-07
1.754262360000000e+04 1.038860620710393e-07
1.754462370000000e+04 -3.853565112193606e-07
1.754662380000000e+04 -5.061870482038827e-07
1.754862390000000e+04 -1.431162686492600e-07
1.755062390000000e+04 3.567561359029753e-07
1.755262400000000e+04 5.155542318198190e-07
1.755462410000000e+04 1.814968348470859e-07
1.755662420000000e+04 -3.260558267962005e-07
1.755862420000000e+04 -5.218814138821631e-07
1.756062430000000e+04 -2.188009844417810e-07
1.756262440000000e+04 2.934360266243916e-07
1.756462450000000e+04 5.251321132572299e-07
1.756662450000000e+04 2.548095191027703e-07
1.756862460000000e+04 -2.590905354913835e-07
1.757062470000000e+04 -5.252863059038562e-07
1.757262480000000e+04 -2.893107153234746e-07
1.757462480000000e+04 2.232221075332748e-07
1.757662490000000e+04 5.223433443634036e-07
1.757862500000000e+04 3.221024137884646e-07
1.758062510000000e+04 -1.860437461843017e-07
1.758262510000000e+04 -5.163199404357402e-07
1.758462520000000e+04 -3.529916855348628e-07
1.758662530000000e+04 1.477742161218379e-07
1.758862540000000e+04 5.072527335170539e-07
1.759062540000000e+04 3.817963091852355e-07
1.759262550000000e+04 -1.086395620983876e-07
1.759462560000000e+04 -4.951956125705547e-07
1.759662570000000e+04 -4.083460913123645e-07
1.759862570000000e+04 6.886903548321579e-08
1.760062580000000e+04 4.802214810671171e-07
1.760262590000000e+04 4.324840086715550e-07
1.760462600000000e+04 -2.869728611667391e-08
1.760662600000000e+04 -4.624188359820897e-07
1.760862610000000e+04 -4.540678794852013e-07
1.761062620000000e+04 -1.163943564127288e-08
1.761262630000000e+04 4.418936448675940e-07
1.761462630000000e+04 4.729710225212858e-07
1.761662640000000e+04 5.190230040257529e-08
1.761862650000000e+04 -4.187657650762482e-07
1.762062660000000e+04 -4.890832611655430e-07
1.762262660000000e+04 -9.185362217347768e-08
1.762462670000000e+04 3.931719892104605e-07
1.762662680000000e+04 5.023105099868156e-07
1.762862690000000e+04 1.312568100158975e-07
1.763062690000000e+04 -3.652623014357061e-07
1.763262700000000e+04 -5.125757459250120e-07
1.763462710000000e+04 -1.698800299303287e-07
1.763662720000000e+04 3.352023902754054e-07
1.763862720000000e+04 5.198180497687972e-07
1.764062730000000e+04 2.074957829386996e-07
1.764262740000000e+04 -3.031697757113499e-07
1.764462750000000e+04 -5.239949081661971e-07
1.764662750000000e+04 -2.438836480686912e-07
1.764862760000000e+04 2.693551004988227e-07
1.765062770000000e+04 5.250808798969863e-07
1.765262780000000e+04 2.788295051012549e-07
1.765462780000000e+04 -2.339576543124527e-07
1.765662790000000e+04 -5.230701435271490e-07
1.765862800000000e+04 -3.121277799924951e-07
1.766062810000000e+04 1.971869339449117e-07
1.766262810000000e+04 5.179749332594285e-07
1.766462820000000e+04 3.435817813848359e-07
1.766662830000000e+04 -1.592584204171358e-07
1.766862840000000e+04 -5.098270201169720e-07
1.767062840000000e+04 -3.730055389851833e-07
1.767262850000000e+04 1.203959335107010e-07
1.767462860000000e+04 4.986749604765130e-07
1.767662870000000e+04 4.002251530955478e-07
1.767862870000000e+04 -8.082755714746711e-08
1.768062880000000e+04 -4.845857808319765e-07
1.768262890000000e+04 -4.250805183031821e-07
1.768462900000000e+04 4.078738631943663e-08
1.768662900000000e+04 4.676418234670896e-07
1.768862910000000e+04 4.474260066121915e-07
1.769062920000000e+04 -5.117643454604188e-10
1.769262930000000e+04 -4.479434359883427e-07
1.769462930000000e+04 -4.671309299139907e-07
1.769662940000000e+04 -3.976043883309836e-08
1.769862950000000e+04 4.256056017977801e-07
1.770062960000000e+04 4.840801771042661e-07
1.770262960000000e+04 7.979200166831656e-08
1.770462970000000e+04 -4.007607993921250e-07
1.770662980000000e+04 -4.981739648369636e-07
1.770862990000000e+04 -1.193466011760996e-07
1.771062990000000e+04 3.735556608394358e-07
1.771263000000000e+04 5.093294403678747e-07
1.771463010000000e+04 1.581923332891813e-07
1.771663020000000e+04 -3.441524235645024e-07
1.771863020000000e+04 -5.174799460174538e-07
1.772063030000000e+04 -1.961005315820846e-07
1.772263040000000e+04 3.127246241446672e-07
1.772463050000000e+04 5.225776051708184e-07
1.772663050000000e+04 2.328486580600683e-07
1.772863060000000e+04 -2.794588285070842e-07
1.773063070000000e+04 -5.245924942464754e-07
1.773263080000000e+04 -2.682198026917264e-07
1.773463080000000e+04 2.445501527048132e-07
1.773663090000000e+04 5.235141638522861e-07
1.773863100000000e+04 3.020049739159305e-07
1.774063110000000e+04 -2.082047294646523e-07
1.774263110000000e+04 -5.193496892052369e-07
1.774463120000000e+04 -3.340042370395842e-07
1.774663130000000e+04 1.706354868079419e-07
1.774863140000000e+04 5.121251485263172e-07
1.775063140000000e+04 3.640290260089098e-07
1.775263150000000e+04 -1.320645463898138e-07
1.775463160000000e+04 -5.018829088734543e-07
1.775663170000000e+04 -3.919026616552366e-07
1.775863170000000e+04 9.271935396937785e-08
1.776063180000000e+04 4.886839139758898e-07
1.776263190000000e+04 4.174619335066387e-07
1.776463200000000e+04 -5.283340646440598e-08
1.776663200000000e+04 -4.726047595152382e-07
1.776863210000000e+04 -4.405572070392498e-07
1.777063220000000e+04 1.264192076445203e-08
1.777263230000000e+04 4.537407661138501e-07
1.777463230000000e+04 4.610529849165346e-07
1.777663240000000e+04 2.761723970145537e-08
1.777863250000000e+04 -4.322029693260947e-07
1.778063260000000e+04 -4.788287466404243e-07
1.778263260000000e+04 -6.770783375304096e-08
1.778463270000000e+04 4.081199872985707e-07
1.778663280000000e+04 4.937789895694246e-07
1.778863290000000e+04 1.073937144470998e-07
1.779063290000000e+04 -3.816342409456173e-07
1.779263300000000e+04 -5.058154493577981e-07
1.779463310000000e+04 -1.464422058090191e-07
1.779663320000000e+04 3.529035354123563e-07
1.779863320000000e+04 5.148669749258633e-07
1.780063330000000e+04 1.846229183041773e-07
1.780263340000000e+04 -3.220966975141880e-07
1.780463350000000e+04 -5.208811207295078e-07
1.780663350000000e+04 -2.217106827365746e-07
1.780863360000000e+04 2.893958103522038e-07
1.781063370000000e+04 5.238232827073453e-07
1.781263380000000e+04 2.574858769993157e-07
1.781463380000000e+04 -2.549922776663647e-07
1.781663390000000e+04 -5.236777480189324e-07
1.781863400000000e+04 -2.917374298086031e-07
1.782063410000000e+04 2.190894000748187e-07
1.782263410000000e+04 5.204456361216494e-07
1.782463420000000e+04 3.242631017881671e-07
1.782663430000000e+04 -1.818984383812914e-07
1.782863440000000e+04 -5.141466876482571e-07
1.783063440000000e+04 -3.548721623365777e-07
1.783263450000000e+04 1.436401462347138e-07
1.783463460000000e+04 5.048170661616473e-07
1.783663470000000e+04 3.833850889052489e-07
1.783863470000000e+04 -1.045403501666062e-07
1.784063480000000e+04 -4.925120378109208e-07
1.784263490000000e+04 -4.096348021896323e-07
1.784463500000000e+04 6.483098712844025e-08
1.784663500000000e+04 4.773036285350719e-07
1.784863510000000e+04 4.334669498862154e-07
1.785063520000000e+04 -2.474540507137373e-08
1.785263530000000e+04 -4.592827496841066e-07
1.785463530000000e+04 -4.547407834110121e-07
1.785663540000000e+04 -1.548005884426873e-08
1.785863550000000e+04 4.385562110176507e-07
1.786063560000000e+04 4.733305213740182e-07
1.786263560000000e+04 5.560962730305132e-08
1.786463570000000e+04 -4.152481133452543e-07
1.786663580000000e+04 -4.891261414727183e-07
1.786863590000000e+04 -9.540666823258458e-08
1.787063590000000e+04 3.894957406732348e-07
1.787263600000000e+04 5.020348534256295e-07
1.787463610000000e+04 1.346369949601650e-07
1.787663620000000e+04 -3.614516503852212e-07
1.787863620000000e+04 -5.119813497288952e-07
1.788063630000000e+04 -1.730682948642241e-07
1.788263640000000e+04 3.312799764996683e-07
1.788463650000000e+04 5.189085705917158e-07
1.788663650000000e+04 2.104736785445827e-07
1.788863660000000e+04 -2.991588875027939e-07
1.789063670000000e+04 -5.227763064157010e-07
1.789263680000000e+04 -2.466317525627793e-07
1.789463680000000e+04 2.652769650189887e-07
1.789663690000000e+04 5.235626510908487e-07
1.789863700000000e+04 2.813301113264113e-07
1.790063710000000e+04 -2.298352081205903e-07
1.790263710000000e+04 -5.212624342439386e-07
1.790463720000000e+04 -3.143648161707791e-07
1.790663730000000e+04 1.930429259395201e-07
1.790863740000000e+04 5.158892808588419e-07
1.791063740000000e+04 3.455423214669977e-07
1.791263750000000e+04 -1.551187897294714e-07
1.791463760000000e+04 -5.074741231209614e-07
1.791663770000000e+04 -3.746793730644134e-07
1.791863770000000e+04 1.162860029546084e-07
1.792063780000000e+04 4.960673569471794e-07
1.792263790000000e+04 4.016044754142173e-07
1.792463800000000e+04 -7.677396502122146e-08
1.792663800000000e+04 -4.817367350727147e-07
1.792863810000000e+04 -4.261584307309816e-07
1.793063820000000e+04 3.681427265126104e-08
1.793263830000000e+04 4.645686487217587e-07
1.793463830000000e+04 4.481959547342918e-07
1.793663840000000e+04 3.357535976570452e-09
1.793863850000000e+04 -4.446646000501610e-07
1.794063860000000e+04 -4.675869386818172e-07
1.794263860000000e+04 -4.350551436166532e-08
1.794463870000000e+04 4.221430461011263e-07
1.794663880000000e+04 4.842176072884312e-07
1.794863890000000e+04 8.339204181388511e-08
1.795063890000000e+04 -3.971358857727255e-07
1.795263900000000e+04 -4.979911685088219e-07
1.795463910000000e+04 -1.227816511518763e-07
1.795663920000000e+04 3.697907237153583e-07
1.795863920000000e+04 5.088273834864467e-07
1.796063930000000e+04 1.614408699757731e-07
1.796263940000000e+04 -3.402677334341557e-07
1.796463950000000e+04 -5.166634838253375e-07
1.796663950000000e+04 -1.991421688634687e-07
1.796863960000000e+04 3.087419344330838e-07
1.797063970000000e+04 5.214532268954249e-07
1.797263980000000e+04 2.356633749162453e-07
1.797463980000000e+04 -2.753993662596062e-07
1.797663990000000e+04 -5.231683713224500e-07
1.797864000000000e+04 -2.707905090963616e-07
1.798064010000000e+04 2.404384992719734e-07
1.798264010000000e+04 5.217979911837869e-07
1.798464020000000e+04 3.043171208738293e-07
1.798664030000000e+04 -2.040654717745167e-07
1.798864040000000e+04 -5.173505489915916e-07
1.799064040000000e+04 -3.360463002052936e-07
1.799264050000000e+04 1.664957069212660e-07
1.799464060000000e+04 5.098524433264130e-07
1.799664070000000e+04 3.657905513423470e-07
1.799864070000000e+04 -1.279495445779125e-07
1.800064080000000e+04 -4.993495828635239e-07
1.800264090000000e+04 -3.933741116909314e-07
1.800464100000000e+04 8.865415604245593e-08
1.800664100000000e+04 4.859045343943096e-07
1.800864110000000e+04 4.186337696171347e-07
1.801064120000000e+04 -4.884003566066140e-08
1.801264130000000e+04 -4.695980387532947e-07
1.801464130000000e+04 -4.414207696395530e-07
1.801664140000000e+04 8.742674318398240e-09
1.801864150000000e+04 4.505257669016301e-07
1.802064160000000e+04 4.616015319310653e-07
1.802264160000000e+04 3.140151575970870e-08
1.802464170000000e+04 -4.288003694381247e-07
1.802664180000000e+04 -4.790582268047468e-07
1.802864190000000e+04 -7.135435531681673e-08
1.803064190000000e+04 4.045488007777213e-07
1.803264200000000e+04 4.936892223109033e-07
1.803464210000000e+04 1.108803180264814e-07
1.803664220000000e+04 -3.779147045927012e-07
1.803864220000000e+04 -5.054086604607518e-07
1.804064230000000e+04 -1.497458633964530e-07
1.804264240000000e+04 3.490549060091342e-07
1.804464250000000e+04 5.141475379896638e-07
1.804664250000000e+04 1.877231066692844e-07
1.804864260000000e+04 -3.181413759443309e-07
1.805064270000000e+04 -5.198536554621764e-07
1.805264280000000e+04 -2.245887748940446e-07
1.805464280000000e+04 2.853567461892052e-07
1.805664290000000e+04 5.224933764027049e-07
1.805864300000000e+04 2.601266100297118e-07
1.806064310000000e+04 -2.508957696761700e-07
1.806264310000000e+04 -5.220509670550562e-07
1.806464320000000e+04 -2.941268193257620e-07
1.806664330000000e+04 2.149607939623980e-07
1.806864340000000e+04 5.185303113576721e-07
1.807064340000000e+04 3.263888807051399e-07
1.807264350000000e+04 -1.777637503175776e-07
1.807464360000000e+04 -5.119530474665666e-07
1.807664370000000e+04 -3.567216702341300e-07
1.807864370000000e+04 1.395226112931782e-07
1.808064380000000e+04 5.023596611842190e-07
1.808264390000000e+04 3.849462377584853e-07
1.808464400000000e+04 -1.004633584296617e-07
1.808664400000000e+04 -4.898066947528330e-07
1.808864410000000e+04 -4.108963117863735e-07
1.809064420000000e+04 6.081586313206056e-08
1.809264430000000e+04 4.743685794225694e-07
1.809464430000000e+04 4.344200443266620e-07
1.809664440000000e+04 -2.081546964360198e-08
1.809864450000000e+04 -4.561352940496126e-07
1.810064460000000e+04 -4.553799848604291e-07
1.810264460000000e+04 -1.930176224146443e-08
1.810464470000000e+04 4.352146774484525e-07
1.810664480000000e+04 4.736534022111066e-07
1.810864490000000e+04 5.929822078029294e-08
1.811064490000000e+04 -4.117295133174280e-07
1.811264500000000e+04 -4.891328507802910e-07
1.811464510000000e+04 -9.893909147910602e-08
1.811664520000000e+04 3.858198336437153e-07
1.811864520000000e+04 5.017267286496539e-07
1.812064530000000e+04 1.379910118619201e-07
1.812264540000000e+04 -3.576389273973735e-07
1.812464550000000e+04 -5.113604565320093e-07
1.812664550000000e+04 -1.762251381841838e-07
1.812864560000000e+04 3.273547647776715e-07
1.813064570000000e+04 5.179768071943648e-07
1.813264580000000e+04 2.134159744994141e-07
1.813464580000000e+04 -2.951454952142555e-07
1.813664590000000e+04 -5.215375453688631e-07
1.813864600000000e+04 -2.493446373752609e-07
1.814064610000000e+04 2.612014617862009e-07
1.814264610000000e+04 5.220225147803259e-07
1.814464620000000e+04 2.837981956530216e-07
1.814664630000000e+04 -2.257214197707427e-07
1.814864640000000e+04 -5.194305963199685e-07
1.815064640000000e+04 -3.165732286813874e-07
1.815264650000000e+04 1.889148213402875e-07
1.815464660000000e+04 5.137775415223707e-07
1.815664670000000e+04 3.474760606890330e-07
1.815864670000000e+04 -1.509978914192540e-07
1.816064680000000e+04 -5.050974281854270e-07
1.816264690000000e+04 -3.763253908238898e-07
1.816464700000000e+04 1.121956655752439e-07
1.816664700000000e+04 4.934406674480376e-07
1.816864710000000e+04 4.029520723757922e-07
1.817064720000000e+04 -7.273722390077553e-08
1.817264730000000e+04 -4.788760155365917e-07
1.817464730000000e+04 -4.272003802708839e-07
1.817664740000000e+04 3.285671193424554e-08
1.817864750000000e+04 4.614885724763589e-07
1.818064760000000e+04 4.489278853447244e-07
1.818264760000000e+04 7.211299382849022e-09
1.818464770000000e+04 -4.413820429677863e-07
1.818664780000000e+04 -4.680065843737436e-07
1.818864790000000e+04 -4.723047335497786e-08
1.819064800000000e+04 4.186754076450017e-07
1.819264800000000e+04 4.843234421417432e-07
1.819464810000000e+04 8.696641182797258e-08
1.819664820000000e+04 -3.935044908274204e-07
1.819864830000000e+04 -4.977817461994572e-07
1.820064830000000e+04 -1.261849911087747e-07
1.820264840000000e+04 3.660178216415601e-07
1.820464850000000e+04 5.083023876055984e-07
1.820664860000000e+04 1.646557484576404e-07
1.820864860000000e+04 -3.363783474857000e-07
1.821064870000000e+04 -5.158239074063016e-07
1.821264880000000e+04 -2.021507822683243e-07
1.821464890000000e+04 3.047596063315656e-07
1.821664890000000e+04 5.203034825803051e-07
1.821864900000000e+04 2.384487493001631e-07
1.822064910000000e+04 -2.713481054260143e-07
1.822264920000000e+04 -5.217156594741326e-07
1.822464920000000e+04 -2.733347302362873e-07
1.822664930000000e+04 2.363397771173208e-07
1.822864940000000e+04 5.200531840411415e-07
1.823064950000000e+04 3.066035151992360e-07
1.823264950000000e+04 -1.999422730804749e-07
1.823464960000000e+04 -5.153254804531601e-07
1.823664970000000e+04 -3.380594409567086e-07
1.823864980000000e+04 1.623703242744042e-07
1.824064980000000e+04 5.075603402796392e-07
1.824264990000000e+04 3.675185720856183e-07
1.824465000000000e+04 -1.238472213122280e-07
1.824665010000000e+04 -4.968026527854716e-07
1.824865010000000e+04 -3.948079488185083e-07
1.825065020000000e+04 8.460003649073275e-08
1.825265030000000e+04 4.831166021304543e-07
1.825465040000000e+04 4.197672008098069e-07
1.825665040000000e+04 -4.486078252288228e-08
1.825865050000000e+04 -4.665830368652206e-07
1.826065060000000e+04 -4.422486712359401e-07
1.826265070000000e+04 4.862274705419349e-09
1.826465070000000e+04 4.473012825133130e-07
1.826665080000000e+04 4.621193024663270e-07
1.826865090000000e+04 3.515987766940609e-08
1.827065100000000e+04 -4.253856708349873e-07
1.827265100000000e+04 -4.792617161294326e-07
1.827465110000000e+04 -7.497084116744353e-08
1.827665120000000e+04 4.009666842672944e-07
1.827865130000000e+04 4.935750437004116e-07
1.828065130000000e+04 1.143350011513071e-07
1.828265140000000e+04 -3.741874540466586e-07
1.828465150000000e+04 -5.049759994790452e-07
1.828665160000000e+04 -1.530201861807358e-07
1.828865160000000e+04 3.452059560139553e-07
1.829065170000000e+04 5.133986644603332e-07
1.829265180000000e+04 1.907970229941258e-07
1.829465190000000e+04 -3.141918326988065e-07
1.829665190000000e+04 -5.187946437836055e-07
1.829865200000000e+04 -2.274428598382994e-07
1.830065210000000e+04 2.813287908454404e-07
1.830265220000000e+04 5.211322354476875e-07
1.830465220000000e+04 2.627415551032391e-07
1.830665230000000e+04 -2.468104662528613e-07
1.830865240000000e+04 -5.203976875798292e-07
1.831065250000000e+04 -2.964865204474086e-07
1.831265250000000e+04 2.108422083530572e-07
1.831465260000000e+04 5.165944572047894e-07
1.831665270000000e+04 3.284795403361026e-07
1.831865280000000e+04 -1.736364422597966e-07
1.832065280000000e+04 -5.097452197835478e-07
1.832265290000000e+04 -3.585329780720030e-07
1.832465300000000e+04 1.354136492524756e-07
1.832665310000000e+04 4.998902499857144e-07
1.832865310000000e+04 3.864693360996496e-07
1.833065320000000e+04 -9.639801815944613e-08
1.833265330000000e+04 -4.870891927886993e-07
1.833465340000000e+04 -4.121236255274352e-07
1.833665340000000e+04 5.681950858048345e-08
1.833865350000000e+04 4.714184667874399e-07
1.834065360000000e+04 4.353438797254492e-07
1.834265370000000e+04 -1.691001284679434e-08
1.834465370000000e+04 -4.529720269220578e-07
1.834665380000000e+04 -4.559931388814879e-07
1.834865390000000e+04 -2.309458668264461e-08
1.835065400000000e+04 4.318583114756567e-07
1.835265400000000e+04 4.739502041300142e-07
1.835465410000000e+04 6.295863621151696e-08
1.835665420000000e+04 -4.082021190304222e-07
1.835865430000000e+04 -4.891105415773209e-07
1.836065430000000e+04 -1.024455984854966e-07
1.836265440000000e+04 3.821416272761588e-07
1.836465450000000e+04 5.013860421190100e-07
1.836665460000000e+04 1.413224281345987e-07
1.836865460000000e+04 -3.538309023192098e-07
1.837065470000000e+04 -5.107050445635148e-07
1.837265480000000e+04 -1.793592792012859e-07
1.837465490000000e+04 3.234364718693359e-07
1.837665490000000e+04 5.170128672407281e-07
1.837865500000000e+04 2.163331402976915e-07
1.838065510000000e+04 -2.911392341504321e-07
1.838265520000000e+04 -5.202716404436106e-07
1.838465520000000e+04 -2.520265384101583e-07
1.838665530000000e+04 2.571301910876759e-07
1.838865540000000e+04 5.204619544730342e-07
1.839065550000000e+04 2.862305128863876e-07
1.839265550000000e+04 -2.216113748752207e-07
1.839465560000000e+04 -5.175823438321670e-07
1.839665570000000e+04 -3.187433504974027e-07
1.839865580000000e+04 1.847915394480431e-07
1.840065580000000e+04 5.116508995983432e-07
1.840265590000000e+04 3.493734097608927e-07
1.840465600000000e+04 -1.468880426669807e-07
1.840665610000000e+04 -5.027035431765575e-07
1.840865610000000e+04 -3.779390981662850e-07
1.841065620000000e+04 1.081226766479160e-07
1.841265630000000e+04 4.907947074556993e-07
1.841465640000000e+04 4.042717331006509e-07
1.841665640000000e+04 -6.872428130084650e-08
1.841865650000000e+04 -4.759949129056096e-07
1.842065660000000e+04 -4.282160394111404e-07
1.842265670000000e+04 2.892460521930194e-08
1.842465670000000e+04 4.583920774839778e-07
1.842665680000000e+04 4.496319503671938e-07
1.842865690000000e+04 1.104019280125485e-08
1.843065700000000e+04 -4.380887824831178e-07
1.843265700000000e+04 -4.683942685930060e-07
1.843465710000000e+04 -5.093414534446687e-08
1.843665720000000e+04 4.152048380790135e-07
1.843865730000000e+04 4.843936852455089e-07
1.844065730000000e+04 9.052086900296384e-08
1.844265740000000e+04 -3.898745109487524e-07
1.844465750000000e+04 -4.975363948159899e-07
1.844665760000000e+04 -1.295677957506388e-07
1.844865760000000e+04 3.622485216083827e-07
1.845065770000000e+04 5.077445682908187e-07
1.845265780000000e+04 1.678448064470290e-07
1.845465790000000e+04 -3.324903002613963e-07
1.845665790000000e+04 -5.149575864834636e-07
1.845865800000000e+04 -2.051280555144678e-07
1.846065810000000e+04 3.007770933580636e-07
1.846265820000000e+04 5.191323978100025e-07
1.846465820000000e+04 2.411979022542828e-07
1.846665830000000e+04 -2.672958017099240e-07
1.846865840000000e+04 -5.202449411410665e-07
1.847065850000000e+04 -2.758421153719819e-07
1.847265850000000e+04 2.322445236072881e-07
1.847465860000000e+04 5.182894358283508e-07
1.847665870000000e+04 3.088554265422050e-07
1.847865880000000e+04 -1.958282926543298e-07
1.848065880000000e+04 -5.132789909339113e-07
1.848265890000000e+04 -3.400428342837187e-07
1.848465900000000e+04 1.582618667680535e-07
1.848665910000000e+04 5.052440875601579e-07
1.848865910000000e+04 3.692198482088888e-07
1.849065920000000e+04 -1.197658771240582e-07
1.849265930000000e+04 -4.942330421337010e-07
1.849465940000000e+04 -3.962152030745455e-07
1.849665940000000e+04 8.056853348729526e-08
1.849865950000000e+04 4.803099494576083e-07
1.850065960000000e+04 4.208704513896671e-07
1.850265970000000e+04 -4.090125119368934e-08
1.850465970000000e+04 -4.635568501640237e-07
1.850665980000000e+04 -4.430419093934527e-07
1.850865990000000e+04 9.994833645625190e-10
1.851066000000000e+04 4.440716423927998e-07
1.851266000000000e+04 4.625995987184089e-07
1.851466010000000e+04 3.890182664205243e-08
1.851666020000000e+04 -4.219700815695266e-07
1.851866030000000e+04 -4.794283372628733e-07
1.852066030000000e+04 -7.856709742157124e-08
1.852266040000000e+04 3.973828854334342e-07
1.852466050000000e+04 4.934284912283992e-07
1.852666060000000e+04 1.177642665280264e-07
1.852866060000000e+04 -3.704568808014464e-07
1.853066070000000e+04 -5.045168966909080e-07
1.853266080000000e+04 -1.562625378478702e-07
1.853466090000000e+04 3.413513113574406e-07
1.853666090000000e+04 5.126281181478037e-07
1.853866100000000e+04 1.938358203815530e-07
1.854066110000000e+04 -3.102388464885544e-07
1.854266120000000e+04 -5.177148609068278e-07
1.854466120000000e+04 -2.302617909855578e-07
1.854666130000000e+04 2.773016464517545e-07
1.854866140000000e+04 5.197484499405204e-07
1.855066150000000e+04 2.653253662705821e-07
1.855266150000000e+04 -2.427339597613000e-07
1.855466160000000e+04 -5.187182031109328e-07
1.855666170000000e+04 -2.988186959782162e-07
1.855866180000000e+04 2.067383656743865e-07
1.856066180000000e+04 5.146314056059342e-07
1.856266190000000e+04 3.305446697387072e-07
1.856466200000000e+04 -1.695279323478741e-07
1.856666210000000e+04 -5.075118574566237e-07
1.856866210000000e+04 -3.603165002665545e-07
1.857066220000000e+04 1.313222240217517e-07
1.857266230000000e+04 4.974016051289719e-07
1.857466240000000e+04 3.879603717591631e-07
1.857666240000000e+04 -9.234829149606349e-08
1.857866250000000e+04 -4.843591895974232e-07
1.858066260000000e+04 -4.133141244124124e-07
1.858266270000000e+04 5.283606206737212e-08
1.858466270000000e+04 4.684618445901433e-07
1.858666280000000e+04 4.362290056498636e-07
1.858866290000000e+04 -1.301930630116909e-08
1.859066300000000e+04 -4.498035173781462e-07
1.859266300000000e+04 -4.565697085844985e-07
1.859466310000000e+04 -2.686872569061513e-08
1.859666320000000e+04 4.284959218832686e-07
1.859866330000000e+04 4.742156920348964e-07
1.860066330000000e+04 6.659307625751909e-08
1.860266340000000e+04 -4.046655149580182e-07
1.860466350000000e+04 -4.890623710961612e-07
1.860666360000000e+04 -1.059209380043053e-07
1.860866360000000e+04 3.784542271586119e-07
1.861066370000000e+04 5.010224191453151e-07
1.861266380000000e+04 1.446199596152689e-07
1.861466390000000e+04 -3.500158804581197e-07
1.861666390000000e+04 -5.100262256638093e-07
1.861866400000000e+04 -1.824618017640119e-07
1.862066410000000e+04 3.195183754528448e-07
1.862266420000000e+04 5.160220671656753e-07
1.862466420000000e+04 2.192219482907061e-07
1.862666430000000e+04 -2.871400430746575e-07
1.862866440000000e+04 -5.189759738015244e-07
1.863066450000000e+04 -2.546836743845252e-07
1.863266450000000e+04 2.530721759776505e-07
1.863466460000000e+04 5.188708934257682e-07
1.863666470000000e+04 2.886375968950350e-07
1.863866480000000e+04 -2.175156178766236e-07
1.864066480000000e+04 -5.157077462151759e-07
1.864266490000000e+04 -3.208850289859804e-07
1.864466500000000e+04 1.806817405449723e-07
1.864666510000000e+04 5.095041396284794e-07
1.864866510000000e+04 3.512365777342958e-07
1.865066520000000e+04 -1.427881479521841e-07
1.865266530000000e+04 -5.002965335350185e-07
1.865466540000000e+04 -3.795146399599870e-07
1.865666540000000e+04 1.040595764544477e-07
1.865866550000000e+04 4.881391573599219e-07
1.866066560000000e+04 4.055525389866792e-07
1.866266570000000e+04 -6.472333864726896e-08
1.866466570000000e+04 -4.731050332128419e-07
1.866666580000000e+04 -4.291963734776538e-07
1.866866590000000e+04 2.501138252098751e-08
1.867066600000000e+04 4.552837204729918e-07
1.867266600000000e+04 4.503058642912974e-07
1.867466610000000e+04 1.484390028777528e-08
1.867666620000000e+04 -4.347820236710597e-07
1.867866630000000e+04 -4.687564831233843e-07
1.868066630000000e+04 -5.460736202763676e-08
1.868266640000000e+04 4.117207467135170e-07
1.868466650000000e+04 4.844397287111661e-07
1.868666660000000e+04 9.404470505622366e-08
1.868866660000000e+04 -3.862363657939650e-07
1.869066670000000e+04 -4.972644114089721e-07
1.869266680000000e+04 -1.329219473265796e-07
1.869466690000000e+04 3.584776666054454e-07
1.869666690000000e+04 5.071562513734270e-07
1.869866700000000e+04 1.710096515516680e-07
1.870066710000000e+04 -3.286083719395427e-07
1.870266720000000e+04 -5.140579637370289e-07
1.870466720000000e+04 -2.080823144644936e-07
1.870666730000000e+04 2.968042183618269e-07
1.870866740000000e+04 5.179293860780221e-07
1.871066750000000e+04 2.439225099956366e-07
1.871266750000000e+04 -2.632541859417126e-07
1.871466760000000e+04 -5.187469593612192e-07
1.871666770000000e+04 -2.783194247060082e-07
1.871866780000000e+04 2.281566266310695e-07
1.872066780000000e+04 5.165054744030647e-07
1.872266790000000e+04 3.110719734201031e-07
1.872466800000000e+04 -1.917202446318704e-07
1.872666810000000e+04 -5.112177751003931e-07
1.872866810000000e+04 -3.419873576660796e-07
1.873066820000000e+04 1.541593910497965e-07
1.873266830000000e+04 5.029158073552553e-07
1.873466840000000e+04 3.708833495593818e-07
1.873666840000000e+04 -1.156958712473713e-07
1.873866850000000e+04 -4.916494286201887e-07
1.874066860000000e+04 -3.975886314512681e-07
1.874266870000000e+04 7.655472253517554e-08
1.874466870000000e+04 4.774868923302098e-07
1.874666880000000e+04 4.219454456056485e-07
1.874866890000000e+04 -3.696664574389917e-08
1.875066900000000e+04 -4.605122378497025e-07
1.875266900000000e+04 -4.438097905747303e-07
1.875466910000000e+04 -2.835569742004470e-09
1.875666920000000e+04 4.408263574080283e-07
1.875866930000000e+04 4.630537987387177e-07
1.876066930000000e+04 4.261596975281960e-08
1.876266940000000e+04 -4.185441860686112e-07
1.876466950000000e+04 -4.795651629818846e-07
1.876666960000000e+04 -8.213969587169521e-08
1.876866960000000e+04 3.937969904929011e-07
1.877066970000000e+04 4.932479529877887e-07
1.877266980000000e+04 1.211721866854199e-07
1.877466990000000e+04 -3.667298911212766e-07
1.877666990000000e+04 -5.040223027812182e-07
1.877867000000000e+04 -1.594840476680448e-07
1.878067010000000e+04 3.375034780308756e-07
1.878267020000000e+04 5.118244738240342e-07
1.878467020000000e+04 1.968494976055063e-07
1.878667030000000e+04 -3.062906040864363e-07
1.878867040000000e+04 -5.166080314098696e-07
1.879067050000000e+04 -2.330500338482900e-07
1.879267050000000e+04 2.732773388146630e-07
1.879467060000000e+04 5.183441455023224e-07
1.879667070000000e+04 2.678726703919507e-07
1.879867080000000e+04 -2.386583665907904e-07
1.880067080000000e+04 -5.170226863716220e-07
1.880267090000000e+04 -3.011127750985019e-07
1.880467100000000e+04 2.026385743763502e-07
1.880667110000000e+04 5.126522241298349e-07
1.880867110000000e+04 3.325735162424504e-07
1.881067120000000e+04 -1.654288628755850e-07
1.881267130000000e+04 -5.052602424201028e-07
1.881467140000000e+04 -3.620690306658180e-07
1.881667140000000e+04 1.272484724829656e-07
1.881867150000000e+04 4.948912654112952e-07
1.882067160000000e+04 3.894243705591791e-07
1.882267170000000e+04 -8.832138705250110e-08
1.882467170000000e+04 -4.816075984479311e-07
1.882667180000000e+04 -4.144789969727834e-07
1.882867190000000e+04 4.887803411575756e-08
1.883067200000000e+04 4.654869623627376e-07
1.883267200000000e+04 4.370859280807654e-07
1.883467210000000e+04 -9.151269755188793e-09
1.883667220000000e+04 -4.466243032699546e-07
1.883867230000000e+04 -4.571134452090935e-07
1.884067230000000e+04 -3.062278023414678e-08
1.884267240000000e+04 4.251297640862517e-07
1.884467250000000e+04 4.744444635039142e-07
1.884667260000000e+04 7.020992046465012e-08
1.884867260000000e+04 -4.011305220954998e-07
1.885067270000000e+04 -4.889772731624668e-07
1.885267280000000e+04 -1.093763096058780e-07
1.885467290000000e+04 3.747684746211147e-07
1.885667290000000e+04 5.006258445706254e-07
1.885867300000000e+04 1.478926462069655e-07
1.886067310000000e+04 -3.462010787933900e-07
1.886267320000000e+04 -5.093208169206476e-07
1.886467320000000e+04 -1.855323429841121e-07
1.886667330000000e+04 3.155971940795345e-07
1.886867340000000e+04 5.150104664941681e-07
1.887067350000000e+04 2.220747493565513e-07
1.887267350000000e+04 -2.831385512664630e-07
1.887467360000000e+04 -5.176617125935394e-07
1.887667370000000e+04 -2.573038129547959e-07
1.887867380000000e+04 2.490155085390700e-07
1.888067380000000e+04 5.172602874241958e-07
1.888267390000000e+04 2.910115534941951e-07
1.888467400000000e+04 -2.134291887212095e-07
1.888667410000000e+04 -5.138097006488655e-07
1.888867410000000e+04 -3.229977999336853e-07
1.889067420000000e+04 1.765879133728414e-07
1.889267430000000e+04 5.073317985352676e-07
1.889467440000000e+04 3.530743000719268e-07
1.889667440000000e+04 -1.387094432153742e-07
1.889867450000000e+04 -4.978648277387230e-07
1.890067460000000e+04 -3.810638547514822e-07
1.890267470000000e+04 1.000171550812934e-07
1.890467470000000e+04 4.854646313344170e-07
1.890667480000000e+04 4.068029806660963e-07
1.890867490000000e+04 -6.074115695599567e-08
1.891067500000000e+04 -4.702031983101865e-07
1.891267500000000e+04 -4.301409876275572e-07
1.891467510000000e+04 2.111308936830618e-08
1.891667520000000e+04 4.521705227442336e-07
1.891867530000000e+04 4.509413904949711e-07
1.892067530000000e+04 1.863229767822443e-08
1.892267540000000e+04 -4.314729525067206e-07
1.892467550000000e+04 -4.690813959255147e-07
1.892667560000000e+04 -5.826198356391468e-08
1.892867560000000e+04 4.082342545685997e-07
1.893067570000000e+04 4.844535819091019e-07
1.893267580000000e+04 9.754270469779567e-08
1.893467590000000e+04 -3.825921396174734e-07
1.893667590000000e+04 -4.969664721380986e-07
1.893867600000000e+04 -1.362445216986498e-07
1.894067610000000e+04 3.546995701053151e-07
1.894267620000000e+04 5.065463700861366e-07
1.894467620000000e+04 1.741389406959314e-07
1.894667630000000e+04 -3.247205526969060e-07
1.894867640000000e+04 -5.131375058831535e-07
1.895067650000000e+04 -2.110026338929671e-07
1.895267650000000e+04 2.928319442285874e-07
1.895467660000000e+04 5.167022883501710e-07
1.895667670000000e+04 2.466166760259082e-07
1.895867680000000e+04 -2.592202478802652e-07
1.896067680000000e+04 -5.172213553132918e-07
1.896267690000000e+04 -2.807710569366369e-07
1.896467700000000e+04 2.240838152552132e-07
1.896667710000000e+04 5.146923274898374e-07
1.896867710000000e+04 3.132637797553767e-07
1.897067720000000e+04 -1.876294232853075e-07
1.897267730000000e+04 -5.091303619423135e-07
1.897467740000000e+04 -3.439046476970984e-07
1.897667740000000e+04 1.500737663373393e-07
1.897867750000000e+04 5.005674065481471e-07
1.898067760000000e+04 3.725139699576329e-07
1.898267770000000e+04 -1.116386633690692e-07
1.898467770000000e+04 -4.890536202952609e-07
1.898667780000000e+04 -3.989245984428565e-07
1.898867790000000e+04 7.255241547755369e-08
1.899067800000000e+04 4.746564954015966e-07
1.899267800000000e+04 4.229809462390566e-07
1.899467810000000e+04 -3.304462297647495e-08
1.899667820000000e+04 -4.574620858829876e-07
1.899867830000000e+04 -4.445411562275353e-07
1.900067830000000e+04 -6.651917893995805e-09
1.900267840000000e+04 4.375726675456098e-07
1.900467850000000e+04 4.634770987606380e-07
1.900667860000000e+04 4.630489916023430e-08
1.900867860000000e+04 -4.151075262773320e-07
1.901067870000000e+04 -4.796768448329061e-07
1.901267880000000e+04 -8.568051562956404e-08
1.901467890000000e+04 3.901992686257423e-07
1.901667890000000e+04 4.930448651292905e-07
1.901867900000000e+04 1.245472457605335e-07
1.902067910000000e+04 -3.629951795788721e-07
1.902267920000000e+04 -5.035035530402947e-07
1.902467920000000e+04 -1.626744354342928e-07
1.902667930000000e+04 3.336543892945597e-07
1.902867940000000e+04 5.109928098329486e-07
1.903067950000000e+04 1.998370046953724e-07
1.903267950000000e+04 -3.023497936310282e-07
1.903467960000000e+04 -5.154696385366752e-07
1.903667970000000e+04 -2.358145589485372e-07
1.903867980000000e+04 2.692650929415820e-07
1.904067980000000e+04 5.169082352753967e-07
1.904267990000000e+04 2.703959877510589e-07
1.904468000000000e+04 -2.345967191123077e-07
1.904668010000000e+04 -5.152997564055254e-07
1.904868010000000e+04 -3.033780510242640e-07
1.905068020000000e+04 1.985496004714412e-07
1.905268030000000e+04 5.106531736215141e-07
1.905468040000000e+04 3.345680022370880e-07
1.905668040000000e+04 -1.613383285395815e-07
1.905868050000000e+04 -5.029951647291644e-07
1.906068060000000e+04 -3.637823705284752e-07
1.906268070000000e+04 1.231819957903727e-07
1.906468070000000e+04 4.923714241335176e-07
1.906668080000000e+04 3.908495067350581e-07
1.906868090000000e+04 -8.430589017479130e-08
1.907068100000000e+04 -4.788454149820138e-07
1.907268100000000e+04 -4.156087858039182e-07
1.907468110000000e+04 4.493761513345669e-08
1.907668120000000e+04 4.624989001921255e-07
1.907868130000000e+04 4.379137899372288e-07
1.908068130000000e+04 -5.309072293464265e-09
1.908268140000000e+04 -4.434289236115466e-07
1.908468150000000e+04 -4.576323410116660e-07
1.908668160000000e+04 -3.434726362656055e-08
1.908868160000000e+04 4.217488269884005e-07
1.909068170000000e+04 4.746490624090990e-07
1.909268180000000e+04 7.379633434816255e-08
1.909468190000000e+04 -3.975855975056373e-07
1.909668190000000e+04 -4.888648374148826e-07
1.909868200000000e+04 -1.128052179042776e-07
1.910068210000000e+04 3.710814485468839e-07
1.910268220000000e+04 5.001973472174076e-07
1.910468220000000e+04 1.511422277514322e-07
1.910668230000000e+04 -3.423914633048913e-07
1.910868240000000e+04 -5.085807141783780e-07
1.911068250000000e+04 -1.885818028719233e-07
1.911268250000000e+04 3.116856610251656e-07
1.911468260000000e+04 5.139657788502888e-07
1.911668270000000e+04 2.249032787411515e-07
1.911868280000000e+04 -2.791454961743338e-07
1.912068280000000e+04 -5.163202296540732e-07
1.912268290000000e+04 -2.598942660345193e-07
1.912468300000000e+04 2.449649206116117e-07
1.912668310000000e+04 5.156293785048034e-07
1.912868310000000e+04 2.933491010028065e-07
1.913068320000000e+04 -2.093457514475305e-07
1.913268330000000e+04 -5.118972542405839e-07
1.913468340000000e+04 -3.250716895492774e-07
1.913668340000000e+04 1.724988996118102e-07
1.913868350000000e+04 5.051463595350658e-07
1.914068360000000e+04 3.548741510757378e-07
1.914268370000000e+04 -1.346403311383728e-07
1.914468370000000e+04 -4.954181793825505e-07
1.914668380000000e+04 -3.825803763676845e-07
1.914868390000000e+04 9.599291879014672e-08
1.915068400000000e+04 4.827712102534153e-07
1.915268400000000e+04 4.080259032617965e-07
1.915468410000000e+04 -5.678303639409125e-08
1.915668420000000e+04 -4.672813571447547e-07
1.915868430000000e+04 -4.310610774804439e-07
1.916068430000000e+04 1.724270398368242e-08
1.916268440000000e+04 4.490397046586981e-07
1.916468450000000e+04 4.515507027576827e-07
1.916668460000000e+04 2.239483076932007e-08
1.916868460000000e+04 -4.281535357155990e-07
1.917068470000000e+04 -4.693756575104744e-07
1.917268480000000e+04 -6.189400830567010e-08
1.917468490000000e+04 4.047447660102017e-07
1.917668490000000e+04 4.844320263702974e-07
1.917868500000000e+04 1.010218612246482e-07
1.918068510000000e+04 -3.789517500865904e-07
1.918268520000000e+04 -4.966319141543891e-07
1.918468520000000e+04 -1.395470945720866e-07
1.918668530000000e+04 3.509266063300565e-07
1.918868540000000e+04 5.059029789797428e-07
1.919068550000000e+04 1.772441379181952e-07
1.919268550000000e+04 -3.208364670317135e-07
1.919468560000000e+04 -5.121899183270936e-07
1.919668570000000e+04 -2.138914266639642e-07
1.919868580000000e+04 2.888595153188033e-07
1.920068580000000e+04 5.154551442710242e-07
1.920268590000000e+04 2.492744624800775e-07
1.920468600000000e+04 -2.551857269666047e-07
1.920668610000000e+04 -5.156794278012409e-07
1.920868610000000e+04 -2.831840841554406e-07
1.921068620000000e+04 2.200128860643944e-07
1.921268630000000e+04 5.128625905528819e-07
1.921468640000000e+04 3.154203203943955e-07
1.921668640000000e+04 -1.835481182560683e-07
1.921868650000000e+04 -5.070226625990130e-07
1.922068660000000e+04 -3.457917234177091e-07
1.922268670000000e+04 1.460048043889383e-07
1.922468670000000e+04 4.981956863073789e-07
1.922668680000000e+04 3.741190926631359e-07
1.922868690000000e+04 -1.076047285611828e-07
1.923068700000000e+04 -4.864341173313709e-07
1.923268700000000e+04 -4.002353406922247e-07
1.923468710000000e+04 6.857393157455341e-08
1.923668720000000e+04 4.718072419954241e-07
1.923868730000000e+04 4.239880874404213e-07
1.924068730000000e+04 -2.914437571181841e-08
1.924268740000000e+04 -4.544002332975330e-07
1.924468750000000e+04 -4.452384960232229e-07
1.924668760000000e+04 -1.045096686215990e-08
1.924868760000000e+04 4.343156392972100e-07
1.925068770000000e+04 4.638626613095338e-07
1.925268780000000e+04 4.997741319042718e-08
1.925468790000000e+04 -4.116714000700565e-07
1.925668790000000e+04 -4.797506962520173e-07
1.925868800000000e+04 -8.920304479709007e-08
1.926068810000000e+04 3.866025756972492e-07
1.926268820000000e+04 4.928086758897924e-07
1.926468820000000e+04 1.278970969422249e-07
1.926668830000000e+04 -3.592579615163143e-07
1.926868840000000e+04 -5.029587613323476e-07
1.927068850000000e+04 -1.658332446022871e-07
1.927268850000000e+04 3.298006289094449e-07
1.927468860000000e+04 5.101406876827038e-07
1.927668870000000e+04 2.027876620695719e-07
1.927868880000000e+04 -2.984041152673738e-07
1.928068880000000e+04 -5.143126592314843e-07
1.928268890000000e+04 -2.385429674301298e-07
1.928468900000000e+04 2.652536420993706e-07
1.928668910000000e+04 5.154514096477927e-07
1.928868910000000e+04 2.728868241135308e-07
1.929068920000000e+04 -2.305431196655498e-07
1.929268930000000e+04 -5.135519335604305e-07
1.929468940000000e+04 -3.056163328516159e-07
1.929668940000000e+04 1.944772176360479e-07
1.929868950000000e+04 5.086264019600988e-07
1.930068960000000e+04 3.365377704640280e-07
1.930268970000000e+04 -1.572677233104792e-07
1.930468970000000e+04 -5.007042585280434e-07
1.930668980000000e+04 -3.654700385166723e-07
1.930868990000000e+04 1.191356460909090e-07
1.931069000000000e+04 4.898314782889422e-07
1.931269000000000e+04 3.922435249239617e-07
1.931469010000000e+04 -8.030645206077818e-08
1.931669020000000e+04 -4.760717444703965e-07
1.931869030000000e+04 -4.167021369596471e-07
1.932069030000000e+04 4.101079162058108e-08
1.932269040000000e+04 4.595053633241411e-07
1.932469050000000e+04 4.387020243503235e-07
1.932669060000000e+04 -1.479831208826066e-09
1.932869060000000e+04 -4.402310262779190e-07
1.933069070000000e+04 -4.581137496330136e-07
1.933269080000000e+04 -3.805340495264856e-08
1.933469090000000e+04 4.183632808727997e-07
1.933669090000000e+04 4.748218295192653e-07
1.933869100000000e+04 7.735771475236205e-08
1.934069110000000e+04 -3.940330688789278e-07
1.934269120000000e+04 -4.887271594952871e-07
1.934469120000000e+04 -1.162015966350233e-07
1.934669130000000e+04 3.673843213277400e-07
1.934869140000000e+04 4.997476318823390e-07
1.935069150000000e+04 1.543570040947239e-07
1.935269150000000e+04 -3.385748367410374e-07
1.935469160000000e+04 -5.078192454172319e-07
1.935669170000000e+04 -1.915975964211074e-07
1.935869180000000e+04 3.077731687512952e-07
1.936069180000000e+04 5.128959099224683e-07
1.936269190000000e+04 2.277033293577391e-07
1.936469200000000e+04 -2.751606546969445e-07
1.936669210000000e+04 -5.149491647570185e-07
1.936869210000000e+04 -2.624600303961971e-07
1.937069220000000e+04 2.409283989903345e-07
1.937269230000000e+04 5.139678031462227e-07
1.937469240000000e+04 2.956634177372952e-07
1.937669240000000e+04 -2.052794195384021e-07
1.937869250000000e+04 -5.099573662530567e-07
1.938069260000000e+04 -3.271181797657180e-07
1.938269270000000e+04 1.684243916200920e-07
1.938469270000000e+04 5.029409450647188e-07
1.938669280000000e+04 3.566408652579741e-07
1.938869290000000e+04 -1.305826141939731e-07
1.939069300000000e+04 -4.929589466010327e-07
1.939269300000000e+04 -3.840581214629178e-07
1.939469310000000e+04 9.197730234407022e-08
1.939669320000000e+04 4.800706228557194e-07
1.939869330000000e+04 4.092090853528833e-07
1.940069330000000e+04 -5.283667536362028e-08
1.940269340000000e+04 -4.643525151294451e-07
1.940469350000000e+04 -4.319445622157320e-07
1.940669360000000e+04 1.338974211539547e-08
1.940869360000000e+04 4.458991907289909e-07
1.941069370000000e+04 4.521299181867778e-07
1.941269380000000e+04 2.613135036205072e-08
1.941469390000000e+04 -4.248205103246097e-07
1.941669390000000e+04 -4.696454315171772e-07
1.941869400000000e+04 -6.549495340599057e-08
1.942069410000000e+04 4.012419734084849e-07
1.942269420000000e+04 4.843882880526074e-07
1.942469420000000e+04 1.044679767937769e-07
1.942669430000000e+04 -3.753017720790485e-07
1.942869440000000e+04 -4.962725807684730e-07
1.943069450000000e+04 -1.428203577412715e-07
1.943269450000000e+04 3.471525300693338e-07
1.943469460000000e+04 5.052300695925973e-07
1.943669470000000e+04 1.803242929462505e-07
1.943869480000000e+04 -3.169588506077713e-07
1.944069480000000e+04 -5.112091781464485e-07
1.944269490000000e+04 -2.167587208334743e-07
1.944469500000000e+04 2.848993814998327e-07
1.944669510000000e+04 5.141750175658542e-07
1.944869510000000e+04 2.519086112326022e-07
1.945069520000000e+04 -2.511632937292440e-07
1.945269530000000e+04 -5.141097010506314e-07
1.945469540000000e+04 -2.855686947724863e-07
1.945669540000000e+04 2.159514982897986e-07
1.945869550000000e+04 5.110126641079469e-07
1.946069560000000e+04 3.175413479503248e-07
1.946269570000000e+04 -1.794722693324245e-07
1.946469570000000e+04 -5.049019689978805e-07
1.946669580000000e+04 -3.476393647008374e-07
1.946869590000000e+04 1.419419083564226e-07
1.947069600000000e+04 4.958137596457595e-07
1.947269600000000e+04 3.756847539730796e-07
1.947469610000000e+04 -1.035803453949968e-07
1.947669620000000e+04 -4.838031222090424e-07
1.947869630000000e+04 -4.015117811127838e-07
1.948069630000000e+04 6.461341906432233e-08
1.948269640000000e+04 4.689423094464042e-07
1.948469650000000e+04 4.249669877323219e-07
1.948669660000000e+04 -2.526918086684772e-08
1.948869660000000e+04 -4.513205649092441e-07
1.949069670000000e+04 -4.459120829644461e-07
1.949269680000000e+04 -1.421989424640440e-08
1.949469690000000e+04 4.310415866746886e-07
1.949669690000000e+04 4.642239300994492e-07
1.949869700000000e+04 5.362105430693213e-08
1.950069710000000e+04 -4.082248989539494e-07
1.950269720000000e+04 -4.797964216820869e-07
1.950469720000000e+04 -9.270015702989983e-08
1.950669730000000e+04 3.830035871490747e-07
1.950869740000000e+04 4.925390912868192e-07
1.951069750000000e+04 1.312264023510073e-07
1.951269750000000e+04 -3.555264304459841e-07
1.951469760000000e+04 -5.023778222131149e-07
1.951669770000000e+04 -1.689717568947887e-07
1.951869780000000e+04 3.259551752141543e-07
1.952069780000000e+04 5.092545961478645e-07
1.952269790000000e+04 2.057152575062247e-07
1.952469800000000e+04 -2.944659420555518e-07
1.952669810000000e+04 -5.131281219160431e-07
1.952869810000000e+04 -2.412409503522467e-07
1.953069820000000e+04 2.612453689404670e-07
1.953269830000000e+04 5.139748745286550e-07
1.953469840000000e+04 2.753411916593702e-07
1.953669840000000e+04 -2.264910247583563e-07
1.953869850000000e+04 -5.117895919317785e-07
1.954069860000000e+04 -3.078148158426536e-07
1.954269870000000e+04 1.904071449451618e-07
1.954469870000000e+04 5.065860988546907e-07
1.954669880000000e+04 3.384703903448813e-07
1.954869890000000e+04 -1.532064875236614e-07
1.955069900000000e+04 -4.983965308355691e-07
1.955269900000000e+04 -3.671257263242296e-07
1.955469910000000e+04 1.151064863485818e-07
1.955669920000000e+04 4.872709707522486e-07
1.955869930000000e+04 3.936115313574795e-07
1.956069930000000e+04 -7.633181444787077e-08
1.956269940000000e+04 -4.732755782570450e-07
1.956469950000000e+04 -4.177713238016440e-07
1.956669960000000e+04 3.711057387037074e-08
1.956869960000000e+04 4.564932597779233e-07
1.957069970000000e+04 4.394641513765786e-07
1.957269980000000e+04 2.324248461832837e-09
1.957469990000000e+04 -4.370216902372121e-07
1.957669990000000e+04 -4.585633311072869e-07
1.957870000000000e+04 -4.173954780126694e-08
1.958070010000000e+04 4.149752937730600e-07
1.958270020000000e+04 4.749579055248636e-07
1.958470020000000e+04 8.090145004948108e-08
1.958670030000000e+04 -3.904834533512976e-07
1.958870040000000e+04 -4.885516397563177e-07
1.959070050000000e+04 -1.195800194274145e-07
1.959270050000000e+04 3.636918658735935e-07
1.959470060000000e+04 4.992640661500497e-07
1.959670070000000e+04 1.575474827282826e-07
1.959870080000000e+04 -3.347594647735441e-07
1.960070080000000e+04 -5.070310589941619e-07
1.960270090000000e+04 -1.945821389359111e-07
1.960470100000000e+04 3.038588427472066e-07
1.960670110000000e+04 5.118062883934308e-07
1.960870110000000e+04 2.304659254449102e-07
1.961070120000000e+04 -2.711722807819001e-07
1.961270130000000e+04 -5.135618606398303e-07
1.961470140000000e+04 -2.649878002535313e-07
1.961670140000000e+04 2.368930035659571e-07
1.961870150000000e+04 5.122885872123072e-07
1.962070160000000e+04 2.979428035437160e-07
1.962270170000000e+04 -2.012213255295224e-07
1.962470170000000e+04 -5.079957028789603e-07
1.962670180000000e+04 -3.291361533333998e-07
1.962870190000000e+04 1.643672347529784e-07
1.963070200000000e+04 5.007098018987927e-07
1.963270200000000e+04 3.583829342966424e-07
1.963470210000000e+04 -1.265470940884904e-07
1.963670220000000e+04 -4.904746953298226e-07
1.963870230000000e+04 -3.855116669200424e-07
1.964070230000000e+04 8.798526526793768e-08
1.964270240000000e+04 4.773499066057167e-07
1.964470250000000e+04 4.103632182569952e-07
1.964670260000000e+04 -4.890965675328338e-08
1.964870260000000e+04 -4.614122183716485e-07
1.965070270000000e+04 -4.327931519283217e-07
1.965270280000000e+04 9.552597550099698e-09
1.965470290000000e+04 4.427547075710646e-07
1.965670290000000e+04 4.526700180273685e-07
1.965870300000000e+04 2.985414306473151e-08
1.966070310000000e+04 -4.214880431517287e-07
1.966270320000000e+04 -4.698769069277818e-07
1.966470330000000e+04 -6.907794756449671e-08
1.966670330000000e+04 3.977383313949504e-07
1.966870340000000e+04 4.843114053604334e-07
1.967070350000000e+04 1.078896686938827e-07
1.967270360000000e+04 -3.716476897043073e-07
1.967470360000000e+04 -4.958877729295305e-07
1.967670370000000e+04 -1.460610549726383e-07
1.967870380000000e+04 3.433707199779199e-07
1.968070390000000e+04 5.045372689792966e-07
1.968270390000000e+04 1.833681080219285e-07
1.968470400000000e+04 -3.130751752398603e-07
1.968670410000000e+04 -5.102096617814815e-07
1.968870420000000e+04 -2.195897620833638e-07
1.969070420000000e+04 2.809383457472740e-07
1.969270430000000e+04 5.128729039926504e-07
1.969470440000000e+04 2.545120525278302e-07
1.969670450000000e+04 -2.471492402706313e-07
1.969870450000000e+04 -5.125130429488596e-07
1.970070460000000e+04 -2.879274703722275e-07
1.970270470000000e+04 2.119057858234961e-07
1.970470480000000e+04 5.091334369060526e-07
1.970670480000000e+04 3.196394341828617e-07
1.970870490000000e+04 -1.754165522822512e-07
1.971070500000000e+04 -5.027538941245790e-07
1.971270510000000e+04 -3.494612083826127e-07
1.971470510000000e+04 1.378970227594080e-07
1.971670520000000e+04 4.934114780093440e-07
1.971870530000000e+04 3.772190891843427e-07
1.972070540000000e+04 -9.957057501704093e-08
1.972270540000000e+04 -4.811602433389695e-07
1.972470550000000e+04 -4.027504333977254e-07
1.972670560000000e+04 6.066350561003579e-08
1.972870570000000e+04 4.660723472406770e-07
1.973070570000000e+04 4.259056906266861e-07
1.973270580000000e+04 -2.140606602906879e-08
1.973470590000000e+04 -4.482371624787168e-07
1.973670600000000e+04 -4.465476686618067e-07
1.973870600000000e+04 -1.797196051557035e-08
1.974070610000000e+04 4.277617141287332e-07
1.974270620000000e+04 4.645541162267659e-07
1.974470630000000e+04 5.723902738353091e-08
1.974670630000000e+04 -4.047679532098467e-07
1.974870640000000e+04 -4.798177058971438e-07
1.975070650000000e+04 -9.616520507047686e-08
1.975270660000000e+04 3.793929321445510e-07
1.975470660000000e+04 4.922488194972321e-07
1.975670670000000e+04 1.345203914009421e-07
1.975870680000000e+04 -3.517856642589592e-07
1.976070690000000e+04 -5.017749956918560e-07
1.976270690000000e+04 -1.720782802917551e-07
1.976470700000000e+04 3.221085955543611e-07
1.976670710000000e+04 5.083419193013149e-07
1.976870720000000e+04 2.086154548219106e-07
1.977070720000000e+04 -2.905351734837673e-07
1.977270730000000e+04 -5.119123449536852e-07
1.977470740000000e+04 -2.439164850978596e-07
1.977670750000000e+04 2.572516639495284e-07
1.977870750000000e+04 5.124659119804388e-07
1.978070760000000e+04 2.777727769577101e-07
1.978270770000000e+04 -2.224543575402245e-07
1.978470780000000e+04 -5.099991192013462e-07
1.978670780000000e+04 -3.099865222590736e-07
1.978870790000000e+04 1.863504940067835e-07
1.979070800000000e+04 5.045255674309681e-07
1.979270810000000e+04 3.403687795104729e-07
1.979470810000000e+04 -1.491536387199052e-07
1.979670820000000e+04 -4.960767929712658e-07
1.979870830000000e+04 -3.687420941499324e-07
1.980070840000000e+04 1.110845690330366e-07
1.980270840000000e+04 4.847027005676092e-07
1.980470850000000e+04 3.949389402054581e-07
1.980670860000000e+04 -7.236671383563924e-08
1.980870870000000e+04 -4.704717079598456e-07
1.981070870000000e+04 -4.188046323483295e-07
1.981270880000000e+04 3.322795951194095e-08
1.981470890000000e+04 4.534690816858483e-07
1.981670900000000e+04 4.401968572641176e-07
1.981870900000000e+04 6.102875060008681e-09
1.982070910000000e+04 -4.337969025705305e-07
1.982270920000000e+04 -4.589895119250739e-07
1.982470930000000e+04 -4.539385722808624e-08
1.982670930000000e+04 4.115713931578824e-07
1.982870940000000e+04 4.750718800906015e-07
1.983070950000000e+04 8.441353842356539e-08
1.983270960000000e+04 -3.869236059553213e-07
1.983470960000000e+04 -4.883507826786780e-07
1.983670970000000e+04 -1.229298658449630e-07
1.983870980000000e+04 3.599974170323426e-07
1.984070990000000e+04 4.987494323961860e-07
1.984270990000000e+04 1.607154233638140e-07
1.984471000000000e+04 -3.309511153850682e-07
1.984671010000000e+04 -5.062079709250731e-07
1.984871020000000e+04 -1.975462331684371e-07
1.985071020000000e+04 2.999556366012194e-07
1.985271030000000e+04 5.106826052181049e-07
1.985471040000000e+04 2.332064120745168e-07
1.985671050000000e+04 -2.671953845004683e-07
1.985871050000000e+04 -5.121463917232657e-07
1.986071060000000e+04 -2.674864608492108e-07
1.986271070000000e+04 2.328643531221248e-07
1.986471080000000e+04 5.105895605778711e-07
1.986671080000000e+04 3.001863797282022e-07
1.986871090000000e+04 -1.971669326786754e-07
1.987071100000000e+04 -5.060210179403590e-07
1.987271110000000e+04 -3.311135974079262e-07
1.987471110000000e+04 1.603133293552881e-07
1.987671120000000e+04 4.984683335570389e-07
1.987871130000000e+04 3.600860422909535e-07
1.988071140000000e+04 -1.225208216491519e-07
1.988271140000000e+04 -4.879772798022178e-07
1.988471150000000e+04 -3.869312402038062e-07
1.988671160000000e+04 8.401032414426858e-08
1.988871170000000e+04 4.746117031625404e-07
1.989071170000000e+04 4.114906246680891e-07
1.989271180000000e+04 -4.500848280473540e-08
1.989471190000000e+04 -4.584514054715877e-07
1.989671200000000e+04 -4.336186772631940e-07
1.989871200000000e+04 5.744534474991580e-09
1.990071210000000e+04 4.395921189271765e-07
1.990271220000000e+04 4.531861796767165e-07
1.990471230000000e+04 3.354837205821779e-08
1.990671230000000e+04 -4.181440051539522e-07
1.990871240000000e+04 -4.700790638030403e-07
1.991071250000000e+04 -7.263807511531472e-08
1.991271260000000e+04 3.942327516534444e-07
1.991471260000000e+04 4.841996849314743e-07
1.991671270000000e+04 1.112922727650025e-07
1.991871280000000e+04 -3.679985729608411e-07
1.992071290000000e+04 -4.954653966865363e-07
1.992271290000000e+04 -1.492836983102249e-07
1.992471300000000e+04 3.395971247794304e-07
1.992671310000000e+04 5.038098363007455e-07
1.992871320000000e+04 1.863886862811562e-07
1.993071320000000e+04 -3.091966728015392e-07
1.993271330000000e+04 -5.091826305159476e-07
1.993471340000000e+04 -2.223906064526362e-07
1.993671350000000e+04 2.769787116985124e-07
1.993871350000000e+04 5.115514986619051e-07
1.994071360000000e+04 2.570778041076612e-07
1.994271370000000e+04 -2.431336370711960e-07
1.994471380000000e+04 -5.109022914666313e-07
1.994671380000000e+04 -2.902466783708825e-07
1.994871390000000e+04 2.078614995788968e-07
1.995071400000000e+04 5.072398136263302e-07
1.995271410000000e+04 3.217003035121336e-07
1.995471410000000e+04 -1.713687666004012e-07
1.995671420000000e+04 -5.005875281961402e-07
1.995871430000000e+04 -3.512527925527218e-07
1.996071440000000e+04 1.338699473876946e-07
1.996271440000000e+04 4.909861648794167e-07
1.996471450000000e+04 3.787284617974432e-07
1.996671460000000e+04 -9.558487122978852e-08
1.996871470000000e+04 -4.784932721983009e-07
1.997071470000000e+04 -4.039660598828873e-07
1.997271480000000e+04 5.674032840945026e-08
1.997471490000000e+04 4.631821670583114e-07
1.997671500000000e+04 4.268176622638894e-07
1.997871500000000e+04 -1.756579932339945e-08
1.998071510000000e+04 -4.451423287778210e-07
1.998271520000000e+04 -4.471505875609583e-07
1.998471530000000e+04 -2.170550089221414e-08
1.998671530000000e+04 4.244790087769358e-07
1.998871540000000e+04 4.648459541411792e-07
1.999071550000000e+04 6.084204093525596e-08
1.999271560000000e+04 -4.013142531252368e-07
1.999471560000000e+04 -4.798002450810543e-07
1.999671570000000e+04 -9.961282634115611e-08
1.999871580000000e+04 3.757852327677970e-07
2.000071590000000e+04 4.919243527815544e-07
2.000271590000000e+04 1.377910513727326e-07
2.000471600000000e+04 -3.480446922842012e-07
2.000671610000000e+04 -5.011460966433398e-07
2.000871620000000e+04 -1.751524620142150e-07
2.001071620000000e+04 3.182571512398826e-07
2.001271630000000e+04 5.074101717069745e-07
2.001471640000000e+04 2.114783148525746e-07
2.001671650000000e+04 -2.865993257546689e-07
2.001871650000000e+04 -5.106802265164194e-07
2.002071660000000e+04 -2.465535732103489e-07
2.002271670000000e+04 2.532570248379876e-07
2.002471680000000e+04 5.109383989055958e-07
2.002671680000000e+04 2.801710864609414e-07
2.002871690000000e+04 -2.184262010566709e-07
2.003071700000000e+04 -5.081849023313450e-07
2.003271710000000e+04 -3.121307375956410e-07
2.003471710000000e+04 1.823105679987162e-07
2.003671720000000e+04 5.024373489003429e-07
2.003871730000000e+04 3.422442859167700e-07
2.004071740000000e+04 -1.451234649123341e-07
2.004271740000000e+04 -4.937300985407024e-07
2.004471750000000e+04 -3.703343801629144e-07
2.004671760000000e+04 1.070843518073630e-07
2.004871770000000e+04 4.821138983214965e-07
2.005071770000000e+04 3.962372690738309e-07
2.005271780000000e+04 -6.841977553048830e-08
2.005471790000000e+04 -4.676560973039830e-07
2.005671800000000e+04 -4.198014488386610e-07
2.005871800000000e+04 2.935821879718926e-08
2.006071810000000e+04 4.504414507521641e-07
2.006271820000000e+04 4.408895319181284e-07
2.006471830000000e+04 9.869033315247919e-09
2.006671830000000e+04 -4.305716574299328e-07
2.006871840000000e+04 -4.593766347888654e-07
2.007071850000000e+04 -4.903196554791519e-08
2.007271860000000e+04 4.081656798444344e-07
2.007471860000000e+04 4.751532997573888e-07
2.007671870000000e+04 8.790046561606761e-08
2.007871880000000e+04 -3.833568952886179e-07
2.008071890000000e+04 -4.881250603773085e-07
2.008271890000000e+04 -1.262473519962279e-07
2.008471900000000e+04 3.562932450402473e-07
2.008671910000000e+04 4.982155295435095e-07
2.008871920000000e+04 1.638462156532587e-07
2.009071920000000e+04 -3.271342105255503e-07
2.009271930000000e+04 -5.053658800843785e-07
2.009471940000000e+04 -2.004754113463170e-07
2.009671950000000e+04 2.960513048393254e-07
2.009871950000000e+04 5.095356804621859e-07
2.010071960000000e+04 2.359169368932887e-07
2.010271970000000e+04 -2.632261232809118e-07
2.010471980000000e+04 -5.107020243293196e-07
2.010671980000000e+04 -2.699615527652182e-07
2.010871990000000e+04 2.288520020893044e-07
2.011072000000000e+04 5.088592414261519e-07
2.011272010000000e+04 3.024078438987546e-07
2.011472010000000e+04 -1.931313358821120e-07
2.011672020000000e+04 -5.040180055243313e-07
2.011872030000000e+04 -3.330660508804257e-07
2.012072040000000e+04 1.562766799155432e-07
2.012272040000000e+04 4.962060209281546e-07
2.012472050000000e+04 3.617565726113872e-07
2.012672060000000e+04 -1.185061862679150e-07
2.012872070000000e+04 -4.854683972150738e-07
2.013072070000000e+04 -3.883123058501776e-07
2.013272080000000e+04 8.004425269267492e-08
2.013472090000000e+04 4.718681191428635e-07
2.013672100000000e+04 4.125766216139760e-07
2.013872100000000e+04 -4.111701597162404e-08
2.014072110000000e+04 -4.554864776302544e-07
2.014272120000000e+04 -4.344064992874321e-07
2.014472130000000e+04 1.953494728217494e-09
2.014672130000000e+04 4.364214485539676e-07
2.014872140000000e+04 4.536716257348656e-07
2.015072150000000e+04 3.721747891285396e-08
2.015272160000000e+04 -4.147874718551621e-07
2.015472160000000e+04 -4.702580195348208e-07
2.015672170000000e+04 -7.616514090885825e-08
2.015872180000000e+04 3.907127749045214e-07
2.016072190000000e+04 4.840676872645872e-07
2.016272190000000e+04 1.146604998268143e-07
2.016472200000000e+04 -3.643393151001408e-07
2.016672210000000e+04 -4.950207220470426e-07
2.016872220000000e+04 -1.524747815251363e-07
2.017072220000000e+04 3.358212488346813e-07
2.017272230000000e+04 5.030541916461833e-07
2.017472240000000e+04 1.893843930419293e-07
2.017672250000000e+04 -3.053261066118828e-07
2.017872250000000e+04 -5.081225272676617e-07
2.018072260000000e+04 -2.251702685130302e-07
2.018272270000000e+04 2.730328192970238e-07
2.018472280000000e+04 5.101961467214924e-07
2.018672280000000e+04 2.596224006852864e-07
2.018872290000000e+04 -2.391331463140014e-07
2.019072300000000e+04 -5.092625619109754e-07
2.019272310000000e+04 -2.925384866217901e-07
2.019472310000000e+04 2.038279550821316e-07
2.019672320000000e+04 5.053261635166782e-07
2.019872330000000e+04 3.237266998520481e-07
2.020072340000000e+04 -1.673275575273146e-07
2.020272340000000e+04 -4.984093578836056e-07
2.020472350000000e+04 -3.530035788108930e-07
2.020672360000000e+04 1.298472583971997e-07
2.020872370000000e+04 4.885532186629907e-07
2.021072370000000e+04 3.801972450751056e-07
2.021272380000000e+04 -9.160807057981038e-08
2.021472390000000e+04 -4.758171087020252e-07
2.021672400000000e+04 -4.051459054471705e-07
2.021872400000000e+04 5.283360295625055e-08
2.022072410000000e+04 4.602781607522855e-07
2.022272420000000e+04 4.277017803977846e-07
2.022472430000000e+04 -1.375192248338344e-08
2.022672430000000e+04 -4.420293170830327e-07
2.022872440000000e+04 -4.477308824751132e-07
2.023072450000000e+04 -2.540784217525491e-08
2.023272460000000e+04 4.211787827667661e-07
2.023472460000000e+04 4.651161714455680e-07
2.023672470000000e+04 6.441346508225681e-08
2.023872480000000e+04 -3.978487029904786e-07
2.024072490000000e+04 -4.797564188010187e-07
2.024272490000000e+04 -1.030342600479570e-07
2.024472500000000e+04 3.721758528105887e-07
2.024672510000000e+04 4.915674381858434e-07
2.024872520000000e+04 1.410405368209513e-07
2.025072520000000e+04 -3.443102855307430e-07
2.025272530000000e+04 -5.004804087672270e-07
2.025472540000000e+04 -1.782085148947931e-07
2.025672550000000e+04 3.144169285734853e-07
2.025872550000000e+04 5.064432746149864e-07
2.026072560000000e+04 2.143192483222818e-07
2.026272570000000e+04 -2.826728766337053e-07
2.026472580000000e+04 -5.094198296375396e-07
2.026672580000000e+04 -2.491619936158902e-07
2.026872590000000e+04 2.492675201942977e-07
2.027072600000000e+04 5.093915365549010e-07
2.027272610000000e+04 2.825321113171198e-07
2.027472610000000e+04 -2.143986257985498e-07
2.027672620000000e+04 -5.063580837224063e-07
2.027872630000000e+04 -3.142342994551392e-07
2.028072640000000e+04 1.782725017493552e-07
2.028272640000000e+04 5.003381652881608e-07
2.028472650000000e+04 3.440805370638368e-07
2.028672660000000e+04 -1.411007811507766e-07
2.028872670000000e+04 -4.913689544647532e-07
2.029072670000000e+04 -3.718941967991206e-07
2.029272680000000e+04 1.031019085530252e-07
2.029472690000000e+04 4.795051546514303e-07
2.029672700000000e+04 3.975097388717875e-07
2.029872700000000e+04 -6.449816526811922e-08
2.030072710000000e+04 -4.648179048432182e-07
2.030272720000000e+04 -4.207765202702599e-07
2.030472730000000e+04 2.551790665786456e-08
2.030672730000000e+04 4.473937630093094e-07
2.030872740000000e+04 4.415579473241450e-07
2.031072750000000e+04 1.360857720912497e-08
2.031272760000000e+04 -4.273347353751114e-07
2.031472760000000e+04 -4.597337476194002e-07
2.031672770000000e+04 -5.264846057823196e-08
2.031872780000000e+04 4.047576397700784e-07
2.032072790000000e+04 4.751979459347959e-07
2.032272790000000e+04 9.137115219405308e-08
2.032472800000000e+04 -3.797955199971570e-07
2.032672810000000e+04 -4.878606244184162e-07
2.032872820000000e+04 -1.295477261596217e-07
2.033072820000000e+04 3.525959473577468e-07
2.033272830000000e+04 4.976463708714596e-07
2.033472840000000e+04 1.669549665775227e-07
2.033672850000000e+04 -3.233212056398818e-07
2.033872850000000e+04 -5.044966442032834e-07
2.034072860000000e+04 -2.033732149706971e-07
2.034272870000000e+04 2.921452884300261e-07
2.034472880000000e+04 5.083699993919068e-07
2.034672880000000e+04 2.385897351617049e-07
2.034872890000000e+04 -2.592534168888540e-07
2.035072900000000e+04 -5.092437897936049e-07
2.035272910000000e+04 -2.723962979684790e-07
2.035472910000000e+04 2.248388284865445e-07
2.035672920000000e+04 5.071138536390668e-07
2.035872930000000e+04 3.045932933568308e-07
2.036072940000000e+04 -1.891038265086012e-07
2.036272940000000e+04 -5.019948418296656e-07
2.036472950000000e+04 -3.349890777528745e-07
2.036672960000000e+04 1.522571823197917e-07
2.036872970000000e+04 4.939185307336846e-07
2.037072970000000e+04 3.634041600978465e-07
2.037272980000000e+04 -1.145162558725287e-07
2.037472990000000e+04 -4.829333264830583e-07
2.037673000000000e+04 -3.896707339163155e-07
2.037873000000000e+04 7.610350498451463e-08
2.038073010000000e+04 4.691035572076579e-07
2.038273020000000e+04 4.136360217444905e-07
2.038473030000000e+04 -3.724737135312040e-08
2.038673030000000e+04 -4.525095336909634e-07
2.038873040000000e+04 -4.351600075144046e-07
2.039073050000000e+04 -1.822057022417872e-09
2.039273060000000e+04 4.332484307364985e-07
2.039473060000000e+04 4.541176875533305e-07
2.039673070000000e+04 4.087307907380068e-08
2.039873080000000e+04 -4.114335864902303e-07
2.040073090000000e+04 -4.703970042239515e-07
2.040273090000000e+04 -7.967667582897706e-08
2.040473100000000e+04 3.871949668864010e-07
2.040673110000000e+04 4.839016216766868e-07
2.040873120000000e+04 1.180048243703559e-07
2.041073120000000e+04 -3.606771953839468e-07
2.041273130000000e+04 -4.945504787174520e-07
2.041473140000000e+04 -1.556337552303582e-07
2.041673150000000e+04 3.320384697630830e-07
2.041873150000000e+04 5.022804047868995e-07
2.042073160000000e+04 1.923416324862267e-07
2.042273170000000e+04 -3.014478327362217e-07
2.042473180000000e+04 -5.070460080611610e-07
2.042673180000000e+04 -2.279123421832123e-07
2.042873190000000e+04 2.690853734363570e-07
2.043073200000000e+04 5.088211796428149e-07
2.043273210000000e+04 2.621343560283959e-07
2.043473210000000e+04 -2.351401796490122e-07
2.043673220000000e+04 -5.075971543223334e-07
2.043873230000000e+04 -2.948051669239173e-07
2.044073240000000e+04 1.998118827889195e-07
2.044273240000000e+04 5.033826952176696e-07
2.044473250000000e+04 3.257310705135938e-07
2.044673260000000e+04 -1.633081205872360e-07
2.044873270000000e+04 -4.962027463352085e-07
2.045073270000000e+04 -3.547312789622073e-07
2.045273280000000e+04 1.258456603834782e-07
2.045473290000000e+04 4.860988916704653e-07
2.045673300000000e+04 3.816358604056041e-07
2.045873300000000e+04 -8.764660802976782e-08
2.046073310000000e+04 -4.731296092182387e-07
2.046273320000000e+04 -4.062885117980561e-07
2.046473330000000e+04 4.893810577445271e-08
2.046673330000000e+04 4.573706619809253e-07
2.046873340000000e+04 4.285442104222132e-07
2.047073350000000e+04 -9.947957384551115e-09
2.047273360000000e+04 -4.389155735694170e-07
2.047473360000000e+04 -4.482720258953940e-07
2.047673370000000e+04 -2.909419906170752e-08
2.047873380000000e+04 4.178747678686155e-07
2.048073390000000e+04 4.653541012240013e-07
2.048273390000000e+04 6.796041594342948e-08
2.048473400000000e+04 -3.943743403533597e-07
2.048673410000000e+04 -4.796890212849418e-07
2.048873420000000e+04 -1.064221002726573e-07
2.049073420000000e+04 3.685538462479411e-07
2.049273430000000e+04 4.911916156365902e-07
2.049473440000000e+04 1.442534503843729e-07
2.049673450000000e+04 -3.405659160249126e-07
2.049873450000000e+04 -4.997955839101175e-07
2.050073460000000e+04 -1.812298763326326e-07
2.050273470000000e+04 3.105742132145691e-07
2.050473480000000e+04 5.054516496460218e-07
2.050673480000000e+04 2.171325192029923e-07
2.050873490000000e+04 -2.787546708743250e-07
2.051073500000000e+04 -5.081286131697074e-07
2.051273510000000e+04 -2.517479819965340e-07
2.051473510000000e+04 2.452937794022397e-07
2.051673520000000e+04 5.078114266453588e-07
2.051873530000000e+04 2.848729233093984e-07
2.052073540000000e+04 -2.103897230755931e-07
2.052273540000000e+04 -5.045018666334798e-07
2.052473550000000e+04 -3.163125405923677e-07
2.052673560000000e+04 1.742493831726099e-07
2.052873570000000e+04 4.982182236082146e-07
2.053073570000000e+04 3.458839856927215e-07
2.053273580000000e+04 -1.370880344616991e-07
2.053473590000000e+04 -4.889966017549667e-07
2.053673600000000e+04 -3.734137639808145e-07
2.053873600000000e+04 9.912522619322906e-08
2.054073610000000e+04 4.768911829736343e-07
2.054273620000000e+04 3.987405455429779e-07
2.054473630000000e+04 -6.058525735183135e-08
2.054673630000000e+04 -4.619744933220165e-07
2.054873640000000e+04 -4.217136722618154e-07
2.055073650000000e+04 2.169338718742634e-08
2.055273660000000e+04 4.443363437493107e-07
2.055473660000000e+04 4.421969776130138e-07
2.055673670000000e+04 1.732198431791492e-08
2.055873680000000e+04 -4.240824389663889e-07
2.056073690000000e+04 -4.600683365119391e-07
2.056273690000000e+04 -5.623230077879622e-08
2.056473700000000e+04 4.013332807633443e-07
2.056673710000000e+04 4.752231670748592e-07
2.056873720000000e+04 9.480717521696551e-08
2.057073720000000e+04 -3.762222836166803e-07
2.057273730000000e+04 -4.875730268235724e-07
2.057473740000000e+04 -1.328185240591588e-07
2.057673750000000e+04 3.488965227759423e-07
2.057873750000000e+04 4.970475872483367e-07
2.058073760000000e+04 1.700401279063654e-07
2.058273770000000e+04 -3.195157383254572e-07
2.058473780000000e+04 -5.035922525498155e-07
2.058673780000000e+04 -2.062524757375584e-07
2.058873790000000e+04 2.882533033511272e-07
2.059073800000000e+04 5.071690914357076e-07
2.059273810000000e+04 2.412417717602002e-07
2.059473810000000e+04 -2.552941852358687e-07
2.059673820000000e+04 -5.077560481322050e-07
2.059873830000000e+04 -2.748041154227343e-07
2.060073840000000e+04 2.208348368977158e-07
2.060273840000000e+04 5.053486991907333e-07
2.060473850000000e+04 3.067427452998248e-07
2.060673860000000e+04 -1.850795991647472e-07
2.060873870000000e+04 -4.999603161190015e-07
2.061073870000000e+04 -3.368709648570834e-07
2.061273880000000e+04 1.482405214806348e-07
2.061473890000000e+04 4.916232049185435e-07
2.061673900000000e+04 3.650103706547089e-07
2.061873900000000e+04 -1.105334138245714e-07
2.062073910000000e+04 -4.803878687575561e-07
2.062273920000000e+04 -3.909945350299414e-07
2.062473930000000e+04 7.217971739264613e-08
2.062673930000000e+04 4.663227020199665e-07
2.062873940000000e+04 4.146684225476575e-07
2.063073950000000e+04 -3.340371827144502e-08
2.063273960000000e+04 -4.495122632455348e-07
2.063473960000000e+04 -4.358925618789599e-07
2.063673970000000e+04 -5.565721551299095e-09
2.063873980000000e+04 4.300557712874821e-07
2.064073990000000e+04 4.545419121675674e-07
2.064273990000000e+04 4.449861760930906e-08
2.064474000000000e+04 -4.080672876281043e-07
2.064674010000000e+04 -4.705089894695362e-07
2.064874020000000e+04 -8.316323595007953e-08
2.065074020000000e+04 3.836750097750426e-07
2.065274030000000e+04 4.837011384099661e-07
2.065474040000000e+04 1.213309419865518e-07
2.065674050000000e+04 -3.570221713356940e-07
2.065874050000000e+04 -4.940420309126347e-07
2.066074060000000e+04 -1.587755753486075e-07
2.066274070000000e+04 3.282659971593366e-07
2.066474080000000e+04 5.014702829717786e-07
2.066674080000000e+04 1.952782309909558e-07
2.066874090000000e+04 -2.975777850247502e-07
2.067074100000000e+04 -5.059413612388381e-07
2.067274110000000e+04 -2.306247129330562e-07
2.067474110000000e+04 2.651400497108515e-07
2.067674120000000e+04 5.074274418411500e-07
2.067874130000000e+04 2.646087745734753e-07
2.068074140000000e+04 -2.311458814641846e-07
2.068274140000000e+04 -5.059197089065940e-07
2.068474150000000e+04 -2.970299662268900e-07
2.068674160000000e+04 1.957951996396300e-07
2.068874170000000e+04 5.014276751503369e-07
2.069074170000000e+04 3.276970842473407e-07
2.069274180000000e+04 -1.592959256091449e-07
2.069474190000000e+04 -4.939799889903580e-07
2.069674200000000e+04 -3.564272750207722e-07
2.069874200000000e+04 1.218612369886772e-07
2.070074210000000e+04 4.836224248925389e-07
2.070274220000000e+04 3.830507376388615e-07
2.070474230000000e+04 -8.371138695975733e-08
2.070674230000000e+04 -4.704171146006798e-07
2.070874240000000e+04 -4.074097682816719e-07
2.071074250000000e+04 4.507097720438812e-08
2.071274260000000e+04 4.544418206628074e-07
2.071474260000000e+04 4.293627392065561e-07
2.071674270000000e+04 -6.169770946698882e-09
2.071874280000000e+04 -4.357895149788275e-07
2.072074290000000e+04 -4.487815617839679e-07
2.072274290000000e+04 -3.276185494433711e-08
2.072474300000000e+04 4.145690005792714e-07
2.072674310000000e+04 4.655539522541010e-07
2.072874320000000e+04 7.149257681349615e-08
2.073074320000000e+04 -3.909049987742511e-07
2.073274330000000e+04 -4.795812322034559e-07
2.073474340000000e+04 -1.097950327970627e-07
2.073674350000000e+04 3.649381015120303e-07
2.073874350000000e+04 4.907805161198170e-07
2.074074360000000e+04 1.474439881630227e-07
2.074274370000000e+04 -3.368230220089949e-07
2.074474380000000e+04 -4.990839940982509e-07
2.074674380000000e+04 -1.842199473447638e-07
2.074874390000000e+04 3.067276841011698e-07
2.075074400000000e+04 5.044422773152027e-07
2.075274410000000e+04 2.199066346390760e-07
2.075474410000000e+04 -2.748300178352310e-07
2.075674420000000e+04 -5.068235371130161e-07
2.075874430000000e+04 -2.542942131399648e-07
2.076074440000000e+04 2.413182022073955e-07
2.076274440000000e+04 5.062154829326233e-07
2.076474450000000e+04 2.871780336282484e-07
2.076674460000000e+04 -2.063879645915952e-07
2.076874470000000e+04 -5.026235115021316e-07
2.077074470000000e+04 -3.183635702235924e-07
2.077274480000000e+04 1.702442643410940e-07
2.077474490000000e+04 4.960706828999098e-07
2.077674500000000e+04 3.476654249110425e-07
2.077874500000000e+04 -1.330993563387013e-07
2.078074510000000e+04 -4.865962197333796e-07
2.078274520000000e+04 -3.749120682117965e-07
2.078474530000000e+04 9.517359939048116e-08
2.078674530000000e+04 4.742553197106623e-07
2.078874540000000e+04 3.999437788657019e-07
2.079074550000000e+04 -5.669161621038436e-08
2.079274560000000e+04 -4.591193008888377e-07
2.079474560000000e+04 -4.226156094521059e-07
2.079674570000000e+04 1.788256509259178e-08
2.079874580000000e+04 4.412766389789093e-07
2.080074590000000e+04 4.427947111493245e-07
2.080274590000000e+04 2.102480747657923e-08
2.080474600000000e+04 -4.208327461036566e-07
2.080674610000000e+04 -4.603626384178154e-07
2.080874620000000e+04 -5.980104375913739e-08
2.081074620000000e+04 3.979094526680461e-07
2.081274630000000e+04 4.752141549432915e-07
2.081474640000000e+04 9.821989902477567e-08
2.081674650000000e+04 -3.726441097249915e-07
2.081874650000000e+04 -4.872610608702427e-07
2.082074660000000e+04 -1.360558714008822e-07
2.082274670000000e+04 3.451870350461690e-07
2.082474680000000e+04 4.964312145258619e-07
2.082674680000000e+04 1.730870917318979e-07
2.082874690000000e+04 -3.157009149315879e-07
2.083074700000000e+04 -5.026716924411660e-07
2.083274710000000e+04 -2.090938677269691e-07
2.083474710000000e+04 2.843583399857303e-07
2.083674720000000e+04 5.059471144642718e-07
2.083874730000000e+04 2.438632521919854e-07
2.084074740000000e+04 -2.513429044725727e-07
2.084274740000000e+04 -5.062405908952434e-07
2.084474750000000e+04 -2.771881130921277e-07
2.084674760000000e+04 2.168479631066888e-07
2.084874770000000e+04 5.035515514313174e-07
2.085074770000000e+04 3.088724036234934e-07
2.085274780000000e+04 -1.810774155100460e-07
2.085474790000000e+04 -4.978960367092077e-07
2.085674800000000e+04 -3.387295532109845e-07
2.085874800000000e+04 1.442429305758784e-07
2.086074810000000e+04 4.893060913997810e-07
2.086274820000000e+04 3.665861715713048e-07
2.086474830000000e+04 -1.065641148404676e-07
2.086674830000000e+04 -4.778313509000366e-07
2.086874840000000e+04 -3.922792117239687e-07
2.087074850000000e+04 6.826386837341453e-08
2.087274860000000e+04 4.635387934814769e-07
2.087474860000000e+04 4.156585401882910e-07
2.087674870000000e+04 -2.956880715957588e-08
2.087874880000000e+04 -4.465134900035210e-07
2.088074890000000e+04 -4.365851610038760e-07
2.088274890000000e+04 -9.294742499319228e-09
2.088474900000000e+04 4.268577099976199e-07
2.088674910000000e+04 4.549350811934810e-07
2.088874920000000e+04 4.809878104159971e-08
2.089074920000000e+04 -4.046892765273780e-07
2.089274930000000e+04 -4.705982781059948e-07
2.089474940000000e+04 -8.661633133713818e-08
2.089674950000000e+04 3.801402839369232e-07
2.089874950000000e+04 4.834828922107773e-07
2.090074960000000e+04 1.246197205747466e-07
2.090274970000000e+04 -3.533551487354729e-07
2.090474980000000e+04 -4.935137129136102e-07
2.090674980000000e+04 -1.618844895319145e-07
2.090874990000000e+04 3.244907634442888e-07
2.091075000000000e+04 5.006340961823097e-07
2.091275010000000e+04 1.981884885496453e-07
2.091475010000000e+04 -2.937157222491597e-07
2.091675020000000e+04 -5.048035997888746e-07
2.091875030000000e+04 -2.333173832548575e-07
2.092075040000000e+04 2.612111106861354e-07
2.092275040000000e+04 5.059987762487796e-07
2.092475050000000e+04 2.670635404481397e-07
2.092675060000000e+04 -2.271689029141390e-07
2.092875070000000e+04 -5.042117902899499e-07
2.093075070000000e+04 -2.992301079530438e-07
2.093275080000000e+04 1.917920599027899e-07
2.093475090000000e+04 4.994521944836743e-07
2.093675100000000e+04 3.296287544369783e-07
2.093875100000000e+04 -1.552904531852677e-07
2.094075110000000e+04 -4.917466336353504e-07
2.094275120000000e+04 -3.580823333804750e-07
2.094475130000000e+04 1.178807744557957e-07
2.094675130000000e+04 4.811407783293049e-07
2.094875140000000e+04 3.844226704233124e-07
2.095075150000000e+04 -7.978268486400111e-08
2.095275160000000e+04 -4.676984405411964e-07
2.095475160000000e+04 -4.084941582008229e-07
2.095675170000000e+04 4.121988473929183e-08
2.095875180000000e+04 4.515009426795781e-07
2.096075190000000e+04 4.301526392104847e-07
2.096275190000000e+04 -2.417543161469099e-09
2.096475200000000e+04 -4.326456337296859e-07
2.096675210000000e+04 -4.492703283335128e-07
2.096875220000000e+04 -3.639579289615807e-08
2.097075220000000e+04 4.112443744883960e-07
2.097275230000000e+04 4.657343890533274e-07
2.097475240000000e+04 7.499137055634891e-08
2.097675250000000e+04 -3.874228209674159e-07
2.097875250000000e+04 -4.794499142984201e-07
2.098075260000000e+04 -1.131392846002763e-07
2.098275270000000e+04 3.613198746576736e-07
2.098475280000000e+04 4.903376647526670e-07
2.098675280000000e+04 1.506138422410169e-07
2.098875290000000e+04 -3.330883611291831e-07
2.099075300000000e+04 -4.983354885699090e-07
2.099275310000000e+04 -1.871927346274825e-07
2.099475310000000e+04 3.028945313066230e-07
2.099675320000000e+04 5.033960754872745e-07
2.099875330000000e+04 2.226616610841877e-07
2.100075340000000e+04 -2.709180447367370e-07
2.100275340000000e+04 -5.054890429387724e-07
2.100475350000000e+04 -2.568125598712581e-07
2.100675360000000e+04 2.373489608578008e-07
2.100875370000000e+04 5.046001857608861e-07
2.101075370000000e+04 2.894466679261522e-07
2.101275380000000e+04 -2.023872482929042e-07
2.101475390000000e+04 -5.007344810885526e-07
2.101675400000000e+04 -3.203718704896323e-07
2.101875400000000e+04 1.662391172733166e-07
2.102075410000000e+04 4.939150462860541e-07
2.102275420000000e+04 3.494061209469696e-07
2.102475430000000e+04 -1.291172848037075e-07
2.102675430000000e+04 -4.841840032322575e-07
2.102875440000000e+04 -3.763760562053420e-07
2.103075450000000e+04 9.123844118391711e-08
2.103275460000000e+04 4.716007375492818e-07
2.103475460000000e+04 4.011221133832986e-07
2.103675470000000e+04 -5.282504911198917e-08
2.103875480000000e+04 -4.562410807967014e-07
2.104075490000000e+04 -4.234973047288450e-07
2.104275490000000e+04 1.410290804516837e-08
2.104475500000000e+04 4.381956876417997e-07
2.104675510000000e+04 4.433713054864399e-07
2.104875520000000e+04 2.469791470066125e-08
2.105075520000000e+04 -4.175699147806206e-07
2.105275530000000e+04 -4.606283221173504e-07
2.105475540000000e+04 -6.334760407679166e-08
2.105675550000000e+04 3.944838742731294e-07
2.105875550000000e+04 4.751692591712764e-07
2.106075560000000e+04 1.016162022264267e-07
2.106275570000000e+04 -3.690729582961215e-07
2.106475580000000e+04 -4.869088732338675e-07
2.106675580000000e+04 -1.392785914295494e-07
2.106875590000000e+04 3.414876719334277e-07
2.107075600000000e+04 4.957781336176240e-07
2.107275610000000e+04 1.761132395065614e-07
2.107475610000000e+04 -3.118921367702518e-07
2.107675620000000e+04 -5.017229196593138e-07
2.107875630000000e+04 -2.119056089692161e-07
2.108075640000000e+04 2.804631898891718e-07
2.108275640000000e+04 5.047074629875078e-07
2.108475650000000e+04 2.464455290729205e-07
2.108675660000000e+04 -2.473871226400329e-07
2.108875670000000e+04 -5.047134672019327e-07
2.109075670000000e+04 -2.795303961587720e-07
2.109275680000000e+04 2.128592149159309e-07
2.109475690000000e+04 5.017424100002748e-07
2.109675700000000e+04 3.109634643720478e-07
2.109875700000000e+04 -1.770813637720390e-07
2.110075710000000e+04 -4.958136257849641e-07
2.110275720000000e+04 -3.405586115480745e-07
2.110475730000000e+04 1.402633022327970e-07
2.110675730000000e+04 4.869643874669945e-07
2.110875740000000e+04 3.681394195002530e-07
2.111075750000000e+04 -1.026207614947422e-07
2.111275760000000e+04 -4.752476272302448e-07
2.111475760000000e+04 -3.935441741623192e-07
2.111675770000000e+04 6.437659875018941e-08
2.111875780000000e+04 4.607322142461508e-07
2.112075790000000e+04 4.166238921874009e-07
2.112275790000000e+04 -2.575731204240913e-08
2.112475800000000e+04 -4.435022696829157e-07
2.112675810000000e+04 -4.372453265411874e-07
2.112875820000000e+04 -1.300690837458838e-08
2.113075820000000e+04 4.236581661297301e-07
2.113275830000000e+04 4.552878999044912e-07
2.113475840000000e+04 5.168717378739067e-08
2.113675850000000e+04 -4.013166155591173e-07
2.113875860000000e+04 -4.706463609734048e-07
2.114075860000000e+04 -9.005519773996579e-08
2.114275870000000e+04 3.766104863141273e-07
2.114475880000000e+04 4.832287082225901e-07
2.114675890000000e+04 1.278869924275520e-07
2.114875890000000e+04 -3.496876681965415e-07
2.115075900000000e+04 -4.929598722391368e-07
2.115275910000000e+04 -1.649606546483986e-07
2.115475920000000e+04 3.207086163769143e-07
2.115675920000000e+04 4.997808965223814e-07
2.115875930000000e+04 2.010594552923307e-07
2.116075940000000e+04 -2.898451626828240e-07
2.116275950000000e+04 -5.036524720131389e-07
2.116475950000000e+04 -2.359695798588348e-07
2.116675960000000e+04 2.572784689928049e-07
2.116875970000000e+04 5.045530233026427e-07
2.117075980000000e+04 2.694845314546780e-07
2.117275980000000e+04 -2.231993256343712e-07
2.117475990000000e+04 -5.024798469141009e-07
2.117676000000000e+04 -3.014042733643867e-07
2.117876010000000e+04 1.878068278818822e-07
2.118076010000000e+04 4.974464859113666e-07
2.118276020000000e+04 3.315407161808696e-07
2.118476030000000e+04 -1.513096640181016e-07
2.118676040000000e+04 -4.894834435907840e-07
2.118876040000000e+04 -3.597161834028112e-07
2.119076050000000e+04 1.139236667971491e-07
2.119276060000000e+04 4.786365012739524e-07
2.119476070000000e+04 3.857670809866841e-07
2.119676070000000e+04 -7.587172606314836e-08
2.119876080000000e+04 -4.649683371867209e-07
2.120076090000000e+04 -4.095411516898612e-07
2.120276100000000e+04 3.737927780410098e-08
2.120476100000000e+04 4.485583536718597e-07
2.120676110000000e+04 4.309002627913988e-07
2.120876120000000e+04 1.325680509896873e-09
2.121076130000000e+04 -4.295038987850155e-07
2.121276130000000e+04 -4.497176163958782e-07
2.121476140000000e+04 -4.001640112476816e-08
2.121676150000000e+04 4.079189620815465e-07
2.121876160000000e+04 4.658816582383482e-07
2.122076160000000e+04 7.846592736134029e-08
2.122276170000000e+04 -3.839329731229248e-07
2.122476180000000e+04 -4.792949198814050e-07
2.122676190000000e+04 -1.164499606997763e-07
2.122876190000000e+04 3.576889687923057e-07
2.123076200000000e+04 4.898785169956690e-07
2.123276210000000e+04 1.537443686680485e-07
2.123476220000000e+04 -3.293418991188365e-07
2.123676220000000e+04 -4.975703899966750e-07
2.123876230000000e+04 -1.901290666888056e-07
2.124076240000000e+04 2.990579635512128e-07
2.124276250000000e+04 5.023277452614090e-07
2.124476250000000e+04 2.253870604866515e-07
2.124676260000000e+04 -2.670138357967708e-07
2.124876270000000e+04 -5.041241863008966e-07
2.125076280000000e+04 -2.593098427000535e-07
2.125276280000000e+04 2.333976503476613e-07
2.125476290000000e+04 5.029509382611261e-07
2.125676300000000e+04 2.916964519050229e-07
2.125876310000000e+04 -1.984076342422515e-07
2.126076310000000e+04 -4.988142876029388e-07
2.126276320000000e+04 -3.223578980390649e-07
2.126476330000000e+04 1.622520349057898e-07
2.126676340000000e+04 4.917377215507833e-07
2.126876340000000e+04 3.511147344312840e-07
2.127076350000000e+04 -1.251456264068870e-07
2.127276360000000e+04 -4.817612113797068e-07
2.127476370000000e+04 -3.778000722266488e-07
2.127676370000000e+04 8.730901005810007e-08
2.127876380000000e+04 4.689434427314190e-07
2.128076390000000e+04 4.022564484849353e-07
2.128276400000000e+04 -4.896474430512518e-08
2.128476400000000e+04 -4.533607498406688e-07
2.128676410000000e+04 -4.243396500444890e-07
2.128876420000000e+04 1.033804772837019e-08
2.129076430000000e+04 4.351072603187079e-07
2.129276430000000e+04 4.439172203701231e-07
2.129476440000000e+04 2.834580183046740e-08
2.129676450000000e+04 -4.142926316044253e-07
2.129876460000000e+04 -4.608732071958076e-07
2.130076460000000e+04 -6.685932781964695e-08
2.130276470000000e+04 3.910408196077083e-07
2.130476480000000e+04 4.751069664924056e-07
2.130676490000000e+04 1.049759398180054e-07
2.130876490000000e+04 -3.654885209509154e-07
2.131076500000000e+04 -4.865367351100474e-07
2.131276510000000e+04 -1.424688846101313e-07
2.131476520000000e+04 3.377849355751228e-07
2.131676520000000e+04 4.950967834474619e-07
2.131876530000000e+04 1.791159360783447e-07
2.132076540000000e+04 -3.080920273735996e-07
2.132276550000000e+04 -5.007391952660417e-07
2.132476550000000e+04 -2.146992150948565e-07
2.132676560000000e+04 2.765841686240701e-07
2.132876570000000e+04 5.034307780850796e-07
2.133076580000000e+04 2.490100634723423e-07
2.133276580000000e+04 -2.434482295778402e-07
2.133476590000000e+04 -5.031554559434846e-07
2.133676600000000e+04 -2.818471617789048e-07
2.133876610000000e+04 2.088813544184577e-07
2.134076610000000e+04 4.999129414821016e-07
2.134276620000000e+04 3.130197636101033e-07
2.134476630000000e+04 -1.730896578619366e-07
2.134676640000000e+04 -4.937215628234237e-07
2.134876640000000e+04 -3.423446844182499e-07
2.135076650000000e+04 1.362846634370535e-07
2.135276660000000e+04 4.846175565030678e-07
2.135476670000000e+04 3.696498069919878e-07
2.135676670000000e+04 -9.868311431401453e-08
2.135876680000000e+04 -4.726565881609459e-07
2.136076690000000e+04 -3.947722054297796e-07
2.136276700000000e+04 6.050459390557881e-08
2.136476700000000e+04 4.579112295209094e-07
2.136676710000000e+04 4.175627940137803e-07
2.136876720000000e+04 -2.197304702302347e-08
2.137076730000000e+04 -4.404705111423108e-07
2.137276730000000e+04 -4.378856093348418e-07
2.137476740000000e+04 -1.668561962509252e-08
2.137676750000000e+04 4.204376094867294e-07
2.137876760000000e+04 4.556222677872793e-07
2.138076760000000e+04 5.524216582457028e-08
2.138276770000000e+04 -3.979299000207348e-07
2.138476780000000e+04 -4.706694547493697e-07
2.138676790000000e+04 -9.346798197105163e-08
2.138876790000000e+04 3.730785112456334e-07
2.139076800000000e+04 4.829413912473825e-07
2.139276810000000e+04 1.311353104283654e-07
2.139476820000000e+04 -3.460286512155536e-07
2.139676820000000e+04 -4.923665274080168e-07
2.139876830000000e+04 -1.680222067442553e-07
2.140076840000000e+04 3.169399625241909e-07
2.140276850000000e+04 4.988899778650071e-07
2.140476850000000e+04 2.039114773627140e-07
2.140676860000000e+04 -2.859854662918666e-07
2.140876870000000e+04 -5.024715844959462e-07
2.141076880000000e+04 -2.385941988149972e-07
2.141276880000000e+04 2.533500460061028e-07
2.141476890000000e+04 5.030891040986727e-07
2.141676900000000e+04 2.718670274894721e-07
2.141876910000000e+04 -2.192275597538391e-07
2.142076910000000e+04 -5.007377172197598e-07
2.142276920000000e+04 -3.035354415727557e-07
2.142476930000000e+04 1.838197644547284e-07
2.142676940000000e+04 4.954325973057166e-07
2.142876940000000e+04 3.334113623480284e-07
2.143076950000000e+04 -1.473339584237965e-07
2.143276960000000e+04 -4.872066751579876e-07
2.143476970000000e+04 -3.613176866379023e-07
2.143676970000000e+04 1.099838824916401e-07
2.143876980000000e+04 4.761110998928262e-07
2.144076990000000e+04 3.870876505008486e-07
2.144277000000000e+04 -7.198785002024293e-08
2.144477000000000e+04 -4.622124240300387e-07
2.144677010000000e+04 -4.105698096196955e-07
2.144877020000000e+04 3.357037089470826e-08
2.145077030000000e+04 4.455927856924001e-07
2.145277030000000e+04 4.316262124271279e-07
2.145477040000000e+04 5.041114354791462e-09
2.145677050000000e+04 -4.263487251228408e-07
2.145877060000000e+04 -4.501356590118214e-07
2.146077060000000e+04 -4.361640896712394e-08
2.146277070000000e+04 4.045921622633285e-07
2.146477080000000e+04 4.659903951518720e-07
2.146677090000000e+04 8.192726250782541e-08
2.146877090000000e+04 -3.804506275253011e-07
2.147077100000000e+04 -4.790985668941727e-07
2.147277110000000e+04 -1.197471534615068e-07
2.147477120000000e+04 3.540673211671554e-07
2.147677120000000e+04 4.893816654632421e-07
2.147877130000000e+04 1.568552546255190e-07
2.148077140000000e+04 -3.255997976936177e-07
2.148277150000000e+04 -4.967780981606184e-07
2.148477150000000e+04 -1.930341685152991e-07
2.148677160000000e+04 2.952180427687967e-07
2.148877170000000e+04 5.012423588230036e-07
2.149077180000000e+04 2.280728943796040e-07
2.149277180000000e+04 -2.631026075313482e-07
2.149477190000000e+04 -5.027485710663887e-07
2.149677200000000e+04 -2.617642582359175e-07
2.149877210000000e+04 2.294422885730861e-07
2.150077210000000e+04 5.012886949929519e-07
2.150277220000000e+04 2.939090893969844e-07
2.150477230000000e+04 -1.944342706308721e-07
2.150677240000000e+04 -4.968742155568179e-07
2.150877240000000e+04 -3.243153784957037e-07
2.151077250000000e+04 1.582828774515894e-07
2.151277260000000e+04 4.895328712246736e-07
2.151477270000000e+04 3.528034314743453e-07
2.151677270000000e+04 -1.212008153496358e-07
2.151877280000000e+04 -4.793091655982353e-07
2.152077290000000e+04 -3.792047709267206e-07
2.152277300000000e+04 8.340702585666494e-08
2.152477300000000e+04 4.662623615938932e-07
2.152677310000000e+04 4.033663509702563e-07
2.152877320000000e+04 -4.512656173767238e-08
2.153077330000000e+04 -4.504680864940700e-07
2.153277330000000e+04 -4.251473050793803e-07
2.153477340000000e+04 6.586678302250884e-09
2.153677350000000e+04 4.320179338507946e-07
2.153877360000000e+04 4.444216193506753e-07
2.154077360000000e+04 3.198381812099955e-08
2.154277370000000e+04 -4.110207697904418e-07
2.154477380000000e+04 -4.610751588643259e-07
2.154677390000000e+04 -7.035884977917029e-08
2.154877390000000e+04 3.876016048414566e-07
2.155077400000000e+04 4.750093021441502e-07
2.155277410000000e+04 1.083133830800359e-07
2.155477420000000e+04 -3.619009898177960e-07
2.155677420000000e+04 -4.861396192822458e-07
2.155877430000000e+04 -1.456262522182062e-07
2.156077440000000e+04 3.340725095311724e-07
2.156277450000000e+04 4.944001334067059e-07
2.156477450000000e+04 1.820777623464578e-07
2.156677460000000e+04 -3.042807518718002e-07
2.156877470000000e+04 -4.997419443091184e-07
2.157077480000000e+04 -2.174531628682986e-07
2.157277480000000e+04 2.727005956271319e-07
2.157477490000000e+04 5.021362302031824e-07
2.157677500000000e+04 2.515415569140403e-07
2.157877510000000e+04 -2.395163279534381e-07
2.158077510000000e+04 -5.015707762913219e-07
2.158277520000000e+04 -2.841409065957980e-07
2.158477530000000e+04 2.049223815397703e-07
2.158677540000000e+04 4.980510848099793e-07
2.158877540000000e+04 3.150574828070859e-07
2.159077550000000e+04 -1.691222502425602e-07
2.159277560000000e+04 -4.915976385524186e-07
2.159477570000000e+04 -3.441108915097650e-07
2.159677570000000e+04 1.323285900622086e-07
2.159877580000000e+04 4.822477505181525e-07
2.160077590000000e+04 3.711311643533191e-07
2.160277600000000e+04 -9.476019774690468e-08
2.160477600000000e+04 -4.700545496153023e-07
2.160677610000000e+04 -3.959619304320337e-07
2.160877620000000e+04 5.664083056337378e-08
2.161077630000000e+04 4.550893167173933e-07
2.161277630000000e+04 4.184571421568441e-07
2.161477640000000e+04 -1.819499897771226e-08
2.161677650000000e+04 -4.374405049928993e-07
2.161877660000000e+04 -4.384845132235231e-07
2.162077660000000e+04 -2.035125458154782e-08
2.162277670000000e+04 4.172145309853592e-07
2.162477680000000e+04 4.559236836042782e-07
2.162677690000000e+04 5.877325081173402e-08
2.162877690000000e+04 -3.945328610495038e-07
2.163077700000000e+04 -4.706709918245441e-07
2.163277710000000e+04 -9.684553466827303e-08
2.163477720000000e+04 3.695308545941213e-07
2.163677720000000e+04 4.826382472085006e-07
2.163877730000000e+04 1.343445935987061e-07
2.164077740000000e+04 -3.423559433660841e-07
2.164277750000000e+04 -4.917569397546065e-07
2.164477750000000e+04 -1.710475235826796e-07
2.164677760000000e+04 3.131669549420575e-07
2.164877770000000e+04 4.979748857142108e-07
2.165077780000000e+04 2.067366402412700e-07
2.165277780000000e+04 -2.821342506562468e-07
2.165477790000000e+04 -5.012583397336335e-07
2.165677800000000e+04 -2.411992592216163e-07
2.165877810000000e+04 2.494397037550592e-07
2.166077810000000e+04 5.015885574669713e-07
2.166277820000000e+04 2.742330193713086e-07
2.166477830000000e+04 -2.152767322813093e-07
2.166677840000000e+04 -4.989636365106292e-07
2.166877840000000e+04 -3.056438156813674e-07
2.167077850000000e+04 1.798485085698828e-07
2.167277860000000e+04 4.933969968741356e-07
2.167477870000000e+04 3.352495631915234e-07
2.167677870000000e+04 -1.433664083449278e-07
2.167877880000000e+04 -4.849204480423765e-07
2.168077890000000e+04 -3.628768382694804e-07
2.168277900000000e+04 1.060464526023077e-07
2.168477900000000e+04 4.735831682870309e-07
2.168677910000000e+04 3.883639278947620e-07
2.168877920000000e+04 -6.810891625269233e-08
2.169077930000000e+04 -4.594537641706823e-07
2.169277930000000e+04 -4.115587286716970e-07
2.169477940000000e+04 2.977528464764132e-08
2.169677950000000e+04 4.426174904951448e-07
2.169877960000000e+04 4.323234936587176e-07
2.170077960000000e+04 8.729985314306796e-09
2.170277970000000e+04 -4.231761338704583e-07
2.170477980000000e+04 -4.505337595066193e-07
2.170677990000000e+04 -4.718150412459311e-08
2.170877990000000e+04 4.012452388217410e-07
2.171078000000000e+04 4.660832019335572e-07
2.171278010000000e+04 8.535159536987283e-08
2.171478020000000e+04 -3.769535349300559e-07
2.171678020000000e+04 -4.788810546053863e-07
2.171878030000000e+04 -1.230140989124249e-07
2.172078040000000e+04 3.504424299740870e-07
2.172278050000000e+04 4.888551318100278e-07
2.172478050000000e+04 1.599443412595073e-07
2.172678060000000e+04 -3.218667640590994e-07
2.172878070000000e+04 -4.959479685721393e-07
2.173078080000000e+04 -1.959242654994620e-07
2.173278080000000e+04 2.913946623933037e-07
2.173478090000000e+04 5.001187808074170e-07
2.173678100000000e+04 2.307415003184755e-07
2.173878110000000e+04 -2.592069625449222e-07
2.174078110000000e+04 -5.013412771866264e-07
2.174278120000000e+04 -2.641935941616217e-07
2.174478130000000e+04 2.254957736956594e-07
2.174678140000000e+04 4.996071984289753e-07
2.174878140000000e+04 2.960848727577324e-07
2.175078150000000e+04 -1.904617360965542e-07
2.175278160000000e+04 -4.949250604979789e-07
2.175478170000000e+04 -3.262293086439988e-07
2.175678170000000e+04 1.543125563845377e-07
2.175878180000000e+04 4.873233523871274e-07
2.176078190000000e+04 3.544480934284743e-07
2.176278200000000e+04 -1.172600123309385e-07
2.176478200000000e+04 -4.768482136583260e-07
2.176678210000000e+04 -3.805741443206520e-07
2.176878220000000e+04 7.952094866354565e-08
2.177078230000000e+04 4.635644170173166e-07
2.177278230000000e+04 4.044508420983942e-07
2.177478240000000e+04 -4.131580262248287e-08
2.177678250000000e+04 -4.475518950211129e-07
2.177878260000000e+04 -4.259374540969237e-07
2.178078260000000e+04 2.869775823161446e-09
2.178278270000000e+04 4.289056133053211e-07
2.178478280000000e+04 4.449072910665193e-07
2.178678290000000e+04 3.558988560451580e-08
2.178878290000000e+04 -4.077340400160869e-07
2.179078300000000e+04 -4.612516328262565e-07
2.179278310000000e+04 -7.383381792723074e-08
2.179478320000000e+04 3.841605032422233e-07
2.179678320000000e+04 4.748758047018415e-07
2.179878330000000e+04 1.116353379973318e-07
2.180078340000000e+04 -3.583226415119980e-07
2.180278350000000e+04 -4.857015491391814e-07
2.180478350000000e+04 -1.487703769034297e-07
2.180678360000000e+04 3.303732229933131e-07
2.180878370000000e+04 4.936640635694920e-07
2.181078380000000e+04 1.850220433220939e-07
2.181278380000000e+04 -3.004788238507485e-07
2.181478390000000e+04 -4.987156625246002e-07
2.181678400000000e+04 -2.201781167653029e-07
2.181878410000000e+04 2.688181002560758e-07
2.182078410000000e+04 5.008241878075996e-07
2.182278420000000e+04 2.540339681162340e-07
2.182478430000000e+04 -2.355795904916053e-07
2.182678440000000e+04 -4.999772703091643e-07
2.182878440000000e+04 -2.863898749766456e-07
2.183078450000000e+04 2.009591138443668e-07
2.183278460000000e+04 4.961802950213422e-07
2.183478470000000e+04 3.170549445318520e-07
2.183678470000000e+04 -1.651595734170737e-07
2.183878480000000e+04 -4.894586148534168e-07
2.184078490000000e+04 -3.458456375960167e-07
2.184278500000000e+04 1.283898267938599e-07
2.184478500000000e+04 4.798538205404221e-07
2.184678510000000e+04 3.725915285771044e-07
2.184878520000000e+04 -9.086562980536765e-08
2.185078530000000e+04 -4.674242911921427e-07
2.185278530000000e+04 -3.971338875052796e-07
2.185478540000000e+04 5.280806343200383e-08
2.185678550000000e+04 4.522425945816774e-07
2.185878560000000e+04 4.193304552146644e-07
2.186078560000000e+04 -1.444372564784101e-08
2.186278570000000e+04 -4.343970371186592e-07
2.186478580000000e+04 -4.390519809734428e-07
2.186678590000000e+04 -2.399955886435338e-08
2.186878590000000e+04 4.139907561057369e-07
2.187078600000000e+04 4.561850982831879e-07
2.187278610000000e+04 6.229310183376413e-08
2.187478620000000e+04 -3.911437769187146e-07
2.187678620000000e+04 -4.706287704796696e-07
2.187878630000000e+04 -1.002120094550901e-07
2.188078640000000e+04 3.659917182054732e-07
2.188278650000000e+04 4.822977331165897e-07
2.188478650000000e+04 1.375337878890608e-07
2.188678660000000e+04 -3.386852710838134e-07
2.188878670000000e+04 -4.911205359028535e-07
2.189078680000000e+04 -1.740413192249621e-07
2.189278680000000e+04 3.093877194631806e-07
2.189478690000000e+04 4.970446313881699e-07
2.189678700000000e+04 2.095202271420152e-07
2.189878710000000e+04 -2.782729264390030e-07
2.190078710000000e+04 -5.000344142277555e-07
2.190278720000000e+04 -2.437619495491438e-07
2.190478730000000e+04 2.455238854122599e-07
2.190678740000000e+04 5.000746442771007e-07
2.190878740000000e+04 2.765621688579907e-07
2.191078750000000e+04 -2.113317364682728e-07
2.191278760000000e+04 -4.971670020004606e-07
2.191478770000000e+04 -3.077264634183721e-07
2.191678770000000e+04 1.758963039114618e-07
2.191878780000000e+04 4.913313794373812e-07
2.192078790000000e+04 3.370691016091328e-07
2.192278800000000e+04 -1.394256624959452e-07
2.192478800000000e+04 -4.826023771632903e-07
2.192678810000000e+04 -3.644184623869682e-07
2.192878820000000e+04 1.021361963382334e-07
2.193078830000000e+04 4.710309769684472e-07
2.193278830000000e+04 3.896144519589915e-07
2.193478840000000e+04 -6.424943912850656e-08
2.193678850000000e+04 -4.566830094307125e-07
2.193878860000000e+04 -4.125118752853181e-07
2.194078860000000e+04 2.599131918826470e-08
2.194278870000000e+04 4.396422572317471e-07
2.194478880000000e+04 4.329765919967466e-07
2.194678890000000e+04 1.241221610442070e-08
2.194878890000000e+04 -4.200089657232667e-07
2.195078900000000e+04 -4.508887540365470e-07
2.195278910000000e+04 -5.073504089041770e-08
2.195478920000000e+04 3.979008611754360e-07
2.195678920000000e+04 4.661403260983852e-07
2.195878930000000e+04 8.875394624422781e-08
2.196078940000000e+04 -3.734506016118259e-07
2.196278950000000e+04 -4.786405643906460e-07
2.196478950000000e+04 -1.262462986558548e-07
2.196678960000000e+04 3.468045528894861e-07
2.196878970000000e+04 4.883140047737506e-07
2.197078980000000e+04 1.629924962369610e-07
2.197278980000000e+04 -3.181202595200625e-07
2.197478990000000e+04 -4.951051345251540e-07
2.197679000000000e+04 -1.987742477032981e-07
2.197879010000000e+04 2.875656655581376e-07
2.198079010000000e+04 4.989753709431634e-07
2.198279020000000e+04 2.333795143014659e-07
2.198479030000000e+04 -2.553188614044648e-07
2.198679040000000e+04 -4.999052464617452e-07
2.198879040000000e+04 -2.666015790580699e-07
2.199079050000000e+04 2.215685357023523e-07
2.199279060000000e+04 4.978902940578473e-07
2.199479070000000e+04 2.982448439282279e-07
2.199679070000000e+04 -1.865138980655887e-07
2.199879080000000e+04 -4.929429727785179e-07
2.200079090000000e+04 -3.281230958799557e-07
2.200279100000000e+04 1.503629601524485e-07
2.200479100000000e+04 4.850902703312435e-07
2.200679110000000e+04 3.560634462593443e-07
2.200879120000000e+04 -1.133315910872156e-07
2.201079130000000e+04 -4.743773744951391e-07
2.201279130000000e+04 -3.819026206852337e-07
2.201479140000000e+04 7.563953091837154e-08
2.201679150000000e+04 4.608660676047929e-07
2.201879160000000e+04 4.054900806085946e-07
2.202079160000000e+04 -3.750964659891410e-08
2.202279170000000e+04 -4.446372742047277e-07
2.202479180000000e+04 -4.266850747728727e-07
2.202679190000000e+04 -8.352295453437796e-10
2.202879190000000e+04 4.257886082130035e-07
2.203079200000000e+04 4.453618109815934e-07
2.203279210000000e+04 3.917078679371128e-08
2.203479220000000e+04 -4.044340482623091e-07
2.203679220000000e+04 -4.614075730999334e-07
2.203879230000000e+04 -7.727316179013483e-08
2.204079240000000e+04 3.807007996403801e-07
2.204279250000000e+04 4.747283449511051e-07
2.204479250000000e+04 1.149171746483427e-07
2.204679260000000e+04 -3.547287631461655e-07
2.204879270000000e+04 -4.852462393059764e-07
2.205079280000000e+04 -1.518801305054741e-07
2.205279280000000e+04 3.266692325034421e-07
2.205479290000000e+04 4.929026035232415e-07
2.205679300000000e+04 1.879411038548583e-07
2.205879310000000e+04 -2.966858653163758e-07
2.206079310000000e+04 -4.976539071645188e-07
2.206279320000000e+04 -2.228868272590238e-07
2.206479330000000e+04 2.649544868100739e-07
2.206679340000000e+04 4.994738891122115e-07
2.206879340000000e+04 2.565106151181999e-07
2.207079350000000e+04 -2.316628997296640e-07
2.207279360000000e+04 -4.983503236460745e-07
2.207479370000000e+04 -2.886168252320339e-07
2.207679370000000e+04 1.970098219364295e-07
2.207879380000000e+04 4.942887671511012e-07
2.208079390000000e+04 3.190178364738211e-07
2.208279400000000e+04 -1.612016329630102e-07
2.208479400000000e+04 -4.873108533677585e-07
2.208679410000000e+04 -3.475370944721948e-07
2.208879420000000e+04 1.244510141411033e-07
2.209079430000000e+04 4.774582038237113e-07
2.209279430000000e+04 3.740058078523297e-07
2.209479440000000e+04 -8.697382076735844e-08
2.209679450000000e+04 -4.647900186881016e-07
2.209879460000000e+04 -3.982674752174756e-07
2.210079460000000e+04 4.898948380196218e-08
2.210279470000000e+04 4.493839967159210e-07
2.210479480000000e+04 4.201760203937105e-07
2.210679490000000e+04 -1.071935217930954e-08
2.210879490000000e+04 -4.313328722971225e-07
2.211079500000000e+04 -4.396020576264370e-07
2.211279510000000e+04 -2.761152447296627e-08
2.211479520000000e+04 4.107443474804351e-07
2.211679520000000e+04 4.564306066509733e-07
2.211879530000000e+04 6.577703017261491e-08
2.212079540000000e+04 -3.877386155486503e-07
2.212279550000000e+04 -4.705653202302751e-07
2.212479550000000e+04 -1.035493768394302e-07
2.212679560000000e+04 3.624496052733063e-07
2.212879570000000e+04 4.819246569214146e-07
2.213079580000000e+04 1.407045257736604e-07
2.213279580000000e+04 -3.350245272753258e-07
2.213479590000000e+04 -4.904444677727732e-07
2.213679600000000e+04 -1.770217706192078e-07
2.213879610000000e+04 3.056250614585823e-07
2.214079610000000e+04 4.960739522639185e-07
2.214279620000000e+04 2.122885004607309e-07
2.214479630000000e+04 -2.744261412238738e-07
2.214679640000000e+04 -4.987793673651428e-07
2.214879640000000e+04 -2.462982516377985e-07
2.215079650000000e+04 2.416140939426139e-07
2.215279660000000e+04 4.985419532761277e-07
2.215479670000000e+04 2.788537350671999e-07
2.215679670000000e+04 -2.073845827309044e-07
2.215879680000000e+04 -4.953628425846965e-07
2.216079690000000e+04 -3.097634018769137e-07
2.216279700000000e+04 1.719399601424583e-07
2.216479700000000e+04 4.892607304847419e-07
2.216679710000000e+04 3.388453209536267e-07
2.216879720000000e+04 -1.354882250537033e-07
2.217079730000000e+04 -4.802743030947166e-07
2.217279730000000e+04 -3.659251414001581e-07
2.217479740000000e+04 9.824181594124816e-08
2.217679750000000e+04 4.684586856148113e-07
2.217879760000000e+04 3.908423357704195e-07
2.218079760000000e+04 -6.041881144589009e-08
2.218279770000000e+04 -4.538859957809196e-07
2.218479780000000e+04 -4.134484249032946e-07
2.218679790000000e+04 2.224154226405539e-08
2.218879790000000e+04 4.366417929514044e-07
2.219079800000000e+04 4.336121049537791e-07
2.219279810000000e+04 1.606291907507215e-08
2.219479820000000e+04 -4.168267011692423e-07
2.219679820000000e+04 -4.512160928331959e-07
2.219879830000000e+04 -5.426703989582470e-08
2.220079840000000e+04 3.945551119207730e-07
2.220279850000000e+04 4.661600850905256e-07
2.220479850000000e+04 9.214311543239732e-08
2.220679860000000e+04 -3.699575829397449e-07
2.220879870000000e+04 -4.783563507316375e-07
2.221079880000000e+04 -1.294681341807250e-07
2.221279880000000e+04 3.431795556070895e-07
2.221479890000000e+04 4.877333862464749e-07
2.221679900000000e+04 1.660228918841035e-07
2.221879910000000e+04 -3.143811409130874e-07
2.222079910000000e+04 -4.942331277720744e-07
2.222279920000000e+04 -2.015950760252143e-07
2.222479930000000e+04 2.837346823077835e-07
2.222679940000000e+04 4.978164109165164e-07
2.222879940000000e+04 2.359761926053649e-07
2.223079950000000e+04 -2.514225919667244e-07
2.223279960000000e+04 -4.984607956371992e-07
2.223479970000000e+04 -2.689648075046328e-07
2.223679970000000e+04 2.176352485257594e-07
2.223879980000000e+04 4.961645475537137e-07
2.224079990000000e+04 3.003642271576685e-07
2.224280000000000e+04 -1.825700608688634e-07
2.224480000000000e+04 -4.909431368838119e-07
2.224680010000000e+04 -3.299881221014834e-07
2.224880020000000e+04 1.464317298073995e-07
2.225080030000000e+04 4.828306081925866e-07
2.225280030000000e+04 3.576592984075774e-07
2.225480040000000e+04 -1.094318398744127e-07
2.225680050000000e+04 -4.718753389109170e-07
2.225880060000000e+04 -3.832155573452967e-07
2.226080060000000e+04 7.178937222528173e-08
2.226280070000000e+04 4.581419639329967e-07
2.226480080000000e+04 4.065071679459307e-07
2.226680090000000e+04 -3.372787403965024e-08
2.226880090000000e+04 -4.417089962174569e-07
2.227080100000000e+04 -4.274004230286852e-07
2.227280110000000e+04 -4.525333953073240e-09
2.227480120000000e+04 4.226720173687199e-07
2.227680120000000e+04 4.457733097567804e-07
2.227880130000000e+04 4.274387688014179e-08
2.228080140000000e+04 -4.011423734238328e-07
2.228280150000000e+04 -4.615190457934622e-07
2.228480150000000e+04 -8.070237232111153e-08
2.228680160000000e+04 3.772487283116457e-07
2.228880170000000e+04 4.745426020586851e-07
2.229080180000000e+04 1.181796266991251e-07
2.229280180000000e+04 -3.511343424814338e-07
2.229480190000000e+04 -4.847660920205086e-07
2.229680200000000e+04 -1.549564229756316e-07
2.229880210000000e+04 3.229558092430457e-07
2.230080210000000e+04 4.921268649921534e-07
2.230280220000000e+04 1.908181297739097e-07
2.230480230000000e+04 -2.928800764804054e-07
2.230680240000000e+04 -4.965826898680618e-07
2.230880240000000e+04 -2.255521694114197e-07
2.231080250000000e+04 2.610838007034550e-07
2.231280260000000e+04 4.981085446725831e-07
2.231480270000000e+04 2.589526779287414e-07
2.231680270000000e+04 -2.277523433245876e-07
2.231880280000000e+04 -4.966990131562445e-07
2.232080290000000e+04 -2.908196380155685e-07
2.232280300000000e+04 1.930801670120953e-07
2.232480300000000e+04 4.923637463105550e-07
2.232680310000000e+04 3.209650328889392e-07
2.232880320000000e+04 -1.572712732941240e-07
2.233080330000000e+04 -4.851296028625476e-07
2.233280330000000e+04 -3.492110891378998e-07
2.233480340000000e+04 1.205379127541347e-07
2.233680350000000e+04 4.750372754482222e-07
2.233880360000000e+04 3.753944515070602e-07
2.234080360000000e+04 -8.309946464393365e-08
2.234280370000000e+04 -4.621447773841482e-07
2.234480380000000e+04 -3.993624330513445e-07
2.234680390000000e+04 4.517846649346773e-08
2.234880390000000e+04 4.465261434508387e-07
2.235080400000000e+04 4.209762934472927e-07
2.235280410000000e+04 -6.999585288357039e-09
2.235480420000000e+04 -4.282743682069280e-07
2.235680420000000e+04 -4.401073982805011e-07
2.235880430000000e+04 -3.121366142239953e-08
2.236080440000000e+04 4.074987443438775e-07
2.236280450000000e+04 4.566420441927805e-07
2.236480450000000e+04 6.923778444226323e-08
2.236680460000000e+04 -3.843248801157670e-07
2.236880470000000e+04 -4.704797605233161e-07
2.237080480000000e+04 -1.068514206606090e-07
2.237280480000000e+04 3.588910949747015e-07
2.237480490000000e+04 4.815391191228222e-07
2.237680500000000e+04 1.438328660400985e-07
2.237880510000000e+04 -3.313479282831011e-07
2.238080510000000e+04 -4.897550835147192e-07
2.238280520000000e+04 -1.799635478634572e-07
2.238480530000000e+04 3.018561312855713e-07
2.238680540000000e+04 4.950825840938757e-07
2.238880540000000e+04 2.150273970285983e-07
2.239080550000000e+04 -2.705874011355042e-07
2.239280560000000e+04 -4.974920999069721e-07
2.239480570000000e+04 -2.488165672278651e-07
2.239680570000000e+04 2.377245762249376e-07
2.239880580000000e+04 4.969718528307979e-07
2.240080590000000e+04 2.811306461918857e-07
2.240280600000000e+04 -2.034617386717254e-07
2.240480600000000e+04 -4.935238432243737e-07
2.240680610000000e+04 -3.117814563188261e-07
2.240880620000000e+04 1.680030002764915e-07
2.241080630000000e+04 4.871672703511500e-07
2.241280630000000e+04 3.405900356021808e-07
2.241480640000000e+04 -1.315598670220227e-07
2.241680650000000e+04 -4.779369339509671e-07
2.241880660000000e+04 -3.673898376242137e-07
2.242080660000000e+04 9.434922988315343e-08
2.242280670000000e+04 4.658872110211846e-07
2.242480680000000e+04 3.920227392042152e-07
2.242680690000000e+04 -5.659014170980290e-08
2.242880690000000e+04 -4.510896943123894e-07
2.243080700000000e+04 -4.143433280109057e-07
2.243280710000000e+04 1.850382117772757e-08
2.243480720000000e+04 4.336347677491104e-07
2.243680720000000e+04 4.342169434539195e-07
2.243880730000000e+04 1.968813806441106e-08
2.244080740000000e+04 -4.136275839826376e-07
2.244280750000000e+04 -4.515256307004322e-07
2.244480750000000e+04 -5.776166234108062e-08
2.244680760000000e+04 3.911879505163867e-07
2.244880770000000e+04 4.661662539583768e-07
2.245080780000000e+04 9.549264974048723e-08
2.245280780000000e+04 -3.664473241127291e-07
2.245480790000000e+04 -4.780552487670764e-07
2.245680800000000e+04 -1.326562011121939e-07
2.245880810000000e+04 3.395498443796009e-07
2.246080810000000e+04 4.871244429143408e-07
2.246280820000000e+04 1.690314273196937e-07
2.246480830000000e+04 -3.106518595639889e-07
2.246680840000000e+04 -4.933237144796031e-07
2.246880840000000e+04 -2.044016144748294e-07
2.247080850000000e+04 2.799231113129263e-07
2.247280860000000e+04 4.966164305737974e-07
2.247480870000000e+04 2.385594596146309e-07
2.247680870000000e+04 -2.475457615101605e-07
2.247880880000000e+04 -4.969829249312718e-07
2.248080890000000e+04 -2.713048669947321e-07
2.248280900000000e+04 2.137132957098967e-07
2.248480900000000e+04 4.944181922970263e-07
2.248680910000000e+04 3.024483594480772e-07
2.248880920000000e+04 -1.786278430159264e-07
2.249080930000000e+04 -4.889364417853302e-07
2.249280930000000e+04 -3.318071881717551e-07
2.249480940000000e+04 1.424971884992404e-07
2.249680950000000e+04 4.805692218989979e-07
2.249880960000000e+04 3.592091118542963e-07
2.250080960000000e+04 -1.055337955029491e-07
2.250280970000000e+04 -4.693685731137981e-07
2.250480980000000e+04 -3.844899976392321e-07
2.250680990000000e+04 6.795303907485918e-08
2.250880990000000e+04 4.554028166085352e-07
2.251081000000000e+04 4.074994195739832e-07
2.251281010000000e+04 -2.997464950276895e-08
2.251481020000000e+04 -4.387571911496153e-07
2.251681020000000e+04 -4.280994650177678e-07
2.251881030000000e+04 -8.178819880364192e-09
2.252081040000000e+04 4.195299985508525e-07
2.252281050000000e+04 4.461704762471746e-07
2.252481050000000e+04 4.628102081127435e-08
2.252681060000000e+04 -3.978338138819607e-07
2.252881070000000e+04 -4.616073288471752e-07
2.253081080000000e+04 -8.410536833013301e-08
2.253281080000000e+04 3.737940341479523e-07
2.253481090000000e+04 4.743228172737400e-07
2.253681100000000e+04 1.214259034390080e-07
2.253881110000000e+04 -3.475509700964616e-07
2.254081110000000e+04 -4.842428983800560e-07
2.254281120000000e+04 -1.580225589903389e-07
2.254481130000000e+04 3.192590388698241e-07
2.254681140000000e+04 4.913099518332431e-07
2.254881140000000e+04 1.936799824788490e-07
2.255081150000000e+04 -2.890872798106923e-07
2.255281160000000e+04 -4.954798139125108e-07
2.255481170000000e+04 -2.281912434743024e-07
2.255681170000000e+04 2.572163016922311e-07
2.255881180000000e+04 4.967265260814351e-07
2.256081190000000e+04 2.613545160350737e-07
2.256281200000000e+04 -2.238361297903256e-07
2.256481200000000e+04 -4.950407600320388e-07
2.256681210000000e+04 -2.929761755172249e-07
2.256881220000000e+04 1.891440538853783e-07
2.257081230000000e+04 4.904342894719849e-07
2.257281230000000e+04 3.228681196156191e-07
2.257481240000000e+04 -1.533429619742834e-07
2.257681250000000e+04 -4.829360222907424e-07
2.257881260000000e+04 -3.508526778712688e-07
2.258081260000000e+04 1.166417468493531e-07
2.258281270000000e+04 4.725937564367368e-07
2.258481280000000e+04 3.767618462711104e-07
2.258681290000000e+04 -7.925466328762311e-08
2.258881290000000e+04 -4.594696553759876e-07
2.259081300000000e+04 -4.004434241612386e-07
2.259281310000000e+04 4.140232154894324e-08
2.259481320000000e+04 4.436414810755288e-07
2.259681320000000e+04 4.217582510440304e-07
2.259881330000000e+04 -3.309425221494790e-09
2.260081340000000e+04 -4.252002968731448e-07
2.260281350000000e+04 -4.405844266791562e-07
2.260481360000000e+04 -3.479635811247155e-08
2.260681360000000e+04 4.042530265192947e-07
2.260881370000000e+04 4.568126382727958e-07
2.261081380000000e+04 7.268905458160192e-08
2.261281390000000e+04 -3.809216750654513e-07
2.261481390000000e+04 -4.703492518253801e-07
2.261681400000000e+04 -1.101445553021860e-07
2.261881410000000e+04 3.553451813022956e-07
2.262081420000000e+04 4.811127226404206e-07
2.262281420000000e+04 1.469445686413795e-07
2.262481430000000e+04 -3.276765268545710e-07
2.262681440000000e+04 -4.890383149633324e-07
2.262881450000000e+04 -1.828741321726298e-07
2.263081450000000e+04 2.980818673640981e-07
2.263281460000000e+04 4.940764835672359e-07
2.263481470000000e+04 2.177241469672956e-07
2.263681480000000e+04 -2.667372050264630e-07
2.263881480000000e+04 -4.961981827511142e-07
2.264081490000000e+04 -2.512886026557120e-07
2.264281500000000e+04 2.338269035728181e-07
2.264481510000000e+04 4.953916235852862e-07
2.264681510000000e+04 2.833686743576784e-07
2.264881520000000e+04 -1.995429791097837e-07
2.265081530000000e+04 -4.916653927982192e-07
2.265281540000000e+04 -3.137720068990391e-07
2.265481540000000e+04 1.640851212675942e-07
2.265681550000000e+04 4.850433690874690e-07
2.265881560000000e+04 3.423186247890380e-07
2.266081570000000e+04 -1.276613570427406e-07
2.266281570000000e+04 -4.755663000509764e-07
2.266481580000000e+04 -3.688394899632069e-07
2.266681590000000e+04 9.048714270585548e-08
2.266881600000000e+04 4.632884560157799e-07
2.267081600000000e+04 3.931814586997457e-07
2.267281610000000e+04 -5.278422714693964e-08
2.267481620000000e+04 -4.482806520151890e-07
2.267681630000000e+04 -4.152030230567710e-07
2.267881630000000e+04 1.477721623114578e-08
2.268081640000000e+04 4.306289245190475e-07
2.268281650000000e+04 4.347773678252713e-07
2.268481660000000e+04 2.330801052344113e-08
2.268681660000000e+04 -4.104376595002359e-07
2.268881670000000e+04 -4.517884148961249e-07
2.269081680000000e+04 -6.124831576966459e-08
2.269281690000000e+04 3.878270526817163e-07
2.269481690000000e+04 4.661352031341964e-07
2.269681700000000e+04 9.882182070748127e-08
2.269881710000000e+04 -3.629338397285793e-07
2.270081720000000e+04 -4.777299620378284e-07
2.270281720000000e+04 -1.358101319140672e-07
2.270481730000000e+04 3.359070612736107e-07
2.270681740000000e+04 4.865038473020877e-07
2.270881750000000e+04 1.719958427251697e-07
2.271081750000000e+04 -3.069070095769182e-07
2.271281760000000e+04 -4.924046051105629e-07
2.271481770000000e+04 -2.071655413846473e-07
2.271681780000000e+04 2.761033082277507e-07
2.271881780000000e+04 4.954008874030369e-07
2.272081790000000e+04 2.411090006753843e-07
2.272281800000000e+04 -2.436753547449930e-07
2.272481810000000e+04 -4.954772392999738e-07
2.272681810000000e+04 -2.736244412513966e-07
2.272881820000000e+04 2.098122797914544e-07
2.273081830000000e+04 4.926360852853104e-07
2.273281840000000e+04 3.045182698423700e-07
2.273481840000000e+04 -1.747134405531543e-07
2.273681850000000e+04 -4.868936019481309e-07
2.273881860000000e+04 -3.336104914361823e-07
2.274081870000000e+04 1.385874159699673e-07
2.274281870000000e+04 4.782827616889810e-07
2.274481880000000e+04 3.607313699633328e-07
2.274681890000000e+04 -1.016499219002145e-07
2.274881900000000e+04 -4.668513630372792e-07
2.275081900000000e+04 -3.857246109767903e-07
2.275281910000000e+04 6.412134259745483e-08
2.275481920000000e+04 4.526661218880732e-07
2.275681930000000e+04 4.084433885892201e-07
2.275881930000000e+04 -2.622299109071384e-08
2.276081940000000e+04 -4.358105793461199e-07
2.276281950000000e+04 -4.287540251342738e-07
2.276481960000000e+04 -1.182282806826889e-08
2.276681960000000e+04 4.163872575586420e-07
2.276881970000000e+04 4.465337641040866e-07
2.277081980000000e+04 4.979481172734955e-08
2.277281990000000e+04 -3.945132440520612e-07
2.277481990000000e+04 -4.616765032723515e-07
2.277682000000000e+04 -8.747083021369219e-08
2.277882010000000e+04 3.703198108329632e-07
2.278082020000000e+04 4.740912313582601e-07
2.278282020000000e+04 1.246296829785230e-07
2.278482030000000e+04 -3.439492737721464e-07
2.278682040000000e+04 -4.837072264035867e-07
2.278882050000000e+04 -1.610502280371663e-07
2.279082050000000e+04 3.155555760378279e-07
2.279282060000000e+04 4.904697349274850e-07
2.279482070000000e+04 1.965157311667084e-07
2.279682080000000e+04 -2.853034482121110e-07
2.279882080000000e+04 -4.943425930184673e-07
2.280082090000000e+04 -2.308143310490222e-07
2.280282100000000e+04 2.533700519202833e-07
2.280482110000000e+04 4.953035819922787e-07
2.280682110000000e+04 2.637445182674879e-07
2.280882120000000e+04 -2.199440896332869e-07
2.281082130000000e+04 -4.933471578971767e-07
2.281282140000000e+04 -2.951131875859410e-07
2.281482140000000e+04 1.852251314129895e-07
2.281682150000000e+04 4.884819146659425e-07
2.281882160000000e+04 3.247390847479544e-07
2.282082170000000e+04 -1.494207952367850e-07
2.282282170000000e+04 -4.807352278770128e-07
2.282482180000000e+04 -3.524491487770846e-07
2.282682190000000e+04 1.127437273443915e-07
2.282882200000000e+04 4.701513947633779e-07
2.283082200000000e+04 3.780813321170653e-07
2.283282210000000e+04 -7.541008259246743e-08
2.283482220000000e+04 -4.567951173820262e-07
2.283682230000000e+04 -4.014821968312233e-07
2.283882230000000e+04 3.763757347999948e-08
2.284082240000000e+04 4.407474025460943e-07
2.284282250000000e+04 4.225122753090168e-07
2.284482260000000e+04 3.535174132345385e-10
2.284682260000000e+04 -4.221062679638017e-07
2.284882270000000e+04 -4.410448515750447e-07
2.285082280000000e+04 -3.834101672372241e-08
2.285282290000000e+04 4.009824407984141e-07
2.285482290000000e+04 4.569717795857003e-07
2.285682300000000e+04 7.610006445995768e-08
2.285882310000000e+04 -3.775000062888684e-07
2.286082320000000e+04 -4.702003180953129e-07
2.286282320000000e+04 -1.134062918019460e-07
2.286482330000000e+04 3.517946659326522e-07
2.286682340000000e+04 4.806565151729759e-07
2.286882350000000e+04 1.500365583813670e-07
2.287082350000000e+04 -3.240162471433200e-07
2.287282360000000e+04 -4.882803516817648e-07
2.287482370000000e+04 -1.857741002284639e-07
2.287682380000000e+04 2.943276133075581e-07
2.287882380000000e+04 4.930282217704015e-07
2.288082390000000e+04 2.204081764120788e-07
2.288282400000000e+04 -2.629055406198742e-07
2.288482410000000e+04 -4.948697640210415e-07
2.288682410000000e+04 -2.537378271350034e-07
2.288882420000000e+04 2.299379717285187e-07
2.289082430000000e+04 4.937927043748193e-07
2.289282440000000e+04 2.855687699529851e-07
2.289482440000000e+04 -1.956220311794750e-07
2.289682450000000e+04 -4.898008864492597e-07
2.289882460000000e+04 -3.157157014367357e-07
2.290082470000000e+04 1.601611060426545e-07
2.290282470000000e+04 4.829189464406381e-07
2.290482480000000e+04 3.439996517944434e-07
2.290682490000000e+04 -1.237629495506299e-07
2.290882500000000e+04 -4.731889370896500e-07
2.291082500000000e+04 -3.702526802250867e-07
2.291282510000000e+04 8.663968388740111e-08
2.291482520000000e+04 4.606721461896124e-07
2.291682530000000e+04 3.943166914356220e-07
2.291882530000000e+04 -4.900775928648607e-08
2.292082540000000e+04 -4.454441796424048e-07
2.292282550000000e+04 -4.160495426911756e-07
2.292482560000000e+04 1.108858766192481e-08
2.292682560000000e+04 4.275957212811609e-07
2.292882570000000e+04 4.353231489643578e-07
2.293082580000000e+04 2.689322395914384e-08
2.293282590000000e+04 -4.072297952310863e-07
2.293482590000000e+04 -4.520275965983508e-07
2.293682600000000e+04 -6.471066811875603e-08
2.293882610000000e+04 3.844646592547742e-07
2.294082620000000e+04 4.660666305016060e-07
2.294282620000000e+04 1.021388065075441e-07
2.294482630000000e+04 -3.594323758579345e-07
2.294682640000000e+04 -4.773600258776125e-07
2.294882650000000e+04 -1.389557403393045e-07
2.295082650000000e+04 3.322812278260376e-07
2.295282660000000e+04 4.858398971761437e-07
2.295482670000000e+04 1.749465757446624e-07
2.295682680000000e+04 -3.031732350600811e-07
2.295882680000000e+04 -4.914551859158597e-07
2.296082690000000e+04 -2.099014146971559e-07
2.296282700000000e+04 2.722833768593130e-07
2.296482710000000e+04 4.941695332040099e-07
2.296682710000000e+04 2.436172460293672e-07
2.296882720000000e+04 -2.397958239489992e-07
2.297082730000000e+04 -4.939668346108452e-07
2.297282740000000e+04 -2.758954463494806e-07
2.297482740000000e+04 2.059022947349289e-07
2.297682750000000e+04 4.908486240741777e-07
2.297882760000000e+04 3.065452194038528e-07
2.298082770000000e+04 -1.708006411663654e-07
2.298282770000000e+04 -4.848370352208818e-07
2.298482780000000e+04 -3.353825049720930e-07
2.298682790000000e+04 1.346952694912031e-07
2.298882800000000e+04 4.759698745459552e-07
2.299082800000000e+04 3.622359706482365e-07
2.299282810000000e+04 -9.779725877854631e-08
2.299482820000000e+04 -4.643017708491387e-07
2.299682830000000e+04 -3.869460862026408e-07
2.299882830000000e+04 6.032426737883054e-08
2.300082840000000e+04 4.499003230186952e-07
2.300282850000000e+04 4.093699295563746e-07
2.300482860000000e+04 -2.249962703948206e-08
2.300682860000000e+04 -4.328490024402175e-07
2.300882870000000e+04 -4.293775289652650e-07
2.301082880000000e+04 -1.545104846762860e-08
2.301282890000000e+04 4.132452981182629e-07
2.301482890000000e+04 4.468544486713026e-07
2.301682900000000e+04 5.330176086944005e-08
2.301882910000000e+04 -3.912044813950240e-07
2.302082920000000e+04 -4.616976852326343e-07
2.302282920000000e+04 -9.083000830897785e-08
2.302482930000000e+04 3.668572539743232e-07
2.302682940000000e+04 4.738193856465917e-07
2.302882950000000e+04 1.278162844131594e-07
2.303082950000000e+04 -3.403504971702312e-07
2.303282960000000e+04 -4.831446721117672e-07
2.303482970000000e+04 -1.640459150441762e-07
2.303682980000000e+04 3.118431045602221e-07
2.303882980000000e+04 4.896175660654001e-07
2.304082990000000e+04 1.993067741834738e-07
2.304283000000000e+04 -2.815049162115498e-07
2.304483010000000e+04 -4.931988907985184e-07
2.304683010000000e+04 -2.333914032781476e-07
2.304883020000000e+04 2.495138310296637e-07
2.305083030000000e+04 4.938704785427068e-07
2.305283040000000e+04 2.660960879268097e-07
2.305483040000000e+04 -2.160562405276083e-07
2.305683050000000e+04 -4.916307381904389e-07
2.305883060000000e+04 -2.972261253948456e-07
2.306083070000000e+04 1.813267105580390e-07
2.306283070000000e+04 4.864964122180153e-07
2.306483080000000e+04 3.265956221964406e-07
2.306683090000000e+04 -1.455291320280277e-07
2.306883100000000e+04 -4.784978705257788e-07
2.307083100000000e+04 -3.540327653281910e-07
2.307283110000000e+04 1.088758198950636e-07
2.307483120000000e+04 4.676816191660415e-07
2.307683130000000e+04 3.793774873742941e-07
2.307883130000000e+04 -7.158548120201123e-08
2.308083140000000e+04 -4.541081756515538e-07
2.308283150000000e+04 -4.024843742604909e-07
2.308483160000000e+04 3.388089749589218e-08
2.308683160000000e+04 4.378563959592351e-07
2.308883170000000e+04 4.232184858225673e-07
2.309083180000000e+04 4.014657575170884e-09
2.309283190000000e+04 -4.190214888121777e-07
2.309483190000000e+04 -4.414583100397400e-07
2.309683200000000e+04 -4.187855236035942e-08
2.309883210000000e+04 3.977171502480580e-07
2.310083220000000e+04 4.570933793364317e-07
2.310283220000000e+04 7.949065615147504e-08
2.310483230000000e+04 -3.740716586487478e-07
2.310683240000000e+04 -4.700299953390451e-07
2.310883250000000e+04 -1.166315816790074e-07
2.311083250000000e+04 3.482275449686673e-07
2.311283260000000e+04 4.801896364902516e-07
2.311483270000000e+04 1.530838716161111e-07
2.311683280000000e+04 -3.203374067961634e-07
2.311883280000000e+04 -4.875140621890069e-07
2.312083290000000e+04 -1.886309378015217e-07
2.312283300000000e+04 2.905643872079699e-07
2.312483310000000e+04 4.919619432633411e-07
2.312683310000000e+04 2.230612612382085e-07
2.312883320000000e+04 -2.590810249839900e-07
2.313083330000000e+04 -4.935112712322797e-07
2.313283340000000e+04 -2.561687384814224e-07
2.313483340000000e+04 2.260712195257424e-07
2.313683350000000e+04 4.921541598125586e-07
2.313883360000000e+04 2.877579266114215e-07
2.314083370000000e+04 -1.917294240894323e-07
2.314283370000000e+04 -4.878992725399246e-07
2.314483380000000e+04 -3.176433515031643e-07
2.314683390000000e+04 1.562602095763802e-07
2.314883400000000e+04 4.807687906826810e-07
2.315083400000000e+04 3.456526308962711e-07
2.315283410000000e+04 -1.198757312871891e-07
2.315483420000000e+04 -4.708031305565403e-07
2.315683430000000e+04 -3.716227717264099e-07
2.315883430000000e+04 8.279289309473881e-08
2.316083440000000e+04 4.580590541352721e-07
2.316283450000000e+04 3.954026733918887e-07
2.316483460000000e+04 -4.523069172502139e-08
2.316683460000000e+04 -4.426132878239240e-07
2.316883470000000e+04 -4.168502177919384e-07
2.317083480000000e+04 7.408463901153040e-09
2.317283490000000e+04 4.245590780997103e-07
2.317483490000000e+04 4.358373933366890e-07
2.317683500000000e+04 3.045349710681652e-08
2.317883510000000e+04 -4.040067861002846e-07
2.318083520000000e+04 -4.522490867140534e-07
2.318283520000000e+04 -6.813442916745803e-08
2.318483530000000e+04 3.810789443025972e-07
2.318683540000000e+04 4.659888063683175e-07
2.318883550000000e+04 1.054119381399058e-07
2.319083550000000e+04 -3.559108921292764e-07
2.319283560000000e+04 -4.769764377754483e-07
2.319483570000000e+04 -1.420647426011556e-07
2.319683580000000e+04 3.286483260171959e-07
2.319883580000000e+04 4.851513596573396e-07
2.320083590000000e+04 1.778733768476372e-07
2.320283600000000e+04 -2.994497786309567e-07
2.320483610000000e+04 -4.904674501142739e-07
2.320683610000000e+04 -2.126251710513156e-07
2.320883620000000e+04 2.684857692186710e-07
2.321083630000000e+04 4.928955135490320e-07
2.321283640000000e+04 2.461147642765405e-07
2.321483640000000e+04 -2.359400622752747e-07
2.321683650000000e+04 -4.924192742551176e-07
2.321883660000000e+04 -2.781476380796885e-07
2.322083670000000e+04 2.020071187260810e-07
2.322283670000000e+04 4.890399063032564e-07
2.322483680000000e+04 3.085373792185752e-07
2.322683690000000e+04 -1.668902637071439e-07
2.322883700000000e+04 -4.827742808016074e-07
2.323083700000000e+04 -3.371079736453570e-07
2.323283710000000e+04 1.307980705808046e-07
2.323483720000000e+04 4.736597495600182e-07
2.323683730000000e+04 3.636904277996323e-07
2.323883730000000e+04 -9.394270998588249e-08
2.324083740000000e+04 -4.617512016631098e-07
2.324283750000000e+04 -3.881269340961087e-07
2.324483760000000e+04 5.653904906607242e-08
2.324683760000000e+04 4.471229095175469e-07
2.324883770000000e+04 4.102698584861390e-07
2.325083780000000e+04 -1.880459464882645e-08
2.325283790000000e+04 -4.298632777207854e-07
2.325483790000000e+04 -4.299877388622161e-07
2.325683800000000e+04 -1.903941657931485e-08
2.325883810000000e+04 4.100758977958293e-07
2.326083820000000e+04 4.471638727801026e-07
2.326283820000000e+04 5.676921212960867e-08
2.326483830000000e+04 -3.878755953470145e-07
2.326683840000000e+04 -4.617004495974967e-07
2.326883850000000e+04 -9.415937890517886e-08
2.327083850000000e+04 3.633911062301288e-07
2.327283860000000e+04 4.735141364375454e-07
2.327483870000000e+04 1.309870099807067e-07
2.327683880000000e+04 -3.367640128703629e-07
2.327883880000000e+04 -4.825387542427656e-07
2.328083890000000e+04 -1.670332674736962e-07
2.328283900000000e+04 3.081514282177361e-07
2.328483910000000e+04 4.887204325255262e-07
2.328683910000000e+04 2.020871094985972e-07
2.328883920000000e+04 -2.777235771892890e-07
2.329083930000000e+04 -4.920216684177901e-07
2.329283940000000e+04 -2.359440865816337e-07
2.329483940000000e+04 2.456634126326870e-07
2.329683950000000e+04 4.924194494826170e-07
2.329883960000000e+04 2.684083749040300e-07
2.330083970000000e+04 -2.121623593198391e-07
2.330283970000000e+04 -4.899107421229724e-07
2.330483980000000e+04 -2.992894954343404e-07
2.330683990000000e+04 1.774190316952682e-07
2.330884000000000e+04 4.845100715133367e-07
2.331084000000000e+04 3.284051980940750e-07
2.331284010000000e+04 -1.416366342808744e-07
2.331484020000000e+04 -4.762528398833279e-07
2.331684030000000e+04 -3.555805989830425e-07
2.331884030000000e+04 1.050231915167790e-07
2.332084040000000e+04 4.651902382968968e-07
2.332284050000000e+04 3.806536494991892e-07
2.332484060000000e+04 -6.779214444117243e-08
2.332684060000000e+04 -4.513907703646611e-07
2.332884070000000e+04 -4.034747299920703e-07
2.333084080000000e+04 3.016256786551062e-08
2.333284090000000e+04 4.349351775021387e-07
2.333484090000000e+04 4.239114638711410e-07
2.333684100000000e+04 7.641765140470622e-09
2.333884110000000e+04 -4.159190420109435e-07
2.334084120000000e+04 -4.418455399224487e-07
2.334284120000000e+04 -4.539507812685080e-08
2.334484130000000e+04 3.944511134702472e-07
2.334684140000000e+04 4.571754556415477e-07
2.334884150000000e+04 8.287211695644827e-08
2.335084150000000e+04 -3.706570340641231e-07
2.335284160000000e+04 -4.698115657784543e-07
2.335484170000000e+04 -1.198517258169530e-07
2.335684180000000e+04 3.446771266248609e-07
2.335884180000000e+04 4.796794092199657e-07
2.336084190000000e+04 1.561173767379789e-07
2.336284200000000e+04 -3.166678490909318e-07
2.336484210000000e+04 -4.867174691453107e-07
2.336684210000000e+04 -1.914589843809096e-07
2.336884220000000e+04 2.867971218124024e-07
2.337084230000000e+04 4.908826845584800e-07
2.337284240000000e+04 2.256702744890432e-07
2.337484240000000e+04 -2.552437191350275e-07
2.337684250000000e+04 -4.921487644788347e-07
2.337884260000000e+04 -2.585506078571284e-07
2.338084270000000e+04 2.221931621280864e-07
2.338284270000000e+04 4.905107680254036e-07
2.338484280000000e+04 2.899038569232308e-07
2.338684290000000e+04 -1.878381900021309e-07
2.338884300000000e+04 -4.859806535454366e-07
2.339084300000000e+04 -3.195428787179137e-07
2.339284310000000e+04 1.523782902018193e-07
2.339484320000000e+04 4.785893714675176e-07
2.339684330000000e+04 3.472900556525554e-07
2.339884330000000e+04 -1.160209720588478e-07
2.340084340000000e+04 -4.683811634817026e-07
2.340284350000000e+04 -3.729824509029501e-07
2.340484360000000e+04 7.898103253295281e-08
2.340684360000000e+04 4.554160889296342e-07
2.340884370000000e+04 3.964699964082281e-07
2.341084380000000e+04 -4.147960152415489e-08
2.341284390000000e+04 -4.397673109860739e-07
2.341484390000000e+04 -4.176185719015468e-07
2.341684400000000e+04 3.740904463367317e-09
2.341884410000000e+04 4.215253240804262e-07
2.342084420000000e+04 4.363053211766365e-07
2.342284420000000e+04 3.401080637661848e-08
2.342484430000000e+04 -4.007961599064433e-07
2.342684440000000e+04 -4.524215414823639e-07
2.342884450000000e+04 -7.155329198007729e-08
2.343084450000000e+04 3.777044906222266e-07
2.343284460000000e+04 4.658697313809206e-07
2.343484470000000e+04 1.086681807695232e-07
2.343684480000000e+04 -3.523890416778142e-07
2.343884480000000e+04 -4.765686229609001e-07
2.344084490000000e+04 -1.451394060830404e-07
2.344284500000000e+04 3.250028332758872e-07
2.344484510000000e+04 4.844521886878030e-07
2.344684510000000e+04 1.807541964188125e-07
2.344884520000000e+04 -2.957080980770927e-07
2.345084530000000e+04 -4.894751371333571e-07
2.345284540000000e+04 -2.153017536759671e-07
2.345484540000000e+04 2.646768223369575e-07
2.345684550000000e+04 4.916093484670468e-07
2.345884560000000e+04 2.485762339974430e-07
2.346084570000000e+04 -2.320888847527981e-07
2.346284570000000e+04 -4.908467959214925e-07
2.346484580000000e+04 -2.803780029473443e-07
2.346684590000000e+04 1.981340646080485e-07
2.346884600000000e+04 4.871937358620965e-07
2.347084600000000e+04 3.105187310522576e-07
2.347284610000000e+04 -1.630113869931094e-07
2.347484620000000e+04 -4.806731605072412e-07
2.347684630000000e+04 -3.388209185489488e-07
2.347884630000000e+04 1.269299418893289e-07
2.348084640000000e+04 4.713209624446664e-07
2.348284650000000e+04 3.651214291002035e-07
2.348484660000000e+04 -9.010543318657187e-08
2.348684660000000e+04 -4.591902099268205e-07
2.348884670000000e+04 -3.892677243789643e-07
2.349084680000000e+04 5.275791710972938e-08
2.349284690000000e+04 4.443495779572665e-07
2.349484690000000e+04 4.111202476503579e-07
2.349684700000000e+04 -1.510858212292015e-08
2.349884710000000e+04 -4.268878244934245e-07
2.350084720000000e+04 -4.305490192687062e-07
2.350284720000000e+04 -2.262221633755135e-08
2.350484730000000e+04 4.069096366949646e-07
2.350684740000000e+04 4.474377410447258e-07
2.350884750000000e+04 6.021485023866092e-08
2.351084750000000e+04 -3.845370910755028e-07
2.351284760000000e+04 -4.616832015410565e-07
2.351484770000000e+04 -9.745079682853488e-08
2.351684780000000e+04 3.599040027643397e-07
2.351884780000000e+04 4.732011867468081e-07
2.352084790000000e+04 1.341112493659039e-07
2.352284800000000e+04 -3.331565206757253e-07
2.352484810000000e+04 -4.819239892442183e-07
2.352684810000000e+04 -1.699786940513995e-07
2.352884820000000e+04 3.044499024165197e-07
2.353084830000000e+04 4.878043519893780e-07
2.353284840000000e+04 2.048382808225219e-07
2.353484840000000e+04 -2.739507882929341e-07
2.353684850000000e+04 -4.908100816934018e-07
2.353884860000000e+04 -2.384824041351281e-07
2.354084870000000e+04 2.418364935448140e-07
2.354284870000000e+04 4.909263841820338e-07
2.354484880000000e+04 2.707114873040299e-07
2.354684890000000e+04 -2.082971742876764e-07
2.354884900000000e+04 -4.881512481735841e-07
2.355084900000000e+04 -3.013380525916036e-07
2.355284910000000e+04 1.735327293092484e-07
2.355484920000000e+04 4.824993258476108e-07
2.355684930000000e+04 3.301841619334694e-07
2.355884930000000e+04 -1.377517654370701e-07
2.356084940000000e+04 -4.740003286069505e-07
2.356284950000000e+04 -3.570835130451645e-07
2.356484960000000e+04 1.011674471566470e-07
2.356684960000000e+04 4.627042456733609e-07
2.356884970000000e+04 3.818778383111107e-07
2.357084980000000e+04 -6.399546975914675e-08
2.357284990000000e+04 -4.486780679839927e-07
2.357484990000000e+04 -4.044201247642160e-07
2.357685000000000e+04 2.645273723364790e-08
2.357885010000000e+04 4.320086492334933e-07
2.358085020000000e+04 4.245738025548019e-07
2.358285020000000e+04 1.124276287876010e-08
2.358485030000000e+04 -4.127969244123116e-07
2.358685040000000e+04 -4.422185821876304e-07
2.358885050000000e+04 -4.887087535197275e-08
2.359085050000000e+04 3.911586585905216e-07
2.359285060000000e+04 4.572491049912813e-07
2.359485070000000e+04 8.620959879641630e-08
2.359685080000000e+04 -3.672201227028596e-07
2.359885080000000e+04 -4.695799777713994e-07
2.360085090000000e+04 -1.230362190602612e-07
2.360285100000000e+04 3.411203319986896e-07
2.360485110000000e+04 4.791410910526173e-07
2.360685110000000e+04 1.591306989751877e-07
2.360885120000000e+04 -3.130097813363652e-07
2.361085130000000e+04 -4.858800948060775e-07
2.361285140000000e+04 -1.942777398358742e-07
2.361485140000000e+04 2.830537094344986e-07
2.361685150000000e+04 4.897573593806374e-07
2.361885160000000e+04 2.282711271117029e-07
2.362085170000000e+04 -2.514294787095700e-07
2.362285170000000e+04 -4.907493664106220e-07
2.362485180000000e+04 -2.609125421998045e-07
2.362685190000000e+04 2.183272857142117e-07
2.362885200000000e+04 4.888465092923897e-07
2.363085200000000e+04 2.920136089149252e-07
2.363285210000000e+04 -1.839452616229398e-07
2.363485220000000e+04 -4.840587041826712e-07
2.363685230000000e+04 -3.213926738584227e-07
2.363885230000000e+04 1.484877803804359e-07
2.364085240000000e+04 4.764129642364483e-07
2.364285250000000e+04 3.488769879309148e-07
2.364485260000000e+04 -1.121627130446601e-07
2.364685260000000e+04 -4.659577907523150e-07
2.364885270000000e+04 -3.743015714204845e-07
2.365085280000000e+04 7.518139699422018e-08
2.365285290000000e+04 4.527575974985157e-07
2.365485290000000e+04 3.975142226274387e-07
2.365685300000000e+04 -3.775879709583980e-08
2.365885310000000e+04 -4.368939839010830e-07
2.366085320000000e+04 -4.183754145637479e-07
2.366285320000000e+04 1.144000850369185e-10
2.366485330000000e+04 4.184605559557214e-07
2.366685340000000e+04 4.367639399975752e-07
2.366885350000000e+04 3.752865924740129e-08
2.367085350000000e+04 -3.975650248908502e-07
2.367285360000000e+04 -4.525734617490302e-07
2.367485370000000e+04 -7.494535567554909e-08
2.367685380000000e+04 3.743269340904512e-07
2.367885380000000e+04 4.657152567202749e-07
2.368085390000000e+04 1.119117777371296e-07
2.368285400000000e+04 -3.488816741045397e-07
2.368485410000000e+04 -4.761133528676188e-07
2.368685410000000e+04 -1.482092862492649e-07
2.368885420000000e+04 3.213783839861216e-07
2.369085430000000e+04 4.837071773677745e-07
2.369285440000000e+04 1.836248918377504e-07
2.369485440000000e+04 -2.919823567185588e-07
2.369685450000000e+04 -4.884487963199464e-07
2.369885460000000e+04 -2.179534542280907e-07
2.370085470000000e+04 2.608699960798231e-07
2.370285470000000e+04 4.903082084057729e-07
2.370485480000000e+04 2.509953275969264e-07
2.370685490000000e+04 -2.282278604441591e-07
2.370885500000000e+04 -4.892718214093902e-07
2.371085500000000e+04 -2.825575238362889e-07
2.371285510000000e+04 1.942486120986409e-07
2.371485520000000e+04 4.853478570794404e-07
2.371685530000000e+04 3.124522966735739e-07
2.371885530000000e+04 -1.591308945374434e-07
2.372085540000000e+04 -4.785616585645242e-07
2.372285550000000e+04 -3.405009754121837e-07
2.372485560000000e+04 1.230783058471487e-07
2.372685560000000e+04 4.689577587484068e-07
2.372885570000000e+04 3.665346175029056e-07
2.373085580000000e+04 -8.630117398906501e-08
2.373285590000000e+04 -4.565942435717871e-07
2.373485590000000e+04 -3.903998540310387e-07
2.373685600000000e+04 4.901592874575525e-08
2.373885610000000e+04 4.415445411422507e-07
2.374085620000000e+04 4.119569056251784e-07
2.374285620000000e+04 -1.144488838039467e-08
2.374485630000000e+04 -4.238941402856063e-07
2.374685640000000e+04 -4.310830050871882e-07
2.374885650000000e+04 -2.618695139553719e-08
2.375085650000000e+04 4.037449044191731e-07
2.375285660000000e+04 4.476679446615759e-07
2.375485670000000e+04 6.365543696186631e-08
2.375685680000000e+04 -3.812132493252251e-07
2.375885680000000e+04 -4.616161423953234e-07
2.376085690000000e+04 -1.007392726031597e-07
2.376285700000000e+04 3.564339398242784e-07
2.376485710000000e+04 4.728433367523101e-07
2.376685710000000e+04 1.372224181507839e-07
2.376885720000000e+04 -3.295555653499274e-07
2.377085730000000e+04 -4.812813183367913e-07
2.377285740000000e+04 -1.728930235578767e-07
2.377485740000000e+04 3.007407442259962e-07
2.377685750000000e+04 4.868766926106304e-07
2.377885760000000e+04 2.075436610641639e-07
2.378085770000000e+04 -2.701609437650324e-07
2.378285770000000e+04 -4.895969814821564e-07
2.378485780000000e+04 -2.409699761301314e-07
2.378685790000000e+04 2.379963208438179e-07
2.378885800000000e+04 4.894271503621950e-07
2.379085800000000e+04 2.729730712514493e-07
2.379285810000000e+04 -2.044333395995267e-07
2.379485820000000e+04 -4.863728341859983e-07
2.379685830000000e+04 -3.033604797032990e-07
2.379885830000000e+04 1.696671746493167e-07
2.380085840000000e+04 4.804545688495934e-07
2.380285850000000e+04 3.319515049825673e-07
2.380485860000000e+04 -1.339008020686262e-07
2.380685860000000e+04 -4.717093489683100e-07
2.380885870000000e+04 -3.585770598727755e-07
2.381085880000000e+04 9.734645931047363e-08
2.381285890000000e+04 4.601865351294413e-07
2.381485890000000e+04 3.830836220770615e-07
2.381685900000000e+04 -6.022254095966894e-08
2.381885910000000e+04 -4.459520240278554e-07
2.382085920000000e+04 -4.053297838167413e-07
2.382285920000000e+04 2.275140234674303e-08
2.382485930000000e+04 4.290862010465381e-07
2.382685940000000e+04 4.251877512581345e-07
2.382885950000000e+04 1.484423761233163e-08
2.383085950000000e+04 -4.096889455115930e-07
2.383285960000000e+04 -4.425399658056666e-07
2.383485970000000e+04 -5.234381966889373e-08
2.383685980000000e+04 3.878758689947342e-07
2.383885980000000e+04 4.572828142071944e-07
2.384085990000000e+04 8.952924496358819e-08
2.384286000000000e+04 -3.637800631727345e-07
2.384486010000000e+04 -4.693253614081954e-07
2.384686010000000e+04 -1.261847152532815e-07
2.384886020000000e+04 3.375462384210884e-07
2.385086030000000e+04 4.785955590433445e-07
2.385286040000000e+04 1.620956289080959e-07
2.385486040000000e+04 -3.093306334114956e-07
2.385686050000000e+04 -4.850382252075309e-07
2.385886060000000e+04 -1.970496284418518e-07
2.386086070000000e+04 2.792973870427526e-07
2.386286070000000e+04 4.886193614665085e-07
2.386486080000000e+04 2.308373162954881e-07
2.386686090000000e+04 -2.476210564645674e-07
2.386886100000000e+04 -4.893208586159600e-07
2.387086100000000e+04 -2.632567699663368e-07
2.387286110000000e+04 2.144851556476793e-07
2.387486120000000e+04 4.871421074265888e-07
2.387686130000000e+04 2.941148607461147e-07
2.387886130000000e+04 -1.800849948130203e-07
2.388086140000000e+04 -4.820951866274017e-07
2.388286150000000e+04 -3.232316786800801e-07
2.388486160000000e+04 1.446250616637085e-07
2.388686160000000e+04 4.742086388956454e-07
2.388886170000000e+04 3.504383777800624e-07
2.389086180000000e+04 -1.083183538240495e-07
2.389286190000000e+04 -4.635248732369449e-07
2.389486190000000e+04 -3.755786709195428e-07
2.389686200000000e+04 7.138179038894071e-08
2.389886210000000e+04 4.501059134465943e-07
2.390086220000000e+04 3.985054273060414e-07
2.390286220000000e+04 -3.403388179320353e-08
2.390486230000000e+04 -4.340305389266309e-07
2.390686240000000e+04 -4.190834002434187e-07
2.390886250000000e+04 -3.507269269252995e-09
2.391086250000000e+04 4.153975453349487e-07
2.391286260000000e+04 4.371875772278533e-07
2.391486270000000e+04 4.102362889409515e-08
2.391686280000000e+04 -3.943198738830727e-07
2.391886280000000e+04 -4.527090858582456e-07
2.392086290000000e+04 -7.829687976858659e-08
2.392286300000000e+04 3.709250385984374e-07
2.392486310000000e+04 4.655543562766578e-07
2.392686310000000e+04 1.151079899585574e-07
2.392886320000000e+04 -3.453501465168816e-07
2.393086330000000e+04 -4.756503128058794e-07
2.393286340000000e+04 -1.512377529995299e-07
2.393486340000000e+04 3.177443194940175e-07
2.393686350000000e+04 4.829401560561892e-07
2.393886360000000e+04 1.864699726681413e-07
2.394086370000000e+04 -2.882663580322352e-07
2.394286370000000e+04 -4.873854381162790e-07
2.394486380000000e+04 -2.205938272752020e-07
2.394686390000000e+04 2.570887335162457e-07
2.394886400000000e+04 4.889607685447148e-07
2.395086400000000e+04 2.534082892797156e-07
2.395286410000000e+04 -2.243953417454111e-07
2.395486420000000e+04 -4.876569227988751e-07
2.395686430000000e+04 -2.847217881967201e-07
2.395886430000000e+04 1.903824885303289e-07
2.396086440000000e+04 4.834776651326366e-07
2.396286450000000e+04 3.143538900157557e-07
2.396486460000000e+04 -1.552540317776667e-07
2.396686460000000e+04 -4.764457360781981e-07
2.396886470000000e+04 -3.421323930490780e-07
2.397086480000000e+04 1.192196598915994e-07
2.397286490000000e+04 4.666006548980257e-07
2.397486490000000e+04 3.678948150414320e-07
2.397686500000000e+04 -8.249113553763659e-08
2.397886510000000e+04 -4.540032655067568e-07
2.398086520000000e+04 -3.914866199793072e-07
2.398286520000000e+04 4.528246784895870e-08
2.398486530000000e+04 4.387306386059121e-07
2.398686540000000e+04 4.127661990604295e-07
2.398886550000000e+04 -7.809346887796052e-09
2.399086550000000e+04 -4.208773207027217e-07
2.399286560000000e+04 -4.316048322320216e-07
2.399486570000000e+04 -2.970923491920785e-08
2.399686580000000e+04 4.005493377972063e-07
2.399886580000000e+04 4.478922938440056e-07
2.400086590000000e+04 6.705148894212884e-08
2.400286600000000e+04 -3.778661815649676e-07
2.400486610000000e+04 -4.615343336955995e-07
2.400686610000000e+04 -1.039944107650169e-07
2.400886620000000e+04 3.529576804772961e-07
2.401086630000000e+04 4.724553621527287e-07
2.401286640000000e+04 1.403165683714729e-07
2.401486640000000e+04 -3.259685322440378e-07
2.401686650000000e+04 -4.805932422426558e-07
2.401886660000000e+04 -1.758020620769793e-07
2.402086670000000e+04 2.970562468658527e-07
2.402286670000000e+04 4.859015030050482e-07
2.402486680000000e+04 2.102421686229918e-07
2.402686690000000e+04 -2.663937607542774e-07
2.402886700000000e+04 -4.883458894391355e-07
2.403086700000000e+04 -2.434373746525629e-07
2.403286710000000e+04 2.341648961549555e-07
2.403486720000000e+04 4.879097787531820e-07
2.403686730000000e+04 2.751953323120490e-07
2.403886730000000e+04 -2.005637040445144e-07
2.404086740000000e+04 -4.845924750337302e-07
2.404286750000000e+04 -3.053313894653549e-07
2.404486760000000e+04 1.657891629177132e-07
2.404686760000000e+04 4.784146794112265e-07
2.404886770000000e+04 3.336667759498756e-07
2.405086780000000e+04 -1.300451020963621e-07
2.405286790000000e+04 -4.694146293613020e-07
2.405486790000000e+04 -3.600322644136120e-07
2.405686800000000e+04 9.353855333588228e-08
2.405886810000000e+04 4.576504535857428e-07
2.406086820000000e+04 3.842685057805504e-07
2.406286820000000e+04 -5.648196324678472e-08
2.406486830000000e+04 -4.431936399077937e-07
2.406686840000000e+04 -4.062316110831495e-07
2.406886850000000e+04 1.909265506272222e-08
2.407086850000000e+04 4.261307128314480e-07
2.407286860000000e+04 4.257924353303261e-07
2.407486870000000e+04 1.840707933021375e-08
2.407686880000000e+04 -4.065592177175877e-07
2.407886890000000e+04 -4.428400205883807e-07
2.408086890000000e+04 -5.579272679335888e-08
2.408286900000000e+04 3.845921235492048e-07
2.408486910000000e+04 4.572769220082267e-07
2.408686920000000e+04 9.284060419469918e-08
2.408886920000000e+04 -3.603558602207297e-07
2.409086930000000e+04 -4.690210635171453e-07
2.409286940000000e+04 -1.293312241015251e-07
2.409486950000000e+04 3.339943182102855e-07
2.409686950000000e+04 4.780017197871514e-07
2.409886960000000e+04 1.650516425732872e-07
2.410086970000000e+04 -3.056649805604548e-07
2.410286980000000e+04 -4.841641231611685e-07
2.410486980000000e+04 -1.997946551834342e-07
2.410686990000000e+04 2.755396420314601e-07
2.410887000000000e+04 4.874678608094428e-07
2.411087010000000e+04 2.333590325539895e-07
2.411287010000000e+04 -2.437981030027568e-07
2.411487020000000e+04 -4.878929062506399e-07
2.411687030000000e+04 -2.655475439334427e-07
2.411887040000000e+04 2.106281498354688e-07
2.412087040000000e+04 4.854371313072717e-07
2.412287050000000e+04 2.961691984354842e-07
2.412487060000000e+04 -1.762224010097955e-07
2.412687070000000e+04 -4.801197540669623e-07
2.412887070000000e+04 -3.250396161773547e-07
2.413087080000000e+04 1.407806171533203e-07
2.413287090000000e+04 4.719750541645873e-07
2.413487100000000e+04 3.519861388107844e-07
2.413687100000000e+04 -1.045090107050858e-07
2.413887110000000e+04 -4.610541233142881e-07
2.414087120000000e+04 -3.768486739372697e-07
2.414287130000000e+04 6.762193730251870e-08
2.414487130000000e+04 4.474196954010467e-07
2.414687140000000e+04 3.994837009388541e-07
2.414887150000000e+04 -3.033938716970147e-08
2.415087160000000e+04 -4.311501636989291e-07
2.415287160000000e+04 -4.197609084228364e-07
2.415487170000000e+04 -7.114788770563290e-09
2.415687180000000e+04 4.123373674038193e-07
2.415887190000000e+04 4.375649986699400e-07
2.416087190000000e+04 4.451736718414983e-08
2.416287200000000e+04 -3.910917185483607e-07
2.416487210000000e+04 -4.527912928867946e-07
2.416687220000000e+04 -8.164809210076130e-08
2.416887220000000e+04 3.675390854391159e-07
2.417087230000000e+04 4.653491443076220e-07
2.417287240000000e+04 1.182907624166934e-07
2.417487250000000e+04 -3.418229034042636e-07
2.417687250000000e+04 -4.751603609143437e-07
2.417887260000000e+04 -1.542333303150547e-07
2.418087270000000e+04 3.140977892153462e-07
2.418287280000000e+04 4.821652294047688e-07
2.418487280000000e+04 1.892662379989047e-07
2.418687290000000e+04 -2.845298380909087e-07
2.418887300000000e+04 -4.863211929686439e-07
2.419087310000000e+04 -2.231830037970281e-07
2.419287310000000e+04 2.532917720560577e-07
2.419487320000000e+04 4.876073181945070e-07
2.419687330000000e+04 2.557806666236068e-07
2.419887340000000e+04 -2.205650858983372e-07
2.420087340000000e+04 -4.860190324347724e-07
2.420287350000000e+04 -2.868638173726940e-07
2.420487360000000e+04 1.865388700758384e-07
2.420687370000000e+04 4.815702296730868e-07
2.420887370000000e+04 3.162465668578233e-07
2.421087380000000e+04 -1.514128473353987e-07
2.421287390000000e+04 -4.742872241298103e-07
2.421487400000000e+04 -3.437568506218056e-07
2.421687400000000e+04 1.153951436747222e-07
2.421887410000000e+04 4.642119501392582e-07
2.422087420000000e+04 3.692349420593524e-07
2.422287430000000e+04 -7.870209022375439e-08
2.422487430000000e+04 -4.513995564899381e-07
2.422687440000000e+04 -3.925354632339715e-07
2.422887450000000e+04 4.155327388121263e-08
2.423087460000000e+04 4.359238397552186e-07
2.423287460000000e+04 4.135230137187664e-07
2.423487470000000e+04 -4.169537652756701e-09
2.423687480000000e+04 -4.178749356594041e-07
2.423887490000000e+04 -4.320743337497048e-07
2.424087490000000e+04 -3.323013045051698e-08
2.424287500000000e+04 3.973628402441246e-07
2.424487510000000e+04 4.480766641984788e-07
2.424687520000000e+04 7.042885583777753e-08
2.424887520000000e+04 -3.745115958710309e-07
2.425087530000000e+04 -4.614330361654966e-07
2.425287540000000e+04 -1.072108592062644e-07
2.425487550000000e+04 3.494602161627069e-07
2.425687550000000e+04 4.720619312151547e-07
2.425887560000000e+04 1.433607540045088e-07
2.426087570000000e+04 -3.223564486938387e-07
2.426287580000000e+04 -4.799025015982613e-07
2.426487580000000e+04 -1.786639116445562e-07
2.426687590000000e+04 2.933585348191192e-07
2.426887600000000e+04 4.849108829216377e-07
2.427087610000000e+04 2.129089257258261e-07
2.427287610000000e+04 -2.626332666001401e-07
2.427487620000000e+04 -4.870628591631718e-07
2.427687630000000e+04 -2.458903354980649e-07
2.427887640000000e+04 2.303597139919126e-07
2.428087640000000e+04 4.863474443255576e-07
2.428287650000000e+04 2.774127880954517e-07
2.428487660000000e+04 -1.967273660137503e-07
2.428687670000000e+04 -4.827694248618176e-07
2.428887670000000e+04 -3.072916714704104e-07
2.429087680000000e+04 1.619377209272068e-07
2.429287690000000e+04 4.763462654225956e-07
2.429487700000000e+04 3.353553694599781e-07
2.429687700000000e+04 -1.261992750549469e-07
2.429887710000000e+04 -4.671133907800399e-07
2.430087720000000e+04 -3.614415923499912e-07
2.430287730000000e+04 8.972633894933772e-08
2.430487730000000e+04 4.551224461022571e-07
2.430687740000000e+04 3.853986066049452e-07
2.430887750000000e+04 -5.273409674387437e-08
2.431087760000000e+04 -4.404462188939125e-07
2.431287760000000e+04 -4.070832182411678e-07
2.431487770000000e+04 1.543824047616351e-08
2.431687780000000e+04 4.231736897489571e-07
2.431887790000000e+04 4.263648774264162e-07
2.432087790000000e+04 2.194529008075788e-08
2.432287800000000e+04 -4.034119394021681e-07
2.432487810000000e+04 -4.431260522907955e-07
2.432687820000000e+04 -5.919881519591049e-08
2.432887820000000e+04 3.812791032590057e-07
2.433087830000000e+04 4.572678296996201e-07
2.433287840000000e+04 9.610308854869436e-08
2.433487850000000e+04 -3.569058660582954e-07
2.433687850000000e+04 -4.687079771768461e-07
2.433887860000000e+04 -1.324378815916839e-07
2.434087870000000e+04 3.304322772170047e-07
2.434287880000000e+04 4.773841806630587e-07
2.434487880000000e+04 1.679851777341380e-07
2.434687890000000e+04 -3.020116362792659e-07
2.434887900000000e+04 -4.832482005389274e-07
2.435087910000000e+04 -2.025327540478641e-07
2.435287910000000e+04 2.718088929777556e-07
2.435487920000000e+04 4.862678174870788e-07
2.435687930000000e+04 2.358765810008521e-07
2.435887940000000e+04 -2.400040419760000e-07
2.436087940000000e+04 -4.864229618002971e-07
2.436287950000000e+04 -2.678234276300449e-07
2.436487960000000e+04 2.067873703453465e-07
2.436687970000000e+04 4.837102131725830e-07
2.436887970000000e+04 2.981885769605243e-07
2.437087980000000e+04 -1.723593780851148e-07
2.437287990000000e+04 -4.781415249546466e-07
2.437488000000000e+04 -3.267964656788433e-07
2.437688000000000e+04 1.369247686792363e-07
2.437888010000000e+04 4.697501143774987e-07
2.438088020000000e+04 3.534783700377662e-07
2.438288030000000e+04 -1.006919167904342e-07
2.438488030000000e+04 -4.585866578614590e-07
2.438688040000000e+04 -3.780748658969787e-07
2.438888050000000e+04 6.387091403204988e-08
2.439088060000000e+04 4.447222286331424e-07
2.439288060000000e+04 4.004367168290423e-07
2.439488070000000e+04 -2.667537457819818e-08
2.439688080000000e+04 -4.282413920880269e-07
2.439888090000000e+04 -4.204303370807069e-07
2.440088090000000e+04 -1.067769660545284e-08
2.440288100000000e+04 4.092435170917352e-07
2.440488110000000e+04 4.379373588492981e-07
2.440688120000000e+04 4.796661325995183e-08
2.440888120000000e+04 -3.878382103043651e-07
2.441088130000000e+04 -4.528586461312022e-07
2.441288140000000e+04 -8.496829300008339e-08
2.441488150000000e+04 3.641488686043050e-07
2.441688150000000e+04 4.651096414324461e-07
2.441888160000000e+04 1.214607986941035e-07
2.442088170000000e+04 -3.383111656013769e-07
2.442288180000000e+04 -4.746220710994555e-07
2.442488180000000e+04 -1.572270268399253e-07
2.442688190000000e+04 3.104777841737055e-07
2.442888200000000e+04 4.813394099712218e-07
2.443088210000000e+04 1.920575998646480e-07
2.443288210000000e+04 -2.808143139596964e-07
2.443488220000000e+04 -4.852201997791233e-07
2.443688230000000e+04 -2.257504616372054e-07
2.443888240000000e+04 2.495005247785714e-07
2.444088240000000e+04 4.862370425183916e-07
2.444288250000000e+04 2.581112869522573e-07
2.444488260000000e+04 -2.167239857000593e-07
2.444688270000000e+04 -4.843827196991577e-07
2.444888270000000e+04 -2.889511321105534e-07
2.445088280000000e+04 1.826795160059775e-07
2.445288290000000e+04 4.796676837347242e-07
2.445488300000000e+04 3.180872821229768e-07
2.445688300000000e+04 -1.475654549825476e-07
2.445888310000000e+04 -4.721241582418125e-07
2.446088320000000e+04 -3.453442352613423e-07
2.446288330000000e+04 1.115853558636892e-07
2.446488330000000e+04 4.617999676621308e-07
2.446688340000000e+04 3.705583332242926e-07
2.446888350000000e+04 -7.494759331212559e-08
2.447088360000000e+04 -4.487599761497242e-07
2.447288360000000e+04 -3.935787597481270e-07
2.447488370000000e+04 3.786808374497367e-08
2.447688380000000e+04 4.330803726910827e-07
2.447888390000000e+04 4.142721550858862e-07
2.448088390000000e+04 -5.673632873719605e-10
2.448288400000000e+04 -4.148515936163070e-07
2.448488410000000e+04 -4.325196443441749e-07
2.448688420000000e+04 -3.673043233509102e-08
2.448888420000000e+04 3.941764995591624e-07
2.449088430000000e+04 4.482185975434627e-07
2.449288440000000e+04 7.380220063484084e-08
2.449488450000000e+04 -3.711757986784683e-07
2.449688450000000e+04 -4.612778884825187e-07
2.449888460000000e+04 -1.104287235275391e-07
2.450088470000000e+04 3.459847804314516e-07
2.450288480000000e+04 4.716200188489486e-07
2.450488480000000e+04 1.463963214192551e-07
2.450688490000000e+04 -3.187563197725344e-07
2.450888500000000e+04 -4.791799063839212e-07
2.451088510000000e+04 -1.814972609473780e-07
2.451288510000000e+04 2.896544262714634e-07
2.451488520000000e+04 4.839105507262506e-07
2.451688530000000e+04 2.155279522754270e-07
2.451888540000000e+04 -2.588541913591423e-07
2.452088540000000e+04 -4.857817608052494e-07
2.452288550000000e+04 -2.482884933621139e-07
2.452488560000000e+04 2.265364349416049e-07
2.452688570000000e+04 4.847854777827232e-07
2.452888570000000e+04 2.795833223003235e-07
2.453088580000000e+04 -1.928891272061717e-07
2.453288590000000e+04 -4.809306512753884e-07
2.453488600000000e+04 -3.092244183563413e-07
2.453688600000000e+04 1.581061700466571e-07
2.453888610000000e+04 4.742451730158951e-07
2.454088620000000e+04 3.370335057926352e-07
2.454288630000000e+04 -1.223909975934087e-07
2.454488630000000e+04 -4.647695821418833e-07
2.454688640000000e+04 -3.628469782486252e-07
2.454888650000000e+04 8.595421854356936e-08
2.455088660000000e+04 4.525592700645520e-07
2.455288660000000e+04 3.865147594133408e-07
2.455488670000000e+04 -4.901456317972488e-08
2.455688680000000e+04 -4.376818986518096e-07
2.455888690000000e+04 -4.079023793783305e-07
2.456088690000000e+04 1.179361283348449e-08
2.456288700000000e+04 4.202228088086376e-07
2.456488710000000e+04 4.268866931837860e-07
2.456688720000000e+04 2.548655697086676e-08
2.456888720000000e+04 -4.002826734976261e-07
2.457088730000000e+04 -4.433570591886164e-07
2.457288740000000e+04 -6.260683888626298e-08
2.457488750000000e+04 3.779821916979042e-07
2.457688750000000e+04 4.572134904668079e-07
2.457888760000000e+04 9.935179081830133e-08
2.458088770000000e+04 -3.534560708278763e-07
2.458288780000000e+04 -4.683712992657491e-07
2.458488780000000e+04 -1.355089440787355e-07
2.458688790000000e+04 3.268537584478502e-07
2.458888800000000e+04 4.767609006305849e-07
2.459088810000000e+04 1.708674758163897e-07
2.459288810000000e+04 -2.983331142000941e-07
2.459488820000000e+04 -4.823339612859071e-07
2.459688830000000e+04 -2.052184052766063e-07
2.459888840000000e+04 2.680613668205653e-07
2.460088840000000e+04 4.850596868578609e-07
2.460288850000000e+04 2.383559003383836e-07
2.460488860000000e+04 -2.362126825668579e-07
2.460688870000000e+04 -4.849274701565994e-07
2.460888870000000e+04 -2.700803970983800e-07
2.461088880000000e+04 2.029720127864804e-07
2.461288890000000e+04 4.819407589109932e-07
2.461488900000000e+04 3.002032350333504e-07
2.461688900000000e+04 -1.685333481489832e-07
2.461888910000000e+04 -4.761186220096553e-07
2.462088920000000e+04 -3.285473576777469e-07
2.462288930000000e+04 1.331025791070686e-07
2.462488930000000e+04 4.674921845276761e-07
2.462688940000000e+04 3.549499204690574e-07
2.462888950000000e+04 -9.689217527857195e-08
2.463088960000000e+04 -4.561093966336561e-07
2.463288960000000e+04 -3.792591059763829e-07
2.463488970000000e+04 6.011973377726289e-08
2.463688980000000e+04 4.420335055780234e-07
2.463888990000000e+04 4.013346025224998e-07
2.464088990000000e+04 -2.300315615726169e-08
2.464289000000000e+04 -4.253489212825200e-07
2.464489010000000e+04 -4.210452158376904e-07
2.464689020000000e+04 -1.424045640331697e-08
2.464889020000000e+04 4.061562200324945e-07
2.465089030000000e+04 4.382719906191230e-07
2.465289040000000e+04 5.139569678585099e-08
2.465489050000000e+04 -3.845739429989429e-07
2.465689050000000e+04 -4.529087716539260e-07
2.465889060000000e+04 -8.824702540530619e-08
2.466089070000000e+04 3.607319084276780e-07
2.466289080000000e+04 4.648684582092132e-07
2.466489080000000e+04 1.245787162940826e-07
2.466689090000000e+04 -3.347718331856787e-07
2.466889100000000e+04 -4.740810140147397e-07
2.467089110000000e+04 -1.601743075988017e-07
2.467289110000000e+04 3.068433865401949e-07
2.467489120000000e+04 4.804969683269326e-07
2.467689130000000e+04 1.948198973213989e-07
2.467889140000000e+04 -2.771080130929209e-07
2.468089140000000e+04 -4.840821434170950e-07
2.468289150000000e+04 -2.283079911197982e-07
2.468489160000000e+04 2.457373158763770e-07
2.468689170000000e+04 4.848187158132845e-07
2.468889170000000e+04 2.604399149395909e-07
2.469089180000000e+04 -2.129174560979688e-07
2.469289190000000e+04 -4.827008519968301e-07
2.469489200000000e+04 -2.910288556991861e-07
2.469689200000000e+04 1.788444560436927e-07
2.469889210000000e+04 4.777385079805847e-07
2.470089220000000e+04 3.198984887518630e-07
2.470289230000000e+04 -1.437241279645887e-07
2.470489230000000e+04 -4.699561898183836e-07
2.470689240000000e+04 -3.468828048660460e-07
2.470889250000000e+04 1.077661793214030e-07
2.471089260000000e+04 4.593992973517996e-07
2.471289260000000e+04 3.718237197875589e-07
2.471489270000000e+04 -7.118302000588688e-08
2.471689280000000e+04 -4.461306061811143e-07
2.471889290000000e+04 -3.945725398526569e-07
2.472089290000000e+04 3.418692755957802e-08
2.472289300000000e+04 4.302334327991771e-07
2.472489310000000e+04 4.149906788172329e-07
2.472689320000000e+04 3.007836500968651e-09
2.472889320000000e+04 -4.118050708806869e-07
2.473089330000000e+04 -4.329552649044036e-07
2.473289340000000e+04 -4.018532252583458e-08
2.473489350000000e+04 3.909573135949308e-07
2.473689350000000e+04 4.483589660418050e-07
2.473889360000000e+04 7.712569344070143e-08
2.474089370000000e+04 -3.678112818381804e-07
2.474289380000000e+04 -4.611144530500896e-07
2.474489380000000e+04 -1.136082124454363e-07
2.474689390000000e+04 3.425007307812550e-07
2.474889400000000e+04 4.711503519806476e-07
2.475089410000000e+04 1.494135522290101e-07
2.475289410000000e+04 -3.151701413073999e-07
2.475489420000000e+04 -4.784121589472403e-07
2.475689430000000e+04 -1.843277317783053e-07
2.475889440000000e+04 2.859800341231844e-07
2.476089440000000e+04 4.828575572059372e-07
2.476289450000000e+04 2.181455146063802e-07
2.476489460000000e+04 -2.551032553538274e-07
2.476689470000000e+04 -4.844590645079796e-07
2.476889470000000e+04 -2.506708060355061e-07
2.477089480000000e+04 2.227267452021963e-07
2.477289490000000e+04 4.832024490803698e-07
2.477489500000000e+04 2.817164701843612e-07
2.477689500000000e+04 -1.890450748660824e-07
2.477889510000000e+04 -4.790930174810960e-07
2.478089520000000e+04 -3.111023148517873e-07
2.478289530000000e+04 1.542593093024334e-07
2.478489530000000e+04 4.721535123339324e-07
2.478689540000000e+04 3.386551256791794e-07
2.478889550000000e+04 -1.185726446668495e-07
2.479089560000000e+04 -4.624288356856190e-07
2.479289560000000e+04 -3.642090175350738e-07
2.479489570000000e+04 8.219218057473847e-08
2.479689580000000e+04 4.499800882497151e-07
2.479889590000000e+04 3.876097766246980e-07
2.480089590000000e+04 -4.532790557127716e-08
2.480289600000000e+04 -4.348853514232254e-07
2.480489610000000e+04 -4.087162944969795e-07
2.480689620000000e+04 8.195988340758465e-09
2.480889620000000e+04 4.172337629006180e-07
2.481089630000000e+04 4.274057114596905e-07
2.481289640000000e+04 2.898348119433027e-08
2.481489650000000e+04 -3.971280602613333e-07
2.481689650000000e+04 -4.435709822186289e-07
2.481889660000000e+04 -6.598693273082255e-08
2.482089670000000e+04 3.746818350805002e-07
2.482289680000000e+04 4.571220456489963e-07
2.482489680000000e+04 1.025922572792345e-07
2.482689690000000e+04 -3.500252492032126e-07
2.482889700000000e+04 -4.679813783394992e-07
2.483089710000000e+04 -1.385820917497910e-07
2.483289710000000e+04 3.233023410284200e-07
2.483489720000000e+04 4.760854853042793e-07
2.483689730000000e+04 1.737460835470793e-07
2.483889740000000e+04 -2.946746502082773e-07
2.484089740000000e+04 -4.813826614167481e-07
2.484289750000000e+04 -2.078810221068718e-07
2.484489760000000e+04 2.643148379960197e-07
2.484689770000000e+04 4.838385613898176e-07
2.484889770000000e+04 2.407898139082136e-07
2.485089780000000e+04 -2.324061551725409e-07
2.485289790000000e+04 -4.834354432067688e-07
2.485489800000000e+04 -2.722803179309816e-07
2.485689800000000e+04 1.991367294904728e-07
2.485889810000000e+04 4.801778469795777e-07
2.486089820000000e+04 3.021651263891139e-07
2.486289830000000e+04 -1.647008378165348e-07
2.486489830000000e+04 -4.740880736611128e-07
2.486689840000000e+04 -3.302643490816316e-07
2.486889850000000e+04 1.292966001701770e-07
2.487089860000000e+04 4.652075482871944e-07
2.487289860000000e+04 3.564080790108831e-07
2.487489870000000e+04 -9.313008304499156e-08
2.487689880000000e+04 -4.535906699329177e-07
2.487889890000000e+04 -3.804415467203566e-07
2.488089890000000e+04 5.641360755699381e-08
2.488289900000000e+04 4.393064861345798e-07
2.488489910000000e+04 4.022247471809525e-07
2.488689920000000e+04 -1.936716358167040e-08
2.488889920000000e+04 -4.224349561748745e-07
2.489089930000000e+04 -4.216342049640241e-07
2.489289940000000e+04 -1.778668392816059e-08
2.489489950000000e+04 4.030724694709404e-07
2.489689950000000e+04 4.385592398505428e-07
2.489889960000000e+04 5.482535595964962e-08
2.490089970000000e+04 -3.813300074285955e-07
2.490289980000000e+04 -4.529025058764366e-07
2.490489980000000e+04 -9.153042690295856e-08
2.490689990000000e+04 3.573380114667823e-07
2.490890000000000e+04 4.645771005436430e-07
2.491090010000000e+04 1.276882738690770e-07
2.491290010000000e+04 -3.312411006288902e-07
2.491490020000000e+04 -4.735110373044960e-07
2.491690030000000e+04 -1.630904075072564e-07
2.491890040000000e+04 3.031985532259814e-07
2.492090040000000e+04 4.796471685220489e-07
2.492290050000000e+04 1.975314660684567e-07
2.492490060000000e+04 -2.733775864903509e-07
2.492690070000000e+04 -4.829493201755350e-07
2.492890070000000e+04 -2.308087281845861e-07
2.493090080000000e+04 2.419540885105526e-07
2.493290090000000e+04 4.833995976794647e-07
2.493490100000000e+04 2.627231592369584e-07
2.493690100000000e+04 -2.091089354327460e-07
2.493890110000000e+04 -4.810008993756942e-07
2.494090120000000e+04 -2.930820950793214e-07
2.494290130000000e+04 1.750323206722010e-07
2.494490130000000e+04 4.757708092508366e-07
2.494690140000000e+04 3.217038254919141e-07
2.494890150000000e+04 -1.399222693141055e-07
2.495090160000000e+04 -4.677427482320610e-07
2.495290160000000e+04 -3.484193864287811e-07
2.495490170000000e+04 1.039876735697785e-07
2.495690180000000e+04 4.569612496679269e-07
2.495890190000000e+04 3.730750610765920e-07
2.496090190000000e+04 -6.744380065471940e-08
2.496290200000000e+04 -4.434868869627149e-07
2.496490210000000e+04 -3.955298693837356e-07
2.496690220000000e+04 3.051106770669295e-08
2.496890220000000e+04 4.273945540694389e-07
2.497090230000000e+04 4.156554164211369e-07
2.497290240000000e+04 6.590882948847975e-09
2.497490250000000e+04 -4.087793260827927e-07
2.497690250000000e+04 -4.333327740764386e-07
2.497890260000000e+04 -4.364411617638569e-08
2.498090270000000e+04 3.877525399763322e-07
2.498290280000000e+04 4.484554699145716e-07
2.498490280000000e+04 8.043449165451244e-08
2.498690290000000e+04 -3.644439305652702e-07
2.498890300000000e+04 -4.609294972870340e-07
2.499090310000000e+04 -1.167492218460041e-07
2.499290310000000e+04 3.389941664889512e-07
2.499490320000000e+04 4.706792297247929e-07
2.499690330000000e+04 1.523766299561214e-07
2.499890340000000e+04 -3.115555555363960e-07
2.500090340000000e+04 -4.776468156597400e-07
2.500290350000000e+04 -1.871053963846436e-07
2.500490360000000e+04 2.822868143146006e-07
2.500690370000000e+04 4.817957874372287e-07
2.500890370000000e+04 2.207269599700830e-07
2.501090380000000e+04 -2.513572240917172e-07
2.501290390000000e+04 -4.831057716068843e-07
2.501490400000000e+04 -2.530388262802277e-07
2.501690400000000e+04 2.189447077101083e-07
2.501890410000000e+04 4.815733747045859e-07
2.502090420000000e+04 2.838484286594570e-07
2.502290430000000e+04 -1.852402968417949e-07
2.502490430000000e+04 -4.772068485744149e-07
2.502690440000000e+04 -3.129759877602634e-07
2.502890450000000e+04 1.504445523741674e-07
2.503090460000000e+04 4.700299423524802e-07
2.503290460000000e+04 3.402538400315020e-07
2.503490470000000e+04 -1.147680826557726e-07
2.503690480000000e+04 -4.600798495861269e-07
2.503890490000000e+04 -3.655260641398690e-07
2.504090490000000e+04 7.842451313199051e-08
2.504290500000000e+04 4.474134611133798e-07
2.504490510000000e+04 3.886455263879195e-07
2.504690520000000e+04 -4.162962159499971e-08
2.504890520000000e+04 -4.321050645629212e-07
2.505090530000000e+04 -4.094752669634497e-07
2.505290540000000e+04 4.597288546122548e-09
2.505490550000000e+04 4.142499185070456e-07
2.505690550000000e+04 4.278881794637387e-07
2.505890560000000e+04 3.245816047265352e-08
2.506090570000000e+04 -3.939571717833390e-07
2.506290580000000e+04 -4.437721264230267e-07
2.506490580000000e+04 -6.932237830640015e-08
2.506690590000000e+04 3.713507592697403e-07
2.506890600000000e+04 4.570311885637393e-07
2.507090610000000e+04 1.057786156263849e-07
2.507290610000000e+04 -3.465628425893715e-07
2.507490620000000e+04 -4.675899690252912e-07
2.507690630000000e+04 -1.416096631897884e-07
2.507890640000000e+04 3.197373218648399e-07
2.508090640000000e+04 4.753899924854511e-07
2.508290650000000e+04 1.765994137813811e-07
2.508490660000000e+04 -2.910271248047351e-07
2.508690670000000e+04 -4.803907975434475e-07
2.508890670000000e+04 -2.105381162497401e-07
2.509090680000000e+04 2.605996710593255e-07
2.509290690000000e+04 4.825642622771898e-07
2.509490700000000e+04 2.432251180267744e-07
2.509690700000000e+04 -2.286341436448674e-07
2.509890710000000e+04 -4.818972096484369e-07
2.510090720000000e+04 -2.744705809163561e-07
2.510290730000000e+04 1.953238643917286e-07
2.510490730000000e+04 4.783888158090646e-07
2.510690740000000e+04 3.040952305701239e-07
2.510890750000000e+04 -1.608691379693709e-07
2.511090760000000e+04 -4.720566460377104e-07
2.511290760000000e+04 -3.319280974703632e-07
2.511490770000000e+04 1.254768819099846e-07
2.511690780000000e+04 4.629356486922332e-07
2.511890790000000e+04 3.578062691945753e-07
2.512090790000000e+04 -8.935457777379902e-08
2.512290800000000e+04 -4.510828667146347e-07
2.512490810000000e+04 -3.815743130245991e-07
2.512690820000000e+04 5.271219109866677e-08
2.512890820000000e+04 4.365717888681735e-07
2.513090830000000e+04 4.030879887245044e-07
2.513290840000000e+04 -1.576065326526257e-08
2.513490850000000e+04 -4.194937219267160e-07
2.513690850000000e+04 -4.222166974262362e-07
2.513890860000000e+04 -2.128447081008304e-08
2.514090870000000e+04 3.999503910312390e-07
2.514290880000000e+04 4.388480274353217e-07
2.514490880000000e+04 5.820455681791381e-08
2.514690890000000e+04 -3.780564347063213e-07
2.514890900000000e+04 -4.528865191558762e-07
2.515090910000000e+04 -9.477763288310220e-08
2.515290910000000e+04 3.539359087926520e-07
2.515490920000000e+04 4.642552266836836e-07
2.515690930000000e+04 1.307839101537518e-07
2.515890940000000e+04 -3.277279431114221e-07
2.516090940000000e+04 -4.728903624447929e-07
2.516290950000000e+04 -1.660081501154194e-07
2.516490960000000e+04 2.995847315770176e-07
2.516690970000000e+04 4.787425434255794e-07
2.516890970000000e+04 2.002436973799721e-07
2.517090980000000e+04 -2.696754850412352e-07
2.517290990000000e+04 -4.817738704045576e-07
2.517491000000000e+04 -2.332927733194674e-07
2.517691000000000e+04 2.381801712095243e-07
2.517891010000000e+04 4.819628709249269e-07
2.518091020000000e+04 2.649653131504939e-07
2.518291030000000e+04 -2.052900013969528e-07
2.518491030000000e+04 -4.793044226034918e-07
2.518691040000000e+04 -2.950774722010767e-07
2.518891050000000e+04 1.711997979065017e-07
2.519091060000000e+04 4.738151858803361e-07
2.519291060000000e+04 3.234509589306733e-07
2.519491070000000e+04 -1.361092726785381e-07
2.519691080000000e+04 -4.655299277272933e-07
2.519891090000000e+04 -3.499148598292975e-07
2.520091090000000e+04 1.002202529328720e-07
2.520291100000000e+04 4.545038342326240e-07
2.520491110000000e+04 3.743086163096343e-07
2.520691120000000e+04 -6.374085269875109e-08
2.520891120000000e+04 -4.408047899007674e-07
2.521091130000000e+04 -3.964863411366968e-07
2.521291140000000e+04 2.688411038619217e-08
2.521491150000000e+04 4.245150560250219e-07
2.521691150000000e+04 4.163180608233331e-07
2.521891160000000e+04 1.012977659860590e-08
2.522091170000000e+04 -4.057268589750304e-07
2.522291180000000e+04 -4.336919445519075e-07
2.522491180000000e+04 -4.707869124845533e-08
2.522691190000000e+04 3.845474753964215e-07
2.522891200000000e+04 4.485099284833533e-07
2.523091210000000e+04 8.373991824954049e-08
2.523291210000000e+04 -3.610976427300634e-07
2.523491220000000e+04 -4.606880878251132e-07
2.523691230000000e+04 -1.198963217965618e-07
2.523891240000000e+04 3.355168123186930e-07
2.524091240000000e+04 4.701532519657148e-07
2.524291250000000e+04 1.553369995584962e-07
2.524491260000000e+04 -3.079582109661144e-07
2.524691270000000e+04 -4.768465233171890e-07
2.524891270000000e+04 -1.898578808690268e-07
2.525091280000000e+04 2.785906697870766e-07
2.525291290000000e+04 4.807234714829418e-07
2.525491300000000e+04 2.232596044751828e-07
2.525691300000000e+04 -2.475900095911397e-07
2.525891310000000e+04 -4.817599271527014e-07
2.526091320000000e+04 -2.553468150709722e-07
2.526291330000000e+04 2.151400437928530e-07
2.526491330000000e+04 4.799503548572237e-07
2.526691340000000e+04 2.859280012003254e-07
2.526891350000000e+04 -1.814280702543966e-07
2.527091360000000e+04 -4.753112127348180e-07
2.527291360000000e+04 -3.148185091003666e-07
2.527491370000000e+04 1.466489719344245e-07
2.527691380000000e+04 4.678738568634054e-07
2.527891390000000e+04 3.418440003071660e-07
2.528091390000000e+04 -1.110037409333578e-07
2.528291400000000e+04 -4.576858087549252e-07
2.528491410000000e+04 -3.668439327336107e-07
2.528691420000000e+04 7.470355880747229e-08
2.528891420000000e+04 4.448052684571083e-07
2.529091430000000e+04 3.896742301000052e-07
2.529291440000000e+04 -3.796510911708876e-08
2.529491450000000e+04 -4.293051917302025e-07
2.529691450000000e+04 -4.102048272384966e-07
2.529891460000000e+04 1.010846077752783e-09
2.530091470000000e+04 4.112716712841776e-07
2.530291480000000e+04 4.283195967717537e-07
2.530491480000000e+04 3.593862446623290e-08
2.530691490000000e+04 -3.908101258651335e-07
2.530891500000000e+04 -4.439127547414545e-07
2.531091510000000e+04 -7.266527895221061e-08
2.531291510000000e+04 3.680417169226559e-07
2.531491520000000e+04 4.568905012164191e-07
2.531691530000000e+04 1.089565180846997e-07
2.531891540000000e+04 -3.431066773513125e-07
2.532091540000000e+04 -4.671714176918463e-07
2.532291550000000e+04 -1.446030531827336e-07
2.532491560000000e+04 3.161558202774417e-07
2.532691570000000e+04 4.746917206607362e-07
2.532891570000000e+04 1.793984523081010e-07
2.533091580000000e+04 -2.873515074583429e-07
2.533291590000000e+04 -4.794055991708446e-07
2.533491600000000e+04 -2.131369919854976e-07
2.533691600000000e+04 2.568614075578998e-07
2.533891610000000e+04 4.812894099429937e-07
2.534091620000000e+04 2.456165934251290e-07
2.534291630000000e+04 -2.248618963502201e-07
2.534491630000000e+04 -4.803362527552994e-07
2.534691640000000e+04 -2.766407291094552e-07
2.534891650000000e+04 1.915362430917761e-07
2.535091660000000e+04 4.765571582253328e-07
2.535291660000000e+04 3.060234966053686e-07
2.535491670000000e+04 -1.570799936542755e-07
2.535691680000000e+04 -4.699749054632311e-07
2.535891690000000e+04 -3.335924979656778e-07
2.536091690000000e+04 1.216970313918804e-07
2.536291700000000e+04 4.606265818108123e-07
2.536491710000000e+04 3.591888943424523e-07
2.536691720000000e+04 -8.560163257836915e-08
2.536891720000000e+04 -4.485619073738599e-07
2.537091730000000e+04 -3.826673449827543e-07
2.537291740000000e+04 4.901048565440393e-08
2.537491750000000e+04 4.338493608964899e-07
2.537691750000000e+04 4.038926867372428e-07
2.537891760000000e+04 -1.214210303018243e-08
2.538091770000000e+04 -4.165740695944457e-07
2.538291780000000e+04 -4.227396840007709e-07
2.538491780000000e+04 -2.478832767484199e-08
2.538691790000000e+04 3.968424273525380e-07
2.538891800000000e+04 4.390934201854931e-07
2.539091810000000e+04 6.156727687914040e-08
2.539291810000000e+04 -3.747747932689704e-07
2.539491820000000e+04 -4.528532775231580e-07
2.539691830000000e+04 -9.798313890152122e-08
2.539891840000000e+04 3.505067324240658e-07
2.540091840000000e+04 4.639347769538525e-07
2.540291850000000e+04 1.338225385884043e-07
2.540491860000000e+04 -3.241814494917683e-07
2.540691870000000e+04 -4.722743680649827e-07
2.540891870000000e+04 -1.688729937725048e-07
2.541091880000000e+04 2.959521350219168e-07
2.541291890000000e+04 4.778262810386112e-07
2.541491900000000e+04 2.029228388141500e-07
2.541691900000000e+04 -2.659795397943224e-07
2.541891910000000e+04 -4.805640902199135e-07
2.542091920000000e+04 -2.357671504978427e-07
2.542291930000000e+04 2.344377781258018e-07
2.542491930000000e+04 4.804743704866226e-07
2.542691940000000e+04 2.672104609211408e-07
2.542891950000000e+04 -2.015112559276019e-07
2.543091960000000e+04 -4.775578504040047e-07
2.543291960000000e+04 -2.970694243688883e-07
2.543491970000000e+04 1.673985816019184e-07
2.543691980000000e+04 4.718273199527409e-07
2.543891990000000e+04 3.251731799690680e-07
2.544091990000000e+04 -1.323049629346371e-07
2.544292000000000e+04 -4.633128911884650e-07
2.544492010000000e+04 -3.513608777082585e-07
2.544692020000000e+04 9.644230284298656e-08
2.544892020000000e+04 4.520611155971442e-07
2.545092030000000e+04 3.754800343375420e-07
2.545292040000000e+04 -6.002200435778753e-08
2.545492050000000e+04 -4.381407267464396e-07
2.545692050000000e+04 -3.973866272609794e-07
2.545892060000000e+04 2.325607857717174e-08
2.546092070000000e+04 4.216370283577789e-07
2.546292080000000e+04 4.169472199243321e-07
2.546492080000000e+04 1.364440309886460e-08
2.546692090000000e+04 -4.026539074472236e-07
2.546892100000000e+04 -4.340418406355524e-07
2.547092110000000e+04 -5.046490597084130e-08
2.547292110000000e+04 3.813055669107745e-07
2.547492120000000e+04 4.485688940475077e-07
2.547692130000000e+04 8.698955917149543e-08
2.547892140000000e+04 -3.577179920669912e-07
2.548092140000000e+04 -4.604445429813901e-07
2.548292150000000e+04 -1.229989947202854e-07
2.548492160000000e+04 3.320253869619122e-07
2.548692170000000e+04 4.696047972128781e-07
2.548892170000000e+04 1.582764557355693e-07
2.549092180000000e+04 -3.043756300098551e-07
2.549292190000000e+04 -4.760000090279202e-07
2.549492200000000e+04 -1.926098366497479e-07
2.549692200000000e+04 2.749279506022687e-07
2.549892210000000e+04 4.795948803108502e-07
2.550092220000000e+04 2.257966960171740e-07
2.550292230000000e+04 -2.438585574196637e-07
2.550492230000000e+04 -4.803657259509916e-07
2.550692240000000e+04 -2.576450178474259e-07
2.550892250000000e+04 2.113539384199285e-07
2.551092260000000e+04 4.783042054447256e-07
2.551292260000000e+04 2.879724677018251e-07
2.551492270000000e+04 -1.776120406027873e-07
2.551692280000000e+04 -4.734173598466480e-07
2.551892290000000e+04 -3.166039812237434e-07
2.552092290000000e+04 1.428338604842083e-07
2.552292300000000e+04 4.657339846821747e-07
2.552492310000000e+04 3.433713945108340e-07
2.552692320000000e+04 -1.072240460051885e-07
2.552892320000000e+04 -4.553010388295892e-07
2.553092330000000e+04 -3.681134625906096e-07
2.553292340000000e+04 7.098751561708218e-08
2.553492350000000e+04 4.421865083509133e-07
2.553692350000000e+04 3.906792864659617e-07
2.553892360000000e+04 -3.433383525073227e-08
2.554092370000000e+04 -4.264716491890972e-07
2.554292380000000e+04 -4.109327592224624e-07
2.554492380000000e+04 -2.524484109321907e-09
2.554692390000000e+04 4.082516878456195e-07
2.554892400000000e+04 4.287542263902613e-07
2.555092410000000e+04 3.936780478557176e-08
2.555292420000000e+04 -3.876309717154233e-07
2.555492420000000e+04 -4.440431998787524e-07
2.555692430000000e+04 -7.597521544757655e-08
2.555892440000000e+04 3.647273570949143e-07
2.556092450000000e+04 4.567145690885933e-07
2.556292450000000e+04 1.121253331147494e-07
2.556492460000000e+04 -3.396704528400155e-07
2.556692470000000e+04 -4.666980754616034e-07
2.556892480000000e+04 -1.476029133465181e-07
2.557092480000000e+04 3.126083454767497e-07
2.557292490000000e+04 4.739347889904021e-07
2.557492500000000e+04 1.822000425562323e-07
2.557692510000000e+04 -2.837022724246947e-07
2.557892510000000e+04 -4.783791125281821e-07
2.558092520000000e+04 -2.157176840336307e-07
2.558292530000000e+04 2.531290983054981e-07
2.558492540000000e+04 4.799992038220502e-07
2.558692540000000e+04 2.479630938040186e-07
2.558892550000000e+04 -2.210727816657695e-07
2.559092560000000e+04 -4.787833192597820e-07
2.559292570000000e+04 -2.787492762377928e-07
2.559492570000000e+04 1.877245912226884e-07
2.559692580000000e+04 4.747381650115878e-07
2.559892590000000e+04 3.078929308210557e-07
2.560092600000000e+04 -1.532777208719566e-07
2.560292600000000e+04 -4.678928196626902e-07
2.560492610000000e+04 -3.352179357898547e-07
2.560692620000000e+04 1.179311098332038e-07
2.560892630000000e+04 4.582923337616488e-07
2.561092630000000e+04 3.605585793810479e-07
2.561292640000000e+04 -8.188775521381635e-08
2.561492650000000e+04 -4.459981200152830e-07
2.561692660000000e+04 -3.837630843684545e-07
2.561892660000000e+04 4.536034218004556e-08
2.562092670000000e+04 4.310819321092505e-07
2.562292680000000e+04 4.046969042687410e-07
2.562492690000000e+04 -8.566243814746660e-09
2.562692690000000e+04 -4.136289352562393e-07
2.562892700000000e+04 -4.232412953767393e-07
2.563092710000000e+04 -2.827167351007550e-08
2.563292720000000e+04 3.937359392799482e-07
2.563492720000000e+04 4.392926170174349e-07
2.563692730000000e+04 6.493243188217831e-08
2.563892740000000e+04 -3.715184393210874e-07
2.564092750000000e+04 -4.527586653637147e-07
2.564292750000000e+04 -1.011984117614609e-07
2.564492760000000e+04 3.471068967847597e-07
2.564692770000000e+04 4.635588384383894e-07
2.564892780000000e+04 1.368592918099358e-07
2.565092780000000e+04 -3.206507211181297e-07
2.565292790000000e+04 -4.716244673964219e-07
2.565492800000000e+04 -1.717097363070505e-07
2.565692810000000e+04 2.923104058372927e-07
2.565892810000000e+04 4.769041858301635e-07
2.566092820000000e+04 2.055493454166843e-07
2.566292830000000e+04 -2.622576938778920e-07
2.566492840000000e+04 -4.793641891246447e-07
2.566692840000000e+04 -2.381789711103104e-07
2.566892850000000e+04 2.306685734916808e-07
2.567092860000000e+04 4.789930852846263e-07
2.567292870000000e+04 2.694036632664798e-07
2.567492870000000e+04 -1.977262212086430e-07
2.567692880000000e+04 -4.757975032082446e-07
2.567892890000000e+04 -2.990341066989952e-07
2.568092900000000e+04 1.636186034977437e-07
2.568292900000000e+04 4.698024548780706e-07
2.568492910000000e+04 3.268915143964534e-07
2.568692920000000e+04 -1.285448761728163e-07
2.568892930000000e+04 -4.610450724885843e-07
2.569092930000000e+04 -3.528111940060925e-07
2.569292940000000e+04 9.271149069343833e-08
2.569492950000000e+04 4.495760668548935e-07
2.569692960000000e+04 3.766437381723230e-07
2.569892960000000e+04 -5.633500628742107e-08
2.570092970000000e+04 -4.354574959346827e-07
2.570292980000000e+04 -3.982543523277853e-07
2.570492990000000e+04 1.963451101286162e-08
2.570692990000000e+04 4.187691615615331e-07
2.570893000000000e+04 4.175201846817568e-07
2.571093010000000e+04 1.716963620797731e-08
2.571293020000000e+04 -3.996065709727581e-07
2.571493020000000e+04 -4.343286414565475e-07
2.571693030000000e+04 -5.386185175078948e-08
2.571893040000000e+04 3.780863316783334e-07
2.572093050000000e+04 4.485773620209984e-07
2.572293050000000e+04 9.022952876718470e-08
2.572493060000000e+04 -3.543396431769141e-07
2.572693070000000e+04 -4.601777924624434e-07
2.572893080000000e+04 -1.260643940358238e-07
2.573093080000000e+04 3.285126997002070e-07
2.573293090000000e+04 4.690570182711401e-07
2.573493100000000e+04 1.611576599241340e-07
2.573693110000000e+04 -3.007590424854471e-07
2.573893110000000e+04 -4.751632620449666e-07
2.574093120000000e+04 -1.953022813138543e-07
2.574293130000000e+04 2.712412655709497e-07
2.574493140000000e+04 4.784637115050577e-07
2.574693140000000e+04 2.282921786971485e-07
2.574893150000000e+04 -2.401274612807197e-07
2.575093160000000e+04 -4.789453047659919e-07
2.575293170000000e+04 -2.599278646293585e-07
2.575493170000000e+04 2.075975295764189e-07
2.575693180000000e+04 4.766091296791287e-07
2.575893190000000e+04 2.900198396332961e-07
2.576093200000000e+04 -1.738404013754508e-07
2.576293200000000e+04 -4.714704417271939e-07
2.576493210000000e+04 -3.183920384175319e-07
2.576693220000000e+04 1.390587990916948e-07
2.576893230000000e+04 4.635555528065757e-07
2.577093230000000e+04 3.448818048936943e-07
2.577293240000000e+04 -1.034621760595435e-07
2.577493250000000e+04 -4.529069893996906e-07
2.577693260000000e+04 -3.693386981195838e-07
2.577893260000000e+04 6.726617063284696e-08
2.578093270000000e+04 4.395826587337800e-07
2.578293280000000e+04 3.916217673256379e-07
2.578493290000000e+04 -3.068517040364895e-08
2.578693290000000e+04 -4.236623556705083e-07
2.578893300000000e+04 -4.115987894196716e-07
2.579093310000000e+04 -6.066746472897612e-09
2.579293320000000e+04 4.052429941475264e-07
2.579493320000000e+04 4.291478259320141e-07
2.579693330000000e+04 4.277893911263571e-08
2.579893340000000e+04 -3.844398638664072e-07
2.580093350000000e+04 -4.441599339290112e-07
2.580293350000000e+04 -7.923903666654615e-08
2.580493360000000e+04 3.613790476363416e-07
2.580693370000000e+04 4.565446065480075e-07
2.580893380000000e+04 1.152345670766230e-07
2.581093380000000e+04 -3.361980154976171e-07
2.581293390000000e+04 -4.662299847112088e-07
2.581493400000000e+04 -1.505500221314560e-07
2.581693410000000e+04 3.090406893019805e-07
2.581893410000000e+04 4.731644342893756e-07
2.582093420000000e+04 1.849724128054363e-07
2.582293430000000e+04 -2.800630102526975e-07
2.582493440000000e+04 -4.773123303001600e-07
2.582693440000000e+04 -2.182938405015339e-07
2.582893450000000e+04 2.494308336181893e-07
2.583093460000000e+04 4.786530421456699e-07
2.583293470000000e+04 2.503168110459964e-07
2.583493470000000e+04 -2.173261618577145e-07
2.583693480000000e+04 -4.771770243427308e-07
2.583893490000000e+04 -2.808550636492123e-07
2.584093500000000e+04 1.839413837268258e-07
2.584293500000000e+04 4.728892936500050e-07
2.584493510000000e+04 3.097344120674270e-07
2.584693520000000e+04 -1.494798786263270e-07
2.584893530000000e+04 -4.658091599520164e-07
2.585093530000000e+04 -3.367894237627516e-07
2.585293540000000e+04 1.141480029653349e-07
2.585493550000000e+04 4.559770766318330e-07
2.585693560000000e+04 3.618624275670582e-07
2.585893560000000e+04 -7.815509062607410e-08
2.586093570000000e+04 -4.434519625417690e-07
2.586293580000000e+04 -3.848029275762062e-07
2.586493590000000e+04 4.170848582202025e-08
2.586693590000000e+04 4.283137315308628e-07
2.586893600000000e+04 4.054703597295973e-07
2.587093610000000e+04 -5.018456904596074e-09
2.587293620000000e+04 -4.106564805339340e-07
2.587493620000000e+04 -4.237387667125362e-07
2.587693630000000e+04 -3.170347910454406e-08
2.587893640000000e+04 3.905882912205609e-07
2.588093650000000e+04 4.394991711965810e-07
2.588293650000000e+04 6.823973264453990e-08
2.588493660000000e+04 -3.682251512973490e-07
2.588693670000000e+04 -4.526622321397013e-07
2.588893680000000e+04 -1.043714839598781e-07
2.589093680000000e+04 3.436953146282640e-07
2.589293690000000e+04 4.631558709649340e-07
2.589493700000000e+04 1.398796552179390e-07
2.589693710000000e+04 -3.171371566731397e-07
2.589893710000000e+04 -4.709237077595294e-07
2.590093720000000e+04 -1.745516724545381e-07
2.590293730000000e+04 2.887061568619772e-07
2.590493740000000e+04 4.759210237219511e-07
2.590693740000000e+04 2.081830298395751e-07
2.590893750000000e+04 -2.585708711512237e-07
2.591093760000000e+04 -4.781162156198405e-07
2.591293770000000e+04 -2.405803188585210e-07
2.591493770000000e+04 2.269152249708857e-07
2.591693780000000e+04 4.774904533527223e-07
2.591893790000000e+04 2.715578748206183e-07
2.592093800000000e+04 -1.939304783232474e-07
2.592293800000000e+04 -4.740439557225734e-07
2.592493810000000e+04 -3.009373709771467e-07
2.592693820000000e+04 1.598147114878352e-07
2.592893830000000e+04 4.677955061180295e-07
2.593093830000000e+04 3.285451108614804e-07
2.593293840000000e+04 -1.247662893145641e-07
2.593493850000000e+04 -4.587863634109026e-07
2.593693860000000e+04 -3.542143852616347e-07
2.593893860000000e+04 8.898791016420155e-08
2.594093870000000e+04 4.470748287417118e-07
2.594293880000000e+04 3.777884505067633e-07
2.594493890000000e+04 -5.268422709048337e-08
2.594693890000000e+04 -4.327357718941609e-07
2.594893900000000e+04 -3.991248503581506e-07
2.595093910000000e+04 1.606793525274107e-08
2.595293920000000e+04 4.158540914051343e-07
2.595493920000000e+04 4.180987909977537e-07
2.595693930000000e+04 2.064393400627353e-08
2.595893940000000e+04 -3.965273824847165e-07
2.596093950000000e+04 -4.346030682878749e-07
2.596293950000000e+04 -5.722889951293805e-08
2.596493960000000e+04 3.748632199441617e-07
2.596693970000000e+04 4.485465103612305e-07
2.596893980000000e+04 9.346661187327558e-08
2.597093980000000e+04 -3.509861116367408e-07
2.597293990000000e+04 -4.598505375611888e-07
2.597494000000000e+04 -1.291406088853117e-07
2.597694010000000e+04 3.250351560100207e-07
2.597894010000000e+04 4.684486354810866e-07
2.598094020000000e+04 1.640434662747306e-07
2.598294030000000e+04 -2.971682261853083e-07
2.598494040000000e+04 -4.742854755731710e-07
2.598694040000000e+04 -1.979741166444136e-07
2.598894050000000e+04 2.675545625288466e-07
2.599094060000000e+04 4.773218574239542e-07
2.599294070000000e+04 2.307384786898971e-07
2.599494070000000e+04 -2.363744917997810e-07
2.599694080000000e+04 -4.775360586334321e-07
2.599894090000000e+04 -2.621453413285104e-07
2.600094100000000e+04 2.038116899497087e-07
2.600294100000000e+04 4.749287944040312e-07
2.600494110000000e+04 2.920078379111047e-07
2.600694120000000e+04 -1.700559053532343e-07
2.600894130000000e+04 -4.695197520333513e-07
2.601094130000000e+04 -3.201444160156270e-07
2.601294140000000e+04 1.352995432661132e-07
2.601494150000000e+04 4.613475896359810e-07
2.601694160000000e+04 3.463842631086807e-07
2.601894160000000e+04 -9.974410810842504e-08
2.602094170000000e+04 -4.504634249545499e-07
2.602294180000000e+04 -3.705708651278672e-07
2.602494190000000e+04 6.359769694442077e-08
2.602694190000000e+04 4.369318412910701e-07
2.602894200000000e+04 3.925643627571405e-07
2.603094210000000e+04 -2.707823491653783e-08
2.603294220000000e+04 -4.208273263682253e-07
2.603494220000000e+04 -4.122407709207629e-07
2.603694230000000e+04 -9.594027001467025e-09
2.603894240000000e+04 4.022403613687785e-07
2.604094250000000e+04 4.294895401231389e-07
2.604294250000000e+04 4.619765261004488e-08
2.604494260000000e+04 -3.812764914629144e-07
2.604694270000000e+04 -4.442115408677765e-07
2.604894280000000e+04 -8.251718157161156e-08
2.605094280000000e+04 3.580618117768764e-07
2.605294290000000e+04 4.563175622550852e-07
2.605494300000000e+04 1.183415159928885e-07
2.605694310000000e+04 -3.327372844676902e-07
2.605894310000000e+04 -4.657313231530796e-07
2.606094320000000e+04 -1.534659929432582e-07
2.606294330000000e+04 3.054592142078647e-07
2.606494340000000e+04 4.723920185736554e-07
2.606694340000000e+04 1.876874756446089e-07
2.606894350000000e+04 -2.763908758433539e-07
2.607094360000000e+04 -4.762594621581438e-07
2.607294370000000e+04 -2.208052529647512e-07
2.607494370000000e+04 2.457038123319985e-07
2.607694380000000e+04 4.773133010233236e-07
2.607894390000000e+04 2.526197388064097e-07
2.608094400000000e+04 -2.135732028346503e-07
2.608294400000000e+04 -4.755538903883364e-07
2.608494410000000e+04 -2.829381126200073e-07
2.608694420000000e+04 1.801839259584901e-07
2.608894430000000e+04 4.709965022361107e-07
2.609094430000000e+04 3.115772061256611e-07
2.609294440000000e+04 -1.457287960945686e-07
2.609494450000000e+04 -4.636709137378945e-07
2.609694460000000e+04 -3.383684066620036e-07
2.609894460000000e+04 1.104134995346356e-07
2.610094470000000e+04 4.536171354438642e-07
2.610294480000000e+04 3.631578627415190e-07
2.610494490000000e+04 -7.445032880984932e-08
2.610694490000000e+04 -4.408899479091417e-07
2.610894500000000e+04 -3.858056912274465e-07
2.611094510000000e+04 3.805811854914465e-08
2.611294520000000e+04 4.255586999730125e-07
2.611494520000000e+04 4.061829136413067e-07
2.611694530000000e+04 -1.453646782310062e-09
2.611894540000000e+04 -4.077134455559616e-07
2.612094550000000e+04 -4.241697740718654e-07
2.612294550000000e+04 -3.514784344446553e-08
2.612494560000000e+04 3.874616022525280e-07
2.612694570000000e+04 4.396564743637202e-07
2.612894580000000e+04 7.153649523902705e-08
2.613094580000000e+04 -3.649296876870904e-07
2.613294590000000e+04 -4.525460022751987e-07
2.613494600000000e+04 -1.075027707905945e-07
2.613694610000000e+04 3.402549750594959e-07
2.613894610000000e+04 4.627587324784041e-07
2.614094620000000e+04 1.428383787508459e-07
2.614294630000000e+04 -3.135857584264798e-07
2.614494640000000e+04 -4.702344358655284e-07
2.614694640000000e+04 -1.773328055892977e-07
2.614894650000000e+04 2.850754785134820e-07
2.615094660000000e+04 4.749341992660407e-07
2.615294670000000e+04 2.107783208483042e-07
2.615494670000000e+04 -2.548877235540999e-07
2.615694680000000e+04 -4.768361346969218e-07
2.615894690000000e+04 -2.429714682035841e-07
2.616094700000000e+04 2.231945885657565e-07
2.616294700000000e+04 4.759340789840520e-07
2.616494710000000e+04 2.737201880902380e-07
2.616694720000000e+04 -1.901827306915121e-07
2.616894730000000e+04 -4.722329591807688e-07
2.617094730000000e+04 -3.028448184051530e-07
2.617294740000000e+04 1.560489529558043e-07
2.617494750000000e+04 4.657512795666535e-07
2.617694760000000e+04 3.301794506609455e-07
2.617894760000000e+04 -1.210017092688061e-07
2.618094770000000e+04 -4.565209961530354e-07
2.618294780000000e+04 -3.555686457485311e-07
2.618494790000000e+04 8.525179517502075e-08
2.618694790000000e+04 4.445935239185812e-07
2.618894800000000e+04 3.788659118515702e-07
2.619094810000000e+04 -4.901225442960086e-08
2.619294820000000e+04 -4.300388959961735e-07
2.619494820000000e+04 -3.999322685802807e-07
2.619694830000000e+04 1.249262054397806e-08
2.619894840000000e+04 4.129488444465807e-07
2.620094850000000e+04 4.186385581617323e-07
2.620294850000000e+04 2.409676957324676e-08
2.620494860000000e+04 -3.934295103064443e-07
2.620694870000000e+04 -4.348689992580459e-07
2.620894880000000e+04 -6.054602242735728e-08
2.621094880000000e+04 3.716011999198005e-07
2.621294890000000e+04 4.485253582639898e-07
2.621494900000000e+04 9.664067315423621e-08
2.621694910000000e+04 -3.475915471148475e-07
2.621894910000000e+04 -4.595298500890077e-07
2.622094920000000e+04 -1.321654558165690e-07
2.622294930000000e+04 3.215388056914775e-07
2.622494940000000e+04 4.678230573887606e-07
2.622694940000000e+04 1.669041157430936e-07
2.622894950000000e+04 -2.935898657948552e-07
2.623094960000000e+04 -4.733625331606792e-07
2.623294970000000e+04 -2.006476390625491e-07
2.623494970000000e+04 2.639067904356614e-07
2.623694980000000e+04 4.761181227042407e-07
2.623894990000000e+04 2.331956941473973e-07
2.624095000000000e+04 -2.326642052045841e-07
2.624295000000000e+04 -4.760723665977389e-07
2.624495010000000e+04 -2.643605407673608e-07
2.624695020000000e+04 2.000524894346640e-07
2.624895030000000e+04 4.732198772927565e-07
2.625095030000000e+04 2.939642284248092e-07
2.625295040000000e+04 -1.662690491049108e-07
2.625495050000000e+04 -4.675726567110214e-07
2.625695060000000e+04 -3.218377201010618e-07
2.625895060000000e+04 1.315180383122414e-07
2.626095070000000e+04 4.591611417994727e-07
2.626295080000000e+04 3.478175568915709e-07
2.626495090000000e+04 -9.600283971102035e-08
2.626695090000000e+04 -4.480384856355417e-07
2.626895100000000e+04 -3.717475027972048e-07
2.627095110000000e+04 5.992906046174605e-08
2.627295120000000e+04 4.342753620712304e-07
2.627495120000000e+04 3.934803695071731e-07
2.627695130000000e+04 -2.350246738180304e-08
2.627895140000000e+04 -4.179598333828985e-07
2.628095150000000e+04 -4.128835014380755e-07
2.628295150000000e+04 -1.306499396669137e-08
2.628495160000000e+04 3.991899543461211e-07
2.628695170000000e+04 4.298421525816215e-07
2.628895180000000e+04 4.955789868672819e-08
2.629095180000000e+04 -3.780752011299601e-07
2.629295190000000e+04 -4.442602469083162e-07
2.629495200000000e+04 -8.575517218882371e-08
2.629695210000000e+04 3.547337598024685e-07
2.629895210000000e+04 4.560595101314671e-07
2.630095220000000e+04 1.214381915579050e-07
2.630295230000000e+04 -3.292988182528654e-07
2.630495240000000e+04 -4.651753362903336e-07
2.630695240000000e+04 -1.563922926492435e-07
2.630895250000000e+04 3.019172653481309e-07
2.631095260000000e+04 4.715552603194370e-07
2.631295270000000e+04 1.904129804392093e-07
2.631495270000000e+04 -2.727544969073941e-07
2.631695280000000e+04 -4.751578424257339e-07
2.631895290000000e+04 -2.233043814922214e-07
2.632095300000000e+04 2.419873309566610e-07
2.632295300000000e+04 4.759564142155100e-07
2.632495310000000e+04 2.548793728250036e-07
2.632695320000000e+04 -2.098041279943735e-07
2.632895330000000e+04 -4.739413166795519e-07
2.633095330000000e+04 -2.849550065864308e-07
2.633295340000000e+04 1.763960440250619e-07
2.633495350000000e+04 4.691249727271408e-07
2.633695360000000e+04 3.133536303282992e-07
2.633895360000000e+04 -1.419583949633905e-07
2.634095370000000e+04 -4.615393574261779e-07
2.634295380000000e+04 -3.399024320877803e-07
2.634495390000000e+04 1.066875202013544e-07
2.634695390000000e+04 4.512366690501399e-07
2.634895400000000e+04 3.644393437414544e-07
2.635095410000000e+04 -7.078689256343712e-08
2.635295420000000e+04 -4.382820442388060e-07
2.635495420000000e+04 -3.868163128094904e-07
2.635695430000000e+04 3.446512631388976e-08
2.635895440000000e+04 4.227532440296210e-07
2.636095450000000e+04 4.069028388440533e-07
2.636295450000000e+04 2.059696071936255e-09
2.636495460000000e+04 -4.047372738726131e-07
2.636695470000000e+04 -4.245862554433238e-07
2.636895480000000e+04 -3.856730630669173e-08
2.637095480000000e+04 3.843352889545917e-07
2.637295490000000e+04 4.397687499896239e-07
2.637495500000000e+04 7.483591924641071e-08
2.637695510000000e+04 -3.616622464167159e-07
2.637895510000000e+04 -4.523644852937210e-07
2.638095520000000e+04 -1.106504726499369e-07
2.638295530000000e+04 3.368529281606970e-07
2.638495540000000e+04 4.622981667498038e-07
2.638695540000000e+04 1.458023001960433e-07
2.638895550000000e+04 -3.100569710343737e-07
2.639095560000000e+04 -4.695064088311020e-07
2.639295570000000e+04 -1.800909728827586e-07
2.639495570000000e+04 2.814401426924179e-07
2.639695580000000e+04 4.739406266922231e-07
2.639895590000000e+04 2.133192187080674e-07
2.640095600000000e+04 -2.511750925358066e-07
2.640295600000000e+04 -4.755722108417212e-07
2.640495610000000e+04 -2.452938493538011e-07
2.640695620000000e+04 2.194413773917150e-07
2.640895630000000e+04 4.743927079471304e-07
2.641095630000000e+04 2.758227818991406e-07
2.641295640000000e+04 -1.864209580041012e-07
2.641495650000000e+04 -4.704157062735620e-07
2.641695660000000e+04 -3.047206843299404e-07
2.641895660000000e+04 1.523034062418856e-07
2.642095670000000e+04 4.636706338154500e-07
2.642295680000000e+04 3.318114477802933e-07
2.642495690000000e+04 -1.172843478052187e-07
2.642695690000000e+04 -4.542012597993140e-07
2.642895700000000e+04 -3.569340260935290e-07
2.643095710000000e+04 8.157151140876702e-08
2.643295720000000e+04 4.420615925243332e-07
2.643495720000000e+04 3.799438180046450e-07
2.643695730000000e+04 -4.537890560471778e-08
2.643895740000000e+04 -4.273187383128750e-07
2.644095750000000e+04 -4.007118042494509e-07
2.644295750000000e+04 8.927445209470004e-09
2.644495760000000e+04 4.100529282361753e-07
2.644695770000000e+04 4.191210468491327e-07
2.644895780000000e+04 2.756422048481955e-08
2.645095780000000e+04 -3.903642005800319e-07
2.645295790000000e+04 -4.350651363482661e-07
2.645495800000000e+04 -6.388050227631147e-08
2.645695810000000e+04 3.683696003421761e-07
2.645895810000000e+04 4.484469582504045e-07
2.646095820000000e+04 9.981268504036382e-08
2.646295830000000e+04 -3.442059061811832e-07
2.646495840000000e+04 -4.591816147158551e-07
2.646695840000000e+04 -1.351545473906412e-07
2.646895850000000e+04 3.180211539604836e-07
2.647095860000000e+04 4.672009975578597e-07
2.647295870000000e+04 1.697031256849561e-07
2.647495870000000e+04 -2.899737154096071e-07
2.647695880000000e+04 -4.724562582763864e-07
2.647895890000000e+04 -2.032536643824015e-07
2.648095900000000e+04 2.602264866832473e-07
2.648295900000000e+04 4.749208694266313e-07
2.648495910000000e+04 2.356044854621785e-07
2.648695920000000e+04 -2.289502580046685e-07
2.648895930000000e+04 -4.745865709144115e-07
2.649095930000000e+04 -2.665579730905934e-07
2.649295940000000e+04 1.963223371770054e-07
2.649495950000000e+04 4.714614478388075e-07
2.649695960000000e+04 2.959278441679017e-07
2.649895960000000e+04 -1.625336336313446e-07
2.650095970000000e+04 -4.655652956783224e-07
2.650295980000000e+04 -3.235413960741643e-07
2.650495990000000e+04 1.277843566380914e-07
2.650695990000000e+04 4.569300553384668e-07
2.650896000000000e+04 3.492412036337044e-07
2.651096010000000e+04 -9.228646082285440e-08
2.651296020000000e+04 -4.455999076212265e-07
2.651496020000000e+04 -3.728821699944605e-07
2.651696030000000e+04 5.625459278437236e-08
2.651896040000000e+04 4.316375739783322e-07
2.652096050000000e+04 3.943298785831420e-07
2.652296050000000e+04 -1.990477328611137e-08
2.652496060000000e+04 -4.151235447201120e-07
2.652696070000000e+04 -4.134571886022404e-07
2.652896080000000e+04 -1.655157360915983e-08
2.653096080000000e+04 3.961602888910255e-07
2.653296090000000e+04 4.301467797795242e-07
2.653496100000000e+04 5.290464631982316e-08
2.653696110000000e+04 -3.748655189336027e-07
2.653896110000000e+04 -4.442941817819243e-07
2.654096120000000e+04 -8.894732117735921e-08
2.654296130000000e+04 3.513711848733021e-07
2.654496140000000e+04 4.558119069351932e-07
2.654696140000000e+04 1.244686597129782e-07
2.654896150000000e+04 -3.258164699826737e-07
2.655096160000000e+04 -4.646334758084484e-07
2.655296170000000e+04 -1.592579029847385e-07
2.655496170000000e+04 2.983491486782819e-07
2.655696180000000e+04 4.707120277112293e-07
2.655896190000000e+04 1.931032911158967e-07
2.656096200000000e+04 -2.691238140271532e-07
2.656296200000000e+04 -4.740189329335324e-07
2.656496210000000e+04 -2.257998268724431e-07
2.656696220000000e+04 2.383090573101111e-07
2.656896230000000e+04 4.745390146590888e-07
2.657096230000000e+04 2.571519298716838e-07
2.657296240000000e+04 -2.060846192967259e-07
2.657496250000000e+04 -4.722688524657006e-07
2.657696260000000e+04 -2.869777917060346e-07
2.657896260000000e+04 1.726458189228251e-07
2.658096270000000e+04 4.672164583635243e-07
2.658296280000000e+04 3.151075199026697e-07
2.658496290000000e+04 -1.381955681222162e-07
2.658696290000000e+04 -4.594062341762449e-07
2.658896300000000e+04 -3.413822505147596e-07
2.659096310000000e+04 1.029431739352454e-07
2.659296320000000e+04 4.488797698255059e-07
2.659496320000000e+04 3.656490452596414e-07
2.659696330000000e+04 -6.709662210789814e-08
2.659896340000000e+04 -4.357013489371118e-07
2.660096350000000e+04 -3.877628517893201e-07
2.660296350000000e+04 3.086392197447690e-08
2.660496360000000e+04 4.199535873263114e-07
2.660696370000000e+04 4.075872773407943e-07
2.660896380000000e+04 5.549000106946249e-09
2.661096380000000e+04 -4.017369934184669e-07
2.661296390000000e+04 -4.249996061919104e-07
2.661496400000000e+04 -4.193130199622683e-08
2.661696410000000e+04 3.811626056729124e-07
2.661896410000000e+04 4.398953555763482e-07
2.662096420000000e+04 7.807021800147879e-08
2.662296430000000e+04 -3.583514735237762e-07
2.662496440000000e+04 -4.521896535667042e-07
2.662696440000000e+04 -1.137475257442278e-07
2.662896450000000e+04 3.334319439101084e-07
2.663096460000000e+04 4.618168207595054e-07
2.663296470000000e+04 1.487469727609852e-07
2.663496470000000e+04 -3.065458596581778e-07
2.663696480000000e+04 -4.687265855703792e-07
2.663896490000000e+04 -1.828566389371287e-07
2.664096500000000e+04 2.778469916136671e-07
2.664296500000000e+04 4.728806581181228e-07
2.664496510000000e+04 2.158755685424012e-07
2.664696520000000e+04 -2.475072376049631e-07
2.664896530000000e+04 -4.742517476492822e-07
2.665096530000000e+04 -2.476131532163070e-07
2.665296540000000e+04 2.157102753266421e-07
2.665496550000000e+04 4.728262972723696e-07
2.665696560000000e+04 2.778899573268186e-07
2.665896560000000e+04 -1.826512671950082e-07
2.666096570000000e+04 -4.686063670724901e-07
2.666296580000000e+04 -3.065318254228122e-07
2.666496590000000e+04 1.485281643929353e-07
2.666696590000000e+04 4.616159127868758e-07
2.666896600000000e+04 3.333711117315299e-07
2.667096610000000e+04 -1.135416591122398e-07
2.667296620000000e+04 -4.518989308103230e-07
2.667496620000000e+04 -3.582448441043890e-07
2.667696630000000e+04 7.789134860526327e-08
2.667896640000000e+04 4.395201528304651e-07
2.668096650000000e+04 3.810000179093219e-07
2.668296650000000e+04 -4.178214353805350e-08
2.668496660000000e+04 -4.245584143732667e-07
2.668696670000000e+04 -4.014978149698020e-07
2.668896680000000e+04 5.422198841767617e-09
2.669096680000000e+04 4.071047255575504e-07
2.669296690000000e+04 4.196175236410515e-07
2.669496700000000e+04 3.097137291801617e-08
2.669696710000000e+04 -3.872583196451641e-07
2.669896710000000e+04 -4.352572705126711e-07
2.670096720000000e+04 -6.717904282568551e-08
2.670296730000000e+04 3.651309623825240e-07
2.670496740000000e+04 4.483322023652328e-07
2.670696740000000e+04 1.029800643204245e-07
2.670896750000000e+04 -3.408463129082744e-07
2.671096760000000e+04 -4.587702452697177e-07
2.671296770000000e+04 -1.381606409125037e-07
2.671496770000000e+04 3.145472352020437e-07
2.671696780000000e+04 4.665103021147234e-07
2.671896790000000e+04 1.725144876549496e-07
2.672096800000000e+04 -2.863914431930466e-07
2.672296800000000e+04 -4.715024387566318e-07
2.672496810000000e+04 -2.058459259772455e-07
2.672696820000000e+04 2.565526642567388e-07
2.672896830000000e+04 4.737102538902010e-07
2.673096830000000e+04 2.379643192826343e-07
2.673296840000000e+04 -2.252121242970869e-07
2.673496850000000e+04 -4.731169640210222e-07
2.673696860000000e+04 -2.686846870577573e-07
2.673896860000000e+04 1.925573349817079e-07
2.674096870000000e+04 4.697260284978265e-07
2.674296880000000e+04 2.978234556057912e-07
2.674496890000000e+04 -1.587764765850040e-07
2.674696890000000e+04 -4.635632269111829e-07
2.674896900000000e+04 -3.252033985788245e-07
2.675096910000000e+04 1.240632656640113e-07
2.675296920000000e+04 4.546717362233105e-07
2.675496920000000e+04 3.506565585594355e-07
2.675696930000000e+04 -8.861534686967819e-08
2.675896940000000e+04 -4.431095239685277e-07
2.676096950000000e+04 -3.740301285693868e-07
2.676296950000000e+04 5.264156372610750e-08
2.676496960000000e+04 4.289443160401748e-07
2.676696970000000e+04 3.951883642339048e-07
2.676896980000000e+04 -1.635678523617194e-08
2.677096980000000e+04 -4.122555645140258e-07
2.677296990000000e+04 -4.140132573850044e-07
2.677497000000000e+04 -2.001748314620975e-08
2.677697010000000e+04 3.931340724429851e-07
2.677897010000000e+04 4.304004577227775e-07
2.678097020000000e+04 5.626175654469728e-08
2.678297030000000e+04 -3.716894301031472e-07
2.678497040000000e+04 -4.442570824716497e-07
2.678697040000000e+04 -9.216014282768261e-08
2.678897050000000e+04 3.480478538159025e-07
2.679097060000000e+04 4.554993969399851e-07
2.679297070000000e+04 1.275057380582123e-07
2.679497070000000e+04 -3.223550459442542e-07
2.679697080000000e+04 -4.640550347268708e-07
2.679897090000000e+04 -1.620961746929533e-07
2.680097100000000e+04 2.947689065675858e-07
2.680297100000000e+04 4.698677530339134e-07
2.680497110000000e+04 1.957344003452574e-07
2.680697120000000e+04 -2.654577308926704e-07
2.680897130000000e+04 -4.729003320528829e-07
2.681097130000000e+04 -2.282224870719720e-07
2.681297140000000e+04 2.345930953425474e-07
2.681497150000000e+04 4.731378945275192e-07
2.681697160000000e+04 2.593657200538276e-07
2.681897160000000e+04 -2.023527990080626e-07
2.682097170000000e+04 -4.705854845231570e-07
2.682297180000000e+04 -2.889733636928538e-07
2.682497190000000e+04 1.689189077929137e-07
2.682697190000000e+04 4.652654217006409e-07
2.682897200000000e+04 3.168657686677846e-07
2.683097210000000e+04 -1.344855586606971e-07
2.683297220000000e+04 -4.572119755855674e-07
2.683497220000000e+04 -3.428771801057949e-07
2.683697230000000e+04 9.925553874791635e-08
2.683897240000000e+04 4.464709205276196e-07
2.684097250000000e+04 3.668590735283115e-07
2.684297250000000e+04 -6.344304624288531e-08
2.684497260000000e+04 -4.330987666981858e-07
2.684697270000000e+04 -3.886768584127291e-07
2.684897280000000e+04 2.726543552048358e-08
2.685097280000000e+04 4.171690690937305e-07
2.685297290000000e+04 4.082083221768625e-07
2.685497300000000e+04 9.058724304170966e-09
2.685697310000000e+04 -3.987725051564642e-07
2.685897310000000e+04 -4.253391812828776e-07
2.686097320000000e+04 -4.531706063908003e-08
2.686297330000000e+04 3.780213134449350e-07
2.686497340000000e+04 4.399646166856855e-07
2.686697340000000e+04 8.130045793920168e-08
2.686897350000000e+04 -3.550439655792982e-07
2.687097360000000e+04 -4.519918018498379e-07
2.687297370000000e+04 -1.168048957360172e-07
2.687497370000000e+04 3.299834982103119e-07
2.687697380000000e+04 4.613444544813635e-07
2.687897390000000e+04 1.516242992858331e-07
2.688097400000000e+04 -3.029897550193354e-07
2.688297400000000e+04 -4.679671261155467e-07
2.688497410000000e+04 -1.855533315899126e-07
2.688697420000000e+04 2.742202041755299e-07
2.688897430000000e+04 4.718254719300940e-07
2.689097430000000e+04 2.183856277566405e-07
2.689297440000000e+04 -2.438370260501694e-07
2.689497450000000e+04 -4.729042970979521e-07
2.689697460000000e+04 -2.499213222310912e-07
2.689897460000000e+04 2.120142110923556e-07
2.690097470000000e+04 4.712029609000018e-07
2.690297480000000e+04 2.799699654962650e-07
2.690497490000000e+04 -1.789359429254001e-07
2.690697490000000e+04 -4.667328246550498e-07
2.690897500000000e+04 -3.083564343990387e-07
2.691097510000000e+04 1.448014796179105e-07
2.691297520000000e+04 4.595156127384769e-07
2.691497520000000e+04 3.349187946767880e-07
2.691697530000000e+04 -1.098179910854519e-07
2.691897540000000e+04 -4.495876985678592e-07
2.692097550000000e+04 -3.595083393029280e-07
2.692297550000000e+04 7.419920270420607e-08
2.692497560000000e+04 4.370018121414994e-07
2.692697570000000e+04 3.819838891776334e-07
2.692897580000000e+04 -3.815656026608139e-08
2.693097580000000e+04 -4.218327640980103e-07
2.693297590000000e+04 -4.022123080038663e-07
2.693497600000000e+04 1.900528381947894e-09
2.693697610000000e+04 4.041744066579448e-07
2.693897610000000e+04 4.200683450706609e-07
2.694097620000000e+04 3.436295915341151e-08
2.694297630000000e+04 -3.841389712917361e-07
2.694497640000000e+04 -4.354400925207050e-07
2.694697640000000e+04 -7.042552384271958e-08
2.694897650000000e+04 3.618495371907807e-07
2.695097660000000e+04 4.482333301324568e-07
2.695297670000000e+04 1.060778567864522e-07
2.695497670000000e+04 -3.374390404419168e-07
2.695697680000000e+04 -4.583746028402539e-07
2.695897690000000e+04 -1.411054978846351e-07
2.696097700000000e+04 3.110459613161214e-07
2.696297700000000e+04 4.658104532425131e-07
2.696497710000000e+04 1.752959339449552e-07
2.696697720000000e+04 -2.828198585757695e-07
2.696897730000000e+04 -4.705044392482816e-07
2.697097730000000e+04 -2.084406079890749e-07
2.697297740000000e+04 2.529210139068953e-07
2.697497750000000e+04 4.724332454908506e-07
2.697697760000000e+04 2.403429625202136e-07
2.697897760000000e+04 -2.215268530542202e-07
2.698097770000000e+04 -4.715840235416398e-07
2.698297780000000e+04 -2.708177121198673e-07
2.698497790000000e+04 1.888266973624676e-07
2.698697790000000e+04 4.679561936857984e-07
2.698897800000000e+04 2.996930684187373e-07
2.699097810000000e+04 -1.550216740710386e-07
2.699297820000000e+04 -4.615639698017387e-07
2.699497820000000e+04 -3.268047511043223e-07
2.699697830000000e+04 1.203154498236936e-07
2.699897840000000e+04 4.524423097756054e-07
2.700097850000000e+04 3.519957615660323e-07
2.700297850000000e+04 -8.491389880533004e-08
2.700497860000000e+04 -4.406467055303928e-07
2.700697870000000e+04 -3.751136114422110e-07
2.700897880000000e+04 4.901967034090314e-08
2.701097880000000e+04 4.262538582560508e-07
2.701297890000000e+04 3.960156021038483e-07
2.701497900000000e+04 -1.283814442263454e-08
2.701697910000000e+04 -4.093554232060684e-07
2.701897920000000e+04 -4.145722708728691e-07
2.702097920000000e+04 -2.342359397509253e-08
2.702297930000000e+04 3.900556986233777e-07
2.702497940000000e+04 4.306729872632485e-07
2.702697950000000e+04 5.955048702666883e-08
2.702897950000000e+04 -3.684660525065625e-07
2.703097960000000e+04 -4.442266706236097e-07
2.703297970000000e+04 -9.532527331610049e-08
2.703497980000000e+04 3.447084268112520e-07
2.703697980000000e+04 4.551610426315839e-07
2.703897990000000e+04 1.305288596725517e-07
2.704098000000000e+04 -3.189151711699143e-07
2.704298010000000e+04 -4.634182161622892e-07
2.704498010000000e+04 -1.649496192666845e-07
2.704698020000000e+04 2.912361918949578e-07
2.704898030000000e+04 4.689515721021688e-07
2.705098040000000e+04 1.983840761366527e-07
2.705298040000000e+04 -2.618361210320673e-07
2.705498050000000e+04 -4.717249468883309e-07
2.705698060000000e+04 -2.306415157164340e-07
2.705898070000000e+04 2.308960157648323e-07
2.706098070000000e+04 4.717149614772304e-07
2.706298080000000e+04 2.615385011911645e-07
2.706498090000000e+04 -1.986045721732717e-07
2.706698100000000e+04 -4.689161563935122e-07
2.706898100000000e+04 -2.908988408453301e-07
2.707098110000000e+04 1.651567277131864e-07
2.707298120000000e+04 4.633435207926947e-07
2.707498130000000e+04 3.185484386052955e-07
2.707698130000000e+04 -1.307464714273459e-07
2.707898140000000e+04 -4.550347886618446e-07
2.708098150000000e+04 -3.443196410291946e-07
2.708298160000000e+04 9.557119488613275e-08
2.708498160000000e+04 4.440461505099820e-07
2.708698170000000e+04 3.680527798434399e-07
2.708898180000000e+04 -5.983024969803321e-08
2.709098190000000e+04 -4.304494197488485e-07
2.709298190000000e+04 -3.896037766767607e-07
2.709498200000000e+04 2.373231670910017e-08
2.709698210000000e+04 4.143259189031962e-07
2.709898220000000e+04 4.088460948482068e-07
2.710098220000000e+04 1.250836684962031e-08
2.710298230000000e+04 -3.957674369711106e-07
2.710498240000000e+04 -4.256726464186874e-07
2.710698250000000e+04 -4.867026508017445e-08
2.710898250000000e+04 3.748756660931643e-07
2.711098260000000e+04 4.399916736475421e-07
2.711298270000000e+04 8.453412364425843e-08
2.711498280000000e+04 -3.517687744428247e-07
2.711698280000000e+04 -4.517241256927872e-07
2.711898290000000e+04 -1.198845472755080e-07
2.712098300000000e+04 3.265811307195561e-07
2.712298310000000e+04 4.608002694463437e-07
2.712498310000000e+04 1.545167970494169e-07
2.712698320000000e+04 -2.994669288481697e-07
2.712898330000000e+04 -4.671612584476295e-07
2.713098340000000e+04 -1.882326921746636e-07
2.713298340000000e+04 2.705927910078936e-07
2.713498350000000e+04 4.707624665053978e-07
2.713698360000000e+04 2.208414944969084e-07
2.713898370000000e+04 -2.401361062246891e-07
2.714098370000000e+04 -4.715781271595223e-07
2.714298380000000e+04 -2.521532185963883e-07
2.714498390000000e+04 2.082767604001865e-07
2.714698400000000e+04 4.696050863150125e-07
2.714898400000000e+04 2.819815208338850e-07
2.715098410000000e+04 -1.751992498481491e-07
2.715298420000000e+04 -4.648610227765450e-07
2.715498430000000e+04 -3.101429133833459e-07
2.715698430000000e+04 1.410902644796444e-07
2.715898440000000e+04 4.573820392189414e-07
2.716098450000000e+04 3.364652008317515e-07
2.716298460000000e+04 -1.061460801260297e-07
2.716498460000000e+04 -4.472168144922675e-07
2.716698470000000e+04 -3.607901650641306e-07
2.716898480000000e+04 7.057070714654480e-08
2.717098490000000e+04 4.344250328490624e-07
2.717298490000000e+04 3.829781580135047e-07
2.717498500000000e+04 -3.457994250613862e-08
2.717698510000000e+04 -4.190759101974051e-07
2.717898520000000e+04 -4.029052118015301e-07
2.718098520000000e+04 -1.607467244797941e-09
2.718298530000000e+04 4.012533155545217e-07
2.718498540000000e+04 4.204615346637280e-07
2.718698550000000e+04 3.777131993592312e-08
2.718898550000000e+04 -3.810573612247229e-07
2.719098560000000e+04 -4.355463043222984e-07
2.719298570000000e+04 -7.369860725265932e-08
2.719498580000000e+04 3.586096428917888e-07
2.719698580000000e+04 4.480681485835592e-07
2.719898590000000e+04 1.091814237422587e-07
2.720098600000000e+04 -3.340482011311676e-07
2.720298610000000e+04 -4.579461008390919e-07
2.720498610000000e+04 -1.440191801648709e-07
2.720698620000000e+04 3.075264147344419e-07
2.720898630000000e+04 4.651153550341547e-07
2.721098640000000e+04 1.780114856316678e-07
2.721298640000000e+04 -2.792044819570459e-07
2.721498650000000e+04 -4.695316239288378e-07
2.721698660000000e+04 -2.109597200043944e-07
2.721898670000000e+04 2.492490616969677e-07
2.722098670000000e+04 4.711724366879086e-07
2.722298680000000e+04 2.426636792415829e-07
2.722498690000000e+04 -2.178297669693831e-07
2.722698700000000e+04 -4.700358724321938e-07
2.722898700000000e+04 -2.729297671679540e-07
2.723098710000000e+04 1.851254308003437e-07
2.723298720000000e+04 4.661357735531585e-07
2.723498730000000e+04 3.015733494257991e-07
2.723698730000000e+04 -1.513236135446826e-07
2.723898740000000e+04 -4.594981208973592e-07
2.724098750000000e+04 -3.284259142141420e-07
2.724298760000000e+04 1.166265906002376e-07
2.724498760000000e+04 4.501587183929986e-07
2.724698770000000e+04 3.533339835077896e-07
2.724898780000000e+04 -8.124441442141946e-08
2.725098790000000e+04 -4.381659453301335e-07
2.725298790000000e+04 -3.761592933975711e-07
2.725498800000000e+04 4.539431505059813e-08
2.725698810000000e+04 4.235834128932293e-07
2.725898820000000e+04 3.967726328915943e-07
2.726098820000000e+04 -9.290962210035185e-09
2.726298830000000e+04 -4.064959203855601e-07
2.726498840000000e+04 -4.150536946000355e-07
2.726698850000000e+04 -2.685363195635023e-08
2.726898850000000e+04 3.870074528948119e-07
2.727098860000000e+04 4.308891227147397e-07
2.727298870000000e+04 6.283394174328323e-08
2.727498880000000e+04 -3.652414056725926e-07
2.727698880000000e+04 -4.441784527334183e-07
2.727898890000000e+04 -9.844435115917128e-08
2.728098900000000e+04 3.413326371954958e-07
2.728298910000000e+04 4.548379429925184e-07
2.728498910000000e+04 1.334801749632645e-07
2.728698920000000e+04 -3.154251121925541e-07
2.728898930000000e+04 -4.628049636048116e-07
2.729098940000000e+04 -1.677318077171935e-07
2.729298940000000e+04 2.876673102896784e-07
2.729498950000000e+04 4.680384604404315e-07
2.729698960000000e+04 2.009917571704572e-07
2.729898970000000e+04 -2.582164478536483e-07
2.730098970000000e+04 -4.705158363562596e-07
2.730298980000000e+04 -2.330556091736562e-07
2.730498990000000e+04 2.272385673488414e-07
2.730699000000000e+04 4.702282468953183e-07
2.730899000000000e+04 2.637312311891658e-07
2.731099010000000e+04 -1.949156641464007e-07
2.731299020000000e+04 -4.671777646921620e-07
2.731499030000000e+04 -2.928395073635249e-07
2.731699030000000e+04 1.614413000268179e-07
2.731899040000000e+04 4.613772108686985e-07
2.732099050000000e+04 3.202166247350300e-07
2.732299060000000e+04 -1.270217323979966e-07
2.732499060000000e+04 -4.528530179354698e-07
2.732699070000000e+04 -3.457081218896767e-07
2.732899080000000e+04 9.186591494031900e-08
2.733099090000000e+04 4.416508377688272e-07
2.733299090000000e+04 3.691685883553628e-07
2.733499100000000e+04 -5.618377995883619e-08
2.733699110000000e+04 -4.278366186558204e-07
2.733899120000000e+04 -3.904569433362846e-07
2.734099120000000e+04 2.018066503327820e-08
2.734299130000000e+04 4.114986637525211e-07
2.734499140000000e+04 4.094416361815964e-07
2.734699150000000e+04 1.593772960077229e-08
2.734899150000000e+04 -3.927410806199473e-07
2.735099160000000e+04 -4.260030446084620e-07
2.735299170000000e+04 -5.196631677158351e-08
2.735499180000000e+04 3.716804697961583e-07
2.735699180000000e+04 4.400403249585378e-07
2.735899190000000e+04 8.769317276237631e-08
2.736099200000000e+04 -3.484404132639234e-07
2.736299210000000e+04 -4.514735184139246e-07
2.736499210000000e+04 -1.229045795174811e-07
2.736699220000000e+04 3.231529750395344e-07
2.736899230000000e+04 4.602429123696230e-07
2.737099240000000e+04 1.573841206171746e-07
2.737299240000000e+04 -2.959587635714575e-07
2.737499250000000e+04 -4.663043356681318e-07
2.737699260000000e+04 -1.909227229289065e-07
2.737899270000000e+04 2.670140626164518e-07
2.738099270000000e+04 4.696262357396852e-07
2.738299280000000e+04 2.233206770686793e-07
2.738499290000000e+04 -2.364891992301336e-07
2.738699300000000e+04 -4.701866059624860e-07
2.738899300000000e+04 -2.543924288506108e-07
2.739099310000000e+04 2.045715681843211e-07
2.739299320000000e+04 4.679753114940251e-07
2.739499330000000e+04 2.839618952048846e-07
2.739699330000000e+04 -1.714566734030245e-07
2.739899340000000e+04 -4.629984224333373e-07
2.740099350000000e+04 -3.118625134459595e-07
2.740299360000000e+04 1.373457403134680e-07
2.740499360000000e+04 4.552817648504347e-07
2.740699370000000e+04 3.379304096078630e-07
2.740899380000000e+04 -1.024384394893146e-07
2.741099390000000e+04 -4.448746281028644e-07
2.741299390000000e+04 -3.620083511722092e-07
2.741499400000000e+04 6.693545127012239e-08
2.741699410000000e+04 4.318457078775415e-07
2.741899420000000e+04 3.839460065396876e-07
2.742099420000000e+04 -3.103701002519590e-08
2.742299430000000e+04 -4.162799056163160e-07
2.742499440000000e+04 -4.036081610849743e-07
2.742699450000000e+04 -5.048968334842422e-09
2.742899450000000e+04 3.982723080337426e-07
2.743099460000000e+04 4.208778195433419e-07
2.743299470000000e+04 4.111009274241578e-08
2.743499480000000e+04 -3.779268485091269e-07
2.743699480000000e+04 -4.356586944038301e-07
2.743899490000000e+04 -7.692617276324171e-08
2.744099500000000e+04 3.553556699695634e-07
2.744299510000000e+04 4.478715135823076e-07
2.744499510000000e+04 1.122789618495356e-07
2.744699520000000e+04 -3.306855425390043e-07
2.744899530000000e+04 -4.574516167370857e-07
2.745099540000000e+04 -1.469544210050750e-07
2.745299540000000e+04 3.040580256353155e-07
2.745499550000000e+04 4.643434283983717e-07
2.745699560000000e+04 1.807501237738330e-07
2.745899570000000e+04 -2.756346275370280e-07
2.746099570000000e+04 -4.685018999929820e-07
2.746299580000000e+04 -2.134725112802833e-07
2.746499590000000e+04 2.455898660025222e-07
2.746699600000000e+04 4.698948061612159e-07
2.746899600000000e+04 2.449380144755471e-07
2.747099610000000e+04 -2.141092779040876e-07
2.747299620000000e+04 -4.685076778525203e-07
2.747499630000000e+04 -2.749648961817861e-07
2.747699630000000e+04 1.813809281309096e-07
2.747899640000000e+04 4.643485832009788e-07
2.748099650000000e+04 3.033761155040659e-07
2.748299660000000e+04 -1.475953861169502e-07
2.748499660000000e+04 -4.574473263359166e-07
2.748699670000000e+04 -3.299968530324219e-07
2.748899680000000e+04 1.129431898063490e-07
2.749099690000000e+04 4.478532967780803e-07
2.749299690000000e+04 3.546629574348069e-07
2.749499700000000e+04 -7.762264420673860e-08
2.749699710000000e+04 -4.356296904181133e-07
2.749899720000000e+04 -3.772241003654715e-07
2.750099720000000e+04 4.183794176057617e-08
2.750299730000000e+04 4.208496928571085e-07
2.750499740000000e+04 3.975494593902405e-07
2.750699750000000e+04 -5.804891749862935e-09
2.750899750000000e+04 -4.035949886946774e-07
2.751099760000000e+04 -4.155257933889840e-07
2.751299770000000e+04 -3.025731679071445e-08
2.751499780000000e+04 3.839601584842422e-07
2.751699780000000e+04 4.310563014852959e-07
2.751899790000000e+04 6.612774859380217e-08
2.752099800000000e+04 -3.620542137166351e-07
2.752299810000000e+04 -4.440535137833153e-07
2.752499810000000e+04 -1.015930888128971e-07
2.752699820000000e+04 3.380069853033171e-07
2.752899830000000e+04 4.544400097075161e-07
2.753099840000000e+04 1.364471627735040e-07
2.753299840000000e+04 -3.119652439372848e-07
2.753499850000000e+04 -4.621477345224997e-07
2.753699860000000e+04 -1.704936725665302e-07
2.753899870000000e+04 2.840917808458895e-07
2.754099870000000e+04 4.671235604821312e-07
2.754299880000000e+04 2.035379711164942e-07
2.754499890000000e+04 -2.545567934071021e-07
2.754699900000000e+04 -4.693341297550854e-07
2.754899900000000e+04 -2.353891011184834e-07
2.755099910000000e+04 2.235355241100153e-07
2.755299920000000e+04 4.687685053798684e-07
2.755499930000000e+04 2.658545133466682e-07
2.755699930000000e+04 -1.912043892820506e-07
2.755899940000000e+04 -4.654375417007644e-07
2.756099950000000e+04 -2.947476516345778e-07
2.756299960000000e+04 1.577471172803773e-07
2.756499960000000e+04 4.593695471386281e-07
2.756699970000000e+04 3.218903631828065e-07
2.756899980000000e+04 -1.233537970577170e-07
2.757099990000000e+04 -4.506047968278643e-07
2.757299990000000e+04 -3.471210717366384e-07
2.757500000000000e+04 8.822838598674493e-08
2.757700010000000e+04 4.391931170797835e-07
2.757900020000000e+04 3.702947919946748e-07
2.758100020000000e+04 -5.258281812591631e-08
2.758300030000000e+04 -4.251954296620901e-07
2.758500040000000e+04 -3.912841645898272e-07
2.758700050000000e+04 1.663667723658600e-08
2.758900050000000e+04 4.086858598740124e-07
2.759100060000000e+04 4.099719948605585e-07
2.759300070000000e+04 1.939289924916588e-08
2.759500080000000e+04 -3.897586077185343e-07
2.759700080000000e+04 -4.262513721868524e-07
2.759900090000000e+04 -5.529271837717508e-08
2.760100100000000e+04 3.685270786206162e-07
2.760300110000000e+04 4.400218519363819e-07
2.760500110000000e+04 9.085832509613234e-08
2.760700120000000e+04 -3.451247575893157e-07
2.760900130000000e+04 -4.511947225149711e-07
2.761100140000000e+04 -1.258871301557623e-07
2.761300140000000e+04 3.196975815926236e-07
2.761500150000000e+04 4.596971009027001e-07
2.761700160000000e+04 1.601798794382097e-07
2.761900170000000e+04 -2.924002261985774e-07
2.762100170000000e+04 -4.654772583846634e-07
2.762300180000000e+04 -1.935330690939630e-07
2.762500190000000e+04 2.633907058259899e-07
2.762700200000000e+04 4.685058585309293e-07
2.762900200000000e+04 2.257450027428435e-07
2.763100210000000e+04 -2.328338522659517e-07
2.763300220000000e+04 -4.687739883273420e-07
2.763500230000000e+04 -2.566166337977083e-07
2.763700230000000e+04 2.009007317134186e-07
2.763900240000000e+04 4.662872500573444e-07
2.764100250000000e+04 2.859610784120147e-07
2.764300260000000e+04 -1.677770989130684e-07
2.764500260000000e+04 -4.610626577533822e-07
2.764700270000000e+04 -3.136052288974789e-07
2.764900280000000e+04 1.336599231695453e-07
2.765100290000000e+04 4.531268785309849e-07
2.765300290000000e+04 3.393936342927586e-07
2.765500300000000e+04 -9.875901768432814e-08
2.765700310000000e+04 -4.425182924414746e-07
2.765900320000000e+04 -3.631819282864349e-07
2.766100320000000e+04 6.328753776323242e-08
2.766300330000000e+04 4.292932829997576e-07
2.766500340000000e+04 3.848368249176641e-07
2.766700350000000e+04 -2.745928593831514e-08
2.766900350000000e+04 -4.135279803958287e-07
2.767100360000000e+04 -4.042294809631454e-07
2.767300370000000e+04 -8.518291205975229e-09
2.767500380000000e+04 3.953209241858517e-07
2.767700380000000e+04 4.212398919628239e-07
2.767900390000000e+04 4.443954816359993e-08
2.768100400000000e+04 -3.747878979154793e-07
2.768300410000000e+04 -4.357592516326073e-07
2.768500410000000e+04 -8.010219907884664e-08
2.768700420000000e+04 3.520576481307714e-07
2.768900430000000e+04 4.476970441625477e-07
2.769100440000000e+04 1.152982635508659e-07
2.769300440000000e+04 -3.272654906660387e-07
2.769500450000000e+04 -4.569836934288840e-07
2.769700460000000e+04 -1.498184021199001e-07
2.769900470000000e+04 3.005535880099184e-07
2.770100470000000e+04 4.635718917251140e-07
2.770300480000000e+04 1.834504677354472e-07
2.770500490000000e+04 -2.720701172071482e-07
2.770700500000000e+04 -4.674312835595222e-07
2.770900500000000e+04 -2.159890743629580e-07
2.771100510000000e+04 2.419774504729026e-07
2.771300520000000e+04 4.685453370076838e-07
2.771500530000000e+04 2.472381937903071e-07
2.771700530000000e+04 -2.104509487026551e-07
2.771900540000000e+04 -4.669066390632617e-07
2.772100550000000e+04 -2.770178981681672e-07
2.772300560000000e+04 1.776826438060363e-07
2.772500560000000e+04 4.625182137950051e-07
2.772700570000000e+04 3.051597243827782e-07
2.772900580000000e+04 -1.438737228647302e-07
2.773100590000000e+04 -4.553981311321019e-07
2.773300590000000e+04 -3.315072282071043e-07
2.773500600000000e+04 1.092313571886850e-07
2.773700610000000e+04 4.455831228486327e-07
2.773900620000000e+04 3.559075001757372e-07
2.774100620000000e+04 -7.396014347531199e-08
2.774300630000000e+04 -4.331327965060559e-07
2.774500640000000e+04 -3.782142951619801e-07
2.774700650000000e+04 3.826381367198863e-08
2.774900650000000e+04 4.181277021407834e-07
2.775100660000000e+04 3.982878427417213e-07
2.775300670000000e+04 -2.342845119306696e-09
2.775500680000000e+04 -4.006654772591925e-07
2.775700680000000e+04 -4.160025768409755e-07
2.775900690000000e+04 -3.359634105099282e-08
2.776100700000000e+04 3.808543609799743e-07
2.776300710000000e+04 4.312506782828174e-07
2.776500710000000e+04 6.934391525342749e-08
2.776700720000000e+04 -3.588105041525784e-07
2.776900730000000e+04 -4.439467158759477e-07
2.777100740000000e+04 -1.046827349431785e-07
2.777300740000000e+04 3.346562340472153e-07
2.777500750000000e+04 4.540237872265542e-07
2.777700760000000e+04 1.393966466579706e-07
2.777900770000000e+04 -3.085266171359850e-07
2.778100770000000e+04 -4.614314844492977e-07
2.778300780000000e+04 -1.732734150363602e-07
2.778500790000000e+04 2.805700711109406e-07
2.778700800000000e+04 4.661289442124247e-07
2.778900800000000e+04 2.061136446629863e-07
2.779100810000000e+04 -2.509539337023328e-07
2.779300820000000e+04 -4.680852006329366e-07
2.779500830000000e+04 -2.377284951391599e-07
2.779700830000000e+04 2.198596289327537e-07
2.779900840000000e+04 4.672809305796681e-07
2.780100850000000e+04 2.679418164646669e-07
2.780300860000000e+04 -1.874800490463208e-07
2.780500860000000e+04 -4.637131981786127e-07
2.780700870000000e+04 -2.965810659088514e-07
2.780900880000000e+04 1.540104067733352e-07
2.781100890000000e+04 4.574006282073072e-07
2.781300890000000e+04 3.234790981663561e-07
2.781500900000000e+04 -1.196473545448394e-07
2.781700910000000e+04 -4.483847595762069e-07
2.781900920000000e+04 -3.484710152128847e-07
2.782100920000000e+04 8.458495472492436e-08
2.782300930000000e+04 4.367275356711696e-07
2.782500940000000e+04 3.714014778701546e-07
2.782700950000000e+04 -4.902269266667322e-08
2.782900950000000e+04 -4.225058932167217e-07
2.783100960000000e+04 -3.921283886045504e-07
2.783300970000000e+04 1.316434226516054e-08
2.783500980000000e+04 4.058068970403796e-07
2.783700980000000e+04 4.105301863594767e-07
2.783900990000000e+04 2.277568634504028e-08
2.784101000000000e+04 -3.867246570912069e-07
2.784301010000000e+04 -4.265039685534710e-07
2.784501010000000e+04 -5.857882044665453e-08
2.784701020000000e+04 3.653642037795589e-07
2.784901030000000e+04 4.399656225008284e-07
2.785101040000000e+04 9.402443130425386e-08
2.785301040000000e+04 -3.418432002797563e-07
2.785501050000000e+04 -4.508418886981420e-07
2.785701060000000e+04 -1.288999741195043e-07
2.785901070000000e+04 3.162987944133491e-07
2.786101070000000e+04 4.590696125052738e-07
2.786301080000000e+04 1.630009058787510e-07
2.786501090000000e+04 -2.888856445509810e-07
2.786701100000000e+04 -4.645942019574410e-07
2.786901100000000e+04 -1.961352586977957e-07
2.787101110000000e+04 2.597747932992904e-07
2.787301120000000e+04 4.673745413395156e-07
2.787501130000000e+04 2.281152294829149e-07
2.787701130000000e+04 -2.291452047563578e-07
2.787901140000000e+04 -4.673882090844745e-07
2.788101150000000e+04 -2.587580745439360e-07
2.788301160000000e+04 1.971808367716011e-07
2.788501160000000e+04 4.646356909024952e-07
2.788701170000000e+04 2.878799732619958e-07
2.788901180000000e+04 -1.640647853493697e-07
2.789101190000000e+04 -4.591397668333036e-07
2.789301190000000e+04 -3.153023661425639e-07
2.789501200000000e+04 1.299848305760628e-07
2.789701210000000e+04 4.509423419291659e-07
2.789901220000000e+04 3.408544339127245e-07
2.790101220000000e+04 -9.513312090851415e-08
2.790301230000000e+04 -4.400984232162890e-07
2.790501240000000e+04 -3.643823005670555e-07
2.790701250000000e+04 5.971421086404068e-08
2.790901250000000e+04 4.266718987804190e-07
2.791101260000000e+04 3.857491179602146e-07
2.791301270000000e+04 -2.394081175358030e-08
2.791501280000000e+04 -4.107360556640326e-07
2.791701280000000e+04 -4.048380976609950e-07
2.791901290000000e+04 -1.196645616993698e-08
2.792101300000000e+04 3.923755588448143e-07
2.792301310000000e+04 4.215448635733978e-07
2.792501310000000e+04 4.778923597004978e-08
2.792701320000000e+04 -3.716934436030357e-07
2.792901330000000e+04 -4.357761831640417e-07
2.793101340000000e+04 -8.331319687583333e-08
2.793301340000000e+04 3.488119389048856e-07
2.793501350000000e+04 4.474451341811011e-07
2.793701360000000e+04 1.183350416388993e-07
2.793901370000000e+04 -3.238733608535595e-07
2.794101370000000e+04 -4.564754737219324e-07
2.794301380000000e+04 -1.526560892329227e-07
2.794501390000000e+04 2.970335752394272e-07
2.794701400000000e+04 4.628054518713586e-07
2.794901400000000e+04 1.860829499675491e-07
2.795101410000000e+04 -2.684578282178118e-07
2.795301420000000e+04 -4.663944439695648e-07
2.795501430000000e+04 -2.184192665561977e-07
2.795701430000000e+04 2.383134601915319e-07
2.795901440000000e+04 4.672241824335325e-07
2.796101450000000e+04 2.494703641519199e-07
2.796301460000000e+04 -2.067723451682597e-07
2.796501460000000e+04 -4.652986945907845e-07
2.796701470000000e+04 -2.790435320128221e-07
2.796901480000000e+04 1.740104466494449e-07
2.797101490000000e+04 4.606381924918300e-07
2.797301490000000e+04 3.069580413325785e-07
2.797501500000000e+04 -1.402162277368992e-07
2.797701510000000e+04 -4.532745086288794e-07
2.797901520000000e+04 -3.330468954238504e-07
2.798101520000000e+04 1.055889953026454e-07
2.798301530000000e+04 4.432482938064339e-07
2.798501540000000e+04 3.571628033724772e-07
2.798701550000000e+04 -7.034089825636292e-08
2.798901550000000e+04 -4.306103600485879e-07
2.799101560000000e+04 -3.791720414974624e-07
2.799301570000000e+04 3.468806391564073e-08
2.799501580000000e+04 4.154273422599601e-07
2.799701580000000e+04 3.989534957582520e-07
2.799901590000000e+04 1.152384115075382e-09
2.800101600000000e+04 -3.977850814643372e-07
2.800301610000000e+04 -4.163914531417478e-07
2.800501610000000e+04 -3.697121943727234e-08
2.800701620000000e+04 3.777915567279277e-07
2.800901630000000e+04 4.313785180149475e-07
2.801101640000000e+04 7.256339403814895e-08
2.801301640000000e+04 -3.555730811655618e-07
2.801501650000000e+04 -4.438170266105888e-07
2.801701660000000e+04 -1.077295086677899e-07
2.801901670000000e+04 3.312700480258853e-07
2.802101670000000e+04 4.536271145802400e-07
2.802301680000000e+04 1.422667766544864e-07
2.802501690000000e+04 -3.050290062949522e-07
2.802701700000000e+04 -4.607495635115776e-07
2.802901700000000e+04 -1.759715165972550e-07
2.803101710000000e+04 2.770020348505277e-07
2.803301720000000e+04 4.651488822830491e-07
2.803501730000000e+04 2.086367254417305e-07
2.803701730000000e+04 -2.473451744780836e-07
2.803901740000000e+04 -4.668083735034133e-07
2.804101750000000e+04 -2.400617414401317e-07
2.804301760000000e+04 2.162258049717663e-07
2.804501760000000e+04 4.657262165728944e-07
2.804701770000000e+04 2.700548815110463e-07
2.804901780000000e+04 -1.838233258258367e-07
2.805101790000000e+04 -4.619100211058728e-07
2.805301790000000e+04 -2.984419809074620e-07
2.805501800000000e+04 1.503335967644401e-07
2.805701810000000e+04 4.553768368077662e-07
2.805901820000000e+04 3.250624279393003e-07
2.806101820000000e+04 -1.159620727278995e-07
2.806301830000000e+04 -4.461562802633480e-07
2.806501840000000e+04 -3.497697500791906e-07
2.806701850000000e+04 8.092097234505891e-08
2.806901850000000e+04 4.342957129790754e-07
2.807101860000000e+04 3.724230501251281e-07
2.807301870000000e+04 -4.541918224970430e-08
2.807501880000000e+04 -4.198647955550967e-07
2.807701880000000e+04 -3.928882862443301e-07
2.807901890000000e+04 9.663177605928952e-09
2.808101900000000e+04 4.029548153601109e-07
2.808301910000000e+04 4.110365724524085e-07
2.808501910000000e+04 2.614614976524390e-08
2.808701920000000e+04 -3.836754329703695e-07
2.808901930000000e+04 -4.267526198611807e-07
2.809101940000000e+04 -6.180507674753098e-08
2.809301940000000e+04 3.621473719991066e-07
2.809501950000000e+04 4.399382447146177e-07
2.809701960000000e+04 9.710760970386672e-08
2.809901970000000e+04 -3.384990068082435e-07
2.810101970000000e+04 -4.505185059992696e-07
2.810301980000000e+04 -1.318403150327716e-07
2.810501990000000e+04 3.128632731360221e-07
2.810702000000000e+04 4.584386625513425e-07
2.810902000000000e+04 1.657905403360015e-07
2.811102010000000e+04 -2.853827235498034e-07
2.811302020000000e+04 -4.636621262182343e-07
2.811502030000000e+04 -1.987488189163239e-07
2.811702030000000e+04 2.562118054035606e-07
2.811902040000000e+04 4.661632436010632e-07
2.812102050000000e+04 2.305191603261607e-07
2.812302060000000e+04 -2.255231565946088e-07
2.812502060000000e+04 -4.659259713905473e-07
2.812702070000000e+04 -2.609177082736765e-07
2.812902080000000e+04 1.935035898559433e-07
2.813102090000000e+04 4.629437396012440e-07
2.813302090000000e+04 2.897755239280137e-07
2.813502100000000e+04 -1.603523079456349e-07
2.813702110000000e+04 -4.572252588293354e-07
2.813902120000000e+04 -3.169301259635060e-07
2.814102120000000e+04 1.262709749406495e-07
2.814302130000000e+04 4.487997174677279e-07
2.814502140000000e+04 3.422254131714057e-07
2.814702150000000e+04 -9.146184939002673e-08
2.814902150000000e+04 -4.377193781639265e-07
2.815102160000000e+04 -3.655068640630286e-07
2.815302170000000e+04 5.612271503444774e-08
2.815502180000000e+04 4.240581614752136e-07
2.815702180000000e+04 3.866291017476700e-07
2.815902190000000e+04 -2.045337259001528e-08
2.816102200000000e+04 -4.079060612473944e-07
2.816302210000000e+04 -4.054588560674967e-07
2.816502210000000e+04 -1.534383375585752e-08
2.816702220000000e+04 3.893637842568532e-07
2.816902230000000e+04 4.218836463060633e-07
2.817102240000000e+04 5.105663459553547e-08
2.817302240000000e+04 -3.685382334544984e-07
2.817502250000000e+04 -4.358110294995237e-07
2.817702260000000e+04 -8.646877002881912e-08
2.817902270000000e+04 3.455444990288943e-07
2.818102270000000e+04 4.471691637674773e-07
2.818302280000000e+04 1.213608728885572e-07
2.818502290000000e+04 -3.205085448018585e-07
2.818702300000000e+04 -4.558991753426693e-07
2.818902300000000e+04 -1.555216423987030e-07
2.819102310000000e+04 2.935742980864721e-07
2.819302320000000e+04 4.619528872368180e-07
2.819502330000000e+04 1.887488606797294e-07
2.819702330000000e+04 -2.649028064337888e-07
2.819902340000000e+04 -4.652894214771453e-07
2.820102350000000e+04 -2.208547836668054e-07
2.820302360000000e+04 2.346725117453488e-07
2.820502360000000e+04 4.658803580921336e-07
2.820702370000000e+04 2.516589112324636e-07
2.820902380000000e+04 -2.030703988442844e-07
2.821102390000000e+04 -4.637142252581007e-07
2.821302390000000e+04 -2.809875954810962e-07
2.821502400000000e+04 1.702883069829359e-07
2.821702410000000e+04 4.588021176180502e-07
2.821902420000000e+04 3.086665581396519e-07
2.822102420000000e+04 -1.365159520002979e-07
2.822302430000000e+04 -4.511785181544197e-07
2.822502440000000e+04 -3.345266854983696e-07
2.822702450000000e+04 1.019448297818267e-07
2.822902450000000e+04 4.408982881803632e-07
2.823102460000000e+04 3.584051542590822e-07
2.823302470000000e+04 -6.676852685831718e-08
2.823502480000000e+04 -4.280305666804819e-07
2.823702480000000e+04 -3.801557538060793e-07
2.823902490000000e+04 3.119128679961378e-08
2.824102500000000e+04 4.126534812988259e-07
2.824302510000000e+04 3.996503772666332e-07
2.824502510000000e+04 4.575103443264929e-09
2.824702520000000e+04 -3.948527547690000e-07
2.824902530000000e+04 -4.167825351244797e-07
2.825102540000000e+04 -4.030988359806737e-08
2.825302540000000e+04 3.747237242135571e-07
2.825502550000000e+04 4.314605071711082e-07
2.825702560000000e+04 7.579409435475309e-08
2.825902570000000e+04 -3.523777586768685e-07
2.826102570000000e+04 -4.436052634802846e-07
2.826302580000000e+04 -1.108134027346238e-07
2.826502590000000e+04 3.279445396389863e-07
2.826702600000000e+04 4.531440159663511e-07
2.826902600000000e+04 1.451657839802372e-07
2.827102610000000e+04 -3.015746821076238e-07
2.827302620000000e+04 -4.600139509158826e-07
2.827502630000000e+04 -1.786565963612476e-07
2.827702630000000e+04 2.734330770189621e-07
2.827902640000000e+04 4.641646626513137e-07
2.828102650000000e+04 2.110989388337183e-07
2.828302660000000e+04 -2.436944072496024e-07
2.828502660000000e+04 -4.655660237787944e-07
2.828702670000000e+04 -2.423045241043302e-07
2.828902680000000e+04 2.125351471100713e-07
2.829102690000000e+04 4.642110525050185e-07
2.829302690000000e+04 2.720872118814270e-07
2.829502700000000e+04 -1.801341328799811e-07
2.829702710000000e+04 -4.601160690405486e-07
2.829902720000000e+04 -3.002614075420115e-07
2.830102720000000e+04 1.466718854863499e-07
2.830302730000000e+04 4.533151237604083e-07
2.830502740000000e+04 3.266528663944297e-07
2.830702750000000e+04 -1.123388711787766e-07
2.830902750000000e+04 -4.438550076358939e-07
2.831102760000000e+04 -3.511016159571408e-07
2.831302770000000e+04 7.733511586626464e-08
2.831502780000000e+04 4.317905336415388e-07
2.831702780000000e+04 3.734684463481134e-07
2.831902790000000e+04 -4.187428833627412e-08
2.832102800000000e+04 -4.171852781022261e-07
2.832302810000000e+04 -3.936299767243670e-07
2.832502810000000e+04 6.174487680557361e-09
2.832702820000000e+04 4.001159974022442e-07
2.832902830000000e+04 4.114778043595716e-07
2.833102840000000e+04 2.954513459834906e-08
2.833302840000000e+04 -3.806771898264012e-07
2.833502850000000e+04 -4.269098028789601e-07
2.833702860000000e+04 -6.507377830799784e-08
2.833902870000000e+04 3.589858426217207e-07
2.834102870000000e+04 4.398322151124402e-07
2.834302880000000e+04 1.002071561878683e-07
2.834502890000000e+04 -3.351778373935314e-07
2.834702900000000e+04 -4.501591185810014e-07
2.834902900000000e+04 -1.347493141605464e-07
2.835102910000000e+04 3.094039832012201e-07
2.835302920000000e+04 4.578212044176791e-07
2.835502930000000e+04 1.685032159909903e-07
2.835702930000000e+04 -2.818219706180821e-07
2.835902940000000e+04 -4.627699199640948e-07
2.836102950000000e+04 -2.012722573543807e-07
2.836302960000000e+04 2.525934961643916e-07
2.836502960000000e+04 4.649810679061124e-07
2.836702970000000e+04 2.328556470576882e-07
2.836902980000000e+04 -2.218822084970215e-07
2.837102990000000e+04 -4.644509430187476e-07
2.837302990000000e+04 -2.630582476673090e-07
2.837503000000000e+04 1.898602944302944e-07
2.837703010000000e+04 4.611926337969034e-07
2.837903020000000e+04 2.916937322766242e-07
2.838103020000000e+04 -1.567099201473059e-07
2.838303030000000e+04 -4.552286809111747e-07
2.838503040000000e+04 -3.185936503213232e-07
2.838703050000000e+04 1.226297384381194e-07
2.838903050000000e+04 4.465904204533226e-07
2.839103060000000e+04 3.436052829017131e-07
2.839303070000000e+04 -8.782832161928877e-08
2.839503080000000e+04 -4.353195135747367e-07
2.839703080000000e+04 -3.665926455766981e-07
2.839903090000000e+04 5.252161713295896e-08
2.840103100000000e+04 4.214734038702161e-07
2.840303110000000e+04 3.874269219648555e-07
2.840503110000000e+04 -1.692261981466919e-08
2.840703120000000e+04 -4.051313461102995e-07
2.840903130000000e+04 -4.059871812708349e-07
2.841103140000000e+04 -1.875998042603635e-08
2.841303140000000e+04 3.863944151885588e-07
2.841503150000000e+04 4.221565345516344e-07
2.841703160000000e+04 5.432549732347034e-08
2.841903170000000e+04 -3.653832690660151e-07
2.842103170000000e+04 -4.358303890008530e-07
2.842303180000000e+04 -8.957292018543452e-08
2.842503190000000e+04 3.422310140604655e-07
2.842703200000000e+04 4.469205795063638e-07
2.842903200000000e+04 1.243012602812673e-07
2.843103210000000e+04 -3.170775916403714e-07
2.843303220000000e+04 -4.553622333154246e-07
2.843503230000000e+04 -1.583021788536152e-07
2.843703230000000e+04 2.900662151945723e-07
2.843903240000000e+04 4.611124381662428e-07
2.844103250000000e+04 1.913676198563355e-07
2.844303260000000e+04 -2.613472826717832e-07
2.844503260000000e+04 -4.641486386310005e-07
2.844703270000000e+04 -2.232919396425672e-07
2.844903280000000e+04 2.310804348065218e-07
2.845103290000000e+04 4.644599083222767e-07
2.845303290000000e+04 2.538826496421536e-07
2.845503300000000e+04 -1.994425452839272e-07
2.845703310000000e+04 -4.620453921345220e-07
2.845903320000000e+04 -2.829612753017463e-07
2.846103320000000e+04 1.666245752434659e-07
2.846303330000000e+04 4.569121780665694e-07
2.846503340000000e+04 3.103666924954093e-07
2.846703350000000e+04 -1.328308473862337e-07
2.846903350000000e+04 -4.490805792617167e-07
2.847103360000000e+04 -3.359461450236969e-07
2.847303370000000e+04 9.826907485628380e-08
2.847503380000000e+04 4.385900608338784e-07
2.847703380000000e+04 3.595554301828293e-07
2.847903390000000e+04 -6.314630834941023e-08
2.848103400000000e+04 -4.255027789285621e-07
2.848303410000000e+04 -3.810517050251262e-07
2.848503410000000e+04 2.766336752730126e-08
2.848703420000000e+04 4.099038076587479e-07
2.848903430000000e+04 4.003003003615252e-07
2.849103440000000e+04 7.979287118249333e-09
2.849303450000000e+04 -3.918959732634132e-07
2.849503450000000e+04 -4.171774415519663e-07
2.849703460000000e+04 -4.358170427774399e-08
2.849903470000000e+04 3.715927111467590e-07
2.850103480000000e+04 4.315795251049890e-07
2.850303480000000e+04 7.893503310656773e-08
2.850503490000000e+04 -3.491134953221990e-07
2.850703500000000e+04 -4.434244958636240e-07
2.850903510000000e+04 -1.138265044268763e-07
2.851103510000000e+04 3.245839958614717e-07
2.851303520000000e+04 4.526530005089648e-07
2.851503530000000e+04 1.480392854793374e-07
2.851703540000000e+04 -2.981379912913165e-07
2.851903540000000e+04 -4.592198738044268e-07
2.852103550000000e+04 -1.813637503746268e-07
2.852303560000000e+04 2.699254612454628e-07
2.852503570000000e+04 4.630923248516886e-07
2.852703570000000e+04 2.136006190825999e-07
2.852903580000000e+04 -2.401127591357607e-07
2.853103590000000e+04 -4.642440559305922e-07
2.853303600000000e+04 -2.445669495620620e-07
2.853503600000000e+04 2.088844246180539e-07
2.853703610000000e+04 4.626595458121974e-07
2.853903620000000e+04 2.740891822283464e-07
2.854103630000000e+04 -1.764348138065119e-07
2.854303630000000e+04 -4.583384942393032e-07
2.854503640000000e+04 -3.020035668669975e-07
2.854703650000000e+04 1.429626556012858e-07
2.854903660000000e+04 4.513021244226982e-07
2.855103660000000e+04 3.281464363455636e-07
2.855303670000000e+04 -1.086638248323397e-07
2.855503680000000e+04 -4.415958170311846e-07
2.855703690000000e+04 -3.523589412420412e-07
2.855903690000000e+04 7.373370260175626e-08
2.856103700000000e+04 4.292870445289408e-07
2.856303710000000e+04 3.744873876342255e-07
2.856503720000000e+04 -3.836655857194128e-08
2.856703720000000e+04 -4.144581960277333e-07
2.856903730000000e+04 -3.943935688988588e-07
2.857103740000000e+04 2.765496288205136e-09
2.857303750000000e+04 3.972015655247941e-07
2.857503750000000e+04 4.119580852734375e-07
2.857703760000000e+04 3.285965907951683e-08
2.857903770000000e+04 -3.776156391249277e-07
2.858103780000000e+04 -4.270849075565050e-07
2.858303780000000e+04 -6.828964471042248e-08
2.858503790000000e+04 3.558060438021384e-07
2.858703800000000e+04 4.396944947803531e-07
2.858903810000000e+04 1.033057921395849e-07
2.859103810000000e+04 -3.318924277515515e-07
2.859303820000000e+04 -4.497224508389257e-07
2.859503830000000e+04 -1.376943965579755e-07
2.859703840000000e+04 3.060111931482555e-07
2.859903840000000e+04 4.571106665518024e-07
2.860103850000000e+04 1.712551743280807e-07
2.860303860000000e+04 -2.783197485515261e-07
2.860503870000000e+04 -4.618100030386324e-07
2.860703870000000e+04 -2.037974542259585e-07
2.860903880000000e+04 2.489911593533541e-07
2.861103890000000e+04 4.637822947507224e-07
2.861303900000000e+04 2.351415649688058e-07
2.861503900000000e+04 -2.182086367109084e-07
2.861703910000000e+04 -4.630079740750377e-07
2.861903920000000e+04 -2.651079069683604e-07
2.862103930000000e+04 1.861573833092846e-07
2.862303930000000e+04 4.594904973391460e-07
2.862503940000000e+04 2.935195938738350e-07
2.862703950000000e+04 -1.530230820824214e-07
2.862903960000000e+04 -4.532581062659016e-07
2.863103960000000e+04 -3.201998229974396e-07
2.863303970000000e+04 1.189901310400606e-07
2.863503980000000e+04 4.443579979407326e-07
2.863703990000000e+04 3.449816592370973e-07
2.863903990000000e+04 -8.425072976642286e-08
2.864104000000000e+04 -4.328518378024288e-07
2.864304010000000e+04 -3.677122196206819e-07
2.864504020000000e+04 4.900488615972748e-08
2.864704020000000e+04 4.188086319043851e-07
2.864904030000000e+04 3.882605104372715e-07
2.865104040000000e+04 -1.346583640002051e-08
2.865304050000000e+04 -4.023044378124666e-07
2.865504050000000e+04 -4.065133506414161e-07
2.865704060000000e+04 -2.214745357933697e-08
2.865904070000000e+04 3.834265988822509e-07
2.866104080000000e+04 4.223753230497225e-07
2.866304080000000e+04 5.761452411188993e-08
2.866504090000000e+04 -3.622780716113542e-07
2.866704100000000e+04 -4.357582101444920e-07
2.866904110000000e+04 -9.272355710539305e-08
2.867104110000000e+04 3.389833266694928e-07
2.867304120000000e+04 4.465821634965023e-07
2.867504130000000e+04 1.272712231244438e-07
2.867704140000000e+04 -3.136869340642438e-07
2.867904140000000e+04 -4.547742988076487e-07
2.868104150000000e+04 -1.610656172644890e-07
2.868304160000000e+04 2.865492543804960e-07
2.868504170000000e+04 4.602764077800992e-07
2.868704170000000e+04 1.939158091786928e-07
2.868904180000000e+04 -2.577384949788753e-07
2.869104190000000e+04 -4.630500214705975e-07
2.869304200000000e+04 -2.256328564459894e-07
2.869504200000000e+04 2.274257347199855e-07
2.869704210000000e+04 4.630819584253554e-07
2.869904220000000e+04 2.560240397257886e-07
2.870104230000000e+04 -1.957816779563203e-07
2.870304230000000e+04 -4.603809410928133e-07
2.870504240000000e+04 -2.849007977284558e-07
2.870704250000000e+04 1.629832966770401e-07
2.870904260000000e+04 4.549746493755601e-07
2.871104260000000e+04 3.120825805935198e-07
2.871304270000000e+04 -1.292151389042883e-07
2.871504280000000e+04 -4.469005427995525e-07
2.871704290000000e+04 -3.374070905891134e-07
2.871904290000000e+04 9.467683094005849e-08
2.872104300000000e+04 4.362041566939387e-07
2.872304310000000e+04 3.607293811079740e-07
2.872504320000000e+04 -5.957897090742028e-08
2.872704320000000e+04 -4.229397958967434e-07
2.872904330000000e+04 -3.819241194029194e-07
2.873104340000000e+04 2.414018602079510e-08
2.873304350000000e+04 4.071751463289862e-07
2.873504350000000e+04 4.008748730752747e-07
2.873704360000000e+04 1.142334213747876e-08
2.873904370000000e+04 -3.889979803515021e-07
2.874104380000000e+04 -4.174741673607862e-07
2.874304380000000e+04 -4.690089959432045e-08
2.874504390000000e+04 3.685185096705359e-07
2.874704400000000e+04 4.316183836621747e-07
2.874904410000000e+04 8.209242163039189e-08
2.875104410000000e+04 -3.458672869070971e-07
2.875304420000000e+04 -4.432143628835785e-07
2.875504430000000e+04 -1.168000083064049e-07
2.875704440000000e+04 3.211888721918811e-07
2.875904440000000e+04 4.521839920219716e-07
2.876104450000000e+04 1.508281383847567e-07
2.876304460000000e+04 -2.946346113056409e-07
2.876504470000000e+04 -4.584726089286127e-07
2.876704470000000e+04 -1.839751381439971e-07
2.876904480000000e+04 2.663577112984177e-07
2.877104490000000e+04 4.620484094637519e-07
2.877304500000000e+04 2.160386214490158e-07
2.877504500000000e+04 -2.365163031362274e-07
2.877704510000000e+04 -4.629023798690410e-07
2.877904520000000e+04 -2.468177641063788e-07
2.878104530000000e+04 2.052750362945459e-07
2.878304530000000e+04 4.610384884431101e-07
2.878504540000000e+04 2.761245544458631e-07
2.878704550000000e+04 -1.728137540301147e-07
2.878904560000000e+04 -4.564710735130796e-07
2.879104560000000e+04 -3.037856622588526e-07
2.879304570000000e+04 1.393266598883321e-07
2.879504580000000e+04 4.492214036071946e-07
2.879704590000000e+04 3.296477975295006e-07
2.879904590000000e+04 -1.050217069633750e-07
2.880104600000000e+04 -4.393216817750231e-07
2.880304610000000e+04 -3.535684535888958e-07
2.880504620000000e+04 7.011131909082724e-08
2.880704620000000e+04 4.268212610509492e-07
2.880904630000000e+04 3.754155486423598e-07
2.881104640000000e+04 -3.480727450681204e-08
2.881304650000000e+04 -4.117919804104080e-07
2.881504650000000e+04 -3.950590300714891e-07
2.881704660000000e+04 -6.868596109180736e-10
2.881904670000000e+04 3.943287121815242e-07
2.882104680000000e+04 4.123756955143637e-07
2.882304680000000e+04 3.617053782938755e-08
2.882504690000000e+04 -3.745459743909208e-07
2.882704700000000e+04 -4.272519500260950e-07
2.882904710000000e+04 -7.144644341011711e-08
2.883104710000000e+04 3.525699589582809e-07
2.883304720000000e+04 4.395938201909828e-07
2.883504730000000e+04 1.063103954143116e-07
2.883704740000000e+04 -3.285323882759916e-07
2.883904740000000e+04 -4.493288187615629e-07
2.884104750000000e+04 -1.405540335878751e-07
2.884304760000000e+04 3.025693604273864e-07
2.884504770000000e+04 4.564095099804682e-07
2.884704770000000e+04 1.739645860803953e-07
2.884904780000000e+04 -2.748224341331401e-07
2.885104790000000e+04 -4.608048037483891e-07
2.885304800000000e+04 -2.063355074276218e-07
2.885504800000000e+04 2.454468954687715e-07
2.885704810000000e+04 4.624971200294652e-07
2.885904820000000e+04 2.374702765029379e-07
2.886104830000000e+04 -2.146138295696095e-07
2.886304830000000e+04 -4.614752365946219e-07
2.886504840000000e+04 -2.671907773418963e-07
2.886704850000000e+04 1.825121657262774e-07
2.886904860000000e+04 4.577369456703250e-07
2.887104860000000e+04 2.953309938572034e-07
2.887304870000000e+04 -1.493420893884659e-07
2.887504880000000e+04 -4.512932913531840e-07
2.887704890000000e+04 -3.217371373085910e-07
2.887904890000000e+04 1.153090826869723e-07
2.888104900000000e+04 4.421758471287140e-07
2.888304910000000e+04 3.462570786204959e-07
2.888504920000000e+04 -8.061472812734022e-08
2.888704920000000e+04 -4.304396653405789e-07
2.888904930000000e+04 -3.687431090285667e-07
2.889104940000000e+04 4.545779899758872e-08
2.889304950000000e+04 4.161636572762349e-07
2.889504950000000e+04 3.890517256932335e-07
2.889704960000000e+04 -1.003313200932621e-08
2.889904970000000e+04 -3.994434079098640e-07
2.890104980000000e+04 -4.070538323106296e-07
2.890304980000000e+04 -2.545822414830450e-08
2.890504990000000e+04 3.803848429620889e-07
2.890705000000000e+04 4.226382853778798e-07
2.890905010000000e+04 6.080932486883754e-08
2.891105010000000e+04 -3.590991452109138e-07
2.891305020000000e+04 -4.357190602773983e-07
2.891505030000000e+04 -9.580392012895504e-08
2.891705040000000e+04 3.357024609740426e-07
2.891905040000000e+04 4.462290406937374e-07
2.892105050000000e+04 1.302252537442067e-07
2.892305060000000e+04 -3.103222361865262e-07
2.892505070000000e+04 -4.541180973858177e-07
2.892705070000000e+04 -1.638604703173819e-07
2.892905080000000e+04 2.831012870703649e-07
2.893105090000000e+04 4.593433406343768e-07
2.893305100000000e+04 1.965113453664828e-07
2.893505100000000e+04 -2.542024306490011e-07
2.893705110000000e+04 -4.618700357707942e-07
2.893905120000000e+04 -2.279916204258699e-07
2.894105130000000e+04 2.238053334410947e-07
2.894305130000000e+04 4.616725403188572e-07
2.894505140000000e+04 2.581286917606184e-07
2.894705150000000e+04 -1.921012460368425e-07
2.894905160000000e+04 -4.587423904882250e-07
2.895105160000000e+04 -2.867525903230205e-07
2.895305170000000e+04 1.592832759963813e-07
2.895505180000000e+04 4.530928038704526e-07
2.895705190000000e+04 3.136966904478899e-07
2.895905190000000e+04 -1.255436692671758e-07
2.896105200000000e+04 -4.447629515969787e-07
2.896305210000000e+04 -3.387939573347445e-07
2.896505220000000e+04 9.107089464476963e-08
2.896705220000000e+04 4.338128557096934e-07
2.896905230000000e+04 3.618860564376088e-07
2.897105240000000e+04 -5.605796277966090e-08
2.897305250000000e+04 -4.203181718434798e-07
2.897505250000000e+04 -3.828273763769891e-07
2.897705260000000e+04 2.070408293704240e-08
2.897905270000000e+04 4.043622881857281e-07
2.898105280000000e+04 4.014951232290690e-07
2.898305280000000e+04 1.477911166282443e-08
2.898505290000000e+04 -3.860342592327034e-07
2.898705300000000e+04 -4.177862581114201e-07
2.898905310000000e+04 -5.017344453991498e-08
2.899105310000000e+04 3.654316068731690e-07
2.899305320000000e+04 4.316177952324285e-07
2.899505330000000e+04 8.525796229989276e-08
2.899705340000000e+04 -3.426655578082025e-07
2.899905340000000e+04 -4.429161180103682e-07
2.900105350000000e+04 -1.198206397845946e-07
2.900305360000000e+04 3.178673463960410e-07
2.900505370000000e+04 4.516161659155476e-07
2.900705370000000e+04 1.536592665512043e-07
2.900905380000000e+04 -2.911888018036433e-07
2.901105390000000e+04 -4.576583596227698e-07
2.901305400000000e+04 -1.865856677866541e-07
2.901505400000000e+04 2.627989130596646e-07
2.901705410000000e+04 4.609962870843959e-07
2.901905420000000e+04 2.184159910336628e-07
2.902105430000000e+04 -2.328752065368203e-07
2.902305430000000e+04 -4.616016006044421e-07
2.902505440000000e+04 -2.489699328890049e-07
2.902705450000000e+04 2.015980759246532e-07
2.902905460000000e+04 4.594715603359521e-07
2.903105460000000e+04 2.780635853524647e-07
2.903305470000000e+04 -1.691456535716144e-07
2.903505480000000e+04 -4.546266967136185e-07
2.903705490000000e+04 -3.055164065812751e-07
2.903905490000000e+04 1.356988392121807e-07
2.904105500000000e+04 4.471082531548390e-07
2.904305510000000e+04 3.311544243695159e-07
2.904505520000000e+04 -1.014439118791453e-07
2.904705520000000e+04 -4.369688830830342e-07
2.904905530000000e+04 -3.548219530346581e-07
2.905105540000000e+04 6.658075525441626e-08
2.905305550000000e+04 4.242689029873644e-07
2.905505550000000e+04 3.763817063626111e-07
2.905705560000000e+04 -3.132030687719455e-08
2.905905570000000e+04 -4.090749354553959e-07
2.906105580000000e+04 -3.957183243516447e-07
2.906305580000000e+04 -4.117296501993871e-09
2.906505590000000e+04 3.914649959995232e-07
2.906705600000000e+04 4.127284565908647e-07
2.906905610000000e+04 3.951386968822887e-08
2.907105610000000e+04 -3.715351349693494e-07
2.907305620000000e+04 -4.273188361521022e-07
2.907505630000000e+04 -7.465690251036141e-08
2.907705640000000e+04 3.494035270454637e-07
2.907905640000000e+04 4.393994222453146e-07
2.908105650000000e+04 1.093465684561979e-07
2.908305660000000e+04 -3.252096114859478e-07
2.908505670000000e+04 -4.488895118005246e-07
2.908705670000000e+04 -1.433889662129169e-07
2.908905680000000e+04 2.991080491016157e-07
2.909105690000000e+04 4.557214934962180e-07
2.909305700000000e+04 1.765947030898502e-07
2.909505700000000e+04 -2.712613786202459e-07
2.909705710000000e+04 -4.598507491588523e-07
2.909905720000000e+04 -2.087695066358252e-07
2.910105730000000e+04 2.418330608055638e-07
2.910305730000000e+04 4.612561545788524e-07
2.910505740000000e+04 2.397182626569598e-07
2.910705750000000e+04 -2.109883286824499e-07
2.910905760000000e+04 -4.599411659675871e-07
2.911105760000000e+04 -2.692460270741327e-07
2.911305770000000e+04 1.788966053975560e-07
2.911505780000000e+04 4.559247424059859e-07
2.911705790000000e+04 2.971700155276587e-07
2.911905790000000e+04 -1.457400859512322e-07
2.912105800000000e+04 -4.492367472846633e-07
2.912305810000000e+04 -3.233223354389385e-07
2.912505820000000e+04 1.117146370395401e-07
2.912705820000000e+04 4.399125666816313e-07
2.912905830000000e+04 3.475569241130883e-07
2.913105840000000e+04 -7.703071746341938e-08
2.913305850000000e+04 -4.279968552567952e-07
2.913505850000000e+04 -3.697419617832885e-07
2.913705860000000e+04 4.190414103661695e-08
2.913905870000000e+04 4.135487827352620e-07
2.914105880000000e+04 3.897579545661639e-07
2.914305880000000e+04 -6.550719248907542e-09
2.914505890000000e+04 -3.966489681754165e-07
2.914705900000000e+04 -4.074881246045809e-07
2.914905910000000e+04 -2.882309074639964e-08
2.915105910000000e+04 3.774014310597321e-07
2.915305920000000e+04 4.228221430640985e-07
2.915505930000000e+04 6.401716891942957e-08
2.915705940000000e+04 -3.559310364359979e-07
2.915905940000000e+04 -4.356571428038298e-07
2.916105950000000e+04 -9.883719424799202e-08
2.916305960000000e+04 3.323760859779321e-07
2.916505970000000e+04 4.459088848301836e-07
2.916705970000000e+04 1.330843864721516e-07
2.916905980000000e+04 -3.068804868962570e-07
2.917105990000000e+04 -4.535145802962369e-07
2.917306000000000e+04 -1.665565790721653e-07
2.917506000000000e+04 2.795905159236904e-07
2.917706010000000e+04 4.584378357982532e-07
2.917906020000000e+04 1.990459485153034e-07
2.918106030000000e+04 -2.506557082342899e-07
2.918306030000000e+04 -4.606613283316907e-07
2.918506040000000e+04 -2.303500334859570e-07
2.918706050000000e+04 2.202360954546874e-07
2.918906060000000e+04 4.601827306708470e-07
2.919106060000000e+04 2.602759186164855e-07
2.919306070000000e+04 -1.885060445174713e-07
2.919506080000000e+04 -4.570061239431997e-07
2.919706090000000e+04 -2.886501069532716e-07
2.919906090000000e+04 1.556581133633668e-07
2.920106100000000e+04 4.511435818812159e-07
2.920306110000000e+04 3.153141948121685e-07
2.920506120000000e+04 -1.218969151899873e-07
2.920706120000000e+04 -4.426174657448414e-07
2.920906130000000e+04 -3.401245265524383e-07
2.921106140000000e+04 8.743349827380623e-08
2.921306150000000e+04 4.314691234140216e-07
2.921506150000000e+04 3.629411621000029e-07
2.921706160000000e+04 -5.247486090504600e-08
2.921906170000000e+04 -4.177630954296810e-07
2.922106180000000e+04 -3.836290656591945e-07
2.922306180000000e+04 1.722295765719014e-08
2.922506190000000e+04 4.015885667791209e-07
2.922706200000000e+04 4.020554843883785e-07
2.922906210000000e+04 1.812679434611055e-08
2.923106210000000e+04 -3.830532852933216e-07
2.923306220000000e+04 -4.181008643294998e-07
2.923506230000000e+04 -5.337618677446468e-08
2.923706240000000e+04 3.622764335595902e-07
2.923906240000000e+04 4.316629624443897e-07
2.924106250000000e+04 8.832270927645103e-08
2.924306260000000e+04 -3.393818545427675e-07
2.924506270000000e+04 -4.426653124966819e-07
2.924706270000000e+04 -1.227539609076112e-07
2.924906280000000e+04 3.144966927587177e-07
2.925106290000000e+04 4.510526225411847e-07
2.925306300000000e+04 1.564562926342481e-07
2.925506300000000e+04 -2.877557663631174e-07
2.925706310000000e+04 -4.567889057530877e-07
2.925906320000000e+04 -1.892190254590617e-07
2.926106330000000e+04 2.593072250940318e-07
2.926306330000000e+04 4.598467643600199e-07
2.926506340000000e+04 2.208462073962128e-07
2.926706350000000e+04 -2.293187493514040e-07
2.926906360000000e+04 -4.602069010269065e-07
2.927106360000000e+04 -2.511559391708063e-07
2.927306370000000e+04 1.979752407497385e-07
2.927506380000000e+04 4.578563801762121e-07
2.927706390000000e+04 2.799827192229806e-07
2.927906390000000e+04 -1.654744883748525e-07
2.928106400000000e+04 -4.527977027505567e-07
2.928306410000000e+04 -3.071667270589729e-07
2.928506420000000e+04 1.320169678243585e-07
2.928706420000000e+04 4.450540034278151e-07
2.928906430000000e+04 3.325529354937608e-07
2.929106440000000e+04 -9.780123718645541e-08
2.929306450000000e+04 -4.346745099802726e-07
2.929506450000000e+04 -3.559848201232697e-07
2.929706460000000e+04 6.301989751155138e-08
2.929906470000000e+04 4.217309004482937e-07
2.930106480000000e+04 3.773134917214988e-07
2.930306480000000e+04 -2.786633500404271e-08
2.930506490000000e+04 -4.063124269819745e-07
2.930706500000000e+04 -3.964015836649211e-07
2.930906510000000e+04 -7.462258511093884e-09
2.931106510000000e+04 3.885165958994648e-07
2.931306520000000e+04 4.131343667940444e-07
2.931506530000000e+04 4.275672891087897e-08
2.931706540000000e+04 -3.684458440582099e-07
2.931906540000000e+04 -4.274185313034135e-07
2.932106550000000e+04 -7.780110865080847e-08
2.932306560000000e+04 3.462078757147124e-07
2.932506570000000e+04 4.391833906753781e-07
2.932706570000000e+04 1.123754194752565e-07
2.932906580000000e+04 -3.219216644149851e-07
2.933106590000000e+04 -4.483698816227553e-07
2.933306600000000e+04 -1.462678454997512e-07
2.933506600000000e+04 2.957246870550335e-07
2.933706610000000e+04 4.549285036551288e-07
2.933906620000000e+04 1.792776549087514e-07
2.934106630000000e+04 -2.677747572624775e-07
2.934306630000000e+04 -4.588136059419347e-07
2.934506640000000e+04 -2.112204480657349e-07
2.934706650000000e+04 2.382480730275560e-07
2.934906660000000e+04 4.599910001804029e-07
2.935106660000000e+04 2.419195800806200e-07
2.935306670000000e+04 -2.073309166366230e-07
2.935506680000000e+04 -4.584427399604649e-07
2.935706690000000e+04 -2.712043417205718e-07
2.935906690000000e+04 1.752122217958488e-07
2.936106700000000e+04 4.541758648261345e-07
2.936306710000000e+04 2.989006869935546e-07
2.936506720000000e+04 -1.420774762255121e-07
2.936706720000000e+04 -4.472219400128257e-07
2.936906730000000e+04 -3.248373317160257e-07
2.937106740000000e+04 1.081115314585182e-07
2.937306750000000e+04 4.376353869057659e-07
2.937506750000000e+04 3.488479281698667e-07
2.937706760000000e+04 -7.350170824817247e-08
2.937906770000000e+04 -4.254833017180438e-07
2.938106780000000e+04 -3.707834647719437e-07
2.938306780000000e+04 3.844713335865661e-08
2.938506790000000e+04 4.108409360619862e-07
2.938706800000000e+04 3.905144595552129e-07
2.938906810000000e+04 -3.157627195763090e-09
2.939106810000000e+04 -3.937877030868332e-07
2.939306820000000e+04 -4.079355202668564e-07
2.939506830000000e+04 -3.214658668962263e-08
2.939706840000000e+04 3.744119604458036e-07
2.939906840000000e+04 4.229558672098897e-07
2.940106850000000e+04 6.724584970424269e-08
2.940306860000000e+04 -3.528176282715622e-07
2.940506870000000e+04 -4.354969640697612e-07
2.940706870000000e+04 -1.019267987791721e-07
2.940906880000000e+04 3.291297245292647e-07
2.941106890000000e+04 4.454832809384807e-07
2.941306900000000e+04 1.359901558596426e-07
2.941506900000000e+04 -3.034954391564819e-07
2.941706910000000e+04 -4.528474094935006e-07
2.941906920000000e+04 -1.692456564168372e-07
2.942106930000000e+04 2.760789252282402e-07
2.942306930000000e+04 4.575327030300695e-07
2.942506940000000e+04 2.015107483720862e-07
2.942706950000000e+04 -2.470526420445958e-07
2.942906960000000e+04 -4.595041783307461e-07
2.943106960000000e+04 -2.325996252723315e-07
2.943306970000000e+04 2.165899865121653e-07
2.943506980000000e+04 4.587510833060205e-07
2.943706990000000e+04 2.623258090365663e-07
2.943906990000000e+04 -1.848637045929684e-07
2.944107000000000e+04 -4.552890651441229e-07
2.944307010000000e+04 -2.905014234821432e-07
2.944507020000000e+04 1.520476086036420e-07
2.944707020000000e+04 4.491508925494410e-07
2.944907030000000e+04 3.169492573669696e-07
2.945107040000000e+04 -1.183254830252825e-07
2.945307050000000e+04 -4.403820312481574e-07
2.945507050000000e+04 -3.415075008771295e-07
2.945707060000000e+04 8.389355198086678e-08
2.945907070000000e+04 4.290325888684104e-07
2.946107080000000e+04 3.640375293067771e-07
2.946307080000000e+04 -4.896334318232104e-08
2.946507090000000e+04 -4.151599597367896e-07
2.946707100000000e+04 -3.844174338168859e-07
2.946907110000000e+04 1.375332012022937e-08
2.947107110000000e+04 3.988331081913896e-07
2.947307120000000e+04 4.025407389512231e-07
2.947507130000000e+04 2.151801804185181e-08
2.947707140000000e+04 -3.801406651845531e-07
2.947907140000000e+04 -4.183047971842689e-07
2.948107150000000e+04 -5.664179884636656e-08
2.948307160000000e+04 3.591948356934307e-07
2.948507170000000e+04 4.316129792649596e-07
2.948707170000000e+04 9.141793677442617e-08
2.948907180000000e+04 -3.361301731732723e-07
2.949107190000000e+04 -4.423741082132730e-07
2.949307200000000e+04 -1.256556029205789e-07
2.949507200000000e+04 3.110955678958660e-07
2.949707210000000e+04 4.505136578447866e-07
2.949907220000000e+04 1.591621927484583e-07
2.950107230000000e+04 -2.842467969920442e-07
2.950307230000000e+04 -4.559785636254077e-07
2.950507240000000e+04 -1.917428322467030e-07
2.950707250000000e+04 2.557405724104334e-07
2.950907260000000e+04 4.587432674391126e-07
2.951107260000000e+04 2.231962426529282e-07
2.951307270000000e+04 -2.257341357329110e-07
2.951507280000000e+04 -4.588030535978302e-07
2.951707290000000e+04 -2.533247450375965e-07
2.951907290000000e+04 1.943920720609245e-07
2.952107300000000e+04 4.561709307680199e-07
2.952307310000000e+04 2.819399892439420e-07
2.952507320000000e+04 -1.618910798521135e-07
2.952707320000000e+04 -4.508665845043027e-07
2.952907330000000e+04 -3.088733837587441e-07
2.953107340000000e+04 1.284258276787018e-07
2.953307350000000e+04 4.429165865231519e-07
2.953507350000000e+04 3.339736233545636e-07
2.953707360000000e+04 -9.420435067108294e-08
2.953907370000000e+04 -4.323552881539833e-07
2.954107380000000e+04 -3.571075604630977e-07
2.954307380000000e+04 5.944180844484578e-08
2.954507390000000e+04 4.192334937517832e-07
2.954707400000000e+04 3.781478344390734e-07
2.954907410000000e+04 -2.435013366406230e-08
2.955107410000000e+04 -4.036244441119827e-07
2.955307420000000e+04 -3.969727173646955e-07
2.955507430000000e+04 -1.086555071036479e-08
2.955707440000000e+04 3.856268586661894e-07
2.955907440000000e+04 4.134617245310663e-07
2.956107450000000e+04 4.600974470517785e-08
2.956307460000000e+04 -3.653592963637862e-07
2.956507470000000e+04 -4.275053554836147e-07
2.956707470000000e+04 -8.088721188556008e-08
2.956907480000000e+04 3.429538699082811e-07
2.957107490000000e+04 4.390105171272878e-07
2.957307500000000e+04 1.153007046512034e-07
2.957507500000000e+04 -3.185468461033855e-07
2.957707510000000e+04 -4.479100995375611e-07
2.957907520000000e+04 -1.490435139302185e-07
2.958107530000000e+04 2.922760571804448e-07
2.958307530000000e+04 4.541599473599440e-07
2.958507540000000e+04 1.819061958002998e-07
2.958707550000000e+04 -2.642841558700195e-07
2.958907560000000e+04 -4.577381798157307e-07
2.959107560000000e+04 -2.136813279625079e-07
2.959307570000000e+04 2.347241253074348e-07
2.959507580000000e+04 4.586327594264198e-07
2.959707590000000e+04 2.441755816145582e-07
2.959907590000000e+04 -2.037670196029914e-07
2.960107600000000e+04 -4.568398612824619e-07
2.960307610000000e+04 -2.732114582714014e-07
2.960507620000000e+04 1.716018636787662e-07
2.960707620000000e+04 4.523605357030664e-07
2.960907630000000e+04 3.006308892494751e-07
2.961107640000000e+04 -1.384315779510647e-07
2.961307650000000e+04 -4.452084306794291e-07
2.961507650000000e+04 -3.262841005865842e-07
2.961707660000000e+04 1.044634235513586e-07
2.961907670000000e+04 4.354160523070854e-07
2.962107680000000e+04 3.500281238405530e-07
2.962307680000000e+04 -6.990172422653114e-08
2.962507690000000e+04 -4.230420174381698e-07
2.962707700000000e+04 -3.717187344622632e-07
2.962907710000000e+04 3.494270770171601e-08
2.963107710000000e+04 4.081686285002876e-07
2.963307720000000e+04 3.912173871095176e-07
2.963507730000000e+04 2.195577328669118e-10
2.963707740000000e+04 -3.908982092896395e-07
2.963907740000000e+04 -4.083955131363238e-07
2.964107750000000e+04 -3.539039490629671e-08
2.964307760000000e+04 3.713417799061799e-07
2.964507770000000e+04 4.231464558166219e-07
2.964707770000000e+04 7.036490639916699e-08
2.964907780000000e+04 -3.496148146910678e-07
2.965107790000000e+04 -4.353863445064055e-07
2.965307800000000e+04 -1.049305231276349e-07
2.965507800000000e+04 3.258359783344186e-07
2.965707810000000e+04 4.450566786683458e-07
2.965907820000000e+04 1.388695680332890e-07
2.966107830000000e+04 -3.001318973387061e-07
2.966307830000000e+04 -4.521125151213959e-07
2.966507840000000e+04 -1.719710998585731e-07
2.966707850000000e+04 2.726451973602148e-07
2.966907860000000e+04 4.565199644256032e-07
2.967107860000000e+04 2.040362326028192e-07
2.967307870000000e+04 -2.435386940280039e-07
2.967507880000000e+04 -4.582486160111123e-07
2.967707890000000e+04 -2.348847237508721e-07
2.967907890000000e+04 2.129943637728434e-07
2.968107900000000e+04 4.572770105515653e-07
2.968307910000000e+04 2.643468371170324e-07
2.968507920000000e+04 -1.812062806948836e-07
2.968707920000000e+04 -4.535976091975337e-07
2.968907930000000e+04 -2.922617834597501e-07
2.969107940000000e+04 1.483712314345583e-07
2.969307950000000e+04 4.472269321373829e-07
2.969507950000000e+04 3.184669502651313e-07
2.969707960000000e+04 -1.146814845980608e-07
2.969907970000000e+04 -4.382066315752100e-07
2.970107980000000e+04 -3.428012640698331e-07
2.970307980000000e+04 8.032624974705479e-08
2.970507990000000e+04 4.266035714430882e-07
2.970708000000000e+04 3.651070998365746e-07
2.970908010000000e+04 -4.549357759449527e-08
2.971108010000000e+04 -4.124986827926623e-07
2.971308020000000e+04 -3.852426849230454e-07
2.971508030000000e+04 1.038061023235512e-08
2.971708040000000e+04 3.959817829640529e-07
2.971908040000000e+04 4.030861357053173e-07
2.972108050000000e+04 2.480498439657070e-08
2.972308060000000e+04 -3.771457646097160e-07
2.972508070000000e+04 -4.185419149668359e-07
2.972708070000000e+04 -5.984458047224406e-08
2.972908080000000e+04 3.560893859715938e-07
2.973108090000000e+04 4.315314478151121e-07
2.973308100000000e+04 9.451827596532525e-08
2.973508100000000e+04 -3.329240705912045e-07
2.973708110000000e+04 -4.419909392394845e-07
2.973908120000000e+04 -1.286122520759523e-07
2.974108130000000e+04 3.077810979118449e-07
2.974308130000000e+04 4.498603655712824e-07
2.974508140000000e+04 1.619281802081755e-07
2.974708150000000e+04 -2.808138335946547e-07
2.974908160000000e+04 -4.550861121922074e-07
2.975108160000000e+04 -1.942793312919967e-07
2.975308170000000e+04 2.521946045894766e-07
2.975508180000000e+04 4.576232768231224e-07
2.975708190000000e+04 2.254902069689901e-07
2.975908190000000e+04 -2.221051739864381e-07
2.976108200000000e+04 -4.574468008858155e-07
2.976308210000000e+04 -2.553844824762368e-07
2.976508220000000e+04 1.907283059266669e-07
2.976708220000000e+04 4.545553519308591e-07
2.976908230000000e+04 2.837851445740706e-07
2.977108240000000e+04 -1.582443591239252e-07
2.977308250000000e+04 -4.489759696065177e-07
2.977508250000000e+04 -3.105130380177025e-07
2.977708260000000e+04 1.248313339250463e-07
2.977908270000000e+04 4.407548103234941e-07
2.978108280000000e+04 3.353977265248256e-07
2.978308280000000e+04 -9.067408023615480e-08
2.978508290000000e+04 -4.299524867611983e-07
2.978708300000000e+04 -3.582833245513073e-07
2.978908310000000e+04 5.596844174598808e-08
2.979108310000000e+04 4.166341834332353e-07
2.979308320000000e+04 3.790386085453806e-07
2.979508330000000e+04 -2.092510453996127e-08
2.979708340000000e+04 -4.008700849954715e-07
2.979908340000000e+04 -3.975515021617530e-07
2.980108350000000e+04 -1.423646312198616e-08
2.980308360000000e+04 3.827393441960688e-07
2.980508370000000e+04 4.137284082358138e-07
2.980708370000000e+04 4.929551967557837e-08
2.980908380000000e+04 -3.623385047639159e-07
2.981108390000000e+04 -4.274813611684448e-07
2.981308400000000e+04 -8.404133243975880e-08
2.981508400000000e+04 3.397864428705930e-07
2.981708410000000e+04 4.387279500025416e-07
2.981908420000000e+04 1.182739961196782e-07
2.982108430000000e+04 -3.152259948404596e-07
2.982308430000000e+04 -4.473899369377742e-07
2.982508440000000e+04 -1.518063198720740e-07
2.982708450000000e+04 2.888160678462269e-07
2.982908460000000e+04 4.534034305186371e-07
2.983108460000000e+04 1.844523679148383e-07
2.983308470000000e+04 -2.607234701010931e-07
2.983508480000000e+04 -4.567243419724416e-07
2.983708490000000e+04 -2.160252731340278e-07
2.983908490000000e+04 2.311152376837248e-07
2.984108500000000e+04 4.573373383119905e-07
2.984308510000000e+04 2.463320877425905e-07
2.984508520000000e+04 -2.001562078465468e-07
2.984708520000000e+04 -4.552499533901723e-07
2.984908530000000e+04 -2.751815682384449e-07
2.985108540000000e+04 1.680154209779992e-07
2.985308550000000e+04 4.504898420106772e-07
2.985508550000000e+04 3.023900665576592e-07
2.985708560000000e+04 -1.348715897223766e-07
2.985908570000000e+04 -4.430924368471583e-07
2.986108580000000e+04 -3.277941906098848e-07
2.986308580000000e+04 1.009196829091037e-07
2.986508590000000e+04 4.330989979334139e-07
2.986708600000000e+04 3.512497316490142e-07
2.986908610000000e+04 -6.636948713017824e-08
2.987108610000000e+04 -4.205564791511875e-07
2.987308620000000e+04 -3.726337419042751e-07
2.987508630000000e+04 3.143950654569678e-08
2.987708640000000e+04 4.055256056601405e-07
2.987908640000000e+04 3.918318533614460e-07
2.988108650000000e+04 3.654353117495570e-09
2.988308660000000e+04 -3.880871611720838e-07
2.988508670000000e+04 -4.087361474937930e-07
2.988708670000000e+04 -3.870401838346520e-08
2.988908680000000e+04 3.683482749928123e-07
2.989108690000000e+04 4.232396766139441e-07
2.989308700000000e+04 7.351387819308610e-08
2.989508700000000e+04 -3.464374981061299e-07
2.989708710000000e+04 -4.352442545256993e-07
2.989908720000000e+04 -1.078921181605199e-07
2.990108730000000e+04 3.224986558027409e-07
2.990308730000000e+04 4.446657938746501e-07
2.990508740000000e+04 1.416471779100833e-07
2.990708750000000e+04 -2.966803744673970e-07
2.990908760000000e+04 -4.514464010287923e-07
2.991108760000000e+04 -1.745796273992302e-07
2.991308770000000e+04 2.691311504586082e-07
2.991508780000000e+04 4.555525342144058e-07
2.991708790000000e+04 2.064858514601831e-07
2.991908790000000e+04 -2.400014306447032e-07
2.992108800000000e+04 -4.569755211808482e-07
2.992308810000000e+04 -2.371624876571353e-07
2.992508820000000e+04 2.094490371358005e-07
2.992708820000000e+04 4.557188858832767e-07
2.992908830000000e+04 2.664197310267605e-07
2.993108840000000e+04 -1.776471702304733e-07
2.993308850000000e+04 -4.517945344957666e-07
2.993508850000000e+04 -2.940843241007706e-07
2.993708860000000e+04 1.447875223060228e-07
2.993908870000000e+04 4.452180076524258e-07
2.994108880000000e+04 3.200052700428297e-07
2.994308880000000e+04 -1.110769080588720e-07
2.994508890000000e+04 -4.360147995600443e-07
2.994708900000000e+04 -3.440432997096170e-07
2.994908910000000e+04 7.672783638198532e-08
2.995108910000000e+04 4.242264336746623e-07
2.995308920000000e+04 3.660679243893569e-07
2.995508930000000e+04 -4.195034741272121e-08
2.995708940000000e+04 -4.099202470890813e-07
2.995908940000000e+04 -3.859481757024237e-07
2.996108950000000e+04 6.944337847231906e-09
2.996308960000000e+04 3.931880436748087e-07
2.996508970000000e+04 4.035571874286175e-07
2.996708980000000e+04 2.809592300067253e-08
2.996908980000000e+04 -3.741437296728014e-07
2.997108990000000e+04 -4.187758098648370e-07
2.997309000000000e+04 -6.297853533917754e-08
2.997509010000000e+04 3.529118562784105e-07
2.997709010000000e+04 4.315059938130402e-07
2.997909020000000e+04 9.750387042611881e-08
2.998109030000000e+04 -3.296209572780462e-07
2.998309040000000e+04 -4.416726304689888e-07
2.998509040000000e+04 -1.314643146996495e-07
2.998709050000000e+04 3.044004910504351e-07
2.998909060000000e+04 4.492284663909300e-07
2.999109070000000e+04 1.646458126633450e-07
2.999309070000000e+04 -2.773849257610495e-07
2.999509080000000e+04 -4.541429497115021e-07
2.999709090000000e+04 -1.968398335997529e-07
2.999909100000000e+04 2.487215235067951e-07
3.000109100000000e+04 4.563979732017646e-07
3.000309110000000e+04 2.278491835923216e-07
3.000509120000000e+04 -2.185769729325035e-07
3.000709130000000e+04 -4.559786338093664e-07
3.000909130000000e+04 -2.574974456164378e-07
3.001109140000000e+04 1.871375527223718e-07
3.001309150000000e+04 4.528770887093231e-07
3.001509160000000e+04 2.856222810383246e-07
3.001709160000000e+04 -1.546032710070163e-07
3.001909170000000e+04 -4.470964987361443e-07
3.002109180000000e+04 -3.120731072696806e-07
3.002309190000000e+04 1.211785737742552e-07
3.002509190000000e+04 4.386627703692779e-07
3.002709200000000e+04 3.366992901300223e-07
3.002909210000000e+04 -8.706250726263523e-08
3.003109220000000e+04 -4.276265616696639e-07
3.003309220000000e+04 -3.593514366723874e-07
3.003509230000000e+04 5.244808421422972e-08
3.003709240000000e+04 4.140656914254550e-07
3.003909250000000e+04 3.798816873066324e-07
3.004109250000000e+04 -1.752405113925292e-08
3.004309260000000e+04 -3.980747299645960e-07
3.004509270000000e+04 -3.981565985066025e-07
3.004709280000000e+04 -1.751498230276496e-08
3.004909280000000e+04 3.797579622833775e-07
3.005109290000000e+04 4.140615380224436e-07
3.005309300000000e+04 5.246497135779626e-08
3.005509310000000e+04 -3.592214887489291e-07
3.005709310000000e+04 -4.275099908784482e-07
3.005909320000000e+04 -8.711029916873308e-08
3.006109330000000e+04 3.365749623845925e-07
3.006309340000000e+04 4.384357350236484e-07
3.006509340000000e+04 1.212326505144140e-07
3.006709350000000e+04 -3.119371779067244e-07
3.006909360000000e+04 -4.467896321586861e-07
3.007109370000000e+04 -1.546180734313733e-07
3.007309370000000e+04 2.854449376784159e-07
3.007509380000000e+04 4.525273401979091e-07
3.007709390000000e+04 1.870690874572944e-07
3.007909400000000e+04 -2.572565578862627e-07
3.008109400000000e+04 -4.556102114846034e-07
3.008309410000000e+04 -2.184029083486906e-07
3.008509420000000e+04 2.275506715785136e-07
3.008709430000000e+04 4.560055672521036e-07
3.008909430000000e+04 2.484510305793104e-07
3.009109440000000e+04 -1.965176972471401e-07
3.009309450000000e+04 -4.536986610837813e-07
3.009509460000000e+04 -2.770471041070631e-07
3.009709460000000e+04 1.643493797912135e-07
3.009909470000000e+04 4.486970864424102e-07
3.010109480000000e+04 3.040251045945542e-07
3.010309490000000e+04 -1.312332713154660e-07
3.010509490000000e+04 -4.410379164935785e-07
3.010709500000000e+04 -3.292155724087692e-07
3.010909510000000e+04 9.735188160227430e-08
3.011109520000000e+04 4.307802087145387e-07
3.011309520000000e+04 3.524562568782767e-07
3.011509530000000e+04 -6.289062644497931e-08
3.011709540000000e+04 -4.179991918264919e-07
3.011909550000000e+04 -3.735975830890957e-07
3.012109550000000e+04 2.804376493191376e-08
3.012309560000000e+04 4.027749939487076e-07
3.012509570000000e+04 3.925152592011660e-07
3.012709580000000e+04 6.979921462875783e-09
3.012909580000000e+04 -3.851914630664639e-07
3.013109590000000e+04 -4.091069339954156e-07
3.013309600000000e+04 -4.196186920180457e-08
3.013509610000000e+04 3.653377588357658e-07
3.013709610000000e+04 4.232914844601012e-07
3.013909620000000e+04 7.668011036049770e-08
3.014109630000000e+04 -3.433180437795721e-07
3.014309640000000e+04 -4.349959008026224e-07
3.014509640000000e+04 -1.109224207325781e-07
3.014709650000000e+04 3.192572518514459e-07
3.014909660000000e+04 4.441533311755612e-07
3.015109670000000e+04 1.444893567964611e-07
3.015309670000000e+04 -2.933048010972485e-07
3.015509680000000e+04 -4.506988322936207e-07
3.015709690000000e+04 -1.771969545442026e-07
3.015909700000000e+04 2.656284455868398e-07
3.016109700000000e+04 4.545798687911650e-07
3.016309710000000e+04 2.088665295677695e-07
3.016509720000000e+04 -2.364052148276908e-07
3.016709730000000e+04 -4.557616413931479e-07
3.016909730000000e+04 -2.393205853574889e-07
3.017109740000000e+04 2.058121116015929e-07
3.017309750000000e+04 4.542380560636214e-07
3.017509760000000e+04 2.683752146103367e-07
3.017709760000000e+04 -1.740222219838889e-07
3.017909770000000e+04 -4.500281619374351e-07
3.018109780000000e+04 -2.958471603868930e-07
3.018309790000000e+04 1.412085020236801e-07
3.018509790000000e+04 4.431734029907823e-07
3.018709800000000e+04 3.215586291738449e-07
3.018909810000000e+04 -1.075507897487706e-07
3.019109820000000e+04 -4.337248817442752e-07
3.019309820000000e+04 -3.453514840790476e-07
3.019509830000000e+04 7.324382926047894e-08
3.019709840000000e+04 4.217395294730539e-07
3.019909850000000e+04 3.670884685190549e-07
3.020109850000000e+04 -3.849724435655450e-08
3.020309860000000e+04 -4.072767473698508e-07
3.020509870000000e+04 -3.866562323794434e-07
3.020709880000000e+04 3.531387568336558e-09
3.020909880000000e+04 3.904071748918804e-07
3.021109890000000e+04 4.039536078077557e-07
3.021309900000000e+04 3.143474414578573e-08
3.021509910000000e+04 -3.712192383657380e-07
3.021709910000000e+04 -4.188877384055014e-07
3.021909920000000e+04 -6.619045540450863e-08
3.022109930000000e+04 3.498270150767304e-07
3.022309940000000e+04 4.313654704219547e-07
3.022509940000000e+04 1.005395467189599e-07
3.022709950000000e+04 -3.263677315128643e-07
3.022909960000000e+04 -4.413009632981232e-07
3.023109970000000e+04 -1.342940107182648e-07
3.023309970000000e+04 3.009958372358865e-07
3.023509980000000e+04 4.486200383996183e-07
3.023709990000000e+04 1.672691261281569e-07
3.023910000000000e+04 -2.738717585990971e-07
3.024110000000000e+04 -4.532735258210608e-07
3.024310010000000e+04 -1.992731470037773e-07
3.024510020000000e+04 2.451552965748930e-07
3.024710030000000e+04 4.552379069643781e-07
3.024910030000000e+04 2.301100856863146e-07
3.025110040000000e+04 -2.150043307917032e-07
3.025310050000000e+04 -4.545167798032398e-07
3.025510060000000e+04 -2.595821057971185e-07
3.025710060000000e+04 1.835810024618712e-07
3.025910070000000e+04 4.511288748559153e-07
3.026110080000000e+04 2.875034312109675e-07
3.026310090000000e+04 -1.510605049224789e-07
3.026510090000000e+04 -4.451026327772741e-07
3.026710100000000e+04 -3.137053456173366e-07
3.026910110000000e+04 1.176353338317981e-07
3.027110120000000e+04 4.364680433820153e-07
3.027310120000000e+04 3.380432714557394e-07
3.027510130000000e+04 -8.351474173302835e-08
3.027710140000000e+04 -4.252629271089692e-07
3.027910150000000e+04 -3.603884446341264e-07
3.028110150000000e+04 4.891533026647255e-08
3.028310160000000e+04 4.115382269380602e-07
3.028510170000000e+04 3.806236958222568e-07
3.028710180000000e+04 -1.405198632958891e-08
3.028910180000000e+04 -3.953688842313339e-07
3.029110190000000e+04 -3.986316616382161e-07
3.029310200000000e+04 -2.087136709973510e-08
3.029510210000000e+04 3.768553060889673e-07
3.029710210000000e+04 4.142985652862957e-07
3.029910220000000e+04 5.566041492543821e-08
3.030110230000000e+04 -3.561217496076370e-07
3.030310240000000e+04 -4.275157477060386e-07
3.030510240000000e+04 -9.012668323923833e-08
3.030710250000000e+04 3.333052913791468e-07
3.030910260000000e+04 4.381936783354861e-07
3.031110270000000e+04 1.240762036817177e-07
3.031310270000000e+04 -3.085477922405499e-07
3.031510280000000e+04 -4.462661010774786e-07
3.031710290000000e+04 -1.573081945881326e-07
3.031910300000000e+04 2.819894401175531e-07
3.032110300000000e+04 4.516960891766730e-07
3.032310310000000e+04 1.896136291891769e-07
3.032510320000000e+04 -2.537725645923906e-07
3.032710330000000e+04 -4.544667741974786e-07
3.032910330000000e+04 -2.207871511971449e-07
3.033110340000000e+04 2.240489754268533e-07
3.033310350000000e+04 4.545761411398500e-07
3.033510360000000e+04 2.506343208348698e-07
3.033710360000000e+04 -1.929876662975412e-07
3.033910370000000e+04 -4.520250853140546e-07
3.034110380000000e+04 -2.789821444049018e-07
3.034310390000000e+04 1.607780872972345e-07
3.034510390000000e+04 4.468202243469644e-07
3.034710400000000e+04 3.056753949768127e-07
3.034910410000000e+04 -1.276249406316797e-07
3.035110420000000e+04 -4.389759743025675e-07
3.035310420000000e+04 -3.305740217392521e-07
3.035510430000000e+04 9.373880652936102e-08
3.035710440000000e+04 4.285268633645598e-07
3.035910450000000e+04 3.535399281090430e-07
3.036110450000000e+04 -5.932542101503202e-08
3.036310460000000e+04 -4.155323216591269e-07
3.036510470000000e+04 -3.744368934133214e-07
3.036710480000000e+04 2.458171562878956e-08
3.036910480000000e+04 4.000799218016979e-07
3.037110490000000e+04 3.931279450580368e-07
3.037310500000000e+04 1.030302279562914e-08
3.037510510000000e+04 -3.822764797104247e-07
3.037710510000000e+04 -4.094881911535219e-07
3.037910520000000e+04 -4.513715556467962e-08
3.038110530000000e+04 3.622405014643236e-07
3.038310540000000e+04 4.234110917533171e-07
3.038510540000000e+04 7.972188138647858e-08
3.038710550000000e+04 -3.400914771122162e-07
3.038910560000000e+04 -4.348185479144279e-07
3.039110570000000e+04 -1.138458153571879e-07
3.039310570000000e+04 3.159503114209648e-07
3.039510580000000e+04 4.436557366692408e-07
3.039710590000000e+04 1.472932447558488e-07
3.039910600000000e+04 -2.899432372121623e-07
3.040110600000000e+04 -4.498881015977986e-07
3.040310610000000e+04 -1.798517664302294e-07
3.040510620000000e+04 2.622114239411497e-07
3.040710630000000e+04 4.534873505470517e-07
3.040910630000000e+04 2.113248437992983e-07
3.041110640000000e+04 -2.329173945326946e-07
3.041310650000000e+04 -4.544307126569638e-07
3.041510660000000e+04 -2.415331968209625e-07
3.041710660000000e+04 2.022448478295199e-07
3.041910670000000e+04 4.526985166653430e-07
3.042110680000000e+04 2.703154150559185e-07
3.042310690000000e+04 -1.703908967577481e-07
3.042510690000000e+04 -4.482860020314561e-07
3.042710700000000e+04 -2.975155036171442e-07
3.042910710000000e+04 1.375557971834259e-07
3.043110720000000e+04 4.412099398164608e-07
3.043310720000000e+04 3.229796907293681e-07
3.043510730000000e+04 -1.039343456134437e-07
3.043710740000000e+04 -4.315165828759046e-07
3.043910750000000e+04 -3.465494846298991e-07
3.044110750000000e+04 6.971357672013630e-08
3.044310760000000e+04 4.192762683182260e-07
3.044510770000000e+04 3.680714082231334e-07
3.044710780000000e+04 -3.507937771459372e-08
3.044910780000000e+04 -4.045784237534179e-07
3.045110790000000e+04 -3.874035209597734e-07
3.045310800000000e+04 2.232306546380169e-10
3.045510810000000e+04 3.875180622261180e-07
3.045710810000000e+04 4.044283175794053e-07
3.045910820000000e+04 3.464918525609596e-08
3.046110830000000e+04 -3.681930004209554e-07
3.046310840000000e+04 -4.190523123518826e-07
3.046510840000000e+04 -6.932139886834110e-08
3.046710850000000e+04 3.467029521972173e-07
3.046910860000000e+04 4.312067072193176e-07
3.047110870000000e+04 1.035721834886370e-07
3.047310870000000e+04 -3.231590090008028e-07
3.047510880000000e+04 -4.408334167058055e-07
3.047710890000000e+04 -1.371883135110109e-07
3.047910900000000e+04 2.976916818536198e-07
3.048110900000000e+04 4.478818048281420e-07
3.048310910000000e+04 1.699706833194275e-07
3.048510920000000e+04 -2.704558057481949e-07
3.048710930000000e+04 -4.523013923550432e-07
3.048910930000000e+04 -2.017386906478440e-07
3.049110940000000e+04 2.416260538004459e-07
3.049310950000000e+04 4.540512339185389e-07
3.049510960000000e+04 2.323207560520570e-07
3.049710960000000e+04 -2.113890021630043e-07
3.049910970000000e+04 -4.531063207896194e-07
3.050110980000000e+04 -2.615496262782032e-07
3.050310990000000e+04 1.799312121150797e-07
3.050510990000000e+04 4.494692899794739e-07
3.050711000000000e+04 2.892519067436383e-07
3.050911010000000e+04 -1.474338033551123e-07
3.051111020000000e+04 -4.431693944874340e-07
3.051311020000000e+04 -3.152533268444191e-07
3.051511030000000e+04 1.140741660710495e-07
3.051711040000000e+04 4.342614285800572e-07
3.051911050000000e+04 3.393834262451268e-07
3.052111050000000e+04 -8.003256973612355e-08
3.052311060000000e+04 -4.228115378496279e-07
3.052511070000000e+04 -3.614895586701983e-07
3.052711080000000e+04 4.550232676861515e-08
3.052911080000000e+04 4.088923086610219e-07
3.053111090000000e+04 3.814410806313131e-07
3.053311100000000e+04 -1.069166344562631e-08
3.053511110000000e+04 -3.925766212453927e-07
3.053711110000000e+04 -3.991342031840342e-07
3.053911120000000e+04 -2.417915229408960e-08
3.054111130000000e+04 3.739449689342320e-07
3.054311140000000e+04 4.144803575422737e-07
3.054511140000000e+04 5.888873491357637e-08
3.054711150000000e+04 -3.530930604532380e-07
3.054911160000000e+04 -4.274020072804941e-07
3.055111170000000e+04 -9.322434184447073e-08
3.055311170000000e+04 3.301410397007942e-07
3.055511180000000e+04 4.378213035151034e-07
3.055711190000000e+04 1.269895393415086e-07
3.055911200000000e+04 -3.052331671313884e-07
3.056111200000000e+04 -4.456654321319559e-07
3.056311210000000e+04 -1.599994802873320e-07
3.056511220000000e+04 2.785337444380653e-07
3.056711230000000e+04 4.508708482959908e-07
3.056911230000000e+04 1.920766801407245e-07
3.057111240000000e+04 -2.502139462290813e-07
3.057311250000000e+04 -4.533969936967981e-07
3.057511260000000e+04 -2.230386396933828e-07
3.057711260000000e+04 2.204443590315422e-07
3.057911270000000e+04 4.532295425567071e-07
3.058111280000000e+04 2.526981169746569e-07
3.058311290000000e+04 -1.893911908928405e-07
3.058511290000000e+04 -4.503840255167451e-07
3.058711300000000e+04 -2.808644147321168e-07
3.058911310000000e+04 1.572207395656936e-07
3.059111320000000e+04 4.448932043093833e-07
3.059311320000000e+04 3.073563755027754e-07
3.059511330000000e+04 -1.241091314619982e-07
3.059711340000000e+04 -4.368017477707572e-07
3.059911350000000e+04 -3.320100768658409e-07
3.060111350000000e+04 9.024871699176719e-08
3.060311360000000e+04 4.261553476333401e-07
3.060511370000000e+04 3.546876082721067e-07
3.060711380000000e+04 -5.584923173580980e-08
3.060911380000000e+04 -4.130044648852345e-07
3.061111390000000e+04 -3.752697166017112e-07
3.061311400000000e+04 2.113048522937450e-08
3.061511410000000e+04 3.974094638894269e-07
3.061711410000000e+04 3.936525567862901e-07
3.061911420000000e+04 1.368894272214896e-08
3.062111430000000e+04 -3.794524874166363e-07
3.062311440000000e+04 -4.097338107233743e-07
3.062511440000000e+04 -4.840177437088821e-08
3.062711450000000e+04 3.592410725135701e-07
3.062911460000000e+04 4.234135457516999e-07
3.063111470000000e+04 8.281282684958431e-08
3.063311470000000e+04 -3.369091161133479e-07
3.063511480000000e+04 -4.345947559043190e-07
3.063711490000000e+04 -1.167371410254221e-07
3.063911500000000e+04 3.126047178724354e-07
3.064111500000000e+04 4.431967754110071e-07
3.064311510000000e+04 1.499876683984323e-07
3.064511520000000e+04 -2.864823382752482e-07
3.064711530000000e+04 -4.491617744327952e-07
3.064911530000000e+04 -1.823712869998514e-07
3.065111540000000e+04 2.586937560585493e-07
3.065311550000000e+04 4.524630260118709e-07
3.065511560000000e+04 2.136859286139579e-07
3.065711560000000e+04 -2.293891774433521e-07
3.065911570000000e+04 -4.530960001455375e-07
3.066111580000000e+04 -2.437304293987894e-07
3.066311590000000e+04 1.987245104001206e-07
3.066511590000000e+04 4.510743603956036e-07
3.066711600000000e+04 2.723137344426035e-07
3.066911610000000e+04 -1.668705359724288e-07
3.067111620000000e+04 -4.464157124778223e-07
3.067311620000000e+04 -2.992668358925701e-07
3.067511630000000e+04 1.340178763484064e-07
3.067711640000000e+04 4.391414728412652e-07
3.067911650000000e+04 3.244406876545689e-07
3.068111650000000e+04 -1.003748003338457e-07
3.068311660000000e+04 -4.292779514069440e-07
3.068511670000000e+04 -3.477056958622973e-07
3.068711680000000e+04 6.615665590227781e-08
3.068911680000000e+04 4.168685097766645e-07
3.069111690000000e+04 3.689371905654277e-07
3.069311700000000e+04 -3.157496472330128e-08
3.069511710000000e+04 -4.019800028190086e-07
3.069711710000000e+04 -3.880126310369086e-07
3.069911720000000e+04 -3.168901017018940e-09
3.070111730000000e+04 3.847091227646848e-07
3.070311740000000e+04 4.048076379391288e-07
3.070511740000000e+04 3.788519480325605e-08
3.070711750000000e+04 -3.651734217021458e-07
3.070911760000000e+04 -4.192068539429260e-07
3.071111770000000e+04 -7.238574891045759e-08
3.071311770000000e+04 3.435048238607589e-07
3.071511780000000e+04 4.311116277090766e-07
3.071711790000000e+04 1.064774225456854e-07
3.071911800000000e+04 -3.198365297953917e-07
3.072111800000000e+04 -4.404523829976207e-07
3.072311810000000e+04 -1.399553022541254e-07
3.072511820000000e+04 2.943006489559915e-07
3.072711830000000e+04 4.471846344500235e-07
3.072911830000000e+04 1.726077083360731e-07
3.073111840000000e+04 -2.670311447412810e-07
3.073311850000000e+04 -4.512879401749308e-07
3.073511860000000e+04 -2.042246046049229e-07
3.073711860000000e+04 2.381736085445938e-07
3.073911870000000e+04 4.527503173071865e-07
3.074111880000000e+04 2.346111692224880e-07
3.074311890000000e+04 -2.078928255613787e-07
3.074511890000000e+04 -4.515650247007993e-07
3.074711900000000e+04 -2.635912301108190e-07
3.074911910000000e+04 1.763762737616566e-07
3.075111920000000e+04 4.477266315814706e-07
3.075311920000000e+04 2.910103407293330e-07
3.075511930000000e+04 -1.438264502502074e-07
3.075711940000000e+04 -4.412412293125802e-07
3.075911950000000e+04 -3.167230995532207e-07
3.076111950000000e+04 1.104510122795542e-07
3.076311960000000e+04 4.321336938081301e-07
3.076511970000000e+04 3.405881937380601e-07
3.076711980000000e+04 -7.645193754670346e-08
3.076911980000000e+04 -4.204589364628737e-07
3.077111990000000e+04 -3.624601039336543e-07
3.077312000000000e+04 4.202063141839657e-08
3.077512010000000e+04 4.062973748468110e-07
3.077712010000000e+04 3.821956319731813e-07
3.077912020000000e+04 -7.343558148006252e-09
3.078112030000000e+04 -3.897516411472456e-07
3.078312040000000e+04 -3.996605767155680e-07
3.078512040000000e+04 -2.739055213825680e-08
3.078712050000000e+04 3.709313887361155e-07
3.078912060000000e+04 4.147446049108267e-07
3.079112070000000e+04 6.198130413601739e-08
3.079312070000000e+04 -3.499482199845949e-07
3.079512080000000e+04 -4.273625023104571e-07
3.079712090000000e+04 -9.621590914606528e-08
3.079912100000000e+04 3.269131252457948e-07
3.080112100000000e+04 4.374572023841405e-07
3.080312110000000e+04 1.298749255179420e-07
3.080512120000000e+04 -3.019447509666490e-07
3.080712130000000e+04 -4.449853941926635e-07
3.080912130000000e+04 -1.627452395449334e-07
3.081112140000000e+04 2.751775796050584e-07
3.081312150000000e+04 4.499125640771564e-07
3.081512160000000e+04 1.946281675281465e-07
3.081712160000000e+04 -2.467707936082344e-07
3.081912170000000e+04 -4.522041492267384e-07
3.082112180000000e+04 -2.253463978298922e-07
3.082312190000000e+04 2.169046188749317e-07
3.082512190000000e+04 4.518320370152078e-07
3.082712200000000e+04 2.547353492994757e-07
3.082912210000000e+04 -1.857737466361026e-07
3.083112220000000e+04 -4.487805377256438e-07
3.083312220000000e+04 -2.826379404767001e-07
3.083512230000000e+04 1.535738269936050e-07
3.083712240000000e+04 4.430609039149571e-07
3.083912250000000e+04 3.088931143984244e-07
3.084112250000000e+04 -1.204937642553617e-07
3.084312260000000e+04 -4.347115269057347e-07
3.084512270000000e+04 -3.333371918475421e-07
3.084712280000000e+04 8.671564849438065e-08
3.084912280000000e+04 4.237993695150643e-07
3.085112290000000e+04 3.558077212452302e-07
3.085312300000000e+04 -5.242054630633848e-08
3.085512310000000e+04 -4.104051453869966e-07
3.085712310000000e+04 -3.761584732678024e-07
3.085912320000000e+04 1.779872930816743e-08
3.086112330000000e+04 3.946168075712007e-07
3.086312340000000e+04 3.942650649754907e-07
3.086512340000000e+04 1.694436894035306e-08
3.086712350000000e+04 -3.765213830144470e-07
3.086912360000000e+04 -4.100326806288921e-07
3.087112370000000e+04 -5.158998829359502e-08
3.087312370000000e+04 3.562101001727407e-07
3.087512380000000e+04 4.233851335654890e-07
3.087712390000000e+04 8.591605032230825e-08
3.087912400000000e+04 -3.337851325974835e-07
3.088112400000000e+04 -4.342599948054444e-07
3.088312410000000e+04 -1.197080097529393e-07
3.088512420000000e+04 3.093720974900479e-07
3.088712430000000e+04 4.425957775072277e-07
3.088912430000000e+04 1.527692540105678e-07
3.089112440000000e+04 -2.831207855452283e-07
3.089312450000000e+04 -4.483340251727820e-07
3.089512460000000e+04 -1.849180905376207e-07
3.089712460000000e+04 2.552035398644738e-07
3.089912470000000e+04 4.514221515414814e-07
3.090112480000000e+04 2.159840069417034e-07
3.090312490000000e+04 -2.258017548397317e-07
3.090512490000000e+04 -4.518287237281256e-07
3.090712500000000e+04 -2.457949078567971e-07
3.090912510000000e+04 1.950964296714865e-07
3.091112520000000e+04 4.495476896444634e-07
3.091312520000000e+04 2.741737208981449e-07
3.091512530000000e+04 -1.632621096571888e-07
3.091712540000000e+04 -4.446051504026096e-07
3.091912550000000e+04 -3.009381847159921e-07
3.092112550000000e+04 1.304697772125986e-07
3.092312560000000e+04 4.370475947412837e-07
3.092512570000000e+04 3.259133983289518e-07
3.092712580000000e+04 -9.689572805098334e-08
3.092912580000000e+04 -4.269354432635978e-07
3.093112590000000e+04 -3.489400349711428e-07
3.093312600000000e+04 6.273117290641754e-08
3.093512610000000e+04 4.143303346826623e-07
3.093712610000000e+04 3.698863616761049e-07
3.093912620000000e+04 -2.818463854560109e-08
3.094112630000000e+04 -3.992962886210463e-07
3.094312640000000e+04 -3.886426527963665e-07
3.094512640000000e+04 -6.523088033534818e-09
3.094712650000000e+04 3.819031314943105e-07
3.094912660000000e+04 4.051179864078480e-07
3.095112670000000e+04 4.117008166770270e-08
3.095312670000000e+04 -3.622402024853076e-07
3.095512680000000e+04 -4.192255679609930e-07
3.095712690000000e+04 -7.554593282417221e-08
3.095912700000000e+04 3.404207740877916e-07
3.096112700000000e+04 4.308805229720286e-07
3.096312710000000e+04 1.094549396927052e-07
3.096512720000000e+04 -3.165863341412866e-07
3.096712730000000e+04 -4.399984596461953e-07
3.096912730000000e+04 -1.427152242627518e-07
3.097112740000000e+04 2.908955513789623e-07
3.097312750000000e+04 4.465088138229764e-07
3.097512760000000e+04 1.751471322165056e-07
3.097712760000000e+04 -2.635148463754637e-07
3.097912770000000e+04 -4.503615376003174e-07
3.098112780000000e+04 -2.065663598974938e-07
3.098312790000000e+04 2.346071754763628e-07
3.098512790000000e+04 4.515388693239351e-07
3.098712800000000e+04 2.367793650465910e-07
3.098912810000000e+04 -2.043312782959795e-07
3.099112820000000e+04 -4.500484546297778e-07
3.099312820000000e+04 -2.655913332623212e-07
3.099512830000000e+04 1.728470101876588e-07
3.099712840000000e+04 4.459188589700192e-07
3.099912850000000e+04 2.928147981945243e-07
3.100112850000000e+04 -1.403264155062310e-07
3.100312860000000e+04 -4.391842525204468e-07
3.100512870000000e+04 -3.182844806874727e-07
3.100712880000000e+04 1.069597789990709e-07
3.100912880000000e+04 4.298817623628021e-07
3.101112890000000e+04 3.418578251526417e-07
3.101312900000000e+04 -7.295652448612500e-08
3.101512910000000e+04 -4.180501012250190e-07
3.101712910000000e+04 -3.634149931777857e-07
3.101912920000000e+04 3.853608560014779e-08
3.102112930000000e+04 4.037420169999858e-07
3.102312940000000e+04 3.828448801865634e-07
3.102512940000000e+04 -3.915168327791334e-09
3.102712950000000e+04 -3.870309329149468e-07
3.102912960000000e+04 -4.000397140624854e-07
3.103112970000000e+04 -3.070101175975179e-08
3.103312970000000e+04 3.680207732857163e-07
3.103512980000000e+04 4.148888094737845e-07
3.103712990000000e+04 6.512163853887665e-08
3.103913000000000e+04 -3.468391912294614e-07
3.104113000000000e+04 -4.272879985523657e-07
3.104313010000000e+04 -9.916223184742634e-08
3.104513020000000e+04 3.236304370913912e-07
3.104713030000000e+04 4.371465950249246e-07
3.104913030000000e+04 1.326361458136053e-07
3.105113040000000e+04 -2.985408785877329e-07
3.105313050000000e+04 -4.444027191824398e-07
3.105513060000000e+04 -1.653462348594826e-07
3.105713060000000e+04 2.717145110077529e-07
3.105913070000000e+04 4.490220205088856e-07
3.106113080000000e+04 1.970871027250315e-07
3.106313090000000e+04 -2.432930858456149e-07
3.106513090000000e+04 -4.509970440502280e-07
3.106713100000000e+04 -2.276519864222090e-07
3.106913110000000e+04 2.134265077869470e-07
3.107113120000000e+04 4.503319361213632e-07
3.107313120000000e+04 2.568481116484837e-07
3.107513130000000e+04 -1.822809453716154e-07
3.107713140000000e+04 -4.470368241280895e-07
3.107913150000000e+04 -2.845027375545745e-07
3.108113150000000e+04 1.500455078818856e-07
3.108313160000000e+04 4.411210048885622e-07
3.108513170000000e+04 3.104675351079655e-07
3.108713180000000e+04 -1.169268668574968e-07
3.108913180000000e+04 -4.326022995507513e-07
3.109113190000000e+04 -3.346078209433640e-07
3.109313200000000e+04 8.313886259505343e-08
3.109513210000000e+04 4.215137324559799e-07
3.109713210000000e+04 3.567956234432211e-07
3.109913220000000e+04 -4.889005730183045e-08
3.110113230000000e+04 -4.079174686970483e-07
3.110313240000000e+04 -3.768991449184523e-07
3.110513240000000e+04 1.437685369806387e-08
3.110713250000000e+04 3.919031287736370e-07
3.110913260000000e+04 3.947872234025528e-07
3.111113270000000e+04 2.021393292688163e-08
3.111313270000000e+04 -3.735849988961478e-07
3.111513280000000e+04 -4.103343674210426e-07
3.111713290000000e+04 -5.469687376542101e-08
3.111913300000000e+04 3.530868983249061e-07
3.112113300000000e+04 4.234372781552093e-07
3.112313310000000e+04 8.887744014845319e-08
3.112513320000000e+04 -3.305348282976808e-07
3.112713330000000e+04 -4.340187782332114e-07
3.112913330000000e+04 -1.225486558634912e-07
3.113113340000000e+04 3.060509699068344e-07
3.113313350000000e+04 4.420322401751924e-07
3.113513360000000e+04 1.554944132305107e-07
3.113713360000000e+04 -2.797616992468423e-07
3.113913370000000e+04 -4.474489746612636e-07
3.114113380000000e+04 -1.875027867897537e-07
3.114313390000000e+04 2.518054913597445e-07
3.114513390000000e+04 4.502512978902083e-07
3.114713400000000e+04 2.183759178524373e-07
3.114913410000000e+04 -2.223441141117600e-07
3.115113420000000e+04 -4.504206903604278e-07
3.115313420000000e+04 -2.479389177542273e-07
3.115513430000000e+04 1.915618696487796e-07
3.115713440000000e+04 4.479429408660780e-07
3.115913450000000e+04 2.760344265068656e-07
3.116113450000000e+04 -1.596597846984093e-07
3.116313460000000e+04 -4.428125614631451e-07
3.116513470000000e+04 -3.025161186904180e-07
3.116713480000000e+04 1.268419302755621e-07
3.116913480000000e+04 4.350486755373889e-07
3.117113490000000e+04 3.272355022457228e-07
3.117313500000000e+04 -9.330548449377886e-08
3.117513510000000e+04 -4.246980181685759e-07
3.117713510000000e+04 -3.500412560261318e-07
3.117913520000000e+04 5.923689533862742e-08
3.118113530000000e+04 4.118379524139218e-07
3.118313540000000e+04 3.707805097251672e-07
3.118513540000000e+04 -2.481781400097671e-08
3.118713550000000e+04 -3.965631988461703e-07
3.118913560000000e+04 -3.893140473022715e-07
3.119113570000000e+04 -9.764511157600033e-09
3.119313570000000e+04 3.789774213800575e-07
3.119513580000000e+04 4.055238188741595e-07
3.119713590000000e+04 4.430931450776685e-08
3.119913600000000e+04 -3.591815380410354e-07
3.120113600000000e+04 -4.193227729761547e-07
3.120313610000000e+04 -7.860110898625996e-08
3.120513620000000e+04 3.372779587284726e-07
3.120713630000000e+04 4.306468673269594e-07
3.120913630000000e+04 1.124186998542359e-07
3.121113640000000e+04 -3.133759349995235e-07
3.121313650000000e+04 -4.394491038893594e-07
3.121513660000000e+04 -1.455465798298734e-07
3.121713660000000e+04 2.876053100827016e-07
3.121913670000000e+04 4.456842779192433e-07
3.122113680000000e+04 1.777873683816577e-07
3.122313690000000e+04 -2.601201230100745e-07
3.122513690000000e+04 -4.493095028347112e-07
3.122713700000000e+04 -2.089626775242026e-07
3.122913710000000e+04 2.310988894692979e-07
3.123113720000000e+04 4.502844304124345e-07
3.123313720000000e+04 2.389091787277973e-07
3.123513730000000e+04 -2.007320652520961e-07
3.123713740000000e+04 -4.485866703428155e-07
3.123913750000000e+04 -2.674651533944324e-07
3.124113750000000e+04 1.692111683216609e-07
3.124313760000000e+04 4.442181307231811e-07
3.124513770000000e+04 2.944653911579557e-07
3.124713780000000e+04 -1.367187341402611e-07
3.124913780000000e+04 -4.372140170589077e-07
3.125113790000000e+04 -3.197377234472260e-07
3.125313800000000e+04 1.034305761969446e-07
3.125513810000000e+04 4.276335077899978e-07
3.125713810000000e+04 3.431145177361265e-07
3.125913820000000e+04 -6.952342013982512e-08
3.126113830000000e+04 -4.155527026624109e-07
3.126313840000000e+04 -3.644419042939599e-07
3.126513840000000e+04 3.518581157172524e-08
3.126713850000000e+04 4.010488967571779e-07
3.126913860000000e+04 3.835935291039864e-07
3.127113870000000e+04 -6.236344382254442e-10
3.127313870000000e+04 -3.842004031713257e-07
3.127513880000000e+04 -4.004687027034138e-07
3.127713890000000e+04 -3.394300135202651e-08
3.127913900000000e+04 3.650872676393117e-07
3.128113900000000e+04 4.149893175505509e-07
3.128313910000000e+04 6.829047471707282e-08
3.128513920000000e+04 -3.438052960288696e-07
3.128713930000000e+04 -4.270839919114812e-07
3.128913930000000e+04 -1.022052253989523e-07
3.129113940000000e+04 3.204729052946846e-07
3.129313950000000e+04 4.366842332144547e-07
3.129513960000000e+04 1.354910190492105e-07
3.129713960000000e+04 -2.952375609974233e-07
3.129913970000000e+04 -4.437194657952923e-07
3.130113980000000e+04 -1.679689385140045e-07
3.130313990000000e+04 2.682666516461277e-07
3.130513990000000e+04 4.481295736074310e-07
3.130714000000000e+04 1.994666528927389e-07
3.130914010000000e+04 -2.397381061254876e-07
3.131114020000000e+04 -4.498728912001322e-07
3.131314020000000e+04 -2.298101663911763e-07
3.131514030000000e+04 2.098258142566109e-07
3.131714040000000e+04 4.489396343020846e-07
3.131914050000000e+04 2.588157599480362e-07
3.132114050000000e+04 -1.786974229742415e-07
3.132314060000000e+04 -4.453482042409032e-07
3.132514070000000e+04 -2.862961759058567e-07
3.132714080000000e+04 1.465170320182451e-07
3.132914080000000e+04 4.391415616170010e-07
3.133114090000000e+04 3.120692499407200e-07
3.133314100000000e+04 -1.134568788655371e-07
3.133514110000000e+04 -4.303701691614594e-07
3.133714110000000e+04 -3.359733726813073e-07
3.133914120000000e+04 7.970607814351886e-08
3.134114130000000e+04 4.190877083067761e-07
3.134314140000000e+04 3.578717896383535e-07
3.134514140000000e+04 -4.547366312861855e-08
3.134714150000000e+04 -4.053459615678116e-07
3.134914160000000e+04 -3.776540972617135e-07
3.135114170000000e+04 1.098087178556140e-08
3.135314170000000e+04 3.892068313123157e-07
3.135514180000000e+04 3.952225571846192e-07
3.135714190000000e+04 2.355109324530387e-08
3.135914200000000e+04 -3.707504718042447e-07
3.136114200000000e+04 -4.104853464789916e-07
3.136314210000000e+04 -5.791319508539236e-08
3.136514220000000e+04 3.500868436446534e-07
3.136714230000000e+04 4.233464278094716e-07
3.136914230000000e+04 9.191331119015974e-08
3.137114240000000e+04 -3.273515690835797e-07
3.137314250000000e+04 -4.337135181014960e-07
3.137514260000000e+04 -1.253704388731631e-07
3.137714260000000e+04 3.027003077750642e-07
3.137914270000000e+04 4.415052474212815e-07
3.138114280000000e+04 1.581055393206180e-07
3.138314290000000e+04 -2.762921438622967e-07
3.138514290000000e+04 -4.466671016571119e-07
3.138714300000000e+04 -1.899301042294543e-07
3.138914310000000e+04 2.482833478553953e-07
3.139114320000000e+04 4.491735090977267e-07
3.139314320000000e+04 2.206463790248415e-07
3.139514330000000e+04 -2.188238382676224e-07
3.139714340000000e+04 -4.490293210349711e-07
3.139914350000000e+04 -2.500530922649070e-07
3.140114350000000e+04 1.880672595205760e-07
3.140314360000000e+04 4.462542234882604e-07
3.140514370000000e+04 2.779601296656326e-07
3.140714380000000e+04 -1.561808587095932e-07
3.140914380000000e+04 -4.408758382608801e-07
3.141114390000000e+04 -3.041978484649991e-07
3.141314400000000e+04 1.233540121413387e-07
3.141514410000000e+04 4.329188978777508e-07
3.141714410000000e+04 3.286237131768406e-07
3.141914420000000e+04 -8.979513840160907e-08
3.142114430000000e+04 -4.224131696332392e-07
3.142314440000000e+04 -3.511132336100749e-07
3.142514440000000e+04 5.572315706052122e-08
3.142714450000000e+04 4.094004978077398e-07
3.142914460000000e+04 3.715525102632643e-07
3.143114470000000e+04 -2.135265475833269e-08
3.143314470000000e+04 -3.939496361874714e-07
3.143514480000000e+04 -3.898243869366105e-07
3.143714490000000e+04 -1.311490568397812e-08
3.143914500000000e+04 3.761574924353600e-07
3.144114510000000e+04 4.058107136998277e-07
3.144314510000000e+04 4.749183841708231e-08
3.144514520000000e+04 -3.561490292060247e-07
3.144714530000000e+04 -4.193964121004108e-07
3.144914540000000e+04 -8.159658253642862e-08
3.145114540000000e+04 3.340611587864387e-07
3.145314550000000e+04 4.304855077826457e-07
3.145514560000000e+04 1.152412141017422e-07
3.145714570000000e+04 -3.100342862775057e-07
3.145914570000000e+04 -4.390080552273996e-07
3.146114580000000e+04 -1.482258953295648e-07
3.146314590000000e+04 2.842024404977646e-07
3.146514600000000e+04 4.449273589145574e-07
3.146714600000000e+04 1.803401160591721e-07
3.146914610000000e+04 -2.566996752484547e-07
3.147114620000000e+04 -4.482282067034735e-07
3.147314630000000e+04 -2.113741565127655e-07
3.147514630000000e+04 2.276683796054968e-07
3.147714640000000e+04 4.489098371446759e-07
3.147914650000000e+04 2.411314202670310e-07
3.148114660000000e+04 -1.972719199793474e-07
3.148314660000000e+04 -4.469706643595751e-07
3.148514670000000e+04 -2.694395142551186e-07
3.148714680000000e+04 1.656965518144824e-07
3.148914690000000e+04 4.424110192818041e-07
3.149114690000000e+04 2.961472951142487e-07
3.149314700000000e+04 -1.331484810428223e-07
3.149514710000000e+04 -4.352364795607012e-07
3.149714720000000e+04 -3.211194052948107e-07
3.149914720000000e+04 9.983879533216852e-08
3.150114730000000e+04 4.254738940464177e-07
3.150314740000000e+04 3.442208610581127e-07
3.150514750000000e+04 -6.597248715238792e-08
3.150714750000000e+04 -4.131771123108355e-07
3.150914760000000e+04 -3.653138202959274e-07
3.151114770000000e+04 3.174120879226204e-08
3.151314780000000e+04 3.984330980886829e-07
3.151514780000000e+04 3.842567280059356e-07
3.151714790000000e+04 2.672892621685162e-09
3.151914800000000e+04 -3.813488131273635e-07
3.152114810000000e+04 -4.009180640975253e-07
3.152314810000000e+04 -3.708617913480094e-08
3.152514820000000e+04 3.620430785203175e-07
3.152714830000000e+04 4.151862250375361e-07
3.152914840000000e+04 7.130366681184167e-08
3.153114840000000e+04 -3.406315548750715e-07
3.153314850000000e+04 -4.269817875674487e-07
3.153514860000000e+04 -1.051151565557545e-07
3.153714870000000e+04 3.172281521509377e-07
3.153914870000000e+04 4.362513089267046e-07
3.154114880000000e+04 1.383015253326615e-07
3.154314890000000e+04 -2.919493604972987e-07
3.154514900000000e+04 -4.429628093994584e-07
3.154714900000000e+04 -1.706476460625836e-07
3.154914910000000e+04 2.649286882791320e-07
3.155114920000000e+04 4.470882789628782e-07
3.155314930000000e+04 2.019559782085244e-07
3.155514930000000e+04 -2.363229180938172e-07
3.155714940000000e+04 -4.486011619358986e-07
3.155914950000000e+04 -2.320502779979939e-07
3.156114960000000e+04 2.063155404399747e-07
3.156314960000000e+04 4.474744119307361e-07
3.156514970000000e+04 2.607742312301976e-07
3.156714980000000e+04 -1.751041025941202e-07
3.156914990000000e+04 -4.436949695021399e-07
3.157114990000000e+04 -2.879772162741020e-07
3.157315000000000e+04 1.428895672584272e-07
3.157515010000000e+04 4.372723011182315e-07
3.157715020000000e+04 3.135068275014588e-07
3.157915020000000e+04 -1.098633080774176e-07
3.158115030000000e+04 -4.282501151174602e-07
3.158315040000000e+04 -3.372026855032051e-07
3.158515050000000e+04 7.620610149884604e-08
3.158715050000000e+04 4.166983239023559e-07
3.158915060000000e+04 3.589055259121116e-07
3.159115070000000e+04 -4.209491707170246e-08
3.159315080000000e+04 -4.027077139094223e-07
3.159515080000000e+04 -3.784677536060645e-07
3.159715090000000e+04 7.714953414131269e-09
3.159915100000000e+04 3.863718468626951e-07
3.160115110000000e+04 3.957687841777610e-07
3.160315110000000e+04 2.673226041968310e-08
3.160515120000000e+04 -3.677836739787277e-07
3.160715130000000e+04 -4.107154710807889e-07
3.160915140000000e+04 -6.102875094868263e-08
3.161115140000000e+04 3.470340316594253e-07
3.161315150000000e+04 4.232419286591479e-07
3.161515160000000e+04 9.495095797897963e-08
3.161715170000000e+04 -3.242252089576048e-07
3.161915170000000e+04 -4.332926251337213e-07
3.162115180000000e+04 -1.282833354184179e-07
3.162315190000000e+04 2.994797055822094e-07
3.162515200000000e+04 4.408159371817401e-07
3.162715200000000e+04 1.608282922998055e-07
3.162915210000000e+04 -2.729498487274277e-07
3.163115220000000e+04 -4.457564900084059e-07
3.163315230000000e+04 -1.924096657248829e-07
3.163515230000000e+04 2.448097080898110e-07
3.163715240000000e+04 4.480654725296382e-07
3.163915250000000e+04 2.228625549967858e-07
3.164115260000000e+04 -2.152473181145096e-07
3.164315260000000e+04 -4.477096647256595e-07
3.164515270000000e+04 -2.520237274496545e-07
3.164715280000000e+04 1.844477598266774e-07
3.164915290000000e+04 4.446870670508394e-07
3.165115290000000e+04 2.797210795835677e-07
3.165315300000000e+04 -1.525875857385036e-07
3.165515310000000e+04 -4.390251719794137e-07
3.165715320000000e+04 -3.057764209507709e-07
3.165915320000000e+04 1.198355824606703e-07
3.166115330000000e+04 4.307802338134379e-07
3.166315340000000e+04 3.300140575143843e-07
3.166515350000000e+04 -8.636409367561964e-08
3.166715350000000e+04 -4.200189161585866e-07
3.166915360000000e+04 -3.522768848068870e-07
3.167115370000000e+04 5.235949590677591e-08
3.167315380000000e+04 4.068114082024718e-07
3.167515380000000e+04 3.724330739979676e-07
3.167715390000000e+04 -1.802891584382230e-08
3.167915400000000e+04 -3.912236991340527e-07
3.168115410000000e+04 -3.903811314142748e-07
3.168315410000000e+04 -1.640644178131755e-08
3.168515420000000e+04 3.733274468913346e-07
3.168715430000000e+04 4.060363897541516e-07
3.168915440000000e+04 5.072232155848981e-08
3.169115440000000e+04 -3.532088218049569e-07
3.169315450000000e+04 -4.193229433233126e-07
3.169515460000000e+04 -8.470585135788437e-08
3.169715470000000e+04 3.309829881981950e-07
3.169915470000000e+04 4.301610961451077e-07
3.170115480000000e+04 1.181636363764080e-07
3.170315490000000e+04 -3.067917735591020e-07
3.170515500000000e+04 -4.384718129481667e-07
3.170715500000000e+04 -1.509176288581958e-07
3.170915510000000e+04 2.808007683394736e-07
3.171115520000000e+04 4.441834182484945e-07
3.171315530000000e+04 1.827962708557869e-07
3.171515530000000e+04 -2.531811995531380e-07
3.171715540000000e+04 -4.472490427569334e-07
3.171915550000000e+04 -2.136214861446575e-07
3.172115560000000e+04 2.241011785806716e-07
3.172315560000000e+04 4.476508167544955e-07
3.172515570000000e+04 2.432048354437105e-07
3.172715580000000e+04 -1.937197143847655e-07
3.172915590000000e+04 -4.454048847594495e-07
3.173115590000000e+04 -2.713518725848558e-07
3.173315600000000e+04 1.621946907769986e-07
3.173515610000000e+04 4.405456868769469e-07
3.173715620000000e+04 2.978763751240221e-07
3.173915620000000e+04 -1.296931531319259e-07
3.174115630000000e+04 -4.331178015406069e-07
3.174315640000000e+04 -3.226117147234549e-07
3.174515650000000e+04 9.640346624733755e-08
3.174715650000000e+04 4.231627367520554e-07
3.174915660000000e+04 3.454208971761630e-07
3.175115670000000e+04 -6.253407659669587e-08
3.175315680000000e+04 -4.107233247122440e-07
3.175515680000000e+04 -3.661888358957386e-07
3.175715690000000e+04 2.830727653088676e-08
3.175915700000000e+04 3.958499181121736e-07
3.176115710000000e+04 3.848152326600999e-07
3.176315710000000e+04 6.057071079680717e-09
3.176515720000000e+04 -3.786175265224721e-07
3.176715730000000e+04 -4.011991233129475e-07
3.176915740000000e+04 -4.035291403384301e-08
3.177115740000000e+04 3.591290310278596e-07
3.177315750000000e+04 4.152369266729537e-07
3.177515760000000e+04 7.439091344088692e-08
3.177715770000000e+04 -3.375184676511886e-07
3.177915770000000e+04 -4.268247650199456e-07
3.178115780000000e+04 -1.079928422504969e-07
3.178315790000000e+04 3.139347169035643e-07
3.178515800000000e+04 4.358747708264290e-07
3.178715800000000e+04 1.409787056829478e-07
3.178915810000000e+04 -2.885317490274790e-07
3.179115820000000e+04 -4.423238360479071e-07
3.179315830000000e+04 -1.731572784793392e-07
3.179515830000000e+04 2.614563226312742e-07
3.179715840000000e+04 4.461442833381603e-07
3.179915850000000e+04 2.043251777529093e-07
3.180115860000000e+04 -2.328510043423424e-07
3.180315860000000e+04 -4.473333578606120e-07
3.180515870000000e+04 -2.342765906716252e-07
3.180715880000000e+04 2.028614673578361e-07
3.180915890000000e+04 4.459063478659952e-07
3.181115890000000e+04 2.628167429225304e-07
3.181315900000000e+04 -1.716518946158238e-07
3.181515910000000e+04 -4.418796344529429e-07
3.181715920000000e+04 -2.897757932763849e-07
3.181915920000000e+04 1.394089218788222e-07
3.182115930000000e+04 4.352692276979352e-07
3.182315940000000e+04 3.150080898003811e-07
3.182515950000000e+04 -1.063418689690245e-07
3.182715950000000e+04 -4.260922031024807e-07
3.182915960000000e+04 -3.383885057674670e-07
3.183115970000000e+04 7.266769414025872e-08
3.183315980000000e+04 4.143834058400755e-07
3.183515980000000e+04 3.597965393875494e-07
3.183715990000000e+04 -3.859840291312332e-08
3.183916000000000e+04 -4.002028645759300e-07
3.184116010000000e+04 -3.791090539509211e-07
3.184316010000000e+04 4.331286113808248e-09
3.184516020000000e+04 3.836454939344617e-07
3.184716030000000e+04 3.961971578956609e-07
3.184916040000000e+04 2.995028009849549e-08
3.185116040000000e+04 -3.648293441475516e-07
3.185316050000000e+04 -4.109384723593766e-07
3.185516060000000e+04 -6.406686171854059e-08
3.185716070000000e+04 3.438872783293125e-07
3.185916070000000e+04 4.232278801313536e-07
3.186116080000000e+04 9.783012857572187e-08
3.186316090000000e+04 -3.209500048068873e-07
3.186516100000000e+04 -4.329929318448738e-07
3.186716100000000e+04 -1.310369283213141e-07
3.186916110000000e+04 2.961437340917363e-07
3.187116120000000e+04 4.401900180465023e-07
3.187316130000000e+04 1.634724448228106e-07
3.187516130000000e+04 -2.695923771248855e-07
3.187716140000000e+04 -4.448011529348428e-07
3.187916150000000e+04 -1.949227945577254e-07
3.188116160000000e+04 2.414330601149443e-07
3.188316160000000e+04 4.468157924158918e-07
3.188516170000000e+04 2.251906683404887e-07
3.188716180000000e+04 -2.118238009666838e-07
3.188916190000000e+04 -4.462245478745947e-07
3.189116190000000e+04 -2.541017978911293e-07
3.189316200000000e+04 1.809508953292980e-07
3.189516210000000e+04 4.430147660960311e-07
3.189716220000000e+04 2.815060234680767e-07
3.189916220000000e+04 -1.490177563011863e-07
3.190116230000000e+04 -4.371837767200116e-07
3.190316240000000e+04 -3.072640419980168e-07
3.190516250000000e+04 1.162337093982737e-07
3.190716250000000e+04 4.287479760671866e-07
3.190916260000000e+04 3.312369143416730e-07
3.191116270000000e+04 -8.279870825403000e-08
3.191316280000000e+04 -4.177581898730861e-07
3.191516280000000e+04 -3.532777907909959e-07
3.191716290000000e+04 4.889911219448556e-08
3.191916300000000e+04 4.042941357273009e-07
3.192116310000000e+04 3.732378144231976e-07
3.192316310000000e+04 -1.471230350608257e-08
3.192516320000000e+04 -3.884599221204378e-07
3.192716330000000e+04 -3.909760844341167e-07
3.192916340000000e+04 -1.958007893736235e-08
3.193116340000000e+04 3.703650238271756e-07
3.193316350000000e+04 4.063775425898057e-07
3.193516360000000e+04 5.378261766360260e-08
3.193716370000000e+04 -3.501174532627228e-07
3.193916370000000e+04 -4.193563441481225e-07
3.194116380000000e+04 -8.768187058866034e-08
3.194316390000000e+04 3.278196556508244e-07
3.194516400000000e+04 4.298576212887915e-07
3.194716400000000e+04 1.210554699487537e-07
3.194916410000000e+04 -3.035810167580263e-07
3.195116420000000e+04 -4.378413820534133e-07
3.195316430000000e+04 -1.536867407822588e-07
3.195516430000000e+04 2.775270359603133e-07
3.195716440000000e+04 4.432732517566522e-07
3.195916450000000e+04 1.853771389448097e-07
3.196116460000000e+04 -2.498129493678033e-07
3.196316460000000e+04 -4.461144101868626e-07
3.196516470000000e+04 -2.159524912068961e-07
3.196716480000000e+04 2.206183119484937e-07
3.196916490000000e+04 4.463289740521931e-07
3.197116490000000e+04 2.452550380894485e-07
3.197316500000000e+04 -1.901397180341234e-07
3.197516510000000e+04 -4.438921413409562e-07
3.197716520000000e+04 -2.731325130539517e-07
3.197916520000000e+04 1.585726629500058e-07
3.198116530000000e+04 4.388088167963565e-07
3.198316540000000e+04 2.994259573355128e-07
3.198516550000000e+04 -1.261029667444361e-07
3.198716550000000e+04 -4.311149093901376e-07
3.198916560000000e+04 -3.239685164738881e-07
3.199116570000000e+04 9.290453957327827e-08
3.199316580000000e+04 4.208783207079341e-07
3.199516580000000e+04 3.465919246605522e-07
3.199716590000000e+04 -5.915016888145482e-08
3.199916600000000e+04 -4.081811643546149e-07
3.200116610000000e+04 -3.671439978580008e-07
3.200316610000000e+04 2.502232540861040e-08
3.200516620000000e+04 3.931102696231198e-07
3.200716630000000e+04 3.854979746571775e-07
3.200916640000000e+04 9.275965385408577e-09
3.201116640000000e+04 -3.757465955689577e-07
3.201316650000000e+04 -4.015600428098500e-07
3.201516660000000e+04 -4.352495218085581e-08
3.201716670000000e+04 3.561726602843488e-07
3.201916670000000e+04 4.152581051472783e-07
3.202116680000000e+04 7.749887061246597e-08
3.202316690000000e+04 -3.344803639694457e-07
3.202516700000000e+04 -4.265322205018027e-07
3.202716700000000e+04 -1.109817904354879e-07
3.202916710000000e+04 3.107886847020070e-07
3.203116720000000e+04 4.353200066054266e-07
3.203316730000000e+04 1.437784774228783e-07
3.203516730000000e+04 -2.852444580138520e-07
3.203716740000000e+04 -4.415574444165736e-07
3.203916750000000e+04 -1.757135479042368e-07
3.204116760000000e+04 2.580211276396359e-07
3.204316760000000e+04 4.451833644321090e-07
3.204516770000000e+04 2.066227500357210e-07
3.204716780000000e+04 -2.293010748460759e-07
3.204916790000000e+04 -4.461584222684708e-07
3.205116790000000e+04 -2.363392918719377e-07
3.205316800000000e+04 1.992643522798035e-07
3.205516810000000e+04 4.444720000455402e-07
3.205716820000000e+04 2.646860471119761e-07
3.205916820000000e+04 -1.680792628166996e-07
3.206116830000000e+04 -4.401497250175122e-07
3.206316840000000e+04 -2.914769699336478e-07
3.206516850000000e+04 1.359085687506625e-07
3.206716850000000e+04 4.332399921612554e-07
3.206916860000000e+04 3.165310082661017e-07
3.207116870000000e+04 -1.029188641408574e-07
3.207316880000000e+04 -4.238042399796799e-07
3.207516880000000e+04 -3.396849633734714e-07
3.207716890000000e+04 6.929585667152642e-08
3.207916900000000e+04 4.119009981759651e-07
3.208116910000000e+04 3.608063115577757e-07
3.208316910000000e+04 -3.524637323994645e-08
3.208516920000000e+04 -3.975873402523463e-07
3.208716930000000e+04 -3.797890287943699e-07
3.208916940000000e+04 9.938462215373798e-10
3.209116940000000e+04 3.809227992869748e-07
3.209316950000000e+04 3.965461772608154e-07
3.209516960000000e+04 3.323759388704955e-08
3.209716970000000e+04 -3.619880095602528e-07
3.209916970000000e+04 -4.109932570976483e-07
3.210116980000000e+04 -6.723697120107312e-08
3.210316990000000e+04 3.408907459774361e-07
3.210517000000000e+04 4.230428110746561e-07
3.210717000000000e+04 1.008134084764611e-07
3.210917010000000e+04 -3.177717945384624e-07
3.211117020000000e+04 -4.326036634900012e-07
3.211317030000000e+04 -1.337915533002383e-07
3.211517030000000e+04 2.927909451768607e-07
3.211717040000000e+04 4.395968611085299e-07
3.211917050000000e+04 1.659993918778081e-07
3.212117060000000e+04 -2.661155179606935e-07
3.212317060000000e+04 -4.439659890417120e-07
3.212517070000000e+04 -1.972558344899711e-07
3.212717080000000e+04 2.379046870870712e-07
3.212917090000000e+04 4.456907571535740e-07
3.213117090000000e+04 2.273665084061569e-07
3.213317100000000e+04 -2.083102549972723e-07
3.213517110000000e+04 -4.447801692093838e-07
3.213717120000000e+04 -2.561315197189797e-07
3.213917120000000e+04 1.774817259565251e-07
3.214117130000000e+04 4.412651321794463e-07
3.214317140000000e+04 2.833587276407139e-07
3.214517150000000e+04 -1.455831548520328e-07
3.214717150000000e+04 -4.351796193991084e-07
3.214917160000000e+04 -3.088801316442543e-07
3.215117170000000e+04 1.128000027945934e-07
3.215317180000000e+04 4.265564171187475e-07
3.215517180000000e+04 3.325555651844375e-07
3.215717190000000e+04 -7.934222881493744e-08
3.215917200000000e+04 -4.154252973968728e-07
3.216117210000000e+04 -3.542695588004458e-07
3.216317210000000e+04 4.543133929657255e-08
3.216517220000000e+04 4.018293364515112e-07
3.216717230000000e+04 3.739157385936287e-07
3.216917240000000e+04 -1.128618955178587e-08
3.217117240000000e+04 -3.858341134067375e-07
3.217317250000000e+04 -3.913870007056864e-07
3.217517260000000e+04 -2.289080500226337e-08
3.217717270000000e+04 3.675404098708394e-07
3.217917270000000e+04 4.065687589014134e-07
3.218117280000000e+04 5.691444481784189e-08
3.218317290000000e+04 -3.470761342493234e-07
3.218517300000000e+04 -4.193492799700039e-07
3.218717300000000e+04 -9.060898287150495e-08
3.218917310000000e+04 3.245874590447570e-07
3.219117320000000e+04 4.296304588218858e-07
3.219317330000000e+04 1.237938511757988e-07
3.219517330000000e+04 -3.002194217317135e-07
3.219717340000000e+04 -4.373457050565070e-07
3.219917350000000e+04 -1.562745267553540e-07
3.220117360000000e+04 2.741112668194089e-07
3.220317360000000e+04 4.424606163332629e-07
3.220517370000000e+04 1.878427509136574e-07
3.220717380000000e+04 -2.463951559309650e-07
3.220917390000000e+04 -4.449703060359317e-07
3.221117390000000e+04 -2.182873577812450e-07
3.221317400000000e+04 2.172115185689929e-07
3.221517410000000e+04 4.448810011316681e-07
3.221717420000000e+04 2.474112949714688e-07
3.221917420000000e+04 -1.867187577204477e-07
3.222117430000000e+04 -4.422014825168115e-07
3.222317440000000e+04 -2.750423912406195e-07
3.222517450000000e+04 1.551037227208861e-07
3.222717450000000e+04 4.369346137898350e-07
3.222917460000000e+04 3.010358992620457e-07
3.223117470000000e+04 -1.225738974545093e-07
3.223317480000000e+04 -4.290889419392819e-07
3.223517480000000e+04 -3.252632234316783e-07
3.223717490000000e+04 8.934603357402202e-08
3.223917500000000e+04 4.186880649268733e-07
3.224117510000000e+04 3.475999733730383e-07
3.224317510000000e+04 -5.562796751019935e-08
3.224517520000000e+04 -4.057884598073947e-07
3.224717530000000e+04 -3.679140060547810e-07
3.224917540000000e+04 2.161228032728919e-08
3.225117540000000e+04 3.904781885086095e-07
3.225317550000000e+04 3.860686269461228e-07
3.225517560000000e+04 1.252270110978936e-08
3.225717570000000e+04 -3.728734073413022e-07
3.225917570000000e+04 -4.019310581065299e-07
3.226117580000000e+04 -4.659952386584108e-08
3.226317590000000e+04 3.530985499078336e-07
3.226517600000000e+04 4.153915371697711e-07
3.226717600000000e+04 8.042967719762541e-08
3.226917610000000e+04 -3.312774611484210e-07
3.227117620000000e+04 -4.263708712991651e-07
3.227317630000000e+04 -1.138063389720083e-07
3.227517630000000e+04 3.075247200939562e-07
3.227717640000000e+04 4.348241217292121e-07
3.227917650000000e+04 1.465104842267363e-07
3.228117660000000e+04 -2.819570599813078e-07
3.228317660000000e+04 -4.407259856322280e-07
3.228517670000000e+04 -1.783252461562852e-07
3.228717680000000e+04 2.547030373718127e-07
3.228917690000000e+04 4.440601932278459e-07
3.229117690000000e+04 2.090514417563475e-07
3.229317700000000e+04 -2.259191536622214e-07
3.229517710000000e+04 -4.448050796343717e-07
3.229717720000000e+04 -2.385161261328880e-07
3.229917720000000e+04 1.957882714138817e-07
3.230117730000000e+04 4.429388241477799e-07
3.230317740000000e+04 2.665681314052212e-07
3.230517750000000e+04 -1.645139801146786e-07
3.230717750000000e+04 -4.384462206697524e-07
3.230917760000000e+04 -2.930667938143443e-07
3.231117770000000e+04 1.323011989131581e-07
3.231317780000000e+04 4.313385178064473e-07
3.231517780000000e+04 3.178668519709679e-07
3.231717790000000e+04 -9.934556629131743e-08
3.231917800000000e+04 -4.216585737873045e-07
3.232117810000000e+04 -3.408144108130986e-07
3.232317810000000e+04 6.582644688383551e-08
3.232517820000000e+04 4.094844220193041e-07
3.232717830000000e+04 3.617508157837968e-07
3.232917840000000e+04 -3.191688354017319e-08
3.233117840000000e+04 -3.949124633070481e-07
3.233317850000000e+04 -3.805295013968060e-07
3.233517860000000e+04 -2.204549023121553e-09
3.233717870000000e+04 3.780466443926820e-07
3.233917870000000e+04 3.970284694563712e-07
3.234117880000000e+04 3.634057706105406e-08
3.234317890000000e+04 -3.589831105600711e-07
3.234517900000000e+04 -4.111605646162610e-07
3.234717900000000e+04 -7.027541406655011e-08
3.234917910000000e+04 3.378157445900019e-07
3.235117920000000e+04 4.228653269982342e-07
3.235317930000000e+04 1.037833917705924e-07
3.235517930000000e+04 -3.146430598939518e-07
3.235717940000000e+04 -4.320991689941939e-07
3.235917950000000e+04 -1.366463367143202e-07
3.236117960000000e+04 2.895869038418839e-07
3.236317960000000e+04 4.388172055223972e-07
3.236517970000000e+04 1.686666903499528e-07
3.236717980000000e+04 -2.627970677095857e-07
3.236917990000000e+04 -4.429715823942927e-07
3.237117990000000e+04 -1.996712194947110e-07
3.237318000000000e+04 2.344530877570786e-07
3.237518010000000e+04 4.445134571521760e-07
3.237718020000000e+04 2.295031726924420e-07
3.237918020000000e+04 -2.047470109998125e-07
3.238118030000000e+04 -4.434112352785843e-07
3.238318040000000e+04 -2.580070024207609e-07
3.238518050000000e+04 1.738709039746030e-07
3.238718050000000e+04 4.396606530980279e-07
3.238918060000000e+04 2.850183833983057e-07
3.239118070000000e+04 -1.420025626349336e-07
3.239318080000000e+04 -4.332955134824974e-07
3.239518080000000e+04 -3.103620475722900e-07
3.239718090000000e+04 1.093097914808593e-07
3.239918100000000e+04 4.243766324589648e-07
3.240118110000000e+04 3.338634160638659e-07
3.240318110000000e+04 -7.595926649156355e-08
3.240518120000000e+04 -4.129821468511704e-07
3.240718130000000e+04 -3.553632053330338e-07
3.240918140000000e+04 4.213288403697610e-08
3.241118140000000e+04 3.991876737160599e-07
3.241318150000000e+04 3.747328576564706e-07
3.241518160000000e+04 -8.033567438367762e-09
3.241718170000000e+04 -3.830652056436273e-07
3.241918170000000e+04 -3.918742300638583e-07
3.242118180000000e+04 -2.611585214043458e-08
3.242318190000000e+04 3.646846918713607e-07
3.242518200000000e+04 4.067136063912642e-07
3.242718200000000e+04 6.008859406114809e-08
3.242918210000000e+04 -3.441321571330448e-07
3.243118220000000e+04 -4.191828650890908e-07
3.243318230000000e+04 -9.366904286104815e-08
3.243518230000000e+04 3.215188672886877e-07
3.243718240000000e+04 4.292118325403394e-07
3.243918250000000e+04 1.266641138711239e-07
3.244118260000000e+04 -2.969909168715915e-07
3.244318260000000e+04 -4.367239037675067e-07
3.244518270000000e+04 -1.589011968493285e-07
3.244718280000000e+04 2.707168352287221e-07
3.244918290000000e+04 4.416498281191304e-07
3.245118290000000e+04 1.902159258447875e-07
3.245318300000000e+04 -2.428765770512852e-07
3.245518310000000e+04 -4.439399607861239e-07
3.245718320000000e+04 -2.204385588618713e-07
3.245918320000000e+04 2.136419269902243e-07
3.246118330000000e+04 4.435807095526231e-07
3.246318340000000e+04 2.493857666856261e-07
3.246518350000000e+04 -1.831742944390554e-07
3.246718350000000e+04 -4.405908854625320e-07
3.246918360000000e+04 -2.768650544711705e-07
3.247118370000000e+04 1.516277319088848e-07
3.247318380000000e+04 4.350162316081082e-07
3.247518380000000e+04 3.026884445944732e-07
3.247718390000000e+04 -1.191655386473741e-07
3.247918400000000e+04 -4.269082613882387e-07
3.248118410000000e+04 -3.266901239672071e-07
3.248318410000000e+04 8.597047716887021e-08
3.248518420000000e+04 4.163172632360942e-07
3.248718430000000e+04 3.487340472602062e-07
3.248918440000000e+04 -5.225159841198964e-08
3.249118440000000e+04 -4.032869309652981e-07
3.249318450000000e+04 -3.687139130827510e-07
3.249518460000000e+04 1.823250161335202e-08
3.249718470000000e+04 3.878688510636611e-07
3.249918470000000e+04 3.865372517453156e-07
3.250118480000000e+04 1.586226302102268e-08
3.250318490000000e+04 -3.701337990569664e-07
3.250518500000000e+04 -4.021138639629574e-07
3.250718500000000e+04 -4.982454718329783e-08
3.250918510000000e+04 3.501874758215322e-07
3.251118520000000e+04 4.153451066465538e-07
3.251318530000000e+04 8.346704499358970e-08
3.251518530000000e+04 -3.281650341650235e-07
3.251718540000000e+04 -4.261309237319199e-07
3.251918550000000e+04 -1.166172439328801e-07
3.252118560000000e+04 3.042246021484911e-07
3.252318560000000e+04 4.343813815641291e-07
3.252518570000000e+04 1.491029893738608e-07
3.252718580000000e+04 -2.785255243162034e-07
3.252918590000000e+04 -4.400358484072002e-07
3.253118590000000e+04 -1.807398709897376e-07
3.253318600000000e+04 2.512203602595630e-07
3.253518610000000e+04 4.430670945119478e-07
3.253718620000000e+04 2.113276634746976e-07
3.253918620000000e+04 -2.224503729737892e-07
3.254118630000000e+04 -4.434823247730039e-07
3.254318640000000e+04 -2.406602639649845e-07
3.254518650000000e+04 1.923591875393867e-07
3.254718650000000e+04 4.413041456293752e-07
3.254918660000000e+04 2.685420320032248e-07
3.255118670000000e+04 -1.611049045945348e-07
3.255318680000000e+04 -4.365598507394810e-07
3.255518680000000e+04 -2.948018579361836e-07
3.255718690000000e+04 1.288736783747227e-07
3.255918700000000e+04 4.292691000942485e-07
3.256118710000000e+04 3.192999478676303e-07
3.256318710000000e+04 -9.587421726507300e-08
3.256518720000000e+04 -4.194522325168675e-07
3.256718730000000e+04 -3.419178161695035e-07
3.256918740000000e+04 6.232902335495739e-08
3.257118740000000e+04 4.071406505647018e-07
3.257318750000000e+04 3.625459375207301e-07
3.257518760000000e+04 -2.845383667200723e-08
3.257718770000000e+04 -3.923960796350227e-07
3.257918770000000e+04 -3.810682593758821e-07
3.258118780000000e+04 -5.552524526897509e-09
3.258318790000000e+04 3.753124729249728e-07
3.258518800000000e+04 3.973614656146028e-07
3.258718800000000e+04 3.950995728112858e-08
3.258918810000000e+04 -3.560165266561898e-07
3.259118820000000e+04 -4.113027576651317e-07
3.259318830000000e+04 -7.324530475039161e-08
3.259518830000000e+04 3.346469778985728e-07
3.259718840000000e+04 4.227884274572621e-07
3.259918850000000e+04 1.065779525839886e-07
3.260118860000000e+04 -3.113432111806592e-07
3.260318860000000e+04 -4.317445394440910e-07
3.260518870000000e+04 -1.393090720671649e-07
3.260718880000000e+04 2.862331055097087e-07
3.260918890000000e+04 4.381352178866767e-07
3.261118890000000e+04 1.712256172369943e-07
3.261318900000000e+04 -2.594410387127504e-07
3.261518910000000e+04 -4.419488730197504e-07
3.261718920000000e+04 -2.021121403053421e-07
3.261918920000000e+04 2.310985810781947e-07
3.262118930000000e+04 4.431869613928519e-07
3.262318940000000e+04 2.317687063467145e-07
3.262518950000000e+04 -2.013626159476134e-07
3.262718950000000e+04 -4.418463465731791e-07
3.262918960000000e+04 -2.600235517421159e-07
3.263118970000000e+04 1.704167769763108e-07
3.263318980000000e+04 4.379201263634714e-07
3.263518980000000e+04 2.867309762201181e-07
3.263718990000000e+04 -1.384698077575876e-07
3.263919000000000e+04 -4.314038325786909e-07
3.264119010000000e+04 -3.117616170334482e-07
3.264319010000000e+04 1.057351737313416e-07
3.264519020000000e+04 4.223151838796366e-07
3.264719030000000e+04 3.349850583268571e-07
3.264919040000000e+04 -7.241763694560200e-08
3.265119040000000e+04 -4.107023754977713e-07
3.265319050000000e+04 -3.562617343019801e-07
3.265519060000000e+04 3.870323381047021e-08
3.265719070000000e+04 3.966522086059720e-07
3.265919070000000e+04 3.754445858608781e-07
3.266119080000000e+04 -4.765657306613714e-09
3.266319090000000e+04 -3.802739079195150e-07
3.266519100000000e+04 -3.923939198515130e-07
3.266719100000000e+04 -2.922102960893514e-08
3.266919110000000e+04 3.616875138038248e-07
3.267119120000000e+04 4.069921973158748e-07
3.267319130000000e+04 6.306644748693677e-08
3.267519130000000e+04 -3.410056257303231e-07
3.267719140000000e+04 -4.191585207837164e-07
3.267919150000000e+04 -9.656108152393537e-08
3.268119160000000e+04 3.183342053250021e-07
3.268319160000000e+04 4.288424844612738e-07
3.268519170000000e+04 1.294812297637426e-07
3.268719180000000e+04 -2.937786737741327e-07
3.268919190000000e+04 -4.360158914783550e-07
3.269119190000000e+04 -1.616074325451159e-07
3.269319200000000e+04 2.674634114611138e-07
3.269519210000000e+04 4.406525320771475e-07
3.269719220000000e+04 1.927404921065246e-07
3.269919220000000e+04 -2.395394045320092e-07
3.270119230000000e+04 -4.427218198793035e-07
3.270319240000000e+04 -2.227078847738844e-07
3.270519250000000e+04 2.101904632640062e-07
3.270719250000000e+04 4.421884656002509e-07
3.270919260000000e+04 2.513596108111066e-07
3.271119270000000e+04 -1.796165459385187e-07
3.271319280000000e+04 -4.390294079996347e-07
3.271519280000000e+04 -2.785522233863502e-07
3.271719290000000e+04 1.480203125707738e-07
3.271919300000000e+04 4.332461240779494e-07
3.272119310000000e+04 3.041352821384085e-07
3.272319310000000e+04 -1.155902375338481e-07
3.272519320000000e+04 -4.248795729146010e-07
3.272719330000000e+04 -3.279461740885935e-07
3.272919340000000e+04 8.249986902494452e-08
3.273119340000000e+04 4.140010220202750e-07
3.273319350000000e+04 3.498184632078453e-07
3.273519360000000e+04 -4.891574335252070e-08
3.273719370000000e+04 -4.007037643516287e-07
3.273919370000000e+04 -3.695975573587266e-07
3.274119380000000e+04 1.501538328713472e-08
3.274319390000000e+04 3.850814279821019e-07
3.274519400000000e+04 3.871590156183642e-07
3.274719400000000e+04 1.900397983871032e-08
3.274919410000000e+04 -3.672217102082294e-07
3.275119420000000e+04 -4.024109937943342e-07
3.275319430000000e+04 -5.292218847493779e-08
3.275519430000000e+04 3.472056415476637e-07
3.275719440000000e+04 4.152916617944202e-07
3.275919450000000e+04 8.651160374035298e-08
3.276119460000000e+04 -3.251249411631274e-07
3.276319460000000e+04 -4.257499886763524e-07
3.276519470000000e+04 -1.195532212398559e-07
3.276719480000000e+04 3.010934492947687e-07
3.276919490000000e+04 4.337338300828076e-07
3.277119490000000e+04 1.518507606103437e-07
3.277319500000000e+04 -2.752608128997050e-07
3.277519510000000e+04 -4.391825798414979e-07
3.277719520000000e+04 -1.832333874730818e-07
3.277919520000000e+04 2.478022270579975e-07
3.278119530000000e+04 4.420380527781142e-07
3.278319540000000e+04 2.135446958303760e-07
3.278519550000000e+04 -2.189084212090903e-07
3.278719550000000e+04 -4.422576387472427e-07
3.278919560000000e+04 -2.426266935735460e-07
3.279119570000000e+04 1.887642858124217e-07
3.279319580000000e+04 4.398338217905802e-07
3.279519580000000e+04 2.703088470458521e-07
3.279719590000000e+04 -1.575414674749900e-07
3.279919600000000e+04 -4.347934865474492e-07
3.280119610000000e+04 -2.964081907339806e-07
3.280319610000000e+04 1.253989183383675e-07
3.280519620000000e+04 4.271954295130307e-07
3.280719630000000e+04 3.207422813211582e-07
3.280919640000000e+04 -9.249938710121542e-08
3.281119640000000e+04 -4.171088518381807e-07
3.281319650000000e+04 -3.431482211421092e-07
3.281519660000000e+04 5.902157653094669e-08
3.281719670000000e+04 4.046018772802704e-07
3.281919670000000e+04 3.634931709034356e-07
3.282119680000000e+04 -2.517143041542448e-08
3.282319690000000e+04 -3.897332120481632e-07
3.282519700000000e+04 -3.816786658808765e-07
3.282719700000000e+04 -8.827321866291634e-09
3.282919710000000e+04 3.725640570186178e-07
3.283119720000000e+04 3.976260331103183e-07
3.283319730000000e+04 4.274615146787532e-08
3.283519730000000e+04 -3.531699491877397e-07
3.283719740000000e+04 -4.112620401626299e-07
3.283919750000000e+04 -7.637111084140798e-08
3.284119760000000e+04 3.316601132708052e-07
3.284319760000000e+04 4.225055305608690e-07
3.284519770000000e+04 1.095120744316065e-07
3.284719780000000e+04 -3.081751788644269e-07
3.284919790000000e+04 -4.312701774548725e-07
3.285119790000000e+04 -1.419993395179705e-07
3.285319800000000e+04 2.828831556753999e-07
3.285519810000000e+04 4.374748629456356e-07
3.285719820000000e+04 1.736688115895715e-07
3.285919820000000e+04 -2.559571823008374e-07
3.286119830000000e+04 -4.410648846796992e-07
3.286319840000000e+04 -2.043477874454772e-07
3.286519850000000e+04 2.275632591412211e-07
3.286719850000000e+04 4.420192554456459e-07
3.286919860000000e+04 2.338464627033543e-07
3.287119870000000e+04 -1.978525759225746e-07
3.287319880000000e+04 -4.403554475632275e-07
3.287519880000000e+04 -2.619652991397537e-07
3.287719890000000e+04 1.669729788722016e-07
3.287919900000000e+04 4.361117237231725e-07
3.288119910000000e+04 2.885113722073447e-07
3.288319910000000e+04 -1.350812077101955e-07
3.288519920000000e+04 -4.293335702188174e-07
3.288719930000000e+04 -3.133147649153957e-07
3.288919940000000e+04 1.023608061541388e-07
3.289119940000000e+04 4.200586551526181e-07
3.289319950000000e+04 3.362395119955807e-07
3.289519960000000e+04 -6.902004672817898e-08
3.289719970000000e+04 -4.083209583670439e-07
3.289919970000000e+04 -3.571765063256140e-07
3.290119980000000e+04 3.528501636491466e-08
3.290319990000000e+04 3.941595547810868e-07
3.290520000000000e+04 3.760304402973887e-07
3.290720010000000e+04 -1.378404001077681e-09
3.290920010000000e+04 -3.776407237316278e-07
3.291120020000000e+04 -3.927027871365878e-07
3.291320030000000e+04 -3.249448020647323e-08
3.291520040000000e+04 3.588632412389963e-07
3.291720040000000e+04 4.070859117248799e-07
3.291920050000000e+04 6.615105791818325e-08
3.292120060000000e+04 -3.379620043577231e-07
3.292320070000000e+04 -4.190678996978304e-07
3.292520070000000e+04 -9.942140923835535e-08
3.292720080000000e+04 3.150887646340972e-07
3.292920090000000e+04 4.285518432763149e-07
3.293120100000000e+04 1.321340450091039e-07
3.293320100000000e+04 -2.903979973097572e-07
3.293520110000000e+04 -4.354690626926271e-07
3.293720120000000e+04 -1.641002304562739e-07
3.293920130000000e+04 2.640316511841019e-07
3.294120130000000e+04 4.397909682090845e-07
3.294320140000000e+04 1.951143734089873e-07
3.294520150000000e+04 -2.361233174717158e-07
3.294720160000000e+04 -4.415185243903247e-07
3.294920160000000e+04 -2.249644503358613e-07
3.295120170000000e+04 2.068070653120544e-07
3.295320180000000e+04 4.406700643553805e-07
3.295520190000000e+04 2.534507775327907e-07
3.295720190000000e+04 -1.762389706987675e-07
3.295920200000000e+04 -4.372618467295528e-07
3.296120210000000e+04 -2.804020388616155e-07
3.296320220000000e+04 1.446021330059642e-07
3.296520220000000e+04 4.313038744699318e-07
3.296720230000000e+04 3.056772261506617e-07
3.296920240000000e+04 -1.121078315129486e-07
3.297120250000000e+04 -4.228028609510416e-07
3.297320250000000e+04 -3.291571813305282e-07
3.297520260000000e+04 7.897645698040193e-08
3.297720270000000e+04 4.117832214756051e-07
3.297920280000000e+04 3.507271811678518e-07
3.298120280000000e+04 -4.542166204417794e-08
3.298320290000000e+04 -3.982979637565964e-07
3.298520300000000e+04 -3.702638767742688e-07
3.298720310000000e+04 1.163651580267424e-08
3.298920310000000e+04 3.824402980172641e-07
3.299120320000000e+04 3.876331327771177e-07
3.299320330000000e+04 2.220327504158107e-08
3.299520340000000e+04 -3.643307051319522e-07
3.299720340000000e+04 -4.027037595546249e-07
3.299920350000000e+04 -5.592860026478507e-08
3.300120360000000e+04 3.441044333073823e-07
3.300320370000000e+04 4.153632751121606e-07
3.300520370000000e+04 8.935727602165397e-08
3.300720380000000e+04 -3.218906816831885e-07
3.300920390000000e+04 -4.255356140985528e-07
3.301120400000000e+04 -1.222876340520720e-07
3.301320400000000e+04 2.978090458165275e-07
3.301520410000000e+04 4.331794848739823e-07
3.301720420000000e+04 1.545005797908202e-07
3.301920430000000e+04 -2.719721781653857e-07
3.302120430000000e+04 -4.382808489037350e-07
3.302320440000000e+04 -1.857768607587722e-07
3.302520450000000e+04 2.445067938917739e-07
3.302720460000000e+04 4.408322741249022e-07
3.302920460000000e+04 2.159153808577538e-07
3.303120470000000e+04 -2.155639395650319e-07
3.303320480000000e+04 -4.408219259417503e-07
3.303520490000000e+04 -2.447442170442803e-07
3.303720490000000e+04 1.853289221004058e-07
3.303920500000000e+04 4.382292612539383e-07
3.304120510000000e+04 2.721187420248616e-07
3.304320520000000e+04 -1.540078610942513e-07
3.304520520000000e+04 -4.330408943305268e-07
3.304720530000000e+04 -2.979075603899908e-07
3.304920540000000e+04 1.218132855418919e-07
3.305120550000000e+04 4.252639673188998e-07
3.305320550000000e+04 3.219752820544474e-07
3.305520560000000e+04 -8.894384718760343e-08
3.305720570000000e+04 -4.149444913815015e-07
3.305920580000000e+04 -3.441735900703704e-07
3.306120580000000e+04 5.558017444211544e-08
3.306320590000000e+04 4.021629858783118e-07
3.306520600000000e+04 3.643466171368082e-07
3.306720610000000e+04 -2.188910421968200e-08
3.306920610000000e+04 -3.870265474633171e-07
3.307120620000000e+04 -3.823454259215368e-07
3.307320630000000e+04 -1.195662646496989e-08
3.307520640000000e+04 3.696460648158468e-07
3.307720640000000e+04 3.980488804224655e-07
3.307920650000000e+04 4.576700395581573e-08
3.308120660000000e+04 -3.501261224922010e-07
3.308320670000000e+04 -4.113711663414875e-07
3.308520670000000e+04 -7.932748797584223e-08
3.308720680000000e+04 3.285597938336694e-07
3.308920690000000e+04 4.222608384882982e-07
3.309120700000000e+04 1.124111979559644e-07
3.309320700000000e+04 -3.050452605047060e-07
3.309520710000000e+04 -4.306831516202040e-07
3.309720720000000e+04 -1.447962378987452e-07
3.309920730000000e+04 2.796981425595236e-07
3.310120730000000e+04 4.366049248763579e-07
3.310320740000000e+04 1.762837838535729e-07
3.310520750000000e+04 -2.526691617923551e-07
3.310720760000000e+04 -4.399829912876212e-07
3.310920760000000e+04 -2.067034650741550e-07
3.311120770000000e+04 2.241386232332064e-07
3.311320780000000e+04 4.407721814342591e-07
3.311520790000000e+04 2.359060031853557e-07
3.311720790000000e+04 -1.943066289011685e-07
3.311920800000000e+04 -4.389372921348672e-07
3.312120810000000e+04 -2.637456747922241e-07
3.312320820000000e+04 1.633699054781939e-07
3.312520820000000e+04 4.344755679718761e-07
3.312720830000000e+04 2.900662327405620e-07
3.312920840000000e+04 -1.315113241243273e-07
3.313120850000000e+04 -4.274211790048743e-07
3.313320850000000e+04 -3.146969295681928e-07
3.313520860000000e+04 9.889564633050172e-08
3.313720870000000e+04 4.178442294802922e-07
3.313920880000000e+04 3.374622659871021e-07
3.314120880000000e+04 -6.568537480292728e-08
3.314320890000000e+04 -4.058301471034711e-07
3.314520900000000e+04 -3.582023803692200e-07
3.314720910000000e+04 3.205414674694002e-08
3.314920910000000e+04 3.914656225424126e-07
3.315120920000000e+04 3.767879406437059e-07
3.315320930000000e+04 1.797789059528393e-09
3.315520940000000e+04 -3.748254164703282e-07
3.315720940000000e+04 -3.931267792374119e-07
3.315920950000000e+04 -3.564839369475414e-08
3.316120960000000e+04 3.559816470879062e-07
3.316320970000000e+04 4.071527222055939e-07
3.316520970000000e+04 6.926653523121514e-08
3.316720980000000e+04 -3.350146512071144e-07
3.316920990000000e+04 -4.188099599382654e-07
3.317121000000000e+04 -1.024337178751146e-07
3.317321000000000e+04 3.120355014496777e-07
3.317521010000000e+04 4.280359062388743e-07
3.317721020000000e+04 1.349559610661810e-07
3.317921030000000e+04 -2.871888368451456e-07
3.318121030000000e+04 -4.347600571377819e-07
3.318321040000000e+04 -1.666653895394074e-07
3.318521050000000e+04 2.606505242177268e-07
3.318721060000000e+04 4.389113288343005e-07
3.318921060000000e+04 1.974059738967854e-07
3.319121070000000e+04 -2.326057463825552e-07
3.319321080000000e+04 -4.404406917909682e-07
3.319521090000000e+04 -2.270174412833748e-07
3.319721090000000e+04 2.032345360001016e-07
3.319921100000000e+04 4.393328978455713e-07
3.320121110000000e+04 2.553227346526345e-07
3.320321120000000e+04 -1.726986932397979e-07
3.320521120000000e+04 -4.356137758568881e-07
3.320721130000000e+04 -2.821309098300947e-07
3.320921140000000e+04 1.411509917308807e-07
3.321121150000000e+04 4.293355411795906e-07
3.321321150000000e+04 3.072529539783337e-07
3.321521160000000e+04 -1.087468776705496e-07
3.321721170000000e+04 -4.205621850837881e-07
3.321921180000000e+04 -3.305208020800191e-07
3.322121180000000e+04 7.566547516236673e-08
3.322321190000000e+04 4.093498613597407e-07
3.322521200000000e+04 3.518010500003237e-07
3.322721210000000e+04 -4.211249803715186e-08
3.322921210000000e+04 -3.957475618965616e-07
3.323121220000000e+04 -3.709927635621890e-07
3.323321230000000e+04 8.315484199510148e-09
3.323521240000000e+04 3.798032169928899e-07
3.323721240000000e+04 3.880148740186211e-07
3.323921250000000e+04 2.549752309821107e-08
3.324121260000000e+04 -3.615869767936053e-07
3.324321270000000e+04 -4.027865583826797e-07
3.324521270000000e+04 -5.911415184500654e-08
3.324721280000000e+04 3.412010168254858e-07
3.324921290000000e+04 4.152176489754438e-07
3.325121300000000e+04 9.234877244209820e-08
3.325321300000000e+04 -3.187862095402329e-07
3.325521310000000e+04 -4.252092355671929e-07
3.325721320000000e+04 -1.250343684483841e-07
3.325921330000000e+04 2.945054017081320e-07
3.326121330000000e+04 4.326719892005515e-07
3.326321340000000e+04 1.570081575838053e-07
3.326521350000000e+04 -2.685282312108608e-07
3.326721360000000e+04 -4.375422769619148e-07
3.326921360000000e+04 -1.880932236345330e-07
3.327121370000000e+04 2.410107412740621e-07
3.327321380000000e+04 4.397972302682186e-07
3.327521390000000e+04 2.180939118507647e-07
3.327721390000000e+04 -2.120965419886197e-07
3.327921400000000e+04 -4.394487716775417e-07
3.328121410000000e+04 -2.468035818339878e-07
3.328321420000000e+04 1.819233813418894e-07
3.328521420000000e+04 4.365319106682107e-07
3.328721430000000e+04 2.740239227666397e-07
3.328921440000000e+04 -1.506455566754422e-07
3.329121450000000e+04 -4.310818922531283e-07
3.329321450000000e+04 -2.995833786766354e-07
3.329521460000000e+04 1.184435303521984e-07
3.329721470000000e+04 4.231268491608554e-07
3.329921480000000e+04 3.233448555423803e-07
3.330121480000000e+04 -8.552875943533089e-08
3.330321490000000e+04 -4.126866532123799e-07
3.330521500000000e+04 -3.451989617873981e-07
3.330721510000000e+04 5.212662971504322e-08
3.330921510000000e+04 3.997926528165150e-07
3.331121520000000e+04 3.650458954738576e-07
3.331321530000000e+04 -1.845953498360524e-08
3.331521540000000e+04 -3.845017521741254e-07
3.331721540000000e+04 -3.827799310913362e-07
3.331921550000000e+04 -1.527244446903165e-08
3.332121560000000e+04 3.669116233025747e-07
3.332321570000000e+04 3.982823019273414e-07
3.332521570000000e+04 4.889101524314720e-08
3.332721580000000e+04 -3.471520549332295e-07
3.332921590000000e+04 -4.114318126022946e-07
3.333121600000000e+04 -8.223078175200953e-08
3.333321600000000e+04 3.253728111514032e-07
3.333521610000000e+04 4.221216124546607e-07
3.333721620000000e+04 1.151188914794762e-07
3.333921630000000e+04 -3.017190635248616e-07
3.334121630000000e+04 -4.302795557446815e-07
3.334321640000000e+04 -1.473637783561322e-07
3.334521650000000e+04 2.763247935793104e-07
3.334721660000000e+04 4.358720901245637e-07
3.334921660000000e+04 1.787531578685233e-07
3.335121670000000e+04 -2.493116028084604e-07
3.335321680000000e+04 -4.388985247935881e-07
3.335521690000000e+04 -2.090698165906804e-07
3.335721690000000e+04 2.208082711073714e-07
3.335921700000000e+04 4.393691439094741e-07
3.336121710000000e+04 2.381109964357521e-07
3.336321720000000e+04 -1.909645990477195e-07
3.336521720000000e+04 -4.372918719848271e-07
3.336721730000000e+04 -2.657048870729028e-07
3.336921740000000e+04 1.599653060445934e-07
3.337121750000000e+04 4.326629541778582e-07
3.337321750000000e+04 2.917115789882880e-07
3.337521760000000e+04 -1.280202758320265e-07
3.337721770000000e+04 -4.254795559397461e-07
3.337921780000000e+04 -3.160104290943084e-07
3.338121780000000e+04 9.535083480188397e-08
3.338321790000000e+04 4.157546339961731e-07
3.338521800000000e+04 3.384820831783143e-07
3.338721810000000e+04 -6.216539328986143e-08
3.338921810000000e+04 -4.035380935573039e-07
3.339121820000000e+04 -3.589945493833490e-07
3.339321830000000e+04 2.865217932798841e-08
3.339521840000000e+04 3.889175103759304e-07
3.339721840000000e+04 3.774042100656190e-07
3.339921850000000e+04 5.020208714796371e-09
3.340121860000000e+04 -3.720124406178811e-07
3.340321870000000e+04 -3.935695184729061e-07
3.340521870000000e+04 -3.868436675883769e-08
3.340721880000000e+04 3.529499981225878e-07
3.340921890000000e+04 4.073727123134777e-07
3.341121900000000e+04 7.215881640059531e-08
3.341321900000000e+04 -3.318521662123839e-07
3.341521910000000e+04 -4.187326858891827e-07
3.341721920000000e+04 -1.052365580716622e-07
3.341921930000000e+04 3.088256702867061e-07
3.342121930000000e+04 4.276072979159868e-07
3.342321940000000e+04 1.376942050626711e-07
3.342521950000000e+04 -2.839754106134696e-07
3.342721960000000e+04 -4.339768047399657e-07
3.342921960000000e+04 -1.693081869542567e-07
3.343121970000000e+04 2.574187504583905e-07
3.343321980000000e+04 4.378275181652057e-07
3.343521990000000e+04 1.998769493609385e-07
3.343721990000000e+04 -2.293061182142189e-07
3.343922000000000e+04 -4.391352952585186e-07
3.344122010000000e+04 -2.292299984820989e-07
3.344322020000000e+04 1.998200030961779e-07
3.344522020000000e+04 4.378690349979256e-07
3.344722030000000e+04 2.572239041022977e-07
3.344922040000000e+04 -1.691681027939059e-07
3.345122050000000e+04 -4.340024832377465e-07
3.345322050000000e+04 -2.837255563015808e-07
3.345522060000000e+04 1.375581958712718e-07
3.345722070000000e+04 4.275373683160630e-07
3.345922080000000e+04 3.085941339880314e-07
3.346122080000000e+04 -1.051845688394795e-07
3.346322090000000e+04 -4.185129490942623e-07
3.346522100000000e+04 -3.316726472659548e-07
3.346722110000000e+04 7.221902621943430e-08
3.346922110000000e+04 4.070090047471969e-07
3.347122120000000e+04 3.527953317342404e-07
3.347322130000000e+04 -3.882388352139018e-08
3.347522140000000e+04 -3.931259136739878e-07
3.347722140000000e+04 -3.718063866737384e-07
3.347922150000000e+04 5.167544946413517e-09
3.348122160000000e+04 3.769689097487513e-07
3.348322170000000e+04 3.885790454464552e-07
3.348522170000000e+04 2.855682721581524e-08
3.348722180000000e+04 -3.586299416264591e-07
3.348922190000000e+04 -4.030265162916009e-07
3.349122200000000e+04 -6.213222277069073e-08
3.349322200000000e+04 3.381926745119806e-07
3.349522210000000e+04 4.150937814926967e-07
3.349722220000000e+04 9.532680318696129e-08
3.349922230000000e+04 -3.157433845928858e-07
3.350122230000000e+04 -4.247423002957470e-07
3.350322240000000e+04 -1.279179346060348e-07
3.350522250000000e+04 2.913943988548629e-07
3.350722260000000e+04 4.319289132845224e-07
3.350922260000000e+04 1.597076376087759e-07
3.351122270000000e+04 -2.652914842673403e-07
3.351322280000000e+04 -4.366000515067771e-07
3.351522290000000e+04 -1.905287256393217e-07
3.351722290000000e+04 2.376163550008320e-07
3.351922300000000e+04 4.386971008991430e-07
3.352122310000000e+04 2.202328909295014e-07
3.352322320000000e+04 -2.085649079630376e-07
3.352522320000000e+04 -4.381773060679475e-07
3.352722330000000e+04 -2.486725786781178e-07
3.352922340000000e+04 1.783307282903685e-07
3.353122350000000e+04 4.350295777153227e-07
3.353322350000000e+04 2.756847240101000e-07
3.353522360000000e+04 -1.470871619944516e-07
3.353722370000000e+04 -4.292866966303112e-07
3.353922380000000e+04 -3.010901815575405e-07
3.354122380000000e+04 1.149924449686450e-07
3.354322390000000e+04 4.210132271745523e-07
3.354522400000000e+04 3.247055342593386e-07
3.354722410000000e+04 -8.220138594458973e-08
3.354922410000000e+04 -4.102908007286953e-07
3.355122420000000e+04 -3.463646149700114e-07
3.355322430000000e+04 4.888787334901043e-08
3.355522440000000e+04 3.971947632583358e-07
3.355722440000000e+04 3.659362026941616e-07
3.355922450000000e+04 -1.525199386278187e-08
3.356122460000000e+04 -3.817899344134527e-07
3.356322470000000e+04 -3.833260732594948e-07
3.356522470000000e+04 -1.847939716010878e-08
3.356722480000000e+04 3.641348161257580e-07
3.356922490000000e+04 3.984664783463394e-07
3.357122500000000e+04 5.207429734837384e-08
3.357322500000000e+04 -3.443036128257316e-07
3.357522510000000e+04 -4.112946513017062e-07
3.357722520000000e+04 -8.531395039093940e-08
3.357922530000000e+04 3.223999090644606e-07
3.358122530000000e+04 4.217388888701331e-07
3.358322540000000e+04 1.180085539970473e-07
3.358522550000000e+04 -2.985687724119576e-07
3.358722560000000e+04 -4.297158538754185e-07
3.358922560000000e+04 -1.499931714482649e-07
3.359122570000000e+04 2.729820571221318e-07
3.359322580000000e+04 4.351450831977087e-07
3.359522590000000e+04 1.811135610621538e-07
3.359722590000000e+04 -2.458231700306063e-07
3.359922600000000e+04 -4.379677127142333e-07
3.360122610000000e+04 -2.112053927932089e-07
3.360322620000000e+04 2.172629780517260e-07
3.360522620000000e+04 4.381657724266063e-07
3.360722630000000e+04 2.400857337799252e-07
3.360922640000000e+04 -1.874558638168396e-07
3.361122650000000e+04 -4.357601047627804e-07
3.361322650000000e+04 -2.675553529117719e-07
3.361522660000000e+04 1.565441641124949e-07
3.361722670000000e+04 4.308007289237542e-07
3.361922680000000e+04 2.934186449395533e-07
3.362122680000000e+04 -1.246803562614805e-07
3.362322690000000e+04 -4.233423399424746e-07
3.362522700000000e+04 -3.175043409017443e-07
3.362722710000000e+04 9.204016474471156e-08
3.362922710000000e+04 4.134318804294204e-07
3.363122720000000e+04 3.396776284525982e-07
3.363322730000000e+04 -5.883319627874189e-08
3.363522740000000e+04 -4.011041081767348e-07
3.363722740000000e+04 -3.598375332103388e-07
3.363922750000000e+04 2.528741231209954e-08
3.364122760000000e+04 3.863982337071846e-07
3.364322770000000e+04 3.778992820163783e-07
3.364522770000000e+04 8.367712336028987e-09
3.364722780000000e+04 -3.693743956098625e-07
3.364922790000000e+04 -3.937752782021756e-07
3.365122800000000e+04 -4.192407211889448e-08
3.365322800000000e+04 3.501334929698479e-07
3.365522810000000e+04 4.073642872172729e-07
3.365722820000000e+04 7.519988384401035e-08
3.365922830000000e+04 -3.288119072788769e-07
3.366122830000000e+04 -4.185569041223544e-07
3.366322840000000e+04 -1.080331357442814e-07
3.366522850000000e+04 3.055717502348469e-07
3.366722860000000e+04 4.272529289993596e-07
3.366922860000000e+04 1.402602688681593e-07
3.367122870000000e+04 -2.805746100609303e-07
3.367322880000000e+04 -4.333842379747187e-07
3.367522890000000e+04 -1.717017810018142e-07
3.367722890000000e+04 2.539694007334310e-07
3.367922900000000e+04 4.369227783807111e-07
3.368122910000000e+04 2.021543152869725e-07
3.368322920000000e+04 -2.258875818034869e-07
3.368522920000000e+04 -4.378792205030275e-07
3.368722930000000e+04 -2.314050661756258e-07
3.368922940000000e+04 1.964607982752126e-07
3.369122950000000e+04 4.362816705769464e-07
3.369322950000000e+04 2.592511296354722e-07
3.369522960000000e+04 -1.658366319078820e-07
3.369722970000000e+04 -4.321579530561241e-07
3.369922980000000e+04 -2.855194823384169e-07
3.370122980000000e+04 1.341975255534740e-07
3.370322990000000e+04 4.255225682485391e-07
3.370523000000000e+04 3.100735984740535e-07
3.370723010000000e+04 -1.017541664593900e-07
3.370923010000000e+04 -4.163848316803221e-07
3.371123020000000e+04 -3.328033915982356e-07
3.371323030000000e+04 6.873425567307942e-08
3.371523040000000e+04 4.047639548157771e-07
3.371723040000000e+04 3.536052190605722e-07
3.371923050000000e+04 -3.535638427119683e-08
3.372123060000000e+04 -3.907132452764828e-07
3.372323070000000e+04 -3.723650343683880e-07
3.372523070000000e+04 1.816913374876990e-09
3.372723080000000e+04 3.743246803022683e-07
3.372923090000000e+04 3.889535872546613e-07
3.373123100000000e+04 3.171319702645115e-08
3.373323100000000e+04 -3.557278064666030e-07
3.373523110000000e+04 -4.032385534182206e-07
3.373723120000000e+04 -6.507099418937226e-08
3.373923130000000e+04 3.350657113152350e-07
3.374123130000000e+04 4.151066014526183e-07
3.374323140000000e+04 9.808473692122201e-08
3.374523150000000e+04 -3.124776378467983e-07
3.374723160000000e+04 -4.244796957431008e-07
3.374923160000000e+04 -1.305569496400252e-07
3.375123170000000e+04 2.880849702636085e-07
3.375323180000000e+04 4.313231943475362e-07
3.375523190000000e+04 1.622704607513113e-07
3.375723190000000e+04 -2.620008136172263e-07
3.375923200000000e+04 -4.356317227317511e-07
3.376123210000000e+04 -1.930022965155624e-07
3.376323220000000e+04 2.343440812627864e-07
3.376523220000000e+04 4.374104210573284e-07
3.376723230000000e+04 2.225478462915346e-07
3.376923240000000e+04 -2.052637862940045e-07
3.377123250000000e+04 -4.366554173542829e-07
3.377323250000000e+04 -2.507356482280148e-07
3.377523260000000e+04 1.749419566176338e-07
3.377723270000000e+04 4.333517360623331e-07
3.377923280000000e+04 2.774273473161240e-07
3.378123280000000e+04 -1.435911155352660e-07
3.378323290000000e+04 -4.274830231571219e-07
3.378523300000000e+04 -3.025013065053781e-07
3.378723310000000e+04 1.114293893291272e-07
3.378923310000000e+04 4.190559134629146e-07
3.379123320000000e+04 3.258333559642541e-07
3.379323330000000e+04 -7.866229801076077e-08
3.379523340000000e+04 -4.081129942339995e-07
3.379723340000000e+04 -3.472823891008577e-07
3.379923350000000e+04 4.546958769487252e-08
3.380123360000000e+04 3.947413599285380e-07
3.380323370000000e+04 3.666943430624065e-07
3.380523370000000e+04 -1.201492330614055e-08
3.380723380000000e+04 -3.790550756309826e-07
3.380923390000000e+04 -3.839193659174402e-07
3.381123400000000e+04 -2.153923311873754e-08
3.381323400000000e+04 3.611769107472436e-07
3.381523410000000e+04 3.988329515556672e-07
3.381723420000000e+04 5.500836051569521e-08
3.381923430000000e+04 -3.412170305041230e-07
3.382123430000000e+04 -4.113522912721510e-07
3.382323440000000e+04 -8.818271017348058e-08
3.382523450000000e+04 3.192725441691302e-07
3.382723460000000e+04 4.214322005413381e-07
3.382923460000000e+04 1.208325565163130e-07
3.383123470000000e+04 -2.954358453217037e-07
3.383323480000000e+04 -4.290499183800741e-07
3.383523490000000e+04 -1.527321363409133e-07
3.383723490000000e+04 2.698202365510365e-07
3.383923500000000e+04 4.341827695597767e-07
3.384123510000000e+04 1.836794119917938e-07
3.384323520000000e+04 -2.425709775034386e-07
3.384523520000000e+04 -4.367961624523108e-07
3.384723530000000e+04 -2.135066981886701e-07
3.384923540000000e+04 2.138727507590404e-07
3.385123550000000e+04 4.368450799743154e-07
3.385323550000000e+04 2.420717685336715e-07
3.385523560000000e+04 -1.839303734440108e-07
3.385723570000000e+04 -4.342943291698637e-07
3.385923580000000e+04 -2.692405708523388e-07
3.386123580000000e+04 1.529498596463703e-07
3.386323590000000e+04 4.291365713997271e-07
3.386523600000000e+04 2.948657495078877e-07
3.386723610000000e+04 -1.211170453336231e-07
3.386923610000000e+04 -4.214095136928951e-07
3.387123620000000e+04 -3.187816236460060e-07
3.387323630000000e+04 8.859737931146305e-08
3.387523640000000e+04 4.111880840485738e-07
3.387723640000000e+04 3.408129375309595e-07
3.387923650000000e+04 -5.554481439259158e-08
3.388123660000000e+04 -3.985698178345645e-07
3.388323670000000e+04 -3.607964124822401e-07
3.388523670000000e+04 2.212728452231214e-08
3.388723680000000e+04 3.836499342318339e-07
3.388923690000000e+04 3.786024071083150e-07
3.389123700000000e+04 1.146224729030594e-08
3.389323700000000e+04 -3.665108966030582e-07
3.389523710000000e+04 -3.941418104403958e-07
3.389723720000000e+04 -4.500074909024277e-08
3.389923730000000e+04 3.472223090758628e-07
3.390123730000000e+04 4.073583143764719e-07
3.390323740000000e+04 7.825423883054187e-08
3.390523750000000e+04 -3.258631452201575e-07
3.390723760000000e+04 -4.182076601452923e-07
3.390923760000000e+04 -1.109984585446801e-07
3.391123770000000e+04 3.025377554520488e-07
3.391323780000000e+04 4.266381750396801e-07
3.391523790000000e+04 1.430385232986270e-07
3.391723790000000e+04 -2.773927244305635e-07
3.391923800000000e+04 -4.325832669161037e-07
3.392123810000000e+04 -1.742097858246804e-07
3.392323820000000e+04 2.506065826005801e-07
3.392523820000000e+04 4.359734917686185e-07
3.392723830000000e+04 2.043666679761481e-07
3.392923840000000e+04 -2.223746488979263e-07
3.393123850000000e+04 -4.367553266596270e-07
3.393323850000000e+04 -2.333582569282872e-07
3.393523860000000e+04 1.928828878057661e-07
3.393723870000000e+04 4.349143703985625e-07
3.393923880000000e+04 2.610157085521050e-07
3.394123880000000e+04 -1.622980084198855e-07
3.394323890000000e+04 -4.304784472066839e-07
3.394523900000000e+04 -2.871502781965647e-07
3.394723910000000e+04 1.307673726517940e-07
3.394923910000000e+04 4.235104773515390e-07
3.395123920000000e+04 3.115707978886794e-07
3.395323930000000e+04 -9.844189901996613e-08
3.395523940000000e+04 -4.140843695381525e-07
3.395723940000000e+04 -3.341065979031404e-07
3.395923950000000e+04 6.549168624975538e-08
3.396123960000000e+04 4.022671357356226e-07
3.396323970000000e+04 3.546241977626358e-07
3.396523970000000e+04 -3.212134405281698e-08
3.396723980000000e+04 -3.881093577786036e-07
3.396923990000000e+04 -3.730291082458484e-07
3.397124000000000e+04 -1.440862727758029e-09
3.397324000000000e+04 3.716597332251365e-07
3.397524010000000e+04 3.892510474386779e-07
3.397724020000000e+04 3.496002907947720e-08
3.397924030000000e+04 -3.529816653803788e-07
3.398124030000000e+04 -4.032212599281251e-07
3.398324040000000e+04 -6.822018931701419e-08
3.398524050000000e+04 3.321771624451141e-07
3.398724060000000e+04 4.148572889748343e-07
3.398924060000000e+04 1.010345518555202e-07
3.399124070000000e+04 -3.093871747241106e-07
3.399324080000000e+04 -4.240642656204406e-07
3.399524090000000e+04 -1.332436909279004e-07
3.399724090000000e+04 2.847838684645372e-07
3.399924100000000e+04 4.307497944263279e-07
3.400124110000000e+04 1.646932686392698e-07
3.400324120000000e+04 -2.585442863043077e-07
3.400524120000000e+04 -4.348493137034251e-07
3.400724130000000e+04 -1.952169201903148e-07
3.400924140000000e+04 2.308332172734249e-07
3.401124150000000e+04 4.363392539586696e-07
3.401324150000000e+04 2.246234281074416e-07
3.401524160000000e+04 -2.017930363877782e-07
3.401724170000000e+04 -4.352394182234742e-07
3.401924180000000e+04 -2.527063257090552e-07
3.402124180000000e+04 1.715593929716808e-07
3.402324190000000e+04 4.315943396140011e-07
3.402524200000000e+04 2.792637492889828e-07
3.402724210000000e+04 -1.402771766950778e-07
3.402924210000000e+04 -4.254521381812146e-07
3.403124220000000e+04 -3.041217862511895e-07
3.403324230000000e+04 1.081239595967368e-07
3.403524240000000e+04 4.168467797075522e-07
3.403724240000000e+04 3.271456097251032e-07
3.403924250000000e+04 -7.530923382138508e-08
3.404124260000000e+04 -4.058019107257527e-07
3.404324270000000e+04 -3.482342193004592e-07
3.404524270000000e+04 4.206480269209650e-08
3.404724280000000e+04 3.923435805233522e-07
3.404924290000000e+04 3.672995309717584e-07
3.405124300000000e+04 -8.617959283011073e-09
3.405324300000000e+04 -3.765272810233450e-07
3.405524310000000e+04 -3.842465327401507e-07
3.405724320000000e+04 -2.482588306464937e-08
3.405924330000000e+04 3.584482288503284e-07
3.406124330000000e+04 3.989632155393368e-07
3.406324340000000e+04 5.809207993602262e-08
3.406524350000000e+04 -3.382433666191125e-07
3.406724360000000e+04 -4.113279806643728e-07
3.406924360000000e+04 -9.102129282916794e-08
3.407124370000000e+04 3.160696606370744e-07
3.407324380000000e+04 4.212324731465564e-07
3.407524390000000e+04 1.234521325691269e-07
3.407724390000000e+04 -2.920837827643211e-07
3.407924400000000e+04 -4.286018959425120e-07
3.408124410000000e+04 -1.551993606816327e-07
3.408324420000000e+04 2.664228937204479e-07
3.408524420000000e+04 4.334069685138380e-07
3.408724430000000e+04 1.860539341295744e-07
3.408924440000000e+04 -2.392099384874605e-07
3.409124450000000e+04 -4.356545868992685e-07
3.409324450000000e+04 -2.157954915505185e-07
3.409524460000000e+04 2.105656065162025e-07
3.409724470000000e+04 4.353683379054584e-07
3.409924480000000e+04 2.442178664038721e-07
3.410124480000000e+04 -1.806358495318876e-07
3.410324490000000e+04 -4.325654504160778e-07
3.410524500000000e+04 -2.711474991049687e-07
3.410724510000000e+04 1.496007033323492e-07
3.410924510000000e+04 4.272493460153104e-07
3.411124520000000e+04 2.964493876719352e-07
3.411324530000000e+04 -1.176747795405454e-07
3.411524540000000e+04 -4.194148157519983e-07
3.411724540000000e+04 -3.200126219286995e-07
3.411924550000000e+04 8.508413429644390e-08
3.412124560000000e+04 4.090733123932522e-07
3.412324570000000e+04 3.417300167941355e-07
3.412524570000000e+04 -5.204566252563179e-08
3.412724580000000e+04 -3.962703596483599e-07
3.412924590000000e+04 -3.614787489461791e-07
3.413124600000000e+04 1.874809110075881e-08
3.413324600000000e+04 3.810978062414911e-07
3.413524610000000e+04 3.791183850476653e-07
3.413724620000000e+04 1.464232579993547e-08
3.413924630000000e+04 -3.636808078331510e-07
3.414124630000000e+04 -3.945065584490044e-07
3.414324640000000e+04 -4.796873295494213e-08
3.414524650000000e+04 3.441591428651552e-07
3.414724660000000e+04 4.075220248510040e-07
3.414924660000000e+04 8.105697979347906e-08
3.415124670000000e+04 -3.226615469608945e-07
3.415324680000000e+04 -4.180843918987619e-07
3.415524690000000e+04 -1.137065579499264e-07
3.415724690000000e+04 2.993002471752547e-07
3.415924700000000e+04 4.261562431760048e-07
3.416124710000000e+04 1.456924820544806e-07
3.416324720000000e+04 -2.741749664310142e-07
3.416524720000000e+04 -4.317297061109046e-07
3.416724730000000e+04 -1.767880636143543e-07
3.416924740000000e+04 2.473995073199724e-07
3.417124750000000e+04 4.348023493638068e-07
3.417324750000000e+04 2.067868503565798e-07
3.417524760000000e+04 -2.191174038229257e-07
3.417724770000000e+04 -4.353603826002221e-07
3.417924780000000e+04 -2.355196222496704e-07
3.418124780000000e+04 1.895135010818556e-07
3.418324790000000e+04 4.333743689946224e-07
3.418524800000000e+04 2.628490886639880e-07
3.418724810000000e+04 -1.587988040311553e-07
3.418924810000000e+04 -4.288177013899591e-07
3.419124820000000e+04 -2.886539179189879e-07
3.419324830000000e+04 1.271911660025230e-07
3.419524840000000e+04 4.216869240396579e-07
3.419724840000000e+04 3.128039188875270e-07
3.419924850000000e+04 -9.488884947490102e-08
3.420124860000000e+04 -4.120226408039826e-07
3.420324870000000e+04 -3.351491720105557e-07
3.420524870000000e+04 6.206583420711904e-08
3.420724880000000e+04 3.999077868119542e-07
3.420924890000000e+04 3.555248874446807e-07
3.421124900000000e+04 -2.887660438810857e-08
3.421324900000000e+04 -3.854546568622466e-07
3.421524910000000e+04 -3.737722496978919e-07
3.421724920000000e+04 -4.517465215799181e-09
3.421924930000000e+04 3.687774827843137e-07
3.422124930000000e+04 3.897624565649965e-07
3.422324940000000e+04 3.793242616727335e-08
3.422524950000000e+04 -3.499776270632796e-07
3.422724960000000e+04 -4.034102697443830e-07
3.422924960000000e+04 -7.115185228590776e-08
3.423124970000000e+04 3.291378301954986e-07
3.423324980000000e+04 4.146695007545325e-07
3.423524990000000e+04 1.039423686624680e-07
3.423724990000000e+04 -3.063423791645860e-07
3.423925000000000e+04 -4.235129853822742e-07
3.424125010000000e+04 -1.360746896490997e-07
3.424325020000000e+04 2.816957183913219e-07
3.424525020000000e+04 4.299101091291972e-07
3.424725030000000e+04 1.673489855962471e-07
3.424925040000000e+04 -2.553435759186013e-07
3.425125050000000e+04 -4.338133755822614e-07
3.425325050000000e+04 -1.975996927777938e-07
3.425525060000000e+04 2.274685587870350e-07
3.425725070000000e+04 4.351661430332554e-07
3.425925080000000e+04 2.266880807471614e-07
3.426125080000000e+04 -1.982765608190851e-07
3.426325090000000e+04 -4.339211122581755e-07
3.426525100000000e+04 -2.544772167664216e-07
3.426725110000000e+04 1.679673651848647e-07
3.426925110000000e+04 4.300662695992344e-07
3.427125120000000e+04 2.808144510740527e-07
3.427325130000000e+04 -1.367209528364646e-07
3.427525140000000e+04 -4.236347139972609e-07
3.427725140000000e+04 -3.055240539602027e-07
3.427925150000000e+04 1.046917640397429e-07
3.428125160000000e+04 4.147006123505844e-07
3.428325170000000e+04 3.284215244631638e-07
3.428525170000000e+04 -7.202941275141258e-08
3.428725180000000e+04 -4.033551360616942e-07
3.428925190000000e+04 -3.493370523787242e-07
3.429125200000000e+04 3.889718973663700e-08
3.429325200000000e+04 3.896859850996930e-07
3.429525210000000e+04 3.681381987176870e-07
3.429725220000000e+04 -5.492345500689410e-09
3.429925230000000e+04 -3.737617302379931e-07
3.430125230000000e+04 -3.847355223910212e-07
3.430325240000000e+04 -2.795941357426981e-08
3.430525250000000e+04 3.556417724369300e-07
3.430725260000000e+04 3.990710407585894e-07
3.430925260000000e+04 6.121918059572045e-08
3.431125270000000e+04 -3.353931183204662e-07
3.431325280000000e+04 -4.110951420117099e-07
3.431525290000000e+04 -9.406422491163076e-08
3.431725290000000e+04 3.131174560784217e-07
3.431925300000000e+04 4.207460643829477e-07
3.432125310000000e+04 1.263018802841739e-07
3.432325320000000e+04 -2.889578636120600e-07
3.432525320000000e+04 -4.279454553839476e-07
3.432725330000000e+04 -1.577731872512653e-07
3.432925340000000e+04 2.630945933134181e-07
3.433125350000000e+04 4.326106555087848e-07
3.433325350000000e+04 1.883328594409154e-07
3.433525360000000e+04 -2.357180268395091e-07
3.433725370000000e+04 -4.346806169142661e-07
3.433925380000000e+04 -2.178288477222025e-07
3.434125380000000e+04 2.070091862819433e-07
3.434325390000000e+04 4.341350893205403e-07
3.434525400000000e+04 2.460841538450809e-07
3.434725410000000e+04 -1.771231946895938e-07
3.434925410000000e+04 -4.310011869753772e-07
3.435125420000000e+04 -2.729016751089056e-07
3.435325430000000e+04 1.462005030618140e-07
3.435525440000000e+04 4.253374286592870e-07
3.435725440000000e+04 2.980819102413841e-07
3.435925450000000e+04 -1.143834644529567e-07
3.436125460000000e+04 -4.172122060836289e-07
3.436325470000000e+04 -3.214504756935272e-07
3.436525470000000e+04 8.184328554209346e-08
3.436725480000000e+04 4.066803388462566e-07
3.436925490000000e+04 3.428731284927633e-07
3.437125500000000e+04 -4.878514425206835e-08
3.437325500000000e+04 -3.937812417470880e-07
3.437525510000000e+04 -3.622557879720777e-07
3.437725520000000e+04 1.544275409485682e-08
3.437925530000000e+04 3.785494627235821e-07
3.438125540000000e+04 3.795255557733345e-07
3.438325540000000e+04 1.794965630914047e-08
3.438525550000000e+04 -3.610424093489698e-07
3.438725560000000e+04 -3.946072204889252e-07
3.438925570000000e+04 -5.117734403253947e-08
3.439125570000000e+04 3.413563118482976e-07
3.439325580000000e+04 4.074076376640125e-07
3.439525590000000e+04 8.406043467737205e-08
3.439725600000000e+04 -3.196332836743905e-07
3.439925600000000e+04 -4.178189335083260e-07
3.440125610000000e+04 -1.164424467168496e-07
3.440325620000000e+04 2.960417333276633e-07
3.440525630000000e+04 4.257388219902123e-07
3.440725630000000e+04 1.481721097831153e-07
3.440925640000000e+04 -2.707553887645642e-07
3.441125650000000e+04 -4.310951493522097e-07
3.441325660000000e+04 -1.790777341594875e-07
3.441525660000000e+04 2.439280477888527e-07
3.441725670000000e+04 4.338624869235426e-07
3.441925680000000e+04 2.089619267650022e-07
3.442125690000000e+04 -2.156935940870073e-07
3.442325690000000e+04 -4.340577026750073e-07
3.442525700000000e+04 -2.376091250073011e-07
3.442725710000000e+04 1.861759828717236e-07
3.442925720000000e+04 4.317220332844821e-07
3.443125720000000e+04 2.648127085902305e-07
3.443325730000000e+04 -1.555176718922992e-07
3.443525740000000e+04 -4.268940511119834e-07
3.443725750000000e+04 -2.903965900284269e-07
3.443925750000000e+04 1.238936813498915e-07
3.444125760000000e+04 4.195967518618518e-07
3.444325770000000e+04 3.142275637704827e-07
3.444525780000000e+04 -9.151822093647673e-08
3.444725780000000e+04 -4.098388214961650e-07
3.444925790000000e+04 -3.362043995652886e-07
3.445125800000000e+04 5.862303018209339e-08
3.445325810000000e+04 3.976372956603093e-07
3.445525810000000e+04 3.562364332172752e-07
3.445725820000000e+04 -2.543575796101637e-08
3.445925830000000e+04 -3.830391026723348e-07
3.446125840000000e+04 -3.742201151511358e-07
3.446325840000000e+04 -7.845180446643753e-09
3.446525850000000e+04 3.661389059352706e-07
3.446725860000000e+04 3.900320870664197e-07
3.446925870000000e+04 4.104989744840268e-08
3.447125870000000e+04 -3.470704740989741e-07
3.447325880000000e+04 -4.035394337920380e-07
3.447525890000000e+04 -7.402577372677391e-08
3.447725900000000e+04 3.259892388358190e-07
3.447925900000000e+04 4.146245047031196e-07
3.448125910000000e+04 1.066094924881062e-07
3.448325920000000e+04 -3.030424828098647e-07
3.448525930000000e+04 -4.232086249763735e-07
3.448725930000000e+04 -1.386130198682423e-07
3.448925940000000e+04 2.783584272332681e-07
3.449125950000000e+04 4.292601660481448e-07
3.449325960000000e+04 1.698186719530532e-07
3.449525960000000e+04 -2.520464416047701e-07
3.449725970000000e+04 -4.327845778655027e-07
3.449925980000000e+04 -2.000007821003021e-07
3.450125990000000e+04 2.242212952885809e-07
3.450325990000000e+04 4.337989954236426e-07
3.450526000000000e+04 2.289491545826956e-07
3.450726010000000e+04 -1.950227209442648e-07
3.450926020000000e+04 -4.323110957321369e-07
3.451126020000000e+04 -2.564919827877536e-07
3.451326030000000e+04 1.646335297733853e-07
3.451526040000000e+04 4.283099536817496e-07
3.451726050000000e+04 2.824955795208421e-07
3.451926050000000e+04 -1.332681219174357e-07
3.452126060000000e+04 -4.217791375112553e-07
3.452326070000000e+04 -3.068500473929484e-07
3.452526080000000e+04 1.011544675398392e-07
3.452726080000000e+04 4.127188275608921e-07
3.452926090000000e+04 3.294426759629810e-07
3.453126100000000e+04 -6.850335033284116e-08
3.453326110000000e+04 -4.011714558436093e-07
3.453526110000000e+04 -3.501422546934174e-07
3.453726120000000e+04 3.549812530748600e-08
3.453926130000000e+04 3.872253252830817e-07
3.454126140000000e+04 3.687967545556946e-07
3.454326140000000e+04 -2.295658956547548e-09
3.454526150000000e+04 -3.710053288147639e-07
3.454726160000000e+04 -3.852535033619602e-07
3.454926170000000e+04 -3.094891347024724e-08
3.455126170000000e+04 3.526440116333796e-07
3.455326180000000e+04 3.993849919651211e-07
3.455526190000000e+04 6.406275293579433e-08
3.455726200000000e+04 -3.322620642355598e-07
3.455926200000000e+04 -4.111080757300679e-07
3.456126210000000e+04 -9.683832710107324e-08
3.456326220000000e+04 3.099575642880053e-07
3.456526230000000e+04 4.203847881563214e-07
3.456726230000000e+04 1.290458246357313e-07
3.456926240000000e+04 -2.858213760802867e-07
3.457126250000000e+04 -4.272038812187165e-07
3.457326260000000e+04 -1.604528177653804e-07
3.457526260000000e+04 2.599574477489329e-07
3.457726270000000e+04 4.315558002543890e-07
3.457926280000000e+04 1.908538816451367e-07
3.458126290000000e+04 -2.325092823659109e-07
3.458326290000000e+04 -4.334144378764995e-07
3.458526300000000e+04 -2.200814058266185e-07
3.458726310000000e+04 2.036602763089692e-07
3.458926320000000e+04 4.327379107619213e-07
3.459126320000000e+04 2.480020680950170e-07
3.459326330000000e+04 -1.736242266488304e-07
3.459526340000000e+04 -4.294864583036820e-07
3.459726350000000e+04 -2.744924095218871e-07
3.459926350000000e+04 1.426143412130804e-07
3.460126360000000e+04 4.236505572125414e-07
3.460326370000000e+04 2.994177583617975e-07
3.460526380000000e+04 -1.108241784124511e-07
3.460726380000000e+04 -4.152659433243186e-07
3.460926390000000e+04 -3.226175411540110e-07
3.461126400000000e+04 7.841681915742148e-08
3.461326410000000e+04 4.044154798410968e-07
3.461526410000000e+04 3.439168074165346e-07
3.461726420000000e+04 -4.554172437113912e-08
3.461926430000000e+04 -3.912065422935191e-07
3.462126440000000e+04 -3.631483150505713e-07
3.462326440000000e+04 1.235473974161461e-08
3.462526450000000e+04 3.757471529736759e-07
3.462726460000000e+04 3.801793210913681e-07
3.462926470000000e+04 2.095586091687133e-08
3.463126470000000e+04 -3.581254101794949e-07
3.463326480000000e+04 -3.949237425896384e-07
3.463526490000000e+04 -5.417048826543067e-08
3.463726500000000e+04 3.384131672950386e-07
3.463926500000000e+04 4.073346224100778e-07
3.464126510000000e+04 8.704910607728102e-08
3.464326520000000e+04 -3.166819430523814e-07
3.464526530000000e+04 -4.173805488156320e-07
3.464726530000000e+04 -1.193622639349433e-07
3.464926540000000e+04 2.930327502950386e-07
3.465126550000000e+04 4.250217406321754e-07
3.465326560000000e+04 1.509109086279542e-07
3.465526560000000e+04 -2.676076014992456e-07
3.465726570000000e+04 -4.301983488375437e-07
3.465926580000000e+04 -1.815353263328719e-07
3.466126590000000e+04 2.405917132939309e-07
3.466326590000000e+04 4.328398606310044e-07
3.466526600000000e+04 2.110978540035227e-07
3.466726610000000e+04 -2.121877975189004e-07
3.466926620000000e+04 -4.328900505277564e-07
3.467126620000000e+04 -2.394613589241755e-07
3.467326630000000e+04 1.825924823196878e-07
3.467526640000000e+04 4.303300131306271e-07
3.467726650000000e+04 2.664647628673445e-07
3.467926650000000e+04 -1.519747514960116e-07
3.468126660000000e+04 -4.251918652698181e-07
3.468326670000000e+04 -2.919236492315107e-07
3.468526680000000e+04 1.204815850145596e-07
3.468726680000000e+04 4.175466199810655e-07
3.468926690000000e+04 3.156436223949782e-07
3.469126700000000e+04 -8.825331628169474e-08
3.469326710000000e+04 -4.074815495063994e-07
3.469526710000000e+04 -3.374494918094317e-07
3.469726720000000e+04 5.545400541355791e-08
3.469926730000000e+04 3.950731889879601e-07
3.470126740000000e+04 3.572066990230811e-07
3.470326740000000e+04 -2.228125639158505e-08
3.470526750000000e+04 -3.803785803219619e-07
3.470726760000000e+04 -3.748266111082076e-07
3.470926770000000e+04 -1.103265592720260e-08
3.471126770000000e+04 3.634424949479101e-07
3.471326780000000e+04 3.902497074199107e-07
3.471526790000000e+04 4.424768044260092e-08
3.471726800000000e+04 -3.443249725698831e-07
3.471926800000000e+04 -4.034209822101681e-07
3.472126810000000e+04 -7.714032912005725e-08
3.472326820000000e+04 3.231210325072433e-07
3.472526830000000e+04 4.142678873434455e-07
3.472726830000000e+04 1.095243212999980e-07
3.472926840000000e+04 -2.999751090475948e-07
3.473126850000000e+04 -4.226988659864740e-07
3.473326860000000e+04 -1.412441259602406e-07
3.473526860000000e+04 2.750651043499477e-07
3.473726870000000e+04 4.286200107243623e-07
3.473926880000000e+04 1.721583596076098e-07
3.474126890000000e+04 -2.485800691324696e-07
3.474326890000000e+04 -4.319612395046141e-07
3.474526900000000e+04 -2.021099157992083e-07
3.474726910000000e+04 2.206911975247829e-07
3.474926920000000e+04 4.326995150237876e-07
3.475126920000000e+04 2.309158451733286e-07
3.475326930000000e+04 -1.915451218273429e-07
3.475526940000000e+04 -4.308595938599149e-07
3.475726950000000e+04 -2.583686787191914e-07
3.475926950000000e+04 1.612700921857600e-07
3.476126960000000e+04 4.264980569493359e-07
3.476326970000000e+04 2.842624824096164e-07
3.476526980000000e+04 -1.300052818795042e-07
3.476726980000000e+04 -4.196751207342104e-07
3.476926990000000e+04 -3.084189142738655e-07
3.477127000000000e+04 9.791863089620645e-08
3.477327010000000e+04 4.104349677595030e-07
3.477527010000000e+04 3.307049059910862e-07
3.477727020000000e+04 -6.522068204839945e-08
3.477927030000000e+04 -3.988018688930685e-07
3.478127040000000e+04 -3.510266167281888e-07
3.478327040000000e+04 3.214652673114137e-08
3.478527050000000e+04 3.848002356030760e-07
3.478727060000000e+04 3.693097550219371e-07
3.478927070000000e+04 1.067231335638416e-09
3.479127070000000e+04 -3.684777301179779e-07
3.479327080000000e+04 -3.854711132575767e-07
3.479527090000000e+04 -3.421155782972437e-08
3.479727100000000e+04 3.499297031555642e-07
3.479927100000000e+04 3.994064418793917e-07
3.480127110000000e+04 6.711097844580254e-08
3.480327120000000e+04 -3.292958168428446e-07
3.480527130000000e+04 -4.109952574566691e-07
3.480727130000000e+04 -9.961651274196564e-08
3.480927140000000e+04 3.067444703843455e-07
3.481127150000000e+04 4.201245782245699e-07
3.481327160000000e+04 1.315757287128818e-07
3.481527160000000e+04 -2.824417115895802e-07
3.481727170000000e+04 -4.267170546049167e-07
3.481927180000000e+04 -1.628147808091123e-07
3.482127190000000e+04 2.565332671070607e-07
3.482327190000000e+04 4.307446197537590e-07
3.482527200000000e+04 1.931266279793477e-07
3.482727210000000e+04 -2.291391509251277e-07
3.482927220000000e+04 -4.322232429618658e-07
3.483127220000000e+04 -2.222891256773300e-07
3.483327230000000e+04 2.003764186155855e-07
3.483527240000000e+04 4.311893429642703e-07
3.483727250000000e+04 2.500897657072867e-07
3.483927250000000e+04 -1.703803491777865e-07
3.484127260000000e+04 -4.276729615164489e-07
3.484327270000000e+04 -2.763529576814952e-07
3.484527280000000e+04 1.393289800259196e-07
3.484727280000000e+04 4.216830169776935e-07
3.484927290000000e+04 3.009463031640727e-07
3.485127300000000e+04 -1.074370523443898e-07
3.485327310000000e+04 -4.132157782107307e-07
3.485527310000000e+04 -3.237707546947437e-07
3.485727320000000e+04 7.493987574923935e-08
3.485927330000000e+04 4.022759304595965e-07
3.486127340000000e+04 3.447311184238379e-07
3.486327340000000e+04 -4.206086762626783e-08
3.486527350000000e+04 -3.889064921916101e-07
3.486727360000000e+04 -3.637161197764515e-07
3.486927370000000e+04 8.994307166166938e-09
3.487127370000000e+04 3.731985057126080e-07
3.487327380000000e+04 3.805897617620390e-07
3.487527390000000e+04 2.409977098326756e-08
3.487727400000000e+04 -3.552862550132704e-07
3.487927400000000e+04 -3.952077232704397e-07
3.488127410000000e+04 -5.707140438569996e-08
3.488327420000000e+04 3.353199131980075e-07
3.488527430000000e+04 4.074445604686030e-07
3.488727430000000e+04 8.975947205255696e-08
3.488927440000000e+04 -3.134402087484465e-07
3.489127450000000e+04 -4.172177424824617e-07
3.489327460000000e+04 -1.219684297389116e-07
3.489527460000000e+04 2.897614796995679e-07
3.489727470000000e+04 4.244948019106167e-07
3.489927480000000e+04 1.534749962437318e-07
3.490127490000000e+04 -2.643833267332157e-07
3.490327490000000e+04 -4.292793074446886e-07
3.490527500000000e+04 -1.840460815767676e-07
3.490727510000000e+04 2.374096829962983e-07
3.490927520000000e+04 4.315826052976654e-07
3.491127520000000e+04 2.134706902157132e-07
3.491327530000000e+04 -2.089798759638375e-07
3.491527540000000e+04 -4.314008592887330e-07
3.491727550000000e+04 -2.415773669326763e-07
3.491927550000000e+04 1.792753498769828e-07
3.492127560000000e+04 4.287099146324454e-07
3.492327570000000e+04 2.682370603926508e-07
3.492527580000000e+04 -1.485144563270598e-07
3.492727580000000e+04 -4.234792079577788e-07
3.492927590000000e+04 -2.933387098261700e-07
3.493127600000000e+04 1.169225851712232e-07
3.493327610000000e+04 4.157016442939835e-07
3.493527610000000e+04 3.167661794896029e-07
3.493727620000000e+04 -8.470753879405634e-08
3.493927630000000e+04 -4.054139942254749e-07
3.494127640000000e+04 -3.383771812836185e-07
3.494327640000000e+04 5.204206780552325e-08
3.494527650000000e+04 3.927046565397785e-07
3.494727660000000e+04 3.580088061554775e-07
3.494927670000000e+04 -1.907739365386730e-08
3.495127670000000e+04 -3.776953143020271e-07
3.495327680000000e+04 -3.754982698497451e-07
3.495527690000000e+04 -1.403796429507707e-08
3.495727700000000e+04 3.605139158900484e-07
3.495927700000000e+04 3.907125755077117e-07
3.496127710000000e+04 4.712707844001723e-08
3.496327720000000e+04 -3.412689156223538e-07
3.496527730000000e+04 -4.035668175043776e-07
3.496727730000000e+04 -7.997902994972802e-08
3.496927740000000e+04 3.200471648696184e-07
3.497127750000000e+04 4.140231263651007e-07
3.497327760000000e+04 1.123558219991799e-07
3.497527760000000e+04 -2.969257701225335e-07
3.497727770000000e+04 -4.220670649939445e-07
3.497927780000000e+04 -1.440229411651862e-07
3.498127790000000e+04 2.720042482837474e-07
3.498327790000000e+04 4.276813039954441e-07
3.498527800000000e+04 1.747740877435503e-07
3.498727810000000e+04 -2.454219282226646e-07
3.498927820000000e+04 -4.308273341054264e-07
3.499127820000000e+04 -2.044472708829264e-07
3.499327830000000e+04 2.173655548122941e-07
3.499527840000000e+04 4.314486818712632e-07
3.499727850000000e+04 2.329106409534527e-07
3.499927850000000e+04 -1.880475252787389e-07
3.500127860000000e+04 -4.294950679232748e-07
3.500327870000000e+04 -2.600419307595987e-07
3.500527880000000e+04 1.576796122805888e-07
3.500727880000000e+04 4.249489319793640e-07
3.500927890000000e+04 2.856984340032463e-07
3.501127900000000e+04 -1.264455721788772e-07
3.501327910000000e+04 -4.178446509326402e-07
3.501527910000000e+04 -3.097105812436973e-07
3.501727920000000e+04 9.450116909019271e-08
3.501927930000000e+04 4.082630213929594e-07
3.502127940000000e+04 3.318918290963278e-07
3.502327940000000e+04 -6.198539200301438e-08
3.502527950000000e+04 -3.963086779982213e-07
3.502727960000000e+04 -3.520679174150691e-07
3.502927970000000e+04 2.905394612123685e-08
3.503127970000000e+04 3.820802514042979e-07
3.503327980000000e+04 3.701026433054439e-07
3.503527990000000e+04 4.104780633826973e-09
3.503728000000000e+04 -3.656547736185731e-07
3.503928000000000e+04 -3.859107015354427e-07
3.504128010000000e+04 -3.726344045849312e-08
3.504328020000000e+04 3.470886953187484e-07
3.504528030000000e+04 3.994439483495855e-07
3.504728030000000e+04 7.017912318583035e-08
3.504928040000000e+04 -3.264451479052407e-07
3.505128050000000e+04 -4.106674128474837e-07
3.505328060000000e+04 -1.026199225407991e-07
3.505528060000000e+04 3.038176604502765e-07
3.505728070000000e+04 4.195312281645126e-07
3.505928080000000e+04 1.343919907781357e-07
3.506128090000000e+04 -2.793497679804397e-07
3.506328090000000e+04 -4.259620452081395e-07
3.506528100000000e+04 -1.653386434882836e-07
3.506728110000000e+04 2.532256233264111e-07
3.506928120000000e+04 4.298764821818979e-07
3.507128120000000e+04 1.953276128425943e-07
3.507328130000000e+04 -2.256479444865226e-07
3.507528140000000e+04 -4.312079386921553e-07
3.507728150000000e+04 -2.242176436311549e-07
3.507928150000000e+04 1.968055096932084e-07
3.508128160000000e+04 4.299337954018596e-07
3.508328170000000e+04 2.518419099785788e-07
3.508528180000000e+04 -1.668596607123952e-07
3.508728180000000e+04 -4.260840863973792e-07
3.508928190000000e+04 -2.780042931540258e-07
3.509128200000000e+04 1.359443360763041e-07
3.509328210000000e+04 4.197284933108103e-07
3.509528210000000e+04 3.025023596133540e-07
3.509728220000000e+04 -1.041954670070691e-07
3.509928230000000e+04 -4.109482161935730e-07
3.510128240000000e+04 -3.251553525463731e-07
3.510328240000000e+04 7.177320330530553e-08
3.510528250000000e+04 3.998102372679225e-07
3.510728260000000e+04 3.458289715783994e-07
3.510928270000000e+04 -3.888099002402994e-08
3.511128270000000e+04 -3.863562576575696e-07
3.511328280000000e+04 -3.644345507813097e-07
3.511528290000000e+04 5.753873705638200e-09
3.511728300000000e+04 3.706195808128914e-07
3.511928300000000e+04 3.809128822006552e-07
3.512128310000000e+04 2.736407802861336e-08
3.512328320000000e+04 -3.526493745476921e-07
3.512528330000000e+04 -3.952020748561497e-07
3.512728330000000e+04 -6.025324469861000e-08
3.512928340000000e+04 3.325391742089232e-07
3.513128350000000e+04 4.072188058640206e-07
3.513328360000000e+04 9.273079023628640e-08
3.513528360000000e+04 -3.104315780299984e-07
3.513728370000000e+04 -4.168577701204054e-07
3.513928380000000e+04 -1.246495920992638e-07
3.514128390000000e+04 2.865055681197821e-07
3.514328390000000e+04 4.240129147834052e-07
3.514528400000000e+04 1.558681505957600e-07
3.514728410000000e+04 -2.609446980727382e-07
3.514928420000000e+04 -4.286074683629130e-07
3.515128420000000e+04 -1.862279674559620e-07
3.515328430000000e+04 2.339133804353827e-07
3.515528440000000e+04 4.306152364393325e-07
3.515728450000000e+04 2.155359316337750e-07
3.515928450000000e+04 -2.055443446934302e-07
3.516128460000000e+04 -4.300603163959980e-07
3.516328470000000e+04 -2.435765622244615e-07
3.516528480000000e+04 1.759579834102832e-07
3.516728480000000e+04 4.269963089073752e-07
3.516928490000000e+04 2.701361780073102e-07
3.517128500000000e+04 -1.452851854857200e-07
3.517328510000000e+04 -4.214761604497718e-07
3.517528510000000e+04 -2.950354114426771e-07
3.517728520000000e+04 1.136964700516544e-07
3.517928530000000e+04 4.135306014878085e-07
3.518128540000000e+04 3.181413300458811e-07
3.518328540000000e+04 -8.140381439242337e-08
3.518528550000000e+04 -4.031707861581759e-07
3.518728560000000e+04 -3.393632763608722e-07
3.518928570000000e+04 4.864748608623607e-08
3.519128570000000e+04 3.904073680139653e-07
3.519328580000000e+04 3.586233929053615e-07
3.519528590000000e+04 -1.566190106564772e-08
3.519728600000000e+04 -3.752827634975125e-07
3.519928600000000e+04 -3.758318097012593e-07
3.520128610000000e+04 -1.734673624800287e-08
3.520328620000000e+04 3.578886601655193e-07
3.520528630000000e+04 3.908713915807150e-07
3.520728630000000e+04 5.021280426169305e-08
3.520928640000000e+04 -3.383660492246633e-07
3.521128650000000e+04 -4.036088335263135e-07
3.521328660000000e+04 -8.279057644310951e-08
3.521528660000000e+04 3.168800305362214e-07
3.521728670000000e+04 4.139214199320995e-07
3.521928680000000e+04 1.149311226643418e-07
3.522128690000000e+04 -2.935914541136153e-07
3.522328690000000e+04 -4.217269237833637e-07
3.522528700000000e+04 -1.464535330816342e-07
3.522728710000000e+04 2.686330611786188e-07
3.522928720000000e+04 4.269961831804823e-07
3.523128720000000e+04 1.771441243827005e-07
3.523328730000000e+04 -2.421148325508445e-07
3.523528740000000e+04 -4.297445128674709e-07
3.523728750000000e+04 -2.067713656140020e-07
3.523928750000000e+04 2.141416026135974e-07
3.524128760000000e+04 4.300035777781483e-07
3.524328770000000e+04 2.351202017386960e-07
3.524528780000000e+04 -1.848470037157690e-07
3.524728780000000e+04 -4.277932920297953e-07
3.524928790000000e+04 -2.620142466409989e-07
3.525128800000000e+04 1.544080536287711e-07
3.525328810000000e+04 4.231094738669405e-07
3.525528810000000e+04 2.873258555700432e-07
3.525728820000000e+04 -1.230447566367176e-07
3.525928830000000e+04 -4.159329626040713e-07
3.526128840000000e+04 -3.109553614945805e-07
3.526328840000000e+04 9.099176780889708e-08
3.526528850000000e+04 4.062593085317282e-07
3.526728860000000e+04 3.328056537527181e-07
3.526928870000000e+04 -5.847107005930482e-08
3.527128870000000e+04 -3.941253346398984e-07
3.527328880000000e+04 -3.527550216240551e-07
3.527528890000000e+04 2.566723313922373e-08
3.527728900000000e+04 3.796223621110752e-07
3.527928900000000e+04 3.706555586904090e-07
3.528128910000000e+04 7.265374961021780e-09
3.528328920000000e+04 -3.628829059283447e-07
3.528528930000000e+04 -3.863508380383369e-07
3.528728930000000e+04 -4.018480044549298e-08
3.528928940000000e+04 3.440539186355234e-07
3.529128950000000e+04 3.997085299053325e-07
3.529328960000000e+04 7.292699934965552e-08
3.529528960000000e+04 -3.232654076497564e-07
3.529728970000000e+04 -4.106434109794044e-07
3.529928980000000e+04 -1.052925718426010e-07
3.530128990000000e+04 3.006209493882286e-07
3.530328990000000e+04 4.191235255978188e-07
3.530529000000000e+04 1.370485088083101e-07
3.530729010000000e+04 -2.762052307901611e-07
3.530929020000000e+04 -4.251500895466017e-07
3.531129020000000e+04 -1.679577884442652e-07
3.531329030000000e+04 2.501161777668740e-07
3.531529040000000e+04 4.287283541894025e-07
3.531729050000000e+04 1.978068750104111e-07
3.531929050000000e+04 -2.224886311327722e-07
3.532129060000000e+04 -4.298428983442818e-07
3.532329070000000e+04 -2.264292497442800e-07
3.532529080000000e+04 1.935079026834436e-07
3.532729080000000e+04 4.284542195975720e-07
3.532929090000000e+04 2.536974707777725e-07
3.533129100000000e+04 -1.633926025521143e-07
3.533329110000000e+04 -4.245194664593521e-07
3.533529110000000e+04 -2.795031251590812e-07
3.533729120000000e+04 1.323684666353909e-07
3.533929130000000e+04 4.180223787937397e-07
3.534129140000000e+04 3.037231066225340e-07
3.534329140000000e+04 -1.006350049204613e-07
3.534529150000000e+04 -4.089976602443271e-07
3.534729160000000e+04 -3.262058976458366e-07
3.534929170000000e+04 6.835809184851716e-08
3.535129170000000e+04 3.975324634847777e-07
3.535329180000000e+04 3.467754833677550e-07
3.535529190000000e+04 -3.567755164362525e-08
3.535729200000000e+04 -3.837471085705632e-07
3.535929200000000e+04 -3.652603559224279e-07
3.536129210000000e+04 2.740466062453230e-09
3.536329220000000e+04 3.677619213670857e-07
3.536529230000000e+04 3.815223614407651e-07
3.536729230000000e+04 3.027646748314685e-08
3.536929240000000e+04 -3.496751596488867e-07
3.537129250000000e+04 -3.954770877932512e-07
3.537329260000000e+04 -6.315391041088103e-08
3.537529260000000e+04 3.295578982693617e-07
3.537729270000000e+04 4.070860740543340e-07
3.537929280000000e+04 9.564924456091768e-08
3.538129290000000e+04 -3.074774758318936e-07
3.538329290000000e+04 -4.163328312930731e-07
3.538529300000000e+04 -1.275233198370520e-07
3.538729310000000e+04 2.835249139589670e-07
3.538929320000000e+04 4.231909914891537e-07
3.539129320000000e+04 1.585738386475122e-07
3.539329330000000e+04 -2.578405446625618e-07
3.539529340000000e+04 -4.276087017113589e-07
3.539729350000000e+04 -1.886415578894141e-07
3.539929350000000e+04 2.306112337784366e-07
3.540129360000000e+04 4.295154136021824e-07
3.540329370000000e+04 2.176009093971974e-07
3.540529380000000e+04 -2.020513529794260e-07
3.540729380000000e+04 -4.288489182619491e-07
3.540929390000000e+04 -2.453265678603904e-07
3.541129400000000e+04 1.723665268558194e-07
3.541329410000000e+04 4.255862996985627e-07
3.541529410000000e+04 2.716707006469265e-07
3.541729420000000e+04 -1.417337758515965e-07
3.541929430000000e+04 -4.197600728386529e-07
3.542129440000000e+04 -2.964514355561862e-07
3.542329440000000e+04 1.102956653159652e-07
3.542529450000000e+04 4.114508403566007e-07
3.542729460000000e+04 3.194724894363002e-07
3.542929470000000e+04 -7.818580552008144e-08
3.543129470000000e+04 -4.007588159981009e-07
3.543329480000000e+04 -3.405516728644515e-07
3.543529490000000e+04 4.555489641284019e-08
3.543729500000000e+04 3.877741790619352e-07
3.543929500000000e+04 3.595522347211347e-07
3.544129510000000e+04 -1.259683279994087e-08
3.544329520000000e+04 -3.725591535535977e-07
3.544529530000000e+04 -3.763889093980653e-07
3.544729530000000e+04 -2.045693872526648e-08
3.544929540000000e+04 3.551578628729623e-07
3.545129550000000e+04 3.910148771066922e-07
3.545329560000000e+04 5.335710405821741e-08
3.545529560000000e+04 -3.356211787702073e-07
3.545729570000000e+04 -4.033893365653180e-07
3.545929580000000e+04 -8.587405742389522e-08
3.546129590000000e+04 3.140397126867345e-07
3.546329590000000e+04 4.134526086341424e-07
3.546529600000000e+04 1.178165590385735e-07
3.546729610000000e+04 -2.905557301793454e-07
3.546929620000000e+04 -4.211171785646422e-07
3.547129620000000e+04 -1.490364613719606e-07
3.547329630000000e+04 2.653561048691053e-07
3.547529640000000e+04 4.262859927484408e-07
3.547729650000000e+04 1.794022628090229e-07
3.547929650000000e+04 -2.386398337263518e-07
3.548129660000000e+04 -4.288835209289520e-07
3.548329670000000e+04 -2.087724949154034e-07
3.548529680000000e+04 2.105902159867982e-07
3.548729680000000e+04 4.288835677569906e-07
3.548929690000000e+04 2.369704627194209e-07
3.549129700000000e+04 -1.813553573492376e-07
3.549329710000000e+04 -4.263159121467841e-07
3.549529710000000e+04 -2.637907483481080e-07
3.549729720000000e+04 1.510607280238045e-07
3.549929730000000e+04 4.212485887313719e-07
3.550129740000000e+04 2.890207204351681e-07
3.550329740000000e+04 -1.198326936470998e-07
3.550529750000000e+04 -4.137568671338648e-07
3.550729760000000e+04 -3.124772181374295e-07
3.550929770000000e+04 8.783284430147343e-08
3.551129770000000e+04 4.038954356476904e-07
3.551329780000000e+04 3.340253123295456e-07
3.551529790000000e+04 -5.526675112585570e-08
3.551729800000000e+04 -3.916926200072962e-07
3.551929800000000e+04 -3.535799333140834e-07
3.552129810000000e+04 2.237651937942659e-08
3.552329820000000e+04 3.771667689023284e-07
3.552529830000000e+04 3.710794032190021e-07
3.552729830000000e+04 1.059408032019726e-08
3.552929840000000e+04 -3.603599089287962e-07
3.553129850000000e+04 -3.864564737272364e-07
3.553329860000000e+04 -4.342673681880566e-08
3.553529860000000e+04 3.413617057876381e-07
3.553729870000000e+04 3.996151626977654e-07
3.553929880000000e+04 7.594788472180174e-08
3.554129890000000e+04 -3.203167900259055e-07
3.554329890000000e+04 -4.104364246576386e-07
3.554529900000000e+04 -1.080143965111167e-07
3.554729910000000e+04 2.974025228980928e-07
3.554929920000000e+04 4.188022192518564e-07
3.555129920000000e+04 1.394894335696939e-07
3.555329930000000e+04 -2.727990369954729e-07
3.555529940000000e+04 -4.246296918770326e-07
3.555729950000000e+04 -1.702082409137223e-07
3.555929950000000e+04 2.466590089214456e-07
3.556129960000000e+04 4.278909508005176e-07
3.556329970000000e+04 1.999706399492291e-07
3.556529980000000e+04 -2.191048523979850e-07
3.556729980000000e+04 -4.286102520167441e-07
3.556929990000000e+04 -2.285498389990635e-07
3.557130000000000e+04 1.902438716097896e-07
3.557330010000000e+04 4.268380292071421e-07
3.557530010000000e+04 2.557277092246299e-07
3.557730020000000e+04 -1.602038995494703e-07
3.557930030000000e+04 -4.226185597347396e-07
3.558130040000000e+04 -2.813224332710514e-07
3.558330040000000e+04 1.291541417236878e-07
3.558530050000000e+04 4.159696343034719e-07
3.558730060000000e+04 3.052055722861797e-07
3.558930070000000e+04 -9.731278367595797e-08
3.559130070000000e+04 -4.068864943479818e-07
3.559330080000000e+04 -3.272868928226819e-07
3.559530090000000e+04 6.492137907067312e-08
3.559730100000000e+04 3.953688683121248e-07
3.559930100000000e+04 3.474878840135017e-07
3.560130110000000e+04 -3.221508251493368e-08
3.560330120000000e+04 -3.814518137804503e-07
3.560530130000000e+04 -3.657088065518570e-07
3.560730130000000e+04 -6.084698228102193e-10
3.560930140000000e+04 3.652269394108060e-07
3.561130150000000e+04 3.818205816798707e-07
3.561330160000000e+04 3.338969007840701e-08
3.561530160000000e+04 -3.468347459355491e-07
3.561730170000000e+04 -3.956761112568712e-07
3.561930180000000e+04 -6.599166154933616e-08
3.562130190000000e+04 3.264391625149901e-07
3.562330190000000e+04 4.071439270168256e-07
3.562530200000000e+04 9.826349778793852e-08
3.562730210000000e+04 -3.041919465053484e-07
3.562930220000000e+04 -4.161375474492246e-07
3.563130220000000e+04 -1.300209412685884e-07
3.563330230000000e+04 2.802152272906063e-07
3.563530240000000e+04 4.226285013389653e-07
3.563730250000000e+04 1.610395912166744e-07
3.563930250000000e+04 -2.546038869595714e-07
3.564130260000000e+04 -4.266311761651786e-07
3.564330270000000e+04 -1.910819326827906e-07
3.564530280000000e+04 2.274554037103306e-07
3.564730280000000e+04 4.281726614253309e-07
3.564930290000000e+04 2.199280471373952e-07
3.565130300000000e+04 -1.988978033089838e-07
3.565330310000000e+04 -4.272618369007767e-07
3.565530310000000e+04 -2.474055511581223e-07
3.565730320000000e+04 1.691118513968156e-07
3.565930330000000e+04 4.238794867116650e-07
3.566130340000000e+04 2.733889568726492e-07
3.566330340000000e+04 -1.383193933086704e-07
3.566530350000000e+04 -4.179927946283778e-07
3.566730360000000e+04 -2.977821852303169e-07
3.566930370000000e+04 1.067578277953470e-07
3.567130370000000e+04 4.095864392835792e-07
3.567330380000000e+04 3.204820469876992e-07
3.567530390000000e+04 -7.464251723900386e-08
3.567730400000000e+04 -3.986938918022364e-07
3.567930400000000e+04 -3.413582901295830e-07
3.568130410000000e+04 4.215143677137649e-08
3.568330420000000e+04 3.854057943021831e-07
3.568530430000000e+04 3.602489986365256e-07
3.568730430000000e+04 -9.427350557489332e-09
3.568930440000000e+04 -3.698550739229647e-07
3.569130450000000e+04 -3.769870840242885e-07
3.569330460000000e+04 -2.339033921193169e-08
3.569530460000000e+04 3.521828917536222e-07
3.569730470000000e+04 3.914328709192204e-07
3.569930480000000e+04 5.613893287403751e-08
3.570130490000000e+04 -3.325098570679604e-07
3.570330490000000e+04 -4.035009803031965e-07
3.570530500000000e+04 -8.861048930310793e-08
3.570730510000000e+04 3.109242200354866e-07
3.570930520000000e+04 4.131595725958916e-07
3.571130520000000e+04 1.205657697434009e-07
3.571330530000000e+04 -2.874997548032382e-07
3.571530540000000e+04 -4.204091730150096e-07
3.571730550000000e+04 -1.517606661365450e-07
3.571930550000000e+04 2.623244182554382e-07
3.572130560000000e+04 4.252470823831067e-07
3.572330570000000e+04 1.819839184922045e-07
3.572530580000000e+04 -2.355332000569074e-07
3.572730580000000e+04 -4.276454252353382e-07
3.572930590000000e+04 -2.110714449650992e-07
3.573130600000000e+04 2.073122639714205e-07
3.573330610000000e+04 4.275497265027201e-07
3.573530610000000e+04 2.389025545938037e-07
3.573730620000000e+04 -1.778841723954263e-07
3.573930630000000e+04 -4.249036339277713e-07
3.574130640000000e+04 -2.653669874496511e-07
3.574330640000000e+04 1.474706949022775e-07
3.574530650000000e+04 4.196837439490402e-07
3.574730660000000e+04 2.903376827959733e-07
3.574930670000000e+04 -1.162656563461119e-07
3.575130670000000e+04 -4.119224299632530e-07
3.575330680000000e+04 -3.136504368951511e-07
3.575530690000000e+04 8.442218580770547e-08
3.575730700000000e+04 4.017075632162594e-07
3.575930700000000e+04 3.351181925323200e-07
3.576130710000000e+04 -5.207351719092592e-08
3.576330720000000e+04 -3.891569165738651e-07
3.576530730000000e+04 -3.545592537801473e-07
3.576730730000000e+04 1.936048866888546e-08
3.576930740000000e+04 3.743838349215564e-07
3.577130750000000e+04 3.718332529536808e-07
3.577330760000000e+04 1.353512342164715e-08
3.577530760000000e+04 -3.574727908121242e-07
3.577730770000000e+04 -3.868555102018144e-07
3.577930780000000e+04 -4.638920659480477e-08
3.578130790000000e+04 3.384816162923111e-07
3.578330790000000e+04 3.995898637046354e-07
3.578530800000000e+04 7.895075617248858e-08
3.578730810000000e+04 -3.174641686031069e-07
3.578930820000000e+04 -4.100155450527036e-07
3.579130820000000e+04 -1.109805332827579e-07
3.579330830000000e+04 2.945073124780268e-07
3.579530840000000e+04 4.180976602691082e-07
3.579730850000000e+04 1.422775409448502e-07
3.579930850000000e+04 -2.697497367645478e-07
3.580130860000000e+04 -4.237696855350989e-07
3.580330870000000e+04 -1.726909649866398e-07
3.580530880000000e+04 2.433820952568207e-07
3.580730880000000e+04 4.269464594725418e-07
3.580930890000000e+04 2.020973311414660e-07
3.581130900000000e+04 -2.156173611774440e-07
3.581330910000000e+04 -4.275550016870842e-07
3.581530910000000e+04 -2.303723670906345e-07
3.581730920000000e+04 1.866575634670096e-07
3.581930930000000e+04 4.255672894902463e-07
3.582130940000000e+04 2.573584613921015e-07
3.582330940000000e+04 -1.566674790708654e-07
3.582530950000000e+04 -4.210154179830901e-07
3.582730960000000e+04 -2.828640125358770e-07
3.582930970000000e+04 1.257802916950809e-07
3.583130970000000e+04 4.139798490072851e-07
3.583330980000000e+04 3.066806721201228e-07
3.583530990000000e+04 -9.411901011469692e-08
3.583731000000000e+04 -4.045568285908884e-07
3.583931000000000e+04 -3.286214904136859e-07
3.584131010000000e+04 6.183495408197851e-08
3.584331020000000e+04 3.928256983047987e-07
3.584531030000000e+04 3.485477405721447e-07
3.584731030000000e+04 -2.912379728710085e-08
3.584931040000000e+04 -3.788348875206722e-07
3.585131050000000e+04 -3.663780742746567e-07
3.585331060000000e+04 -3.774736268810896e-09
3.585531070000000e+04 3.626128615274832e-07
3.585731070000000e+04 3.820647527178873e-07
3.585931080000000e+04 3.660913074998535e-08
3.586131090000000e+04 -3.442019145266329e-07
3.586331100000000e+04 -3.955631042769346e-07
3.586531100000000e+04 -6.914895548749417e-08
3.586731110000000e+04 3.236874792200027e-07
3.586931120000000e+04 4.068008949010992e-07
3.587131130000000e+04 1.012114271674396e-07
3.587331130000000e+04 -3.012139758351651e-07
3.587531140000000e+04 -4.156765821136146e-07
3.587731150000000e+04 -1.326532358399398e-07
3.587931160000000e+04 2.769685273553965e-07
3.588131160000000e+04 4.220795020794558e-07
3.588331170000000e+04 1.633487231693154e-07
3.588531180000000e+04 -2.511490146634133e-07
3.588731190000000e+04 -4.259259319592445e-07
3.588931190000000e+04 -1.931508761884739e-07
3.589131200000000e+04 2.239285753105413e-07
3.589331210000000e+04 4.271868492916855e-07
3.589531220000000e+04 2.218761863880111e-07
3.589731220000000e+04 -1.954448789662748e-07
3.589931230000000e+04 -4.258929493332215e-07
3.590131240000000e+04 -2.493066852834089e-07
3.590331250000000e+04 1.658095525196942e-07
3.590531250000000e+04 4.221108415409762e-07
3.590731260000000e+04 2.752228782376441e-07
3.590931270000000e+04 -1.351446954917401e-07
3.591131280000000e+04 -4.159089742150305e-07
3.591331280000000e+04 -2.994370837007363e-07
3.591531290000000e+04 1.036095803835444e-07
3.591731300000000e+04 4.073295361646488e-07
3.591931310000000e+04 3.218182826304671e-07
3.592131310000000e+04 -7.141639979546286e-08
3.592331320000000e+04 -3.963846873416646e-07
3.592531330000000e+04 -3.422826584151824e-07
3.592731340000000e+04 3.881056669622469e-08
3.592931340000000e+04 3.830803567800040e-07
3.593131350000000e+04 3.607694325600601e-07
3.593331360000000e+04 -6.038965826116187e-09
3.593531370000000e+04 -3.674495486024325e-07
3.593731370000000e+04 -3.772024220047393e-07
3.593931380000000e+04 -2.668695481518089e-08
3.594131390000000e+04 3.495811333628203e-07
3.594331400000000e+04 3.914739558417177e-07
3.594531400000000e+04 5.919957164884257e-08
3.594731410000000e+04 -3.296202797239683e-07
3.594931420000000e+04 -4.034498392046469e-07
3.595131430000000e+04 -9.136549146271071e-08
3.595331430000000e+04 3.077450977241947e-07
3.595531440000000e+04 4.130012819729895e-07
3.595731450000000e+04 1.230472618786861e-07
3.595931460000000e+04 -2.841288434374043e-07
3.596131460000000e+04 -4.200394135928750e-07
3.596331470000000e+04 -1.540775735189785e-07
3.596531480000000e+04 2.589144348755773e-07
3.596731490000000e+04 4.245367078924717e-07
3.596931490000000e+04 1.842447533072040e-07
3.597131500000000e+04 -2.322088886318599e-07
3.597331510000000e+04 -4.265173976264909e-07
3.597531520000000e+04 -2.133142059001581e-07
3.597731520000000e+04 2.041106602508230e-07
3.597931530000000e+04 4.260293704486828e-07
3.598131540000000e+04 2.410606607766555e-07
3.598331550000000e+04 -1.747406855243571e-07
3.598531550000000e+04 -4.231072483150191e-07
3.598731560000000e+04 -2.673046603431317e-07
3.598931570000000e+04 1.442717399289282e-07
3.599131580000000e+04 4.177540465793535e-07
3.599331580000000e+04 2.919196795384971e-07
3.599531590000000e+04 -1.129249245473026e-07
3.599731600000000e+04 -4.099499795238659e-07
3.599931610000000e+04 -3.148204287013555e-07
3.600131610000000e+04 8.094655567618052e-08
3.600331620000000e+04 3.996823309539906e-07
3.600531630000000e+04 3.359239173921492e-07
3.600731640000000e+04 -4.856760837496459e-08
3.600931640000000e+04 -3.869815366546810e-07
3.601131650000000e+04 -3.551226301771118e-07
3.601331660000000e+04 1.598034183776105e-08
3.601531670000000e+04 3.719384319820545e-07
3.601731670000000e+04 3.722725233121579e-07
3.601931680000000e+04 1.666779255099333e-08
3.602131690000000e+04 -3.546950059402277e-07
3.602331700000000e+04 -3.872143067501656e-07
3.602531700000000e+04 -4.924394713160067e-08
3.602731710000000e+04 3.354118589480142e-07
3.602931720000000e+04 3.998071814769536e-07
3.603131730000000e+04 8.159972803272221e-08
3.603331730000000e+04 -3.142331647757411e-07
3.603531740000000e+04 -4.099630692969531e-07
3.603731750000000e+04 -1.135421664353583e-07
3.603931760000000e+04 2.912659917249344e-07
3.604131760000000e+04 4.176534735475658e-07
3.604331770000000e+04 1.448395724262756e-07
3.604531780000000e+04 -2.665930369498678e-07
3.604731790000000e+04 -4.228939068590350e-07
3.604931790000000e+04 -1.752453067928447e-07
3.605131800000000e+04 2.403004855384035e-07
3.605331810000000e+04 4.257054292993049e-07
3.605531820000000e+04 2.045393521205089e-07
3.605731820000000e+04 -2.125156651354101e-07
3.605931830000000e+04 -4.260853559833601e-07
3.606131840000000e+04 -2.325504187643912e-07
3.606331850000000e+04 1.834203337182766e-07
3.606531850000000e+04 4.239986557037350e-07
3.606731860000000e+04 2.591606295123362e-07
3.606931870000000e+04 -1.532416273768249e-07
3.607131880000000e+04 -4.193976874963221e-07
3.607331880000000e+04 -2.842736375920944e-07
3.607531890000000e+04 1.222156160145832e-07
3.607731900000000e+04 4.122582957622851e-07
3.607931910000000e+04 3.077835450545100e-07
3.608131910000000e+04 -9.055408472339269e-08
3.608331920000000e+04 -4.026105886065052e-07
3.608531930000000e+04 -3.295472665616085e-07
3.608731940000000e+04 5.842243443512100e-08
3.608931940000000e+04 3.905460931154077e-07
3.609131950000000e+04 3.493907766885078e-07
3.609331960000000e+04 -2.595581237990010e-08
3.609531970000000e+04 -3.761973446068349e-07
3.609731970000000e+04 -3.671348061995852e-07
3.609931980000000e+04 -6.713999091401759e-09
3.610131990000000e+04 3.597007179492023e-07
3.610332000000000e+04 3.826354345212787e-07
3.610532000000000e+04 3.941991962844870e-08
3.610732010000000e+04 -3.411641207465750e-07
3.610932020000000e+04 -3.958058890655688e-07
3.611132030000000e+04 -7.194885644027577e-08
3.611332030000000e+04 3.206620655881387e-07
3.611532040000000e+04 4.066177777486034e-07
3.611732050000000e+04 1.040515495708694e-07
3.611932060000000e+04 -2.982535720703999e-07
3.612132060000000e+04 -4.150690343267516e-07
3.612332070000000e+04 -1.354813211134638e-07
3.612532080000000e+04 2.740208935851518e-07
3.612732090000000e+04 4.211499911921031e-07
3.612932090000000e+04 1.660261354520214e-07
3.613132100000000e+04 -2.480968188793985e-07
3.613332110000000e+04 -4.248182633921446e-07
3.613532120000000e+04 -1.955302147585179e-07
3.613732120000000e+04 2.206719537572662e-07
3.613932130000000e+04 4.260037208843552e-07
3.614132140000000e+04 2.238758676223711e-07
3.614332150000000e+04 -1.919696961993871e-07
3.614532150000000e+04 -4.246372439731024e-07
3.614732160000000e+04 -2.509555050560963e-07
3.614932170000000e+04 1.622105524678577e-07
3.615132180000000e+04 4.206888322696137e-07
3.615332180000000e+04 2.766331717844481e-07
3.615532190000000e+04 -1.315773900043671e-07
3.615732200000000e+04 -4.141897937455870e-07
3.615932210000000e+04 -3.007343922291404e-07
3.616132210000000e+04 1.002137984488447e-07
3.616332220000000e+04 4.052292191512533e-07
3.616532230000000e+04 3.230581687122188e-07
3.616732240000000e+04 -6.824104324862914e-08
3.616932240000000e+04 -3.939227295866124e-07
3.617132250000000e+04 -3.434159718986656e-07
3.617332260000000e+04 3.579901823075296e-08
3.617532270000000e+04 3.803748015432597e-07
3.617732270000000e+04 3.616636615995515e-07
3.617932280000000e+04 -3.071067948386062e-09
3.618132290000000e+04 -3.646566631405532e-07
3.618332300000000e+04 -3.777205053466513e-07
3.618532300000000e+04 -2.970927965567158e-08
3.618732310000000e+04 3.468094842421719e-07
3.618932320000000e+04 3.915503410876548e-07
3.619132330000000e+04 6.228670823780692e-08
3.619332330000000e+04 -3.268765703259943e-07
3.619532340000000e+04 -4.031305321719178e-07
3.619732350000000e+04 -9.441885701810298e-08
3.619932360000000e+04 3.049385805389247e-07
3.620132360000000e+04 4.124148342263911e-07
3.620332370000000e+04 1.259118601243135e-07
3.620532380000000e+04 -2.811363005323047e-07
3.620732390000000e+04 -4.193221908211332e-07
3.620932390000000e+04 -1.566196914641160e-07
3.621132400000000e+04 2.556621131355586e-07
3.621332410000000e+04 4.237518523024736e-07
3.621532420000000e+04 1.864263246367691e-07
3.621732420000000e+04 -2.287298653848097e-07
3.621932430000000e+04 -4.256210017153747e-07
3.622132440000000e+04 -2.152036268572555e-07
3.622332450000000e+04 2.005336463698287e-07
3.622532450000000e+04 4.248974597147843e-07
3.622732460000000e+04 2.427873229258128e-07
3.622932470000000e+04 -1.712286730279632e-07
3.623132480000000e+04 -4.216144932647167e-07
3.623332480000000e+04 -2.689717892979391e-07
3.623532490000000e+04 1.409332924785354e-07
3.623732500000000e+04 4.158522927668954e-07
3.623932510000000e+04 2.935399533803768e-07
3.624132510000000e+04 -1.097643223186025e-07
3.624332520000000e+04 -4.077026139866043e-07
3.624532530000000e+04 -3.162981858812439e-07
3.624732540000000e+04 7.786996422700702e-08
3.624932540000000e+04 3.972338418956833e-07
3.625132550000000e+04 3.371105465149149e-07
3.625332560000000e+04 -4.545291272996251e-08
3.625532570000000e+04 -3.844778802160888e-07
3.625732570000000e+04 -3.558969925680964e-07
3.625932580000000e+04 1.275771383839059e-08
3.626132590000000e+04 3.694489292309960e-07
3.626332600000000e+04 3.726125493699191e-07
3.626532600000000e+04 1.995877914511989e-08
3.626732610000000e+04 -3.521788959159220e-07
3.626932620000000e+04 -3.872054640361671e-07
3.627132630000000e+04 -5.247085670104612e-08
3.627332630000000e+04 3.327515041560327e-07
3.627532640000000e+04 3.995921033165882e-07
3.627732650000000e+04 8.460065571310986e-08
3.627932660000000e+04 -3.113122717909431e-07
3.628132660000000e+04 -4.096543723590362e-07
3.628332670000000e+04 -1.162157021001350e-07
3.628532680000000e+04 2.880506542585692e-07
3.628732690000000e+04 4.172691925531075e-07
3.628932690000000e+04 1.471915404144225e-07
3.629132700000000e+04 -2.631600901688791e-07
3.629332710000000e+04 -4.223448127814622e-07
3.629532720000000e+04 -1.773794419002481e-07
3.629732720000000e+04 2.368057378310491e-07
3.629932730000000e+04 4.248518917338272e-07
3.630132740000000e+04 2.065839493454415e-07
3.630332750000000e+04 -2.091096584204793e-07
3.630532750000000e+04 -4.248215516965263e-07
3.630732760000000e+04 -2.345776993757055e-07
3.630932770000000e+04 1.801730751001640e-07
3.631132780000000e+04 4.223199300117427e-07
3.631332780000000e+04 2.611316485010828e-07
3.631532790000000e+04 -1.501099122380428e-07
3.631732800000000e+04 -4.174077992481694e-07
3.631932810000000e+04 -2.860586901223010e-07
3.632132810000000e+04 1.190822399329116e-07
3.632332820000000e+04 4.101131958057220e-07
3.632532830000000e+04 3.092289325560276e-07
3.632732840000000e+04 -8.730609591323318e-08
3.632932840000000e+04 -4.004321669563836e-07
3.633132850000000e+04 -3.305646861107623e-07
3.633332860000000e+04 5.503370029453637e-08
3.633532870000000e+04 3.883566361997706e-07
3.633732870000000e+04 3.500024489449290e-07
3.633932880000000e+04 -2.251007550203184e-08
3.634132890000000e+04 -3.739130993746661e-07
3.634332900000000e+04 -3.674594403574558e-07
3.634532900000000e+04 -1.005698432979817e-08
3.634732910000000e+04 3.571894780409165e-07
3.634932920000000e+04 3.828127346553057e-07
3.635132930000000e+04 4.251202208108510e-08
3.635332930000000e+04 -3.383334872375979e-07
3.635532940000000e+04 -3.959143992756101e-07
3.635732950000000e+04 -7.472704905308460e-08
3.635932960000000e+04 3.175220327206648e-07
3.636132960000000e+04 4.066237812658367e-07
3.636332970000000e+04 1.065685251585992e-07
3.636532980000000e+04 -2.949228699543604e-07
3.636732990000000e+04 -4.148491407799102e-07
3.636932990000000e+04 -1.378612194121981e-07
3.637133000000000e+04 2.706648328660968e-07
3.637333010000000e+04 4.205626468570526e-07
3.637533020000000e+04 1.683850862792621e-07
3.637733020000000e+04 -2.448419993341220e-07
3.637933030000000e+04 -4.237909279186573e-07
3.638133040000000e+04 -1.978939380949484e-07
3.638333050000000e+04 2.175400407322563e-07
3.638533050000000e+04 4.245777178668674e-07
3.638733060000000e+04 2.261604163653015e-07
3.638933070000000e+04 -1.888773488000870e-07
3.639133080000000e+04 -4.229476139714247e-07
3.639333080000000e+04 -2.530046721398481e-07
3.639533090000000e+04 1.590278978351092e-07
3.639733100000000e+04 4.188878575090737e-07
3.639933110000000e+04 2.783078142573877e-07
3.640133110000000e+04 -1.282197588611375e-07
3.640333120000000e+04 -4.123624251686411e-07
3.640533130000000e+04 -3.019855975658032e-07
3.640733140000000e+04 9.669997952890516e-08
3.640933140000000e+04 4.033472416445280e-07
3.641133150000000e+04 3.239539987361185e-07
3.641333160000000e+04 -6.469808659837614e-08
3.641533170000000e+04 -3.918685702621047e-07
3.641733170000000e+04 -3.440935947661086e-07
3.641933180000000e+04 3.239490973626734e-08
3.642133190000000e+04 3.780184402019778e-07
3.642333200000000e+04 3.622472328496317e-07
3.642533200000000e+04 7.026216033722828e-11
3.642733210000000e+04 -3.619398866043234e-07
3.642933220000000e+04 -3.782408052931917e-07
3.643133230000000e+04 -3.257375391738512e-08
3.643333230000000e+04 3.437908004850340e-07
3.643533240000000e+04 3.919276208836395e-07
3.643733250000000e+04 6.496454046227892e-08
3.643933260000000e+04 -3.237044948792286e-07
3.644133260000000e+04 -4.032170813100160e-07
3.644333270000000e+04 -9.704422057493950e-08
3.644533280000000e+04 3.017745917018213e-07
3.644733290000000e+04 4.120844007122399e-07
3.644933290000000e+04 1.285690478070605e-07
3.645133300000000e+04 -2.780677897666646e-07
3.645333310000000e+04 -4.185439800484809e-07
3.645533320000000e+04 -1.592878228478762e-07
3.645733320000000e+04 2.526622644754362e-07
3.645933330000000e+04 4.226118951636307e-07
3.646133340000000e+04 1.889776311029598e-07
3.646333350000000e+04 -2.256825262377763e-07
3.646533350000000e+04 -4.242720168776368e-07
3.646733360000000e+04 -2.174744980945441e-07
3.646933370000000e+04 1.973155432604164e-07
3.647133380000000e+04 4.234729314900175e-07
3.647333380000000e+04 2.446641141401084e-07
3.647533390000000e+04 -1.677909519948056e-07
3.647733400000000e+04 -4.201517551033890e-07
3.647933410000000e+04 -2.704545189648200e-07
3.648133410000000e+04 1.373459165867550e-07
3.648333420000000e+04 4.142763123234516e-07
3.648533430000000e+04 2.947325522065812e-07
3.648733440000000e+04 -1.061831310976837e-07
3.648933440000000e+04 -4.058748456864499e-07
3.649133450000000e+04 -3.173448088129241e-07
3.649333460000000e+04 7.445886255175167e-08
3.649533470000000e+04 3.950407846824045e-07
3.649733470000000e+04 3.381012932548071e-07
3.649933480000000e+04 -4.229512297234812e-08
3.650133490000000e+04 -3.819064151507479e-07
3.650333500000000e+04 -3.568139621397873e-07
3.650533500000000e+04 9.820771269585843e-09
3.650733510000000e+04 3.666013884760932e-07
3.650933520000000e+04 3.733330466184083e-07
3.651133530000000e+04 2.279622224106766e-08
3.651333530000000e+04 -3.492215259805889e-07
3.651533540000000e+04 -3.875751567603012e-07
3.651733550000000e+04 -5.533243726884761e-08
3.651933560000000e+04 3.298242645195148e-07
3.652133560000000e+04 3.995128261197180e-07
3.652333570000000e+04 8.753241733462084e-08
3.652533580000000e+04 -3.084559915064048e-07
3.652733590000000e+04 -4.091439839212822e-07
3.652933590000000e+04 -1.191437151545817e-07
3.653133600000000e+04 2.851914062616061e-07
3.653333610000000e+04 4.164492019902875e-07
3.653533620000000e+04 1.499597974653332e-07
3.653733620000000e+04 -2.601647746488161e-07
3.653933630000000e+04 -4.213718777774531e-07
3.654133640000000e+04 -1.798294690795173e-07
3.654333650000000e+04 2.335695860567939e-07
3.654533650000000e+04 4.238245919333123e-07
3.654733660000000e+04 2.086436296143672e-07
3.654933670000000e+04 -2.056325405981879e-07
3.655133680000000e+04 -4.237264967206218e-07
3.655333680000000e+04 -2.362925524928227e-07
3.655533690000000e+04 1.765683300729949e-07
3.655733700000000e+04 4.210414419393297e-07
3.655933710000000e+04 2.626345603554313e-07
3.656133710000000e+04 -1.465514010098492e-07
3.656333720000000e+04 -4.158018704729291e-07
3.656533730000000e+04 -2.874803786855081e-07
3.656733740000000e+04 1.157103260054959e-07
3.656933740000000e+04 4.080980950162029e-07
3.657133750000000e+04 3.106183046598259e-07
3.657333760000000e+04 -8.415851687581850e-08
3.657533770000000e+04 -3.980432555964928e-07
3.657733770000000e+04 -3.318503063374790e-07
3.657933780000000e+04 5.203128991992240e-08
3.658133790000000e+04 3.857324655378344e-07
3.658333800000000e+04 3.510338165100819e-07
3.658533800000000e+04 -1.951849727776822e-08
3.658733810000000e+04 -3.712211480898454e-07
3.658933820000000e+04 -3.680895852874372e-07
3.659133830000000e+04 -1.314007883401673e-08
3.659333830000000e+04 3.545348853054627e-07
3.659533840000000e+04 3.829854937477681e-07
3.659733850000000e+04 4.568093564755360e-08
3.659933860000000e+04 -3.357047786714594e-07
3.660133860000000e+04 -3.956934828324307e-07
3.660333870000000e+04 -7.786441841608704e-08
3.660533880000000e+04 3.148079461821889e-07
3.660733890000000e+04 4.061572259638360e-07
3.660933890000000e+04 1.095005850619345e-07
3.661133900000000e+04 -2.919866603663691e-07
3.661333910000000e+04 -4.142785498438295e-07
3.661533920000000e+04 -1.404544178002124e-07
3.661733920000000e+04 2.674376533672871e-07
3.661933930000000e+04 4.199423960060666e-07
3.662133940000000e+04 1.706125361886608e-07
3.662333950000000e+04 -2.413725337710996e-07
3.662533950000000e+04 -4.230551847157279e-07
3.662733960000000e+04 -1.998467745580568e-07
3.662933970000000e+04 2.139790493609932e-07
3.663133980000000e+04 4.235835727825127e-07
3.663333980000000e+04 2.279813403351018e-07
3.663533990000000e+04 -1.853977546692802e-07
3.663734000000000e+04 -4.215618769086516e-07
3.663934010000000e+04 -2.547998048992187e-07
3.664134010000000e+04 1.557355276641682e-07
3.664334020000000e+04 4.170714383268726e-07
3.664534030000000e+04 2.800725544576870e-07
3.664734040000000e+04 -1.250992223769521e-07
3.664934040000000e+04 -4.101981193253072e-07
3.665134050000000e+04 -3.036046739810370e-07
3.665334060000000e+04 9.363830519211382e-08
3.665534070000000e+04 4.009977909830048e-07
3.665734070000000e+04 3.252605388952590e-07
3.665934080000000e+04 -6.155981971733262e-08
3.666134090000000e+04 -3.894858252136957e-07
3.666334100000000e+04 -3.449666904163350e-07
3.666534100000000e+04 2.911747991742988e-08
3.666734110000000e+04 3.756607841758158e-07
3.666934120000000e+04 3.626769980458512e-07
3.667134130000000e+04 3.431367874315700e-09
3.667334130000000e+04 -3.595456373128207e-07
3.667534140000000e+04 -3.783349782219003e-07
3.667734150000000e+04 -3.586289109448144e-08
3.667934160000000e+04 3.412225325081681e-07
3.668134160000000e+04 3.918421549489564e-07
3.668334170000000e+04 6.801060258662058e-08
3.668534180000000e+04 -3.208405107432398e-07
3.668734190000000e+04 -4.030655455445405e-07
3.668934190000000e+04 -9.974846555619044e-08
3.669134200000000e+04 2.985898764029750e-07
3.669334210000000e+04 4.118673980705441e-07
3.669534220000000e+04 1.309577227027859e-07
3.669734220000000e+04 -2.746606911334231e-07
3.669934230000000e+04 -4.181513853922820e-07
3.670134240000000e+04 -1.614829809319710e-07
3.670334250000000e+04 2.492057197327265e-07
3.670534250000000e+04 4.218872088391577e-07
3.670734260000000e+04 1.911200337412569e-07
3.670934270000000e+04 -2.223337491960087e-07
3.671134280000000e+04 -4.231094022885986e-07
3.671334280000000e+04 -2.196275628846293e-07
3.671534290000000e+04 1.941317983361378e-07
3.671734300000000e+04 4.218818539425492e-07
3.671934310000000e+04 2.467719878975180e-07
3.672134310000000e+04 -1.647092806911265e-07
3.672334320000000e+04 -4.182573756031318e-07
3.672534330000000e+04 -2.723639130680907e-07
3.672734340000000e+04 1.342288661769805e-07
3.672934340000000e+04 4.122486039850646e-07
3.673134350000000e+04 2.962807136577032e-07
3.673334360000000e+04 -1.029146750648736e-07
3.673534370000000e+04 -4.038345416514530e-07
3.673734370000000e+04 -3.184470223202161e-07
3.673934380000000e+04 7.102210852340213e-08
3.674134390000000e+04 3.929934160044944e-07
3.674334400000000e+04 3.388002231122339e-07
3.674534400000000e+04 -3.879724847667593e-08
3.674734410000000e+04 -3.797459015651546e-07
3.674934420000000e+04 -3.572466254454659e-07
3.675134430000000e+04 6.437983127923969e-09
3.675334430000000e+04 3.641806292857760e-07
3.675534440000000e+04 3.736501599376344e-07
3.675734450000000e+04 2.590882991329916e-08
3.675934460000000e+04 -3.464479577237459e-07
3.676134460000000e+04 -3.878459686529624e-07
3.676334470000000e+04 -5.812570769671218e-08
3.676534480000000e+04 3.267244938884001e-07
3.676734490000000e+04 3.996850684769747e-07
3.676934490000000e+04 9.007803390361886e-08
3.677134500000000e+04 -3.051692731195134e-07
3.677334510000000e+04 -4.090712910022835e-07
3.677534520000000e+04 -1.215859150794795e-07
3.677734520000000e+04 2.818980410819927e-07
3.677934530000000e+04 4.159807103546985e-07
3.678134540000000e+04 1.524161158695868e-07
3.678334550000000e+04 -2.569883653426022e-07
3.678534550000000e+04 -4.204405637201157e-07
3.678734560000000e+04 -1.823152752042889e-07
3.678934570000000e+04 2.305159853154210e-07
3.679134580000000e+04 4.224917093175502e-07
3.679334580000000e+04 2.110503592172631e-07
3.679534590000000e+04 -2.025949119363507e-07
3.679734600000000e+04 -4.221462513235039e-07
3.679934610000000e+04 -2.384476470401764e-07
3.680134610000000e+04 1.734040161121889e-07
3.680334620000000e+04 4.193753428527770e-07
3.680534630000000e+04 2.643924916659517e-07
3.680734640000000e+04 -1.431758249671328e-07
3.680934640000000e+04 -4.141259379630538e-07
3.681134650000000e+04 -2.888064844823068e-07
3.681334660000000e+04 1.121613556125322e-07
3.681534670000000e+04 4.063636530217060e-07
3.681734670000000e+04 3.115997514442007e-07
3.681934680000000e+04 -8.058318415627139e-08
3.682134690000000e+04 -3.961111633735142e-07
3.682334700000000e+04 -3.326435191636953e-07
3.682534700000000e+04 4.861336320328176e-08
3.682734710000000e+04 3.834630666530960e-07
3.682934720000000e+04 3.517636169676496e-07
3.683134730000000e+04 -1.637755027585246e-08
3.683334730000000e+04 -3.685643020310032e-07
3.683534740000000e+04 -3.687746238337852e-07
3.683734750000000e+04 -1.600513734232666e-08
3.683934760000000e+04 3.515684490900110e-07
3.684134760000000e+04 3.835212836658236e-07
3.684334770000000e+04 4.838437932321013e-08
3.684534780000000e+04 -3.325978196459151e-07
3.684734790000000e+04 -3.959155218703532e-07
3.684934790000000e+04 -8.055153862761997e-08
3.685134800000000e+04 3.117294038746012e-07
3.685334810000000e+04 4.059343902682634e-07
3.685534820000000e+04 1.122546277696387e-07
3.685734820000000e+04 -2.890157469023881e-07
3.685934830000000e+04 -4.135941878057719e-07
3.686134840000000e+04 -1.432336652639763e-07
3.686334850000000e+04 2.645253688400958e-07
3.686534850000000e+04 4.189027349977308e-07
3.686734860000000e+04 1.732691123181388e-07
3.686934870000000e+04 -2.383829177927137e-07
3.687134880000000e+04 -4.218308484477740e-07
3.687334880000000e+04 -2.022011930586284e-07
3.687534890000000e+04 2.107791578268710e-07
3.687734900000000e+04 4.223088137557980e-07
3.687934910000000e+04 2.299250275522861e-07
3.688134910000000e+04 -1.819494267948713e-07
3.688334920000000e+04 -4.202598146952321e-07
3.688534930000000e+04 -2.563481914270426e-07
3.688734940000000e+04 1.521278375833027e-07
3.688934940000000e+04 4.156430956504313e-07
3.689134950000000e+04 2.813534161190466e-07
3.689334960000000e+04 -1.215099920716013e-07
3.689534970000000e+04 -4.084875022284110e-07
3.689734970000000e+04 -3.047723934072814e-07
3.689934980000000e+04 9.023746745602021e-08
3.690134990000000e+04 3.988887589578799e-07
3.690335000000000e+04 3.264025817990989e-07
3.690535000000000e+04 -5.842290562047269e-08
3.690735010000000e+04 -3.869791588825844e-07
3.690935020000000e+04 -3.460435773914271e-07
3.691135030000000e+04 2.618873213919065e-08
3.691335030000000e+04 3.728808506754758e-07
3.691535040000000e+04 3.635451767520191e-07
3.691735050000000e+04 6.291546622121422e-09
3.691935060000000e+04 -3.566750454268417e-07
3.692135060000000e+04 -3.788250638580327e-07
3.692335070000000e+04 -3.878730675625161e-08
3.692535080000000e+04 3.384026006585055e-07
3.692735090000000e+04 3.918612576513642e-07
3.692935090000000e+04 7.103248354843224e-08
3.693135100000000e+04 -3.180958526998376e-07
3.693335110000000e+04 -4.026482267297208e-07
3.693535120000000e+04 -1.027743846519952e-07
3.693735120000000e+04 2.958239981699484e-07
3.693935130000000e+04 4.111581498930073e-07
3.694135140000000e+04 1.338087826487027e-07
3.694335150000000e+04 -2.717224642214142e-07
3.694535150000000e+04 -4.173170667278192e-07
3.694735160000000e+04 -1.639955865224858e-07
3.694935170000000e+04 2.459902654867611e-07
3.695135180000000e+04 4.210217714905279e-07
3.695335180000000e+04 1.932299957038342e-07
3.695535190000000e+04 -2.188548534188304e-07
3.695735200000000e+04 -4.221781494679271e-07
3.695935210000000e+04 -2.214040807433447e-07
3.696135210000000e+04 1.905269038775600e-07
3.696335220000000e+04 4.207470930892162e-07
3.696535230000000e+04 2.483652817010191e-07
3.696735240000000e+04 -1.611672294604198e-07
3.696935240000000e+04 -4.167617505634331e-07
3.697135250000000e+04 -2.739127538162697e-07
3.697335260000000e+04 1.308919460410791e-07
3.697535270000000e+04 4.103156406211288e-07
3.697735270000000e+04 2.978199527987807e-07
3.697935280000000e+04 -9.980284232115275e-08
3.698135290000000e+04 -4.015184490536523e-07
3.698335300000000e+04 -3.198846723888857e-07
3.698535300000000e+04 6.803500464270262e-08
3.698735310000000e+04 3.904545281482364e-07
3.698935320000000e+04 3.399628862722899e-07
3.699135330000000e+04 -3.578236116042843e-08
3.699335330000000e+04 -3.771625395054280e-07
3.699535340000000e+04 -3.579826106900939e-07
3.699735350000000e+04 3.295145807068279e-09
3.699935360000000e+04 3.616512391550647e-07
3.700135360000000e+04 3.739124574935606e-07
3.700335370000000e+04 2.915944167461623e-08
3.700535380000000e+04 -3.439406653145397e-07
3.700735390000000e+04 -3.877216570591390e-07
3.700935390000000e+04 -6.134096684521624e-08
3.701135400000000e+04 3.241048784442584e-07
3.701335410000000e+04 3.993395520350291e-07
3.701535420000000e+04 9.307009377110881e-08
3.701735420000000e+04 -3.022894735397111e-07
3.701935430000000e+04 -4.086525559588408e-07
3.702135440000000e+04 -1.242192660123679e-07
3.702335450000000e+04 2.786945814372429e-07
3.702535450000000e+04 4.155288095562279e-07
3.702735460000000e+04 1.546825512250502e-07
3.702935470000000e+04 -2.535312264764145e-07
3.703135480000000e+04 -4.198675810681055e-07
3.703335480000000e+04 -1.843263950295295e-07
3.703535490000000e+04 2.269766568504753e-07
3.703735500000000e+04 4.216328922683599e-07
3.703935510000000e+04 2.129665182872393e-07
3.704135510000000e+04 -1.991580047582370e-07
3.704335520000000e+04 -4.208636738735121e-07
3.704535530000000e+04 -2.403711658975275e-07
3.704735540000000e+04 1.701668550368327e-07
3.704935540000000e+04 4.176411667206930e-07
3.705135550000000e+04 2.663031057383980e-07
3.705335560000000e+04 -1.401036093251046e-07
3.705535570000000e+04 -4.120456692763303e-07
3.705735570000000e+04 -2.905624347227751e-07
3.705935580000000e+04 1.091171886874720e-07
3.706135590000000e+04 4.041182887730541e-07
3.706335600000000e+04 3.130203162506786e-07
3.706535600000000e+04 -7.742278550753090e-08
3.706735610000000e+04 -3.938569899922612e-07
3.706935620000000e+04 -3.336067137032676e-07
3.707135630000000e+04 4.528001896331454e-08
3.707335630000000e+04 3.812445590399021e-07
3.707535640000000e+04 3.522784836997203e-07
3.707735650000000e+04 -1.295023808151958e-08
3.707935660000000e+04 -3.662960822135308e-07
3.708135660000000e+04 -3.689696478575482e-07
3.708335670000000e+04 -1.935064862224233e-08
3.708535680000000e+04 3.490930891038170e-07
3.708735690000000e+04 3.835688474740557e-07
3.708935690000000e+04 5.146474722711362e-08
3.709135700000000e+04 -3.297887846692270e-07
3.709335710000000e+04 -3.959246583344304e-07
3.709535720000000e+04 -8.327784193904819e-08
3.709735720000000e+04 3.085755226895330e-07
3.709935730000000e+04 4.058883725986970e-07
3.710135740000000e+04 1.146720739052709e-07
3.710335750000000e+04 -2.856374480939106e-07
3.710535750000000e+04 -4.133567817344607e-07
3.710735760000000e+04 -1.454883157567099e-07
3.710935770000000e+04 2.611151935001360e-07
3.711135780000000e+04 4.183033264584991e-07
3.711335780000000e+04 1.755087297322804e-07
3.711535790000000e+04 -2.351006044950166e-07
3.711735800000000e+04 -4.207643018705270e-07
3.711935810000000e+04 -2.044823105728905e-07
3.712135810000000e+04 2.076686900681874e-07
3.712335820000000e+04 4.208033954974949e-07
3.712535830000000e+04 2.321669219943321e-07
3.712735840000000e+04 -1.789228515255323e-07
3.712935840000000e+04 -4.184626601962969e-07
3.713135850000000e+04 -2.583773853646211e-07
3.713335860000000e+04 1.490298134172525e-07
3.713535870000000e+04 4.137389441959148e-07
3.713735870000000e+04 2.829951655550892e-07
3.713935880000000e+04 -1.182197973709820e-07
3.714135890000000e+04 -4.065925829856239e-07
3.714335900000000e+04 -3.059525427147235e-07
3.714535900000000e+04 8.675459013357046e-08
3.714735910000000e+04 3.969894123157659e-07
3.714935920000000e+04 3.271832382038344e-07
3.715135930000000e+04 -5.487638144058521e-08
3.715335930000000e+04 -3.849444743284243e-07
3.715535940000000e+04 -3.465851235560800e-07
3.715735950000000e+04 2.277557804793849e-08
3.715935960000000e+04 3.705491372665285e-07
3.716135960000000e+04 3.640043390338431e-07
3.716335970000000e+04 9.415269736907330e-09
3.716535980000000e+04 -3.539568871729752e-07
3.716735990000000e+04 -3.792626357414701e-07
3.716935990000000e+04 -4.158543695845996e-08
3.717136000000000e+04 3.353432299590995e-07
3.717336010000000e+04 3.921997484931287e-07
3.717536020000000e+04 7.360241339777648e-08
3.717736020000000e+04 -3.148583167677749e-07
3.717936030000000e+04 -4.027204689143226e-07
3.718136040000000e+04 -1.052764531204231e-07
3.718336050000000e+04 2.926015942014924e-07
3.718536050000000e+04 4.108025083692355e-07
3.718736060000000e+04 1.363645636908548e-07
3.718936070000000e+04 -2.686347366463343e-07
3.719136080000000e+04 -4.164773824764759e-07
3.719336080000000e+04 -1.666020916263867e-07
3.719536090000000e+04 2.430221751841377e-07
3.719736100000000e+04 4.197801789160327e-07
3.719936110000000e+04 1.957564532141001e-07
3.720136110000000e+04 -2.158764057533651e-07
3.720336120000000e+04 -4.207110435171579e-07
3.720536130000000e+04 -2.236566164214296e-07
3.720736140000000e+04 1.873805209886065e-07
3.720936140000000e+04 4.192219132824032e-07
3.721136150000000e+04 2.501984201197995e-07
3.721336160000000e+04 -1.577742060806521e-07
3.721536170000000e+04 -4.152441208773137e-07
3.721736170000000e+04 -2.753052983744385e-07
3.721936180000000e+04 1.273088223211261e-07
3.722136190000000e+04 4.087322406642259e-07
3.722336200000000e+04 2.988848055489324e-07
3.722536200000000e+04 -9.620227440151084e-08
3.722736210000000e+04 -3.997084286963457e-07
3.722936220000000e+04 -3.207934302050144e-07
3.723136230000000e+04 6.461222756380535e-08
3.723336230000000e+04 3.882696005381046e-07
3.723536240000000e+04 3.408430897913114e-07
3.723736250000000e+04 -3.265328884276572e-08
3.723936260000000e+04 -3.745634964436764e-07
3.724136260000000e+04 -3.588334963709607e-07
3.724336270000000e+04 4.364933279665182e-10
3.724536280000000e+04 3.587389355713018e-07
3.724736290000000e+04 3.746064030117369e-07
3.724936290000000e+04 3.188367014371648e-08
3.725136300000000e+04 -3.409049952964234e-07
3.725336310000000e+04 -3.880734254509398e-07
3.725536320000000e+04 -6.409076644458434e-08
3.725736320000000e+04 3.211212832966983e-07
3.725936330000000e+04 3.992185258406222e-07
3.726136340000000e+04 9.592045919795104e-08
3.726336350000000e+04 -2.994247604898600e-07
3.726536350000000e+04 -4.080569446738897e-07
3.726736360000000e+04 -1.271092643439135e-07
3.726936370000000e+04 2.758761717893330e-07
3.727136380000000e+04 4.145900544886891e-07
3.727336380000000e+04 1.574375071376074e-07
3.727536390000000e+04 -2.506006599575773e-07
3.727736400000000e+04 -4.187715478161280e-07
3.727936410000000e+04 -1.867562952156696e-07
3.728136410000000e+04 2.237949978073923e-07
3.728336420000000e+04 4.205147145830374e-07
3.728536430000000e+04 2.149666560659264e-07
3.728736440000000e+04 -1.956981915811074e-07
3.728936440000000e+04 -4.197268840763009e-07
3.729136450000000e+04 -2.419798882034805e-07
3.729336460000000e+04 1.665431855559192e-07
3.729536470000000e+04 4.163624316100414e-07
3.729736470000000e+04 2.676692355644116e-07
3.729936480000000e+04 -1.365136212886371e-07
3.730136490000000e+04 -4.104498780161673e-07
3.730336500000000e+04 -2.918541543305759e-07
3.730536500000000e+04 1.057379923609535e-07
3.730736510000000e+04 4.020898926551118e-07
3.730936520000000e+04 3.143152019219265e-07
3.731136530000000e+04 -7.431576756929285e-08
3.731336530000000e+04 -3.914137870409871e-07
3.731536540000000e+04 -3.348450005435900e-07
3.731736550000000e+04 4.236679973452791e-08
3.731936560000000e+04 3.785354038541119e-07
3.732136570000000e+04 3.532896905741481e-07
3.732336570000000e+04 -1.006841699454990e-08
3.732536580000000e+04 -3.635196716225601e-07
3.732736590000000e+04 -3.695741670439164e-07
3.732936600000000e+04 -2.233730908905722e-08
3.733136600000000e+04 3.463895234196231e-07
3.733336610000000e+04 3.836787719373439e-07
3.733536620000000e+04 5.457785989849149e-08
3.733736630000000e+04 -3.271635474202763e-07
3.733936630000000e+04 -3.955976669716167e-07
3.734136640000000e+04 -8.639693570132814e-08
3.734336650000000e+04 3.059065408481677e-07
3.734536660000000e+04 4.052903282311124e-07
3.734736660000000e+04 1.175991831669517e-07
3.734936670000000e+04 -2.827568022396529e-07
3.735136680000000e+04 -4.126667959162179e-07
3.735336690000000e+04 -1.480523988407419e-07
3.735536690000000e+04 2.579186307075107e-07
3.735736700000000e+04 4.176047276509038e-07
3.735936710000000e+04 1.776610670028868e-07
3.736136720000000e+04 -2.316214520351154e-07
3.736336720000000e+04 -4.200006545016969e-07
3.736536730000000e+04 -2.063143253511405e-07
3.736736740000000e+04 2.040682333506125e-07
3.736936750000000e+04 4.198110163995706e-07
3.737136750000000e+04 2.338512959844157e-07
3.737336760000000e+04 -1.754071856287334e-07
3.737536770000000e+04 -4.170738540959137e-07
3.737736780000000e+04 -2.600543836481205e-07
3.737936780000000e+04 1.457379702069945e-07
3.738136790000000e+04 4.118842333895318e-07
3.738336800000000e+04 2.846869874110921e-07
3.738536810000000e+04 -1.151532501294043e-07
3.738736810000000e+04 -4.043491640178530e-07
3.738936820000000e+04 -3.075392077362866e-07
3.739136830000000e+04 8.378647635882837e-08
3.739336840000000e+04 3.945401554170631e-07
3.739536840000000e+04 3.284723419485928e-07
3.739736850000000e+04 -5.183981146425711e-08
3.739936860000000e+04 -3.824780467615536e-07
3.740136870000000e+04 -3.474181529969974e-07
3.740336870000000e+04 1.957132674207868e-08
3.740536880000000e+04 3.681534488552771e-07
3.740736890000000e+04 3.643505380264068e-07
3.740936900000000e+04 1.274508270120547e-08
3.741136900000000e+04 -3.515767069764201e-07
3.741336910000000e+04 -3.792317637469460e-07
3.741536920000000e+04 -4.487412781670650e-08
3.741736930000000e+04 3.328198294017885e-07
3.741936930000000e+04 3.919787410664399e-07
3.742136940000000e+04 7.664406113703526e-08
3.742336950000000e+04 -3.120332720632023e-07
3.742536960000000e+04 -4.024578192766169e-07
3.742736960000000e+04 -1.079404433020256e-07
3.742936970000000e+04 2.894210863380097e-07
3.743136980000000e+04 4.105240500272355e-07
3.743336990000000e+04 1.386608666200827e-07
3.743536990000000e+04 -2.651915557892259e-07
3.743737000000000e+04 -4.160672561230371e-07
3.743937010000000e+04 -1.686692302191063e-07
3.744137020000000e+04 2.395118741770274e-07
3.744337020000000e+04 4.190542412487601e-07
3.744537030000000e+04 1.977672703419693e-07
3.744737040000000e+04 -2.124920586911907e-07
3.744937050000000e+04 -4.195262511457743e-07
3.745137050000000e+04 -2.257116087737514e-07
3.745337060000000e+04 1.842094156840113e-07
3.745537070000000e+04 4.175669907588722e-07
3.745737080000000e+04 2.522536127985198e-07
3.745937080000000e+04 -1.547566580486998e-07
3.746137090000000e+04 -4.132485882818222e-07
3.746337100000000e+04 -2.771951615834344e-07
3.746537110000000e+04 1.242855547613362e-07
3.746737110000000e+04 4.065972534724367e-07
3.746937120000000e+04 3.004106522195513e-07
3.747137130000000e+04 -9.301847590967434e-08
3.747337140000000e+04 -3.975907650900913e-07
3.747537140000000e+04 -3.218391665413227e-07
3.747737150000000e+04 6.122367457684916e-08
3.747937160000000e+04 3.861975813714906e-07
3.748137170000000e+04 3.414364384569854e-07
3.748337170000000e+04 -2.916175228391796e-08
3.748537180000000e+04 -3.724246923600419e-07
3.748737190000000e+04 -3.591296540847907e-07
3.748937200000000e+04 -2.956861798824356e-09
3.749137200000000e+04 3.563559621926298e-07
3.749337210000000e+04 3.747893328520781e-07
3.749537220000000e+04 3.498856548199905e-08
3.749737230000000e+04 -3.381488197632864e-07
3.749937230000000e+04 -3.882488042409987e-07
3.750137240000000e+04 -6.682797162552716e-08
3.750337250000000e+04 3.179973280170954e-07
3.750537260000000e+04 3.993450849479037e-07
3.750737260000000e+04 9.836121047481447e-08
3.750937270000000e+04 -2.960793448413979e-07
3.751137280000000e+04 -4.079740125660326e-07
3.751337290000000e+04 -1.294204570788509e-07
3.751537290000000e+04 2.725205552975529e-07
3.751737300000000e+04 4.141102820599279e-07
3.751937310000000e+04 1.597768631613394e-07
3.752137320000000e+04 -2.473956527797785e-07
3.752337320000000e+04 -4.177961391761714e-07
3.752537330000000e+04 -1.891654511616799e-07
3.752737340000000e+04 2.207664045168443e-07
3.752937350000000e+04 4.190919940600009e-07
3.753137350000000e+04 2.173416899423726e-07
3.753337360000000e+04 -1.927323040554783e-07
3.753537370000000e+04 -4.180300892685109e-07
3.753737380000000e+04 -2.441213533514156e-07
3.753937380000000e+04 1.634643235859634e-07
3.754137390000000e+04 4.145879450191763e-07
3.754337400000000e+04 2.693964192129175e-07
3.754537410000000e+04 -1.332015166434618e-07
3.754737410000000e+04 -4.087085409125251e-07
3.754937420000000e+04 -2.931029115949849e-07
3.755137430000000e+04 1.022088810071309e-07
3.755337440000000e+04 4.003436035154317e-07
3.755537440000000e+04 3.151742948266099e-07
3.755737450000000e+04 -7.072645801649205e-08
3.755937460000000e+04 -3.895062797706981e-07
3.756137470000000e+04 -3.354949382795065e-07
3.756337470000000e+04 3.893182308007221e-08
3.756537480000000e+04 3.762904360751074e-07
3.756737490000000e+04 3.538958836014513e-07
3.756937500000000e+04 -6.945492164194612e-09
3.757137500000000e+04 -3.608543138995509e-07
3.757337510000000e+04 -3.701810390196807e-07
3.757537520000000e+04 -2.513198482287578e-08
3.757737530000000e+04 3.433711798920067e-07
3.757937530000000e+04 3.841847243770741e-07
3.758137540000000e+04 5.716627125248998e-08
3.758337550000000e+04 -3.239805190928075e-07
3.758537560000000e+04 -3.958100086547855e-07
3.758737560000000e+04 -8.895967820203024e-08
3.758937570000000e+04 3.027645523581367e-07
3.759137580000000e+04 4.050418927042161e-07
3.759337590000000e+04 1.202547229210532e-07
3.759537590000000e+04 -2.797677450603685e-07
3.759737600000000e+04 -4.119127267985691e-07
3.759937610000000e+04 -1.507804781316807e-07
3.760137620000000e+04 2.550437668959412e-07
3.760337620000000e+04 4.164539358053412e-07
3.760537630000000e+04 1.803017365888433e-07
3.760737640000000e+04 -2.287045484970941e-07
3.760937650000000e+04 -4.186498757898630e-07
3.761137650000000e+04 -2.086569749081915e-07
3.761337660000000e+04 2.009398205762435e-07
3.761537670000000e+04 4.184345722041998e-07
3.761737680000000e+04 2.357488344600049e-07
3.761937680000000e+04 -1.719952118829318e-07
3.762137690000000e+04 -4.157205341205430e-07
3.762337700000000e+04 -2.615068459018301e-07
3.762537710000000e+04 1.421236020759817e-07
3.762737710000000e+04 4.104553286604281e-07
3.762937720000000e+04 2.858313303501605e-07
3.763137730000000e+04 -1.115336086732051e-07
3.763337740000000e+04 -4.026597055253196e-07
3.763537740000000e+04 -3.085665982879137e-07
3.763737750000000e+04 8.037007788626800e-08
3.763937760000000e+04 3.924364363408495e-07
3.764137770000000e+04 3.295054117071407e-07
3.764337770000000e+04 -4.873286301278608e-08
3.764537780000000e+04 -3.799344289247959e-07
3.764737790000000e+04 -3.484377777633163e-07
3.764937800000000e+04 1.672768805260016e-08
3.765137800000000e+04 3.652972753572587e-07
3.765337810000000e+04 3.651993846541167e-07
3.765537820000000e+04 1.548822365559362e-08
3.765737830000000e+04 -3.486191722714622e-07
3.765937830000000e+04 -3.797081779197642e-07
3.766137840000000e+04 -4.768617396409843e-08
3.766337850000000e+04 3.299411886706946e-07
3.766537860000000e+04 3.919515668601888e-07
3.766737860000000e+04 7.959277171977175e-08
3.766937870000000e+04 -3.092838647503317e-07
3.767137880000000e+04 -4.019471337190246e-07
3.767337890000000e+04 -1.109380367795818e-07
3.767537890000000e+04 2.867014925665513e-07
3.767737900000000e+04 4.096857249509992e-07
3.767937910000000e+04 1.415087387734129e-07
3.768137920000000e+04 -2.623211937440918e-07
3.768337920000000e+04 -4.151054938474956e-07
3.768537930000000e+04 -1.711637314856454e-07
3.768737940000000e+04 2.363465212844756e-07
3.768937950000000e+04 4.180985215331839e-07
3.769137950000000e+04 1.998149770416274e-07
3.769337960000000e+04 -2.090210479190915e-07
3.769537970000000e+04 -4.185601318872618e-07
3.769737980000000e+04 -2.273733131127859e-07
3.769937980000000e+04 1.805731448127561e-07
3.770137990000000e+04 4.164378556611008e-07
3.770338000000000e+04 2.537050798111597e-07
3.770538010000000e+04 -1.511751568098974e-07
3.770738010000000e+04 -4.117649019518092e-07
3.770938020000000e+04 -2.786121702477413e-07
3.771138030000000e+04 1.209387964379693e-07
3.771338040000000e+04 4.046450823625525e-07
3.771538040000000e+04 3.018623697563880e-07
3.771738050000000e+04 -8.995204172934132e-08
3.771938060000000e+04 -3.952099387130823e-07
3.772138070000000e+04 -3.232375135931345e-07
3.772338070000000e+04 5.833099751881468e-08
3.772538080000000e+04 3.835625313825695e-07
3.772738090000000e+04 3.425870935367875e-07
3.772938100000000e+04 -2.626040785558297e-08
3.773138100000000e+04 -3.697509150021625e-07
3.773338110000000e+04 -3.598400185823456e-07
3.773538120000000e+04 -6.007958576413442e-09
3.773738130000000e+04 3.537780824993837e-07
3.773938130000000e+04 3.749837491571261e-07
3.774138140000000e+04 3.819182538134327e-08
3.774338150000000e+04 -3.356503761104063e-07
3.774538160000000e+04 -3.880078190201924e-07
3.774738160000000e+04 -7.003705237789431e-08
3.774938170000000e+04 3.154282207376907e-07
3.775138180000000e+04 3.988610748721409e-07
3.775338190000000e+04 1.013547443216352e-07
3.775538190000000e+04 -2.932550970268726e-07
3.775738200000000e+04 -4.074328797198251e-07
3.775938210000000e+04 -1.320261528594535e-07
3.776138220000000e+04 2.693414024260273e-07
3.776338220000000e+04 4.135851907800231e-07
3.776538230000000e+04 1.619614205627091e-07
3.776738240000000e+04 -2.439169164270891e-07
3.776938250000000e+04 -4.172018733548917e-07
3.777138250000000e+04 -1.910494389043075e-07
3.777338260000000e+04 2.171766133208172e-07
3.777538270000000e+04 4.182407407267412e-07
3.777738280000000e+04 2.191162001215549e-07
3.777938280000000e+04 -1.892527051605286e-07
3.778138290000000e+04 -4.167428308738316e-07
3.778338300000000e+04 -2.459305160468034e-07
3.778538310000000e+04 1.602291161577879e-07
3.778738310000000e+04 4.128079352761196e-07
3.778938320000000e+04 2.712410738432480e-07
3.779138330000000e+04 -1.301882512273718e-07
3.779338340000000e+04 -4.065372557160557e-07
3.779538340000000e+04 -2.948370051098592e-07
3.779738350000000e+04 9.926425492163182e-08
3.779938360000000e+04 3.979895188534583e-07
3.780138370000000e+04 3.165818923333325e-07
3.780338370000000e+04 -6.766707035208940e-08
3.780538380000000e+04 -3.871649788146808e-07
3.780738390000000e+04 -3.364173741822702e-07
3.780938400000000e+04 3.566596455092472e-08
3.781138400000000e+04 3.740374805714552e-07
3.781338410000000e+04 3.543183211973099e-07
3.781538420000000e+04 -3.537349602667086e-09
3.781738430000000e+04 -3.586062249097617e-07
3.781938430000000e+04 -3.702427314165474e-07
3.782138440000000e+04 -2.848682743193279e-08
3.782338450000000e+04 3.409445257139553e-07
3.782538460000000e+04 3.840902413142833e-07
3.782738460000000e+04 6.024819424235200e-08
3.782938470000000e+04 -3.212080748250908e-07
3.783138480000000e+04 -3.957101708115847e-07
3.783338490000000e+04 -9.164251939985753e-08
3.783538490000000e+04 2.996054483942762e-07
3.783738500000000e+04 4.049400364912103e-07
3.783938510000000e+04 1.225739627581265e-07
3.784138520000000e+04 -2.763412220869749e-07
3.784338520000000e+04 -4.116662215629335e-07
3.784538530000000e+04 -1.528996993802630e-07
3.784738540000000e+04 2.515698113025428e-07
3.784938550000000e+04 4.158559706852066e-07
3.785138550000000e+04 1.824098601732581e-07
3.785338560000000e+04 -2.253837673019283e-07
3.785538570000000e+04 -4.175579121617012e-07
3.785738580000000e+04 -2.108444653948010e-07
3.785938580000000e+04 1.978449378395356e-07
3.786138590000000e+04 4.168548269258868e-07
3.786338600000000e+04 2.379491303817102e-07
3.786538610000000e+04 -1.690393977307489e-07
3.786738610000000e+04 -4.138117866625207e-07
3.786938620000000e+04 -2.635244309013699e-07
3.787138630000000e+04 1.391222910563893e-07
3.787338640000000e+04 4.084364843003848e-07
3.787538640000000e+04 2.874548952851885e-07
3.787738650000000e+04 -1.083259924880815e-07
3.787938660000000e+04 -4.006879166046024e-07
3.788138670000000e+04 -3.096849293553976e-07
3.788338670000000e+04 7.692523597007146e-08
3.788538680000000e+04 3.905174642187947e-07
3.788738690000000e+04 3.301727177650557e-07
3.788938700000000e+04 -4.518141119856828e-08
3.789138700000000e+04 -3.779279408922320e-07
3.789338710000000e+04 -3.488336565407469e-07
3.789538720000000e+04 1.329408800304251e-08
3.789738730000000e+04 3.630050113754141e-07
3.789938730000000e+04 3.655229177139866e-07
3.790138740000000e+04 1.860564671430101e-08
3.790338750000000e+04 -3.459129793367622e-07
3.790538760000000e+04 -3.800534725385689e-07
3.790738760000000e+04 -5.042466999536727e-08
3.790938770000000e+04 3.268465003342562e-07
3.791138780000000e+04 3.922536409422967e-07
3.791338790000000e+04 8.204965031751003e-08
3.791538790000000e+04 -3.059756262652110e-07
3.791738800000000e+04 -4.020152195956499e-07
3.791938810000000e+04 -1.133057944154514e-07
3.792138820000000e+04 2.834094675054733e-07
3.792338820000000e+04 4.093204688058819e-07
3.792538830000000e+04 1.439485658065556e-07
3.792738840000000e+04 -2.592044423133333e-07
3.792938850000000e+04 -4.142145041927723e-07
3.793138850000000e+04 -1.737032140463744e-07
3.793338860000000e+04 2.334089524051787e-07
3.793538870000000e+04 4.167569975756092e-07
3.793738880000000e+04 2.023193604187054e-07
3.793938880000000e+04 -2.061197646112239e-07
3.794138890000000e+04 -4.169659441678765e-07
3.794338900000000e+04 -2.296207059567201e-07
3.794538910000000e+04 1.775139113439050e-07
3.794738910000000e+04 4.148010772014690e-07
3.794938920000000e+04 2.555068132324054e-07
3.795138930000000e+04 -1.478390006798375e-07
3.795338940000000e+04 -4.101842978495912e-07
3.795538940000000e+04 -2.799220272961208e-07
3.795738950000000e+04 1.173648670489999e-07
3.795938960000000e+04 4.030572317666013e-07
3.796138970000000e+04 3.027947168193423e-07
3.796338970000000e+04 -8.632506639805643e-08
3.796538980000000e+04 -3.934293973613982e-07
3.796738990000000e+04 -3.239982528594253e-07
3.796939000000000e+04 5.488494539412541e-08
3.797139000000000e+04 3.814013626692294e-07
3.797339010000000e+04 3.433433697307791e-07
3.797539020000000e+04 -2.314920618649710e-08
3.797739030000000e+04 -3.671350983228835e-07
3.797939030000000e+04 -3.606208806586157e-07
3.798139040000000e+04 -8.789228476933495e-09
3.798339050000000e+04 3.508018098394458e-07
3.798539060000000e+04 3.756557036241186e-07
3.798739060000000e+04 4.079541808335642e-08
3.798939070000000e+04 -3.325277074979796e-07
3.799139080000000e+04 -3.883561477008265e-07
3.799339090000000e+04 -7.265980251185907e-08
3.799539090000000e+04 3.123767363215484e-07
3.799739100000000e+04 3.987117344469489e-07
3.799939110000000e+04 1.041131201915958e-07
3.800139120000000e+04 -2.903749194530015e-07
3.800339120000000e+04 -4.067598211336682e-07
3.800539130000000e+04 -1.348743349144688e-07
3.800739140000000e+04 2.665666451088381e-07
3.800939150000000e+04 4.125234487827816e-07
3.801139150000000e+04 1.647120203056855e-07
3.801339160000000e+04 -2.410638536819808e-07
3.801539170000000e+04 -4.159727810779501e-07
3.801739180000000e+04 -1.934718538085770e-07
3.801939180000000e+04 2.140642681412390e-07
3.802139190000000e+04 4.170195665714816e-07
3.802339200000000e+04 2.210688161559057e-07
3.802539210000000e+04 -1.858209786973115e-07
3.802739210000000e+04 -4.155611959671981e-07
3.802939220000000e+04 -2.474342709220461e-07
3.803139230000000e+04 1.565857421818807e-07
3.803339240000000e+04 4.115352901344649e-07
3.803539240000000e+04 2.724637382456434e-07
3.803739250000000e+04 -1.265576882640935e-07
3.803939260000000e+04 -4.049665675381712e-07
3.804139270000000e+04 -2.959842431372230e-07
3.804339270000000e+04 9.586495402831541e-08
3.804539280000000e+04 3.959622873941547e-07
3.804739290000000e+04 3.177731714919562e-07
3.804939300000000e+04 -6.459397485420844e-08
3.805139300000000e+04 -3.846748039708790e-07
3.805339310000000e+04 -3.376062013178873e-07
3.805539320000000e+04 3.284410182900829e-08
3.805739330000000e+04 3.712394025424214e-07
3.805939330000000e+04 3.553199004361483e-07
3.806139340000000e+04 -7.783488165975687e-10
3.806339350000000e+04 -3.557347038997206e-07
3.806539360000000e+04 -3.708357055741108e-07
3.806739360000000e+04 -3.136355228039328e-08
3.806939370000000e+04 3.381808036622816e-07
3.807139380000000e+04 3.841501561048589e-07
3.807339390000000e+04 6.329549736781722e-08
3.807539390000000e+04 -3.185832447360594e-07
3.807739400000000e+04 -3.952788181099953e-07
3.807939410000000e+04 -9.474602325982037e-08
3.808139420000000e+04 2.969892577878796e-07
3.808339420000000e+04 4.042039828056028e-07
3.808539430000000e+04 1.255063202460946e-07
3.808739440000000e+04 -2.735307171979072e-07
3.808939450000000e+04 -4.108432682842288e-07
3.809139450000000e+04 -1.554490607979699e-07
3.809339460000000e+04 2.484187487470865e-07
3.809539470000000e+04 4.150708096090705e-07
3.809739480000000e+04 1.844940011785624e-07
3.809939480000000e+04 -2.219009918856569e-07
3.810139490000000e+04 -4.167660357356650e-07
3.810339500000000e+04 -2.125542215762174e-07
3.810539510000000e+04 1.942007606988562e-07
3.810739510000000e+04 4.158756203344578e-07
3.810939520000000e+04 2.394842210001180e-07
3.811139530000000e+04 -1.654755353243022e-07
3.811339540000000e+04 -4.124353274775297e-07
3.811539540000000e+04 -2.650711493981892e-07
3.811739550000000e+04 1.358200966418157e-07
3.811939560000000e+04 4.065563521437386e-07
3.812139570000000e+04 2.890651945224381e-07
3.812339570000000e+04 -1.053097655180930e-07
3.812539580000000e+04 -3.983675159434443e-07
3.812739590000000e+04 -3.112436391998715e-07
3.812939600000000e+04 7.405903894780937e-08
3.813139600000000e+04 3.879612569601518e-07
3.813339610000000e+04 3.314561205737535e-07
3.813539620000000e+04 -4.226011163484410e-08
3.813739630000000e+04 -3.753650045722533e-07
3.813939630000000e+04 -3.496422947320527e-07
3.814139640000000e+04 1.017756443775250e-08
3.814339650000000e+04 3.605631665534595e-07
3.814539660000000e+04 3.657931372261489e-07
3.814739660000000e+04 2.189988315107030e-08
3.814939670000000e+04 -3.435480327775950e-07
3.815139680000000e+04 -3.798964863612298e-07
3.815339690000000e+04 -5.371814172910338e-08
3.815539690000000e+04 3.243794221713846e-07
3.815739700000000e+04 3.918850027205218e-07
3.815939710000000e+04 8.510082762073382e-08
3.816139720000000e+04 -3.032057994873173e-07
3.816339720000000e+04 -4.016301567007647e-07
3.816539730000000e+04 -1.159407674808947e-07
3.816739740000000e+04 2.802451867774690e-07
3.816939750000000e+04 4.089736136397841e-07
3.817139750000000e+04 1.461570805719381e-07
3.817339760000000e+04 -2.557272349019159e-07
3.817539770000000e+04 -4.137925382470598e-07
3.817739780000000e+04 -1.756339697529744e-07
3.817939780000000e+04 2.298363433809815e-07
3.818139790000000e+04 4.160431325950162e-07
3.818339800000000e+04 2.041861252037921e-07
3.818539810000000e+04 -2.026872167400533e-07
3.818739810000000e+04 -4.157751945263052e-07
3.818939820000000e+04 -2.315640809482473e-07
3.819139830000000e+04 1.743466052689668e-07
3.819339840000000e+04 4.130905412112005e-07
3.819539840000000e+04 2.575069092957926e-07
3.819739850000000e+04 -1.448876482055705e-07
3.819939860000000e+04 -4.080861722257265e-07
3.820139870000000e+04 -2.817991184190213e-07
3.820339870000000e+04 1.144462377292664e-07
3.820539880000000e+04 4.008034359146227e-07
3.820739890000000e+04 3.043138201361967e-07
3.820939900000000e+04 -8.324236394793815e-08
3.821139900000000e+04 -3.912230665488357e-07
3.821339910000000e+04 -3.249995732077671e-07
3.821539920000000e+04 5.155503888994858e-08
3.821739930000000e+04 3.792992439964312e-07
3.821939930000000e+04 3.438363865929736e-07
3.822139940000000e+04 -1.966527285110622e-08
3.822339950000000e+04 -3.650241471615640e-07
3.822539960000000e+04 -3.607725684118693e-07
3.822739960000000e+04 -1.220358580476194e-08
3.822939970000000e+04 3.484712100779487e-07
3.823139980000000e+04 3.756926749997268e-07
3.823339990000000e+04 4.390569039598288e-08
3.823539990000000e+04 -3.298047035298008e-07
3.823740000000000e+04 -3.884239292532998e-07
3.823940010000000e+04 -7.535093726906788e-08
3.824140020000000e+04 3.092370363630838e-07
3.824340020000000e+04 3.987916778104334e-07
3.824540030000000e+04 1.064466999825700e-07
3.824740040000000e+04 -2.869681755741073e-07
3.824940050000000e+04 -4.066751849732382e-07
3.825140050000000e+04 -1.370445241256762e-07
3.825340060000000e+04 2.631373596297599e-07
3.825540070000000e+04 4.120489457284541e-07
3.825740080000000e+04 1.669184927643500e-07
3.825940080000000e+04 -2.378180758989167e-07
3.826140090000000e+04 -4.149662477114990e-07
3.826340100000000e+04 -1.957957510020206e-07
3.826540110000000e+04 2.110561916901468e-07
3.826740110000000e+04 4.155122890192667e-07
3.826940120000000e+04 2.234122959520043e-07
3.827140130000000e+04 -1.829326963867953e-07
3.827340140000000e+04 -4.137403333502624e-07
3.827540140000000e+04 -2.495744423146901e-07
3.827740150000000e+04 1.536075919848495e-07
3.827940160000000e+04 4.096405391472609e-07
3.828140170000000e+04 2.741742417003019e-07
3.828340170000000e+04 -1.233236183040827e-07
3.828540180000000e+04 -4.031489551124740e-07
3.828740190000000e+04 -2.971667281528659e-07
3.828940200000000e+04 9.236369885036892e-08
3.829140200000000e+04 3.942039274269728e-07
3.829340210000000e+04 3.185079056261818e-07
3.829540220000000e+04 -6.098621307880241e-08
3.829740230000000e+04 -3.828019937208619e-07
3.829940230000000e+04 -3.381034516439335e-07
3.830140240000000e+04 2.938015872098595e-08
3.830340250000000e+04 3.690355024885203e-07
3.830540260000000e+04 3.557875328992366e-07
3.830740260000000e+04 2.340163371653960e-09
3.830940270000000e+04 -3.530743916364292e-07
3.831140280000000e+04 -3.713573068288519e-07
3.831340290000000e+04 -3.409206812949886e-08
3.831540290000000e+04 3.351149631406321e-07
3.831740300000000e+04 3.846281831143433e-07
3.831940310000000e+04 6.576370625933439e-08
3.832140320000000e+04 -3.153167703542944e-07
3.832340320000000e+04 -3.954952080364360e-07
3.832540330000000e+04 -9.716915894404949e-08
3.832740340000000e+04 2.937709908384313e-07
3.832940350000000e+04 4.039451861975092e-07
3.833140350000000e+04 1.280503603485904e-07
3.833340360000000e+04 -2.705135099764694e-07
3.833540370000000e+04 -4.100310302600758e-07
3.833740380000000e+04 -1.581191182898410e-07
3.833940380000000e+04 2.455809806436348e-07
3.834140390000000e+04 4.138073541504551e-07
3.834340400000000e+04 1.871253070159663e-07
3.834540410000000e+04 -2.190679780482137e-07
3.834740410000000e+04 -4.152793569429238e-07
3.834940420000000e+04 -2.148981003983327e-07
3.835140430000000e+04 1.911597414778631e-07
3.835340440000000e+04 4.143835537609023e-07
3.835540440000000e+04 2.413506370731848e-07
3.835740450000000e+04 -1.621134413411706e-07
3.835940460000000e+04 -4.110244565398472e-07
3.836140470000000e+04 -2.664322171480840e-07
3.836340470000000e+04 1.322017767123748e-07
3.836540480000000e+04 4.051305190086143e-07
3.836740490000000e+04 2.900685008211735e-07
3.836940500000000e+04 -1.016518600929805e-07
3.837140500000000e+04 -3.967136067879656e-07
3.837340510000000e+04 -3.121160260385948e-07
3.837540520000000e+04 7.061270492529933e-08
3.837740530000000e+04 3.858790565877843e-07
3.837940530000000e+04 3.323686092947583e-07
3.838140540000000e+04 -3.917334002570458e-08
3.838340550000000e+04 -3.727954787454659e-07
3.838540560000000e+04 -3.505994123168720e-07
3.838740560000000e+04 7.418020771790716e-09
3.838940570000000e+04 3.576294289746352e-07
3.839140580000000e+04 3.666310077334344e-07
3.839340590000000e+04 2.451443733248347e-08
3.839540590000000e+04 -3.404932228735167e-07
3.839740600000000e+04 -3.803736077187706e-07
3.839940610000000e+04 -5.640308368154803e-08
3.840140620000000e+04 3.214288298684050e-07
3.840340620000000e+04 3.918274436243075e-07
3.840540630000000e+04 8.796357877330303e-08
3.840740640000000e+04 -3.004452562809374e-07
3.840940650000000e+04 -4.010311915754176e-07
3.841140650000000e+04 -1.189094694529858e-07
3.841340660000000e+04 2.775767949926304e-07
3.841540670000000e+04 4.080018181955146e-07
3.841740680000000e+04 1.490107040915242e-07
3.841940680000000e+04 -2.529389503238838e-07
3.842140690000000e+04 -4.126893624991025e-07
3.842340700000000e+04 -1.781264297585830e-07
3.842540710000000e+04 2.267377318309724e-07
3.842740710000000e+04 4.149862287591776e-07
3.842940720000000e+04 2.061817531983400e-07
3.843140730000000e+04 -1.992336915343470e-07
3.843340740000000e+04 -4.147706106238850e-07
3.843540740000000e+04 -2.331128171176799e-07
3.843740750000000e+04 1.706772947181724e-07
3.843940760000000e+04 4.119765305241263e-07
3.844140770000000e+04 2.588051965650640e-07
3.844340770000000e+04 -1.412547953163425e-07
3.844540780000000e+04 -4.066301413965950e-07
3.844740790000000e+04 -2.830706860509925e-07
3.844940800000000e+04 1.110765062440887e-07
3.845140800000000e+04 3.988479150312936e-07
3.845340810000000e+04 3.056664778957056e-07
3.845540820000000e+04 -8.021411553485588e-08
3.845740830000000e+04 -3.887829783012243e-07
3.845940830000000e+04 -3.263601012151320e-07
3.846140840000000e+04 4.876236061018568e-08
3.846340850000000e+04 3.765629671261603e-07
3.846540860000000e+04 3.449855076187651e-07
3.846740860000000e+04 -1.689091397894069e-08
3.846940870000000e+04 -3.622465150908357e-07
3.847140880000000e+04 -3.614746986113322e-07
3.847340890000000e+04 -1.514652352450023e-08
3.847540890000000e+04 3.458337609363873e-07
3.847740900000000e+04 3.758300684651321e-07
3.847940910000000e+04 4.705401159390098e-08
3.848140920000000e+04 -3.273128515915030e-07
3.848340920000000e+04 -3.880685382537247e-07
3.848540930000000e+04 -7.855650777771385e-08
3.848740940000000e+04 3.067282060653129e-07
3.848940950000000e+04 3.981583201051649e-07
3.849140950000000e+04 1.094555421824829e-07
3.849340960000000e+04 -2.842161130068663e-07
3.849540970000000e+04 -4.059986432176356e-07
3.849740980000000e+04 -1.396361546458852e-07
3.849940980000000e+04 2.599974091470984e-07
3.850140990000000e+04 4.114405491107663e-07
3.850341000000000e+04 1.690294635632341e-07
3.850541010000000e+04 -2.343230973049301e-07
3.850741010000000e+04 -4.143536406372838e-07
3.850941020000000e+04 -1.975470094913310e-07
3.851141030000000e+04 2.074093562739333e-07
3.851341040000000e+04 4.146806955607356e-07
3.851541040000000e+04 2.250326369566789e-07
3.851741050000000e+04 -1.793970143503384e-07
3.851941060000000e+04 -4.124663398399712e-07
3.852141070000000e+04 -2.512536117691628e-07
3.852341070000000e+04 1.503623086268586e-07
3.852541080000000e+04 4.078262021279000e-07
3.852741090000000e+04 2.759473902642065e-07
3.852941100000000e+04 -1.203677946236140e-07
3.853141100000000e+04 -4.008885209502718e-07
3.853341110000000e+04 -2.988831767930569e-07
3.853541120000000e+04 8.952789868652662e-08
3.853741130000000e+04 3.917306955020689e-07
3.853941130000000e+04 3.199181308482047e-07
3.854141140000000e+04 -5.804481080745803e-08
3.854341150000000e+04 -3.803603514330794e-07
3.854541160000000e+04 -3.389996114394802e-07
3.854741160000000e+04 2.619504218834937e-08
3.854941170000000e+04 3.667392081579893e-07
3.855141180000000e+04 3.561265604623672e-07
3.855341190000000e+04 5.724548779368719e-09
3.855541190000000e+04 -3.508498892208975e-07
3.855741200000000e+04 -3.712804492355770e-07
3.855941210000000e+04 -3.746489433217879e-08
3.856141220000000e+04 3.327504647594924e-07
3.856341220000000e+04 3.843797086609136e-07
3.856541230000000e+04 6.886115872823783e-08
3.856741240000000e+04 -3.125984914862737e-07
3.856941250000000e+04 -3.952718127283719e-07
3.857141250000000e+04 -9.982182870875473e-08
3.857341260000000e+04 2.906184028276614e-07
3.857541270000000e+04 4.037834269299872e-07
3.857741280000000e+04 1.302727866436094e-07
3.857941280000000e+04 -2.670392627245673e-07
3.858141290000000e+04 -4.097813952149586e-07
3.858341300000000e+04 -1.600944591695793e-07
3.858541310000000e+04 2.420327898271260e-07
3.858741310000000e+04 4.132275699291783e-07
3.858941320000000e+04 1.890852328722911e-07
3.859141330000000e+04 -2.156945249540486e-07
3.859341340000000e+04 -4.141774145269821e-07
3.859541340000000e+04 -2.169804744876178e-07
3.859741350000000e+04 1.880722478105792e-07
3.859941360000000e+04 4.127384321250837e-07
3.860141370000000e+04 2.435061187942972e-07
3.860341370000000e+04 -1.592314732629629e-07
3.860541380000000e+04 -4.089992497250734e-07
3.860741390000000e+04 -2.684489779509038e-07
3.860941400000000e+04 1.293113959712134e-07
3.861141400000000e+04 4.029849045246191e-07
3.861341410000000e+04 2.916889373411032e-07
3.861541420000000e+04 -9.854330019922653e-08
3.861741430000000e+04 -3.946513496987294e-07
3.861941430000000e+04 -3.131869076372759e-07
3.862141440000000e+04 6.721724125858445e-08
3.862341450000000e+04 3.839369829044578e-07
3.862541460000000e+04 3.329242740549655e-07
3.862741460000000e+04 -3.561536307870635e-08
3.862941470000000e+04 -3.708247229465643e-07
3.863141480000000e+04 -3.508418381680090e-07
3.863341490000000e+04 3.952843285965387e-09
3.863541490000000e+04 3.553936394912064e-07
3.863741500000000e+04 3.668028994032949e-07
3.863941510000000e+04 2.764121867840905e-08
3.864141520000000e+04 -3.378150943425967e-07
3.864341520000000e+04 -3.806165196286810e-07
3.864541530000000e+04 -5.909002146126784e-08
3.864741540000000e+04 3.183067235410381e-07
3.864941550000000e+04 3.920915580616539e-07
3.865141550000000e+04 9.030517313080313e-08
3.865341560000000e+04 -2.970614071297944e-07
3.865541570000000e+04 -4.011075763565602e-07
3.865741580000000e+04 -1.211285674713022e-07
3.865941580000000e+04 2.742021110066205e-07
3.866141590000000e+04 4.076432970378621e-07
3.866341600000000e+04 1.513195246318981e-07
3.866541610000000e+04 -2.497801696245482e-07
3.866741610000000e+04 -4.117618463932375e-07
3.866941620000000e+04 -1.805885606495598e-07
3.867141630000000e+04 2.238268902580838e-07
3.867341640000000e+04 4.135468509334194e-07
3.867541640000000e+04 2.086679689232015e-07
3.867741650000000e+04 -1.964181626823038e-07
3.867941660000000e+04 -4.130415626849272e-07
3.868141670000000e+04 -2.353674300782635e-07
3.868341670000000e+04 1.677216767092382e-07
3.868541680000000e+04 4.102128721328589e-07
3.868741690000000e+04 2.605926453429458e-07
3.868941700000000e+04 -1.379917083563710e-07
3.869141700000000e+04 -4.049770329657177e-07
3.869341710000000e+04 -2.843062722032892e-07
3.869541720000000e+04 1.075178111896987e-07
3.869741730000000e+04 3.972556493530679e-07
3.869941730000000e+04 3.064648557500065e-07
3.870141740000000e+04 -7.655517326957240e-08
3.870341750000000e+04 -3.870451964101641e-07
3.870541760000000e+04 -3.269588157000836e-07
3.870741760000000e+04 4.527835348867930e-08
3.870941770000000e+04 3.744430231222420e-07
3.871141780000000e+04 3.456040146772546e-07
3.871341790000000e+04 -1.378460554939746e-08
3.871541790000000e+04 -3.596281492465146e-07
3.871741800000000e+04 -3.621765738710512e-07
3.871941810000000e+04 -1.785509144253025e-08
3.872141820000000e+04 3.427956636455678e-07
3.872341820000000e+04 3.764859210587447e-07
3.872541830000000e+04 4.952794001325571e-08
3.872741840000000e+04 -3.240944709998170e-07
3.872941850000000e+04 -3.884273414253967e-07
3.873141850000000e+04 -8.103682874723833e-08
3.873341860000000e+04 3.035939680223739e-07
3.873541870000000e+04 3.979987459524490e-07
3.873741880000000e+04 1.121062236728225e-07
3.873941880000000e+04 -2.813106621197573e-07
3.874141890000000e+04 -4.052570603375090e-07
3.874341900000000e+04 -1.424387339765599e-07
3.874541910000000e+04 2.572675040274466e-07
3.874741910000000e+04 4.102545043507956e-07
3.874941920000000e+04 1.717825355477747e-07
3.875141930000000e+04 -2.315606823713875e-07
3.875341940000000e+04 -4.129779452257371e-07
3.875541940000000e+04 -1.999784855629803e-07
3.875741950000000e+04 2.043844203345429e-07
3.875941960000000e+04 4.133432613293357e-07
3.876141970000000e+04 2.269511744959433e-07
3.876341970000000e+04 -1.760061980469135e-07
3.876541980000000e+04 -4.112323035446956e-07
3.876741990000000e+04 -2.526579956872080e-07
3.876942000000000e+04 1.467008757606310e-07
3.877142000000000e+04 4.065666564038169e-07
3.877342010000000e+04 2.770176346297264e-07
3.877542020000000e+04 -1.166861689958457e-07
3.877742030000000e+04 -3.993583221770234e-07
3.877942030000000e+04 -2.998716439486754e-07
3.878142040000000e+04 8.609351789852800e-08
3.878342050000000e+04 3.897228230793002e-07
3.878542060000000e+04 3.209910588205552e-07
3.878742060000000e+04 -5.499487357576896e-08
3.878942070000000e+04 -3.778324252886187e-07
3.879142080000000e+04 -3.401371601297942e-07
3.879342090000000e+04 2.346633786510311e-08
3.879542100000000e+04 3.638500784110317e-07
3.879742100000000e+04 3.571269779475320e-07
3.879942110000000e+04 8.348434406121834e-09
3.880142120000000e+04 -3.478699570020282e-07
3.880342130000000e+04 -3.718799635155411e-07
3.880542130000000e+04 -4.021356866423596e-08
3.880742140000000e+04 3.299130639598376e-07
3.880942150000000e+04 3.844037914032233e-07
3.881142160000000e+04 7.183170186725809e-08
3.881342160000000e+04 -3.099676557884341e-07
3.881542170000000e+04 -3.947420778035325e-07
3.881742180000000e+04 -1.029091877018530e-07
3.881942190000000e+04 2.880621318921818e-07
3.882142190000000e+04 4.029006769184917e-07
3.882342200000000e+04 1.332230466185727e-07
3.882542210000000e+04 -2.643153619355390e-07
3.882742220000000e+04 -4.088117991779238e-07
3.882942220000000e+04 -1.626447179891286e-07
3.883142230000000e+04 2.389446517223673e-07
3.883342240000000e+04 4.123422552982260e-07
3.883542250000000e+04 1.911130477648008e-07
3.883742250000000e+04 -2.122172105237141e-07
3.883942260000000e+04 -4.133567331634429e-07
3.884142270000000e+04 -2.185660488690549e-07
3.884342280000000e+04 1.843805034919081e-07
3.884542280000000e+04 4.117825362524192e-07
3.884742290000000e+04 2.448806482690205e-07
3.884942300000000e+04 -1.556058816246911e-07
3.885142310000000e+04 -4.076540335567588e-07
3.885342310000000e+04 -2.698478169876179e-07
3.885542320000000e+04 1.259843277342130e-07
3.885742330000000e+04 4.010942067772272e-07
3.885942340000000e+04 2.932085791223028e-07
3.886142340000000e+04 -9.557164666631706e-08
3.886342350000000e+04 -3.922594402985773e-07
3.886542360000000e+04 -3.147186410455280e-07
3.886742370000000e+04 6.445943139203886e-08
3.886942370000000e+04 3.812652486666866e-07
3.887142380000000e+04 3.342166780725620e-07
3.887342390000000e+04 -3.282629253329599e-08
3.887542400000000e+04 -3.681513594881233e-07
3.887742400000000e+04 -3.516427314897559e-07
3.887942410000000e+04 9.400691575862026e-10
3.888142420000000e+04 3.528930460478969e-07
3.888342430000000e+04 3.670097696426523e-07
3.888542430000000e+04 3.089153599245578e-08
3.888742440000000e+04 -3.354651349635717e-07
3.888942450000000e+04 -3.803316410812427e-07
3.889142460000000e+04 -6.239443991718088e-08
3.889342460000000e+04 3.159074795686087e-07
3.889542470000000e+04 3.915646301465658e-07
3.889742480000000e+04 9.338024493459326e-08
3.889942490000000e+04 -2.943655659804031e-07
3.890142490000000e+04 -4.005833190340585e-07
3.890342500000000e+04 -1.237504457671181e-07
3.890542510000000e+04 2.710692122688267e-07
3.890742520000000e+04 4.072202016416888e-07
3.890942520000000e+04 1.534458217946584e-07
3.891142530000000e+04 -2.462729497397032e-07
3.891342540000000e+04 -4.113307048245171e-07
3.891542550000000e+04 -1.823773832435731e-07
3.891742550000000e+04 2.201830678717518e-07
3.891942560000000e+04 4.128611387837462e-07
3.892142570000000e+04 2.103738307083017e-07
3.892342580000000e+04 -1.929223737192314e-07
3.892542580000000e+04 -4.118625700184200e-07
3.892742590000000e+04 -2.371847697858298e-07
3.892942600000000e+04 1.645461651534627e-07
3.893142610000000e+04 4.084593575313935e-07
3.893342610000000e+04 2.625305638802818e-07
3.893542620000000e+04 -1.351058045151430e-07
3.893742630000000e+04 -4.027746332682312e-07
3.893942640000000e+04 -2.861790391112259e-07
3.894142640000000e+04 1.047161686521943e-07
3.894342650000000e+04 3.948721377424479e-07
3.894542660000000e+04 3.079928649929018e-07
3.894742670000000e+04 -7.359137232233061e-08
3.894942670000000e+04 -3.847341829696774e-07
3.895142680000000e+04 -3.279329290741671e-07
3.895342690000000e+04 4.202197711446514e-08
3.895542700000000e+04 3.723034013490095e-07
3.895742700000000e+04 3.460024619086961e-07
3.895942710000000e+04 -1.031019759482173e-08
3.896142720000000e+04 -3.575492389215079e-07
3.896342730000000e+04 -3.621788692583354e-07
3.896542730000000e+04 -2.130027928198008e-08
3.896742740000000e+04 3.405338839034955e-07
3.896942750000000e+04 3.763605271910950e-07
3.897142760000000e+04 5.266038081233898e-08
3.897342760000000e+04 -3.214231489185051e-07
3.897542770000000e+04 -3.883743706635800e-07
3.897742780000000e+04 -8.369383481156250e-08
3.897942790000000e+04 3.004502524724459e-07
3.898142790000000e+04 3.980265421698438e-07
3.898342800000000e+04 1.143342687514867e-07
3.898542810000000e+04 -2.778406180038703e-07
3.898742820000000e+04 -4.051808441605451e-07
3.898942820000000e+04 -1.444552674949043e-07
3.899142830000000e+04 2.537523850774911e-07
3.899342840000000e+04 4.098023520985394e-07
3.899542850000000e+04 1.738396862892229e-07
3.899742850000000e+04 -2.282584905131833e-07
3.899942860000000e+04 -4.119581694012290e-07
3.900142870000000e+04 -2.022030987157845e-07
3.900342880000000e+04 2.013890604266120e-07
3.900542880000000e+04 4.117574066768582e-07
3.900742890000000e+04 2.292634355608742e-07
3.900942900000000e+04 -1.732007900935467e-07
3.901142910000000e+04 -4.092822553833627e-07
3.901342910000000e+04 -2.548080840499729e-07
3.901542920000000e+04 1.438393170381677e-07
3.901742930000000e+04 4.045356826521739e-07
3.901942940000000e+04 2.787300747665691e-07
3.902142940000000e+04 -1.135488656336521e-07
3.902342950000000e+04 -3.974517945771906e-07
3.902542960000000e+04 -3.010001444858536e-07
3.902742970000000e+04 8.263016252306025e-08
3.902942970000000e+04 3.879483512456582e-07
3.903142980000000e+04 3.216037897624855e-07
3.903342990000000e+04 -5.136588429022622e-08
3.903543000000000e+04 -3.760051941746249e-07
3.903743000000000e+04 -3.404691769661654e-07
3.903943010000000e+04 1.995925985875737e-08
3.904143020000000e+04 3.617055154082319e-07
3.904343030000000e+04 3.574407963390558e-07
3.904543030000000e+04 1.147830617020124e-08
3.904743040000000e+04 -3.452323255448523e-07
3.904943050000000e+04 -3.723035259139163e-07
3.905143060000000e+04 -4.288466090470307e-08
3.905343060000000e+04 3.268056586154435e-07
3.905543070000000e+04 3.848560681041878e-07
3.905743080000000e+04 7.417388128474483e-08
3.905943090000000e+04 -3.066113957887680e-07
3.906143090000000e+04 -3.949753504579927e-07
3.906343100000000e+04 -1.051779406385346e-07
3.906543110000000e+04 2.847517627894017e-07
3.906743120000000e+04 4.026514728540081e-07
3.906943120000000e+04 1.356372387284123e-07
3.907143130000000e+04 -2.612569735791572e-07
3.907343140000000e+04 -4.079541816469544e-07
3.907543150000000e+04 -1.652487596825595e-07
3.907743150000000e+04 2.361410924888390e-07
3.907943160000000e+04 4.109685092345116e-07
3.908143170000000e+04 1.937390867841402e-07
3.908343180000000e+04 -2.094787556267521e-07
3.908543180000000e+04 -4.117217768141688e-07
3.908743190000000e+04 -2.209275736116409e-07
3.908943200000000e+04 1.814458409721714e-07
3.909143210000000e+04 4.101600746231654e-07
3.909343210000000e+04 2.467323359362431e-07
3.909543220000000e+04 -1.523101339088382e-07
3.909743230000000e+04 -4.061741370443156e-07
3.909943240000000e+04 -2.711271975815318e-07
3.910143240000000e+04 1.223674472731166e-07
3.910343250000000e+04 3.996746561521917e-07
3.910543260000000e+04 2.940648798906567e-07
3.910743270000000e+04 -9.186709621535854e-08
3.910943270000000e+04 -3.906553980077229e-07
3.911143280000000e+04 -3.154222592843531e-07
3.911343290000000e+04 6.096696629012194e-08
3.911543300000000e+04 3.792249183708045e-07
3.911743300000000e+04 3.349910724181635e-07
3.911943310000000e+04 -2.974554163878357e-08
3.912143320000000e+04 -3.655690308988080e-07
3.912343330000000e+04 -3.525312066066220e-07
3.912543330000000e+04 -1.737604920581582e-09
3.912743340000000e+04 3.498832172056112e-07
3.912943350000000e+04 3.678423894834797e-07
3.913143360000000e+04 3.336762303333418e-08
3.913343360000000e+04 -3.323006066163356e-07
3.913543370000000e+04 -3.808277195443366e-07
3.913743380000000e+04 -6.493319821199198e-08
3.913943390000000e+04 3.128696512775646e-07
3.914143390000000e+04 3.914939178328248e-07
3.914343400000000e+04 9.614231382868406e-08
3.914543410000000e+04 -2.915834663056299e-07
3.914743420000000e+04 -3.999062511311630e-07
3.914943420000000e+04 -1.266859266736444e-07
3.915143430000000e+04 2.684553646911432e-07
3.915343440000000e+04 4.061089863445050e-07
3.915543450000000e+04 1.563159735203138e-07
3.915743450000000e+04 -2.435821639269115e-07
3.915943460000000e+04 -4.100727256900547e-07
3.916143470000000e+04 -1.848848685424670e-07
3.916343480000000e+04 2.171709192404745e-07
3.916543480000000e+04 4.116865140228790e-07
3.916743490000000e+04 2.123329059908227e-07
3.916943500000000e+04 -1.894993203200465e-07
3.917143510000000e+04 -4.108146250951870e-07
3.917343510000000e+04 -2.386225589442321e-07
3.917543520000000e+04 1.608434870106600e-07
3.917743530000000e+04 4.073678389438969e-07
3.917943540000000e+04 2.636666309221570e-07
3.918143540000000e+04 -1.314086337215214e-07
3.918343550000000e+04 -4.013654542984663e-07
3.918543560000000e+04 -2.872864499498153e-07
3.918743570000000e+04 1.013068071672785e-07
3.918943570000000e+04 3.929312366192656e-07
3.919143580000000e+04 3.092335286757319e-07
3.919343590000000e+04 -7.059147299961557e-08
3.919543600000000e+04 -3.822446214221237e-07
3.919743600000000e+04 -3.292528019776823e-07
3.919943610000000e+04 3.933207905903143e-08
3.920143620000000e+04 3.694598276145523e-07
3.920343630000000e+04 3.471629765565073e-07
3.920543630000000e+04 -7.678812974762278e-09
3.920743640000000e+04 -3.546537213885233e-07
3.920943650000000e+04 -3.628909634883552e-07
3.921143660000000e+04 -2.411668880326637e-08
3.921343660000000e+04 3.378211226101332e-07
3.921543670000000e+04 3.764574935343177e-07
3.921743680000000e+04 5.574148123226148e-08
3.921943690000000e+04 -3.189333291776464e-07
3.922143690000000e+04 -3.879066333893481e-07
3.922343700000000e+04 -8.689853650322333e-08
3.922543710000000e+04 2.980104424042999e-07
3.922743720000000e+04 3.972350833616013e-07
3.922943720000000e+04 1.173723680176826e-07
3.923143730000000e+04 -2.751798681366247e-07
3.923343740000000e+04 -4.043507496640453e-07
3.923543750000000e+04 -1.470513269250220e-07
3.923743750000000e+04 2.506699260634547e-07
3.923943760000000e+04 4.090989886832595e-07
3.924143770000000e+04 1.758867974710196e-07
3.924343780000000e+04 -2.247557162708464e-07
3.924543780000000e+04 -4.113260028478817e-07
3.924743790000000e+04 -2.038195968001259e-07
3.924943800000000e+04 1.976786226570273e-07
3.925143810000000e+04 4.109598110715802e-07
3.925343810000000e+04 2.307135178347136e-07
3.925543820000000e+04 -1.695934079389900e-07
3.925743830000000e+04 -4.080408202579801e-07
3.925943840000000e+04 -2.563404761881285e-07
3.926143840000000e+04 1.405685839774532e-07
3.926343850000000e+04 4.027038573938521e-07
3.926543860000000e+04 2.804206154167303e-07
3.926743870000000e+04 -1.106454913318501e-07
3.926943870000000e+04 -3.951042618898759e-07
3.927143880000000e+04 -3.027038990092145e-07
3.927343890000000e+04 7.991285495919613e-08
3.927543900000000e+04 3.853466070310864e-07
3.927743900000000e+04 3.230319037600680e-07
3.927943910000000e+04 -4.856067340969700e-08
3.928143920000000e+04 -3.734455144368081e-07
3.928343930000000e+04 -3.413591774221467e-07
3.928543930000000e+04 1.687293851922027e-08
3.928743940000000e+04 3.593546263241516e-07
3.928943950000000e+04 3.577063500123496e-07
3.929143960000000e+04 1.483254872965130e-08
3.929343960000000e+04 -3.430316751011968e-07
3.929543970000000e+04 -3.720864955007533e-07
3.929743980000000e+04 -4.628299862776540e-08
3.929943990000000e+04 3.245180825502029e-07
3.930143990000000e+04 3.844376857235175e-07
3.930344000000000e+04 7.730459792889630e-08
3.930544010000000e+04 -3.039673534220423e-07
3.930744020000000e+04 -3.946127644406674e-07
3.930944020000000e+04 -1.078159353325563e-07
3.931144030000000e+04 2.816217554215479e-07
3.931344040000000e+04 4.024201598890562e-07
3.931544050000000e+04 1.377687181166510e-07
3.931744050000000e+04 -2.577367234149118e-07
3.931944060000000e+04 -4.077081006524332e-07
3.932144070000000e+04 -1.670701160273767e-07
3.932344080000000e+04 2.325077533084403e-07
3.932544080000000e+04 4.104235778558387e-07
3.932744090000000e+04 1.955338396902643e-07
3.932944100000000e+04 -2.060350474603648e-07
3.933144110000000e+04 -4.106308557199097e-07
3.933344110000000e+04 -2.228875518735375e-07
3.933544120000000e+04 1.783539628990453e-07
3.933744130000000e+04 4.084597476101175e-07
3.933944140000000e+04 2.488389017621314e-07
3.934144140000000e+04 -1.495033794460125e-07
3.934344150000000e+04 -4.040305102536929e-07
3.934544160000000e+04 -2.731520496419582e-07
3.934744170000000e+04 1.196023534968864e-07
3.934944170000000e+04 3.973865195448706e-07
3.935144180000000e+04 2.957020005551864e-07
3.935344190000000e+04 -8.887793399253328e-08
3.935544200000000e+04 -3.884873316288682e-07
3.935744200000000e+04 -3.164616356061016e-07
3.935944210000000e+04 5.763526196109641e-08
3.936144220000000e+04 3.772514701339783e-07
3.936344230000000e+04 3.354417149019181e-07
3.936544230000000e+04 -2.618194265457912e-08
3.936744240000000e+04 -3.636415915004541e-07
3.936944250000000e+04 -3.526099762479764e-07
3.937144260000000e+04 -5.247461932814188e-09
3.937344260000000e+04 3.477217543935967e-07
3.937544270000000e+04 3.678465854151812e-07
3.937744280000000e+04 3.652169617850121e-08
3.937944290000000e+04 -3.296713547055105e-07
3.938144290000000e+04 -3.809520408988430e-07
3.938344300000000e+04 -6.758150007105721e-08
3.938544310000000e+04 3.097302432100009e-07
3.938744320000000e+04 3.917179325956634e-07
3.938944320000000e+04 9.836665670352817e-08
3.939144330000000e+04 -2.881207761671877e-07
3.939344340000000e+04 -4.000014424244640e-07
3.939544350000000e+04 -1.287428480390423e-07
3.939744350000000e+04 2.649821419623597e-07
3.939944360000000e+04 4.057784296598304e-07
3.940144370000000e+04 1.584736820715323e-07
3.940344380000000e+04 -2.403652913607481e-07
3.940544380000000e+04 -4.091251561447789e-07
3.940744390000000e+04 -1.872573879972547e-07
3.940944400000000e+04 2.142795705649161e-07
3.941144410000000e+04 4.101560212671548e-07
3.941344410000000e+04 2.148013708678712e-07
3.941544420000000e+04 -1.867771486824901e-07
3.941744430000000e+04 -4.089404732160527e-07
3.941944440000000e+04 -2.408998242422723e-07
3.942144440000000e+04 1.580101170244861e-07
3.942344450000000e+04 4.054613472494338e-07
3.942544460000000e+04 2.654584553909855e-07
3.942744470000000e+04 -1.282382433869555e-07
3.942944470000000e+04 -3.996247177092254e-07
3.943144480000000e+04 -2.884618982102108e-07
3.943344490000000e+04 9.777291981830790e-08
3.943544500000000e+04 3.913336163930271e-07
3.943744500000000e+04 3.098957793970474e-07
3.943944510000000e+04 -6.689525526696918e-08
3.944144520000000e+04 -3.805616131142690e-07
3.944344530000000e+04 -3.296766784608924e-07
3.944544530000000e+04 3.579370644382764e-08
3.944744540000000e+04 3.674027715749689e-07
3.944944550000000e+04 3.476241918353211e-07
3.945144560000000e+04 -4.559880379950344e-09
3.945344560000000e+04 -3.520496221767820e-07
3.945544570000000e+04 -3.635035809042465e-07
3.945744580000000e+04 -2.675925114833362e-08
3.945944590000000e+04 3.347270914930165e-07
3.946144590000000e+04 3.770992613461705e-07
3.946344600000000e+04 5.807872151175581e-08
3.946544610000000e+04 -3.156087758270990e-07
3.946744620000000e+04 -3.882932596202930e-07
3.946944620000000e+04 -8.921749025932610e-08
3.947144630000000e+04 2.947766479511865e-07
3.947344640000000e+04 3.970848226434412e-07
3.947544650000000e+04 1.198975088815317e-07
3.947744650000000e+04 -2.722347893413525e-07
3.947944660000000e+04 -4.035554409635531e-07
3.948144670000000e+04 -1.497997589829834e-07
3.948344680000000e+04 2.479842002352067e-07
3.948544680000000e+04 4.077864372215791e-07
3.948744690000000e+04 1.786501086444187e-07
3.948944700000000e+04 -2.220971359477936e-07
3.949144710000000e+04 -4.097909908959310e-07
3.949344710000000e+04 -2.062774864419443e-07
3.949544720000000e+04 1.947621887937759e-07
3.949744730000000e+04 4.094872616808639e-07
3.949944740000000e+04 2.326171413989582e-07
3.950144740000000e+04 -1.662601943062571e-07
3.950344750000000e+04 -4.067453913582441e-07
3.950544760000000e+04 -2.576520546026733e-07
3.950744770000000e+04 1.368931875246132e-07
3.950944770000000e+04 4.014610682061012e-07
3.951144780000000e+04 2.813321061078989e-07
3.951344790000000e+04 -1.069017316363096e-07
3.951544800000000e+04 -3.936329697680881e-07
3.951744800000000e+04 -3.035147572911071e-07
3.951944810000000e+04 7.642495948370112e-08
3.952144820000000e+04 3.833783913337355e-07
3.952344830000000e+04 3.239703994723158e-07
3.952544830000000e+04 -4.551990250512723e-08
3.952744840000000e+04 -3.708943120845693e-07
3.952944850000000e+04 -3.424383349180211e-07
3.953144860000000e+04 1.423619702717595e-08
3.953344860000000e+04 3.563720555835114e-07
3.953544870000000e+04 3.587156744693427e-07
3.953744880000000e+04 1.730742044929828e-08
3.953944890000000e+04 -3.399298209128587e-07
3.954144890000000e+04 -3.727111007783409e-07
3.954344900000000e+04 -4.888378873557445e-08
3.954544910000000e+04 3.215886095764569e-07
3.954744920000000e+04 3.844462834908524e-07
3.954944920000000e+04 8.018231360287933e-08
3.955144930000000e+04 -3.013217892021599e-07
3.955344940000000e+04 -3.939912966416695e-07
3.955544950000000e+04 -1.108855131500052e-07
3.955744950000000e+04 2.791304290495499e-07
3.955944960000000e+04 4.013846343891463e-07
3.956144970000000e+04 1.407490366958888e-07
3.956344980000000e+04 -2.551179383260163e-07
3.956544980000000e+04 -4.065732914604797e-07
3.956744990000000e+04 -1.696416878792376e-07
3.956945000000000e+04 2.295032318375330e-07
3.957145010000000e+04 4.094231411979037e-07
3.957345010000000e+04 1.975193895472232e-07
3.957545020000000e+04 -2.025762218551968e-07
3.957745030000000e+04 -4.097757822412437e-07
3.957945040000000e+04 -2.243509991949643e-07
3.958145040000000e+04 1.746116727672886e-07
3.958345050000000e+04 4.075388709764623e-07
3.958545060000000e+04 2.500386973490650e-07
3.958745070000000e+04 -1.458008423683189e-07
3.958945070000000e+04 -4.027362570514634e-07
3.959145080000000e+04 -2.743845372421986e-07
3.959345090000000e+04 1.162321027201337e-07
3.959545100000000e+04 3.955058454379209e-07
3.959745100000000e+04 2.971159458756149e-07
3.959945110000000e+04 -8.594148096846016e-08
3.960145120000000e+04 -3.860305187995416e-07
3.960345130000000e+04 -3.179672881207966e-07
3.960545130000000e+04 5.499177560470567e-08
3.960745140000000e+04 3.744575132047431e-07
3.960945150000000e+04 3.367566763227092e-07
3.961145160000000e+04 -2.354293203613580e-08
3.961345160000000e+04 -3.608393826109386e-07
3.961545170000000e+04 -3.534252320661539e-07
3.961745180000000e+04 -8.135890653575319e-09
3.961945190000000e+04 3.451475652843100e-07
3.962145190000000e+04 3.680044586526868e-07
3.962345200000000e+04 3.971729580087247e-08
3.962545210000000e+04 -3.273320769996397e-07
3.962745220000000e+04 -3.805418664391809e-07
3.962945220000000e+04 -7.090090164016122e-08
3.963145230000000e+04 3.074112131114133e-07
3.963345240000000e+04 3.910185092427522e-07
3.963545250000000e+04 1.014830340909705e-07
3.963745250000000e+04 -2.855195270748806e-07
3.963945260000000e+04 -3.993203788000669e-07
3.964145270000000e+04 -1.313702578533494e-07
3.964345280000000e+04 2.619003635235649e-07
3.964545280000000e+04 4.052652120183912e-07
3.964745290000000e+04 1.605282500665410e-07
3.964945300000000e+04 -2.368342712124072e-07
3.965145310000000e+04 -4.086877010409416e-07
3.965345310000000e+04 -1.888979047984734e-07
3.965545320000000e+04 2.105562648453851e-07
3.965745330000000e+04 4.095135009531225e-07
3.965945340000000e+04 2.163294621469831e-07
3.966145340000000e+04 -1.831995283609655e-07
3.966345350000000e+04 -4.077962627433963e-07
3.966545360000000e+04 -2.425710202645260e-07
3.966745370000000e+04 1.548107329296809e-07
3.966945370000000e+04 4.036794591558936e-07
3.967145380000000e+04 2.673258378878674e-07
3.967345390000000e+04 -1.254143765876628e-07
3.967545400000000e+04 -3.973203660510810e-07
3.967745400000000e+04 -2.903358348895249e-07
3.967945410000000e+04 9.510041227880658e-08
3.968145420000000e+04 3.888061103065310e-07
3.968345430000000e+04 3.114522610170320e-07
3.968545430000000e+04 -6.407145981362125e-08
3.968745440000000e+04 -3.781283078441471e-07
3.968945450000000e+04 -3.306427972546104e-07
3.969145460000000e+04 3.262886703292048e-08
3.969345460000000e+04 3.652128090791923e-07
3.969545470000000e+04 3.479394695651512e-07
3.969745480000000e+04 -1.100337829376620e-09
3.969945490000000e+04 -3.500066061824945e-07
3.970145490000000e+04 -3.633499101055645e-07
3.970345500000000e+04 -3.024582567806337e-08
3.970545510000000e+04 3.325505054322910e-07
3.970745520000000e+04 3.767953605057608e-07
3.970945520000000e+04 6.125248090873527e-08
3.971145530000000e+04 -3.130120382619105e-07
3.971345540000000e+04 -3.881001252182782e-07
3.971545550000000e+04 -9.185739665283138e-08
3.971745550000000e+04 2.916434798650215e-07
3.971945560000000e+04 3.970540849745069e-07
3.972145570000000e+04 1.220229500091536e-07
3.972345580000000e+04 -2.687024395323507e-07
3.972545580000000e+04 -4.034947877308295e-07
3.972745590000000e+04 -1.516512681691455e-07
3.972945600000000e+04 2.443686277056315e-07
3.973145610000000e+04 4.073777822911017e-07
3.973345610000000e+04 1.805367772051103e-07
3.973545620000000e+04 -2.187200159741849e-07
3.973745630000000e+04 -4.087778116663467e-07
3.973945640000000e+04 -2.083868593937825e-07
3.974145640000000e+04 1.917674504321942e-07
3.974345650000000e+04 4.078343641504583e-07
3.974545660000000e+04 2.348941451339339e-07
3.974745670000000e+04 -1.635414952640732e-07
3.974945670000000e+04 -4.046593937315959e-07
3.975145680000000e+04 -2.598251591207337e-07
3.975345690000000e+04 1.341655289888307e-07
3.975545700000000e+04 3.992777492494857e-07
3.975745700000000e+04 2.830665395036990e-07
3.975945710000000e+04 -1.038830757668374e-07
3.976145720000000e+04 -3.916188118140668e-07
3.976345730000000e+04 -3.046076001941286e-07
3.976545730000000e+04 7.301355859703254e-08
3.976745740000000e+04 3.815824908501680e-07
3.976945750000000e+04 3.244638323255237e-07
3.977145760000000e+04 -4.186841600726825e-08
3.977345760000000e+04 -3.691213309628575e-07
3.977545770000000e+04 -3.425944872541558e-07
3.977745780000000e+04 1.067057363083900e-08
3.977945790000000e+04 3.543086520788178e-07
3.978145790000000e+04 3.588547503743799e-07
3.978345800000000e+04 2.046873857761657e-08
3.978545810000000e+04 -3.373351113619593e-07
3.978745820000000e+04 -3.730224267097429e-07
3.978945820000000e+04 -5.150917878569340e-08
3.979145830000000e+04 3.184502256834161e-07
3.979345840000000e+04 3.848703140534155e-07
3.979545850000000e+04 8.239537045561387e-08
3.979745850000000e+04 -2.978685262567099e-07
3.979945860000000e+04 -3.942567237746802e-07
3.980145870000000e+04 -1.129820552192526e-07
3.980345880000000e+04 2.757109092500063e-07
3.980545880000000e+04 4.011661038519660e-07
3.980745890000000e+04 1.430130220037220e-07
3.980945900000000e+04 -2.520001178680727e-07
3.981145910000000e+04 -4.056892803455016e-07
3.981345910000000e+04 -1.721665664828305e-07
3.981545920000000e+04 2.267285658524490e-07
3.981745930000000e+04 4.079416423066689e-07
3.981945940000000e+04 2.001441416669892e-07
3.982145940000000e+04 -1.999422128895965e-07
3.982345950000000e+04 -4.079820281783460e-07
3.982545960000000e+04 -2.267467288567212e-07
3.982745970000000e+04 1.718048921597763e-07
3.982945970000000e+04 4.057653942676912e-07
3.983145980000000e+04 2.518974600008768e-07
3.983345990000000e+04 -1.425917400030108e-07
3.983546000000000e+04 -4.011741091226033e-07
3.983746000000000e+04 -2.755938658790555e-07
3.983946010000000e+04 1.126252762273160e-07
3.984146020000000e+04 3.940915787121452e-07
3.984346030000000e+04 2.978229695470177e-07
3.984546030000000e+04 -8.218220620250556e-08
3.984746040000000e+04 -3.844929479218658e-07
3.984946050000000e+04 -3.184841583492506e-07
3.985146060000000e+04 5.143439754532833e-08
3.985346060000000e+04 3.724810866814189e-07
3.985546070000000e+04 3.373740588110795e-07
3.985746080000000e+04 -2.045009544069989e-08
3.985946090000000e+04 -3.582628888184792e-07
3.986146090000000e+04 -3.542331197306566e-07
3.986346100000000e+04 -1.073777756003657e-08
3.986546110000000e+04 3.420637953175886e-07
3.986746120000000e+04 3.688382891668014e-07
3.986946120000000e+04 4.204424506692960e-08
3.987146130000000e+04 -3.240464657530765e-07
3.987346140000000e+04 -3.810748786295342e-07
3.987546150000000e+04 -7.327295025819301e-08
3.987746150000000e+04 3.042656917189327e-07
3.987946160000000e+04 3.909577412058048e-07
3.988146170000000e+04 1.041244973134134e-07
3.988346180000000e+04 -2.827026185967756e-07
3.988546180000000e+04 -3.985768719034043e-07
3.988746190000000e+04 -1.342664305140806e-07
3.988946200000000e+04 2.593413160223692e-07
3.989146210000000e+04 4.040126121822449e-07
3.989346210000000e+04 1.634243058314734e-07
3.989546220000000e+04 -2.342578413291816e-07
3.989746230000000e+04 -4.072569084330686e-07
3.989946240000000e+04 -1.914413227736269e-07
3.990146240000000e+04 2.076532296111185e-07
3.990346250000000e+04 4.082030921937565e-07
3.990546260000000e+04 2.182702799557643e-07
3.990746270000000e+04 -1.798242245715855e-07
3.990946270000000e+04 -4.066942827953045e-07
3.991146280000000e+04 -2.439049311217622e-07
3.991346290000000e+04 1.510760858775033e-07
3.991546300000000e+04 4.026185843488568e-07
3.991746300000000e+04 2.682885705379765e-07
3.991946310000000e+04 -1.216397015555179e-07
3.992146320000000e+04 -3.959773818256112e-07
3.992346330000000e+04 -2.912597460498040e-07
3.992546330000000e+04 9.163079902735468e-08
3.992746340000000e+04 3.869033677601252e-07
3.992946350000000e+04 3.125617405394231e-07
3.993146360000000e+04 -6.108580016540911e-08
3.993346360000000e+04 -3.756008298777138e-07
3.993546370000000e+04 -3.319183636292470e-07
3.993746380000000e+04 3.004290979350345e-08
3.993946390000000e+04 3.622592824127883e-07
3.994146390000000e+04 3.491223132858942e-07
3.994346400000000e+04 1.371842846729063e-09
3.994546410000000e+04 -3.469750513380478e-07
3.994746420000000e+04 -3.640948420619444e-07
3.994946420000000e+04 -3.291289163679524e-08
3.995146430000000e+04 3.297442960571312e-07
3.995346440000000e+04 3.768705526244005e-07
3.995546450000000e+04 6.425112110334400e-08
3.995746450000000e+04 -3.105147096508639e-07
3.995946460000000e+04 -3.875276717347246e-07
3.996146470000000e+04 -9.506102362357534e-08
3.996346480000000e+04 2.892814265349719e-07
3.996546480000000e+04 3.960931382969885e-07
3.996746490000000e+04 1.251059772343787e-07
3.996946500000000e+04 -2.661534298478274e-07
3.997146510000000e+04 -4.024925571987985e-07
3.997346510000000e+04 -1.542729110465834e-07
3.997546520000000e+04 2.413666228641562e-07
3.997746530000000e+04 4.065611751993226e-07
3.997946540000000e+04 1.825353371229119e-07
3.998146540000000e+04 -2.152205603640663e-07
3.998346550000000e+04 -4.081242185546487e-07
3.998546560000000e+04 -2.098668843056865e-07
3.998746570000000e+04 1.879889396840296e-07
3.998946570000000e+04 4.070833167775866e-07
3.999146580000000e+04 2.361587267894491e-07
3.999346590000000e+04 -1.598437718298763e-07
3.999546600000000e+04 -4.034746487692440e-07
3.999746600000000e+04 -2.611881707571262e-07
3.999946610000000e+04 1.308502672275010e-07
4.000146620000000e+04 3.974474078473763e-07
4.000346630000000e+04 2.846613996644234e-07
4.000546630000000e+04 -1.010234125922513e-07
4.000746640000000e+04 -3.891914168698953e-07
4.000946650000000e+04 -3.062999624898530e-07
4.001146660000000e+04 7.042312120412105e-08
4.001346660000000e+04 3.788404613354565e-07
4.001546670000000e+04 3.259280428394018e-07
4.001746680000000e+04 -3.922049144508021e-08
4.001946690000000e+04 -3.664249529759015e-07
4.002146690000000e+04 -3.435002767768668e-07
4.002346700000000e+04 7.704625914331457e-09
4.002546710000000e+04 3.518857209041371e-07
4.002746720000000e+04 3.590630915719043e-07
4.002946720000000e+04 2.378259851895047e-08
4.003146730000000e+04 -3.351572250388206e-07
4.003346740000000e+04 -3.726631256270397e-07
4.003546750000000e+04 -5.494009395023593e-08
4.003746750000000e+04 3.162535251790109e-07
4.003946760000000e+04 3.842674948526688e-07
4.004146770000000e+04 8.557886439090122e-08
4.004346780000000e+04 -2.953231015316121e-07
4.004546780000000e+04 -3.937328148156025e-07
4.004746790000000e+04 -1.156259540806984e-07
4.004946800000000e+04 2.726224796029424e-07
4.005146810000000e+04 4.008538549550280e-07
4.005346810000000e+04 1.450617787901922e-07
4.005546820000000e+04 -2.484396310311616e-07
4.005746830000000e+04 -4.054496988038687e-07
4.005946840000000e+04 -1.738264131547337e-07
4.006146840000000e+04 2.229976083384433e-07
4.006346850000000e+04 4.074516925067081e-07
4.006546860000000e+04 2.017523638541374e-07
4.006746870000000e+04 -1.964084936800103e-07
4.006946870000000e+04 -4.069248696351607e-07
4.007146880000000e+04 -2.285644838581093e-07
4.007346890000000e+04 1.686917654283670e-07
4.007546900000000e+04 4.040263074662736e-07
4.007746900000000e+04 2.539461027965134e-07
4.007946910000000e+04 -1.398588997065442e-07
4.008146920000000e+04 -3.989095061029749e-07
4.008346930000000e+04 -2.776366614445854e-07
4.008546930000000e+04 1.100004553179745e-07
4.008746940000000e+04 3.916462622244069e-07
4.008946950000000e+04 2.994974369086564e-07
4.009146960000000e+04 -7.933608492978683e-08
4.009346960000000e+04 -3.821973675155766e-07
4.009546970000000e+04 -3.195141295557422e-07
4.009746980000000e+04 4.818505943694343e-08
4.009946990000000e+04 3.704657174731175e-07
4.010146990000000e+04 3.377275977210564e-07
4.010347000000000e+04 -1.688429739785650e-08
4.010547010000000e+04 -3.563832006567107e-07
4.010747020000000e+04 -3.541413818599579e-07
4.010947020000000e+04 -1.430586157807698e-08
4.011147030000000e+04 3.399976951918205e-07
4.011347040000000e+04 3.686534270598230e-07
4.011547050000000e+04 4.524724189262740e-08
4.011747050000000e+04 -3.214893827055321e-07
4.011947060000000e+04 -3.810623167467189e-07
4.012147070000000e+04 -7.589921365704273e-08
4.012347080000000e+04 3.011246093456397e-07
4.012547080000000e+04 3.911340800287555e-07
4.012747090000000e+04 1.062336743544000e-07
4.012947100000000e+04 -2.791578167126422e-07
4.013147110000000e+04 -3.987030052589894e-07
4.013347110000000e+04 -1.361455604577408e-07
4.013547120000000e+04 2.557536877472142e-07
4.013747130000000e+04 4.037319162036684e-07
4.013947140000000e+04 1.654086070182006e-07
4.014147140000000e+04 -2.309614036259999e-07
4.014347150000000e+04 -4.063123519176744e-07
4.014547160000000e+04 -1.937064183591507e-07
4.014747170000000e+04 2.047707057549733e-07
4.014947170000000e+04 4.065891122494291e-07
4.015147180000000e+04 2.207202338137124e-07
4.015347190000000e+04 -1.772010455485620e-07
4.015547200000000e+04 -4.046680857360011e-07
4.015747200000000e+04 -2.462197875987807e-07
4.015947210000000e+04 1.483857776409866e-07
4.016147220000000e+04 4.005479407413534e-07
4.016347230000000e+04 2.701085252951952e-07
4.016547230000000e+04 -1.185854632323878e-07
4.016747240000000e+04 -3.941315466174327e-07
4.016947250000000e+04 -2.923916358679534e-07
4.017147260000000e+04 8.813557002536982e-08
4.017347260000000e+04 3.852942212130578e-07
4.017547270000000e+04 3.130906846165427e-07
4.017747280000000e+04 -5.734797566232098e-08
4.017947290000000e+04 -3.739860407262867e-07
4.018147290000000e+04 -3.321514156225523e-07
4.018347300000000e+04 2.643213208325071e-08
4.018547310000000e+04 3.602880610060682e-07
4.018747320000000e+04 3.494052895459359e-07
4.018947320000000e+04 4.524961536537556e-09
4.019147330000000e+04 -3.444082595482863e-07
4.019347340000000e+04 -3.646014461434631e-07
4.019547350000000e+04 -3.550092185936253e-08
4.019747350000000e+04 3.266014668701779e-07
4.019947360000000e+04 3.774998546496861e-07
4.020147370000000e+04 6.644516507519412e-08
4.020347380000000e+04 -3.070758325577644e-07
4.020547380000000e+04 -3.879585530185651e-07
4.020747390000000e+04 -9.719875844762748e-08
4.020947400000000e+04 2.859265884576606e-07
4.021147410000000e+04 3.959776799912370e-07
4.021347410000000e+04 1.274823808600051e-07
4.021547420000000e+04 -2.631511159180573e-07
4.021747430000000e+04 -4.016601425647112e-07
4.021947440000000e+04 -1.569556566129571e-07
4.022147440000000e+04 2.387200912908698e-07
4.022347450000000e+04 4.051250437302489e-07
4.022547460000000e+04 1.853146143335192e-07
4.022747470000000e+04 -2.126794902979673e-07
4.022947470000000e+04 -4.064135661333759e-07
4.023147480000000e+04 -2.123718411228905e-07
4.023347490000000e+04 1.852046428097952e-07
4.023547500000000e+04 4.054554026448943e-07
4.023747500000000e+04 2.380693882709271e-07
4.023947510000000e+04 -1.565901744615490e-07
4.024147520000000e+04 -4.021021829817823e-07
4.024347530000000e+04 -2.624194187506264e-07
4.024547530000000e+04 1.271671920221094e-07
4.024747540000000e+04 3.962245663583038e-07
4.024947550000000e+04 2.854070168439892e-07
4.025147560000000e+04 -9.720713985315597e-08
4.025347560000000e+04 -3.877968703259252e-07
4.025547570000000e+04 -3.069144237452414e-07
4.025747580000000e+04 6.685970070097707e-08
4.025947590000000e+04 3.769382108901517e-07
4.026147590000000e+04 3.267094711514841e-07
4.026347600000000e+04 -3.617027696351466e-08
4.026547610000000e+04 -3.638669880971280e-07
4.026747620000000e+04 -3.445117784471607e-07
4.026947630000000e+04 5.155737657352576e-09
4.027147630000000e+04 3.488117185923265e-07
4.027347640000000e+04 3.600886370058495e-07
4.027547650000000e+04 2.609533227981498e-08
4.027747660000000e+04 -3.319165990371999e-07
4.027947660000000e+04 -3.733358196981662e-07
4.028147670000000e+04 -5.736908093152303e-08
4.028347680000000e+04 3.132114409977840e-07
4.028547690000000e+04 3.842830739485155e-07
4.028747690000000e+04 8.834356541583951e-08
4.028947700000000e+04 -2.926481184969856e-07
4.029147710000000e+04 -3.930326278054457e-07
4.029347720000000e+04 -1.186726512304278e-07
4.029547720000000e+04 2.701998881929888e-07
4.029747730000000e+04 3.996579047285983e-07
4.029947740000000e+04 1.480853238322558e-07
4.030147750000000e+04 -2.459449136352133e-07
4.030347750000000e+04 -4.041313906307965e-07
4.030547760000000e+04 -1.764420970190049e-07
4.030747770000000e+04 2.201026943410239e-07
4.030947780000000e+04 4.063141708906695e-07
4.031147780000000e+04 2.037156726005100e-07
4.031347790000000e+04 -1.929842626079427e-07
4.031547800000000e+04 -4.060278517129009e-07
4.031747810000000e+04 -2.299092910073269e-07
4.031947810000000e+04 1.648990001322778e-07
4.032147820000000e+04 4.031493196275045e-07
4.032347830000000e+04 2.549588139781084e-07
4.032547840000000e+04 -1.360617999700138e-07
4.032747840000000e+04 -3.976907237798435e-07
4.032947850000000e+04 -2.786789104282980e-07
4.033147860000000e+04 1.065651829380638e-07
4.033347870000000e+04 3.897984663971312e-07
4.033547870000000e+04 3.007875623877667e-07
4.033747880000000e+04 -7.642081537657831e-08
4.033947890000000e+04 -3.796883761665363e-07
4.034147900000000e+04 -3.209900287199034e-07
4.034347900000000e+04 4.565947632119579e-08
4.034547910000000e+04 3.675412693919359e-07
4.034747920000000e+04 3.390809864860024e-07
4.034947930000000e+04 -1.441503993010906e-08
4.035147930000000e+04 -3.534333851414195e-07
4.035347940000000e+04 -3.549947289759186e-07
4.035547950000000e+04 -1.704521573605909e-08
4.035747960000000e+04 3.373285111648788e-07
4.035947960000000e+04 3.687835649680039e-07
4.036147970000000e+04 4.837282058296973e-08
4.036347980000000e+04 -3.191540811997969e-07
4.036547990000000e+04 -3.805298567321464e-07
4.036747990000000e+04 -7.923614901496167e-08
4.036948000000000e+04 2.988960077918462e-07
4.037148010000000e+04 3.902501726791335e-07
4.037348020000000e+04 1.094100501954150e-07
4.037548020000000e+04 -2.766760290842992e-07
4.037748030000000e+04 -3.978414317464421e-07
4.037948040000000e+04 -1.388022565041813e-07
4.038148050000000e+04 2.527459531524240e-07
4.038348050000000e+04 4.031121580347765e-07
4.038548060000000e+04 1.674050707131306e-07
4.038748070000000e+04 -2.274179628923498e-07
4.038948080000000e+04 -4.058664160584995e-07
4.039148080000000e+04 -1.951956474789200e-07
4.039348090000000e+04 2.009587573470403e-07
4.039548100000000e+04 4.060076603457434e-07
4.039748110000000e+04 2.220504421185326e-07
4.039948110000000e+04 -1.735212749153572e-07
4.040148120000000e+04 -4.035832353217702e-07
4.040348130000000e+04 -2.477218104175864e-07
4.040548140000000e+04 1.451414198049011e-07
4.040748140000000e+04 3.987594159643700e-07
4.040948150000000e+04 2.718911845988905e-07
4.041148160000000e+04 -1.158168522405200e-07
4.041348170000000e+04 -3.917277071062921e-07
4.041548170000000e+04 -2.942720740917306e-07
4.041748180000000e+04 8.560346270643061e-08
4.041948190000000e+04 3.826101850287553e-07
4.042148200000000e+04 3.146955908440407e-07
4.042348200000000e+04 -5.468838266840745e-08
4.042548210000000e+04 -3.714068366013172e-07
4.042748220000000e+04 -3.331352127561525e-07
4.042948230000000e+04 2.338145908198163e-08
4.043148230000000e+04 3.580321800862841e-07
4.043348240000000e+04 3.496508020968712e-07
4.043548250000000e+04 7.960503845812506e-09
4.043748260000000e+04 -3.424003779458277e-07
4.043948260000000e+04 -3.642892358244627e-07
4.044148270000000e+04 -3.903923044913382e-08
4.044348280000000e+04 3.245289051722675e-07
4.044548290000000e+04 3.769970497978244e-07
4.044748290000000e+04 6.968287402698272e-08
4.044948300000000e+04 -3.045788774090410e-07
4.045148310000000e+04 -3.876037008319311e-07
4.045348320000000e+04 -9.984265974924409e-08
4.045548320000000e+04 2.828250678755234e-07
4.045748330000000e+04 3.958754806437446e-07
4.045948340000000e+04 1.295126648567166e-07
4.046148350000000e+04 -2.595581678382731e-07
4.046348350000000e+04 -4.016227185955284e-07
4.046548360000000e+04 -1.586301079391880e-07
4.046748370000000e+04 2.349899341528697e-07
4.046948380000000e+04 4.047810946913141e-07
4.047148380000000e+04 1.870078102380508e-07
4.047348390000000e+04 -2.092036829635666e-07
4.047548400000000e+04 -4.054338864974176e-07
4.047748410000000e+04 -2.143439738752860e-07
4.047948410000000e+04 1.821947779459414e-07
4.048148420000000e+04 4.037486359050422e-07
4.048348430000000e+04 2.403046528852477e-07
4.048548440000000e+04 -1.539585617436239e-07
4.048748440000000e+04 -3.998773553263495e-07
4.048948450000000e+04 -2.646272918673006e-07
4.049148460000000e+04 1.245922236849637e-07
4.049348470000000e+04 3.938681660904885e-07
4.049548470000000e+04 2.871884948726450e-07
4.049748480000000e+04 -9.433259640114614e-08
4.049948490000000e+04 -3.856541762615216e-07
4.050148500000000e+04 -3.079928921833758e-07
4.050348500000000e+04 6.351968236161516e-08
4.050548510000000e+04 3.751091525530617e-07
4.050748520000000e+04 3.270917869950995e-07
4.050948530000000e+04 -3.249692072581768e-08
4.051148530000000e+04 -3.621573944775629e-07
4.051348540000000e+04 -3.444794327057030e-07
4.051548550000000e+04 1.515049379850685e-09
4.051748560000000e+04 3.468517707744650e-07
4.051948560000000e+04 3.600310651277884e-07
4.052148570000000e+04 2.931228432582555e-08
4.052348580000000e+04 -3.293918684706324e-07
4.052548590000000e+04 -3.735137263889221e-07
4.052748590000000e+04 -5.996548663348984e-08
4.052948600000000e+04 3.100547838279928e-07
4.053148610000000e+04 3.846748471967608e-07
4.053348620000000e+04 9.042624162150301e-08
4.053548620000000e+04 -2.890936817729492e-07
4.053748630000000e+04 -3.933434723260186e-07
4.053948640000000e+04 -1.205788721821364e-07
4.054148650000000e+04 2.666499610206944e-07
4.054348650000000e+04 3.994970027743993e-07
4.054548660000000e+04 1.501736934210703e-07
4.054748670000000e+04 -2.427463182965529e-07
4.054948680000000e+04 -4.032424408426203e-07
4.055148680000000e+04 -1.788707544610423e-07
4.055348690000000e+04 2.173461799727487e-07
4.055548700000000e+04 4.047332968590873e-07
4.055748710000000e+04 2.063398834671643e-07
4.055948710000000e+04 -1.904643148922411e-07
4.056148720000000e+04 -4.040620938484868e-07
4.056348730000000e+04 -2.323584864369666e-07
4.056548740000000e+04 1.622431981179202e-07
4.056748740000000e+04 4.012032781103421e-07
4.056948750000000e+04 2.568494531614023e-07
4.057148760000000e+04 -1.329653396048176e-07
4.057348770000000e+04 -3.960259280930662e-07
4.057548770000000e+04 -2.798361495535744e-07
4.057748780000000e+04 1.029803352955762e-07
4.057948790000000e+04 3.883872606912616e-07
4.058148800000000e+04 3.013434145763272e-07
4.058348800000000e+04 -7.260038981546465e-08
4.058548810000000e+04 -3.782319511917296e-07
4.058748820000000e+04 -3.213027597248622e-07
4.058948830000000e+04 4.201514115041078e-08
4.059148830000000e+04 3.656565550594182e-07
4.059348840000000e+04 3.395161995377162e-07
4.059548850000000e+04 -1.128740475681868e-08
4.059748860000000e+04 -3.508841679261839e-07
4.059948860000000e+04 -3.557073856071967e-07
4.060148870000000e+04 -1.958136374536080e-08
4.060348880000000e+04 3.341783866807774e-07
4.060548890000000e+04 3.696209082822090e-07
4.060748890000000e+04 5.054129470273669e-08
4.060948900000000e+04 -3.157334377597228e-07
4.061148910000000e+04 -3.811214709012126e-07
4.061348920000000e+04 -8.141789929038163e-08
4.061548920000000e+04 2.956205578810748e-07
4.061748930000000e+04 3.902247986217032e-07
4.061948940000000e+04 1.119067610946663e-07
4.062148950000000e+04 -2.738045149299759e-07
4.062348950000000e+04 -3.970502644805048e-07
4.062548960000000e+04 -1.416483348996140e-07
4.062748970000000e+04 2.502402568472846e-07
4.062948980000000e+04 4.017156567978382e-07
4.063148980000000e+04 1.703362495986271e-07
4.063348990000000e+04 -2.249717616684172e-07
4.063549000000000e+04 -4.042456049142607e-07
4.063749010000000e+04 -1.977980499586008e-07
4.063949010000000e+04 1.981923923580487e-07
4.064149020000000e+04 4.045365702933334e-07
4.064349030000000e+04 2.239974541264613e-07
4.064549040000000e+04 -1.702148193816634e-07
4.064749040000000e+04 -4.024143525150718e-07
4.064949050000000e+04 -2.489614147177159e-07
4.065149060000000e+04 1.413805226739945e-07
4.065349070000000e+04 3.977330191432307e-07
4.065549070000000e+04 2.726718217146572e-07
4.065749080000000e+04 -1.119496990363507e-07
4.065949090000000e+04 -3.904741784946793e-07
4.066149100000000e+04 -2.949885957210773e-07
4.066349100000000e+04 8.204971922328404e-08
4.066549110000000e+04 3.807715619195222e-07
4.066749120000000e+04 3.156517545544946e-07
4.066949130000000e+04 -5.169751511482472e-08
4.067149130000000e+04 -3.688600583948442e-07
4.067349140000000e+04 -3.343570501730612e-07
4.067549150000000e+04 2.089781262452121e-08
4.067749160000000e+04 3.549654089299906e-07
4.067949160000000e+04 3.508679756502877e-07
4.068149170000000e+04 1.025667779458662e-08
4.068349180000000e+04 -3.392148311297491e-07
4.068549190000000e+04 -3.650911620356278e-07
4.068749190000000e+04 -4.153052614469954e-08
4.068949200000000e+04 3.216044888133057e-07
4.069149210000000e+04 3.770763666184195e-07
4.069349220000000e+04 7.257863302067271e-08
4.069549220000000e+04 -3.020618912472380e-07
4.069749230000000e+04 -3.869356499409448e-07
4.069949240000000e+04 -1.030421622504299e-07
4.070149250000000e+04 2.805459815129130e-07
4.070349250000000e+04 3.947365400103164e-07
4.070549260000000e+04 1.326568646062403e-07
4.070749270000000e+04 -2.571446913956545e-07
4.070949280000000e+04 -4.004242295457328e-07
4.071149280000000e+04 -1.613033551990220e-07
4.071349290000000e+04 2.320945855726599e-07
4.071549300000000e+04 4.038305807895336e-07
4.071749310000000e+04 1.889771280791898e-07
4.071949310000000e+04 -2.057248294826813e-07
4.072149320000000e+04 -4.047508253027663e-07
4.072349330000000e+04 -2.156898372698419e-07
4.072549340000000e+04 1.783438709338220e-07
4.072749340000000e+04 4.030583105544694e-07
4.072949350000000e+04 2.413662462644707e-07
4.073149360000000e+04 -1.501508479615286e-07
4.073349370000000e+04 -3.987744964519937e-07
4.073549370000000e+04 -2.657959229878161e-07
4.073749380000000e+04 1.212075659077140e-07
4.073949390000000e+04 3.920657466326667e-07
4.074149400000000e+04 2.886681601498601e-07
4.074349400000000e+04 -9.150419355682899e-08
4.074549410000000e+04 -3.831554842922182e-07
4.074749420000000e+04 -3.096737253695046e-07
4.074949430000000e+04 6.106241519573480e-08
4.075149430000000e+04 3.722177907470607e-07
4.075349440000000e+04 3.286097717841621e-07
4.075549450000000e+04 -3.002970149783698e-08
4.075749460000000e+04 -3.592998568078974e-07
4.075949460000000e+04 -3.454290231771531e-07
4.076149470000000e+04 -1.304405590728491e-09
4.076349480000000e+04 3.443366393748281e-07
4.076549490000000e+04 3.602014408706210e-07
4.076749490000000e+04 3.257078481057709e-08
4.076949500000000e+04 -3.272299407479910e-07
4.077149510000000e+04 -3.730150188161445e-07
4.077349520000000e+04 -6.343464264342289e-08
4.077549520000000e+04 3.079643553160595e-07
4.077749530000000e+04 3.838695054437392e-07
4.077949540000000e+04 9.368453120578270e-08
4.078149550000000e+04 -2.866728878392486e-07
4.078349550000000e+04 -3.926343065332943e-07
4.078549560000000e+04 -1.232538638154598e-07
4.078749570000000e+04 2.636289123895053e-07
4.078949580000000e+04 3.990852857782283e-07
4.079149580000000e+04 1.521531425025618e-07
4.079349590000000e+04 -2.391533195541761e-07
4.079549600000000e+04 -4.030117338534044e-07
4.079749610000000e+04 -1.803619266539191e-07
4.079949610000000e+04 2.135069894985781e-07
4.080149620000000e+04 4.043174465622639e-07
4.080349630000000e+04 2.077390185779293e-07
4.080549640000000e+04 -1.868155767238367e-07
4.080749640000000e+04 -4.030680086064147e-07
4.080949650000000e+04 -2.340081990797508e-07
4.081149660000000e+04 1.590881112561050e-07
4.081349670000000e+04 3.994445033141330e-07
4.081549670000000e+04 2.588279473227408e-07
4.081749680000000e+04 -1.303006141184295e-07
4.081949690000000e+04 -3.936430418633495e-07
4.082149700000000e+04 -2.819041008393518e-07
4.082349700000000e+04 1.005113771554406e-07
4.082549710000000e+04 3.857659980156661e-07
4.082749720000000e+04 3.030797550236666e-07
4.082949730000000e+04 -6.992387307542335e-08
4.083149730000000e+04 -3.757851855911625e-07
4.083349740000000e+04 -3.223489227424556e-07
4.083549750000000e+04 3.887231847057958e-08
4.083749760000000e+04 3.635816017617769e-07
4.083949760000000e+04 3.397870261876005e-07
4.084149770000000e+04 -7.725975665402797e-09
4.084349780000000e+04 -3.490562094089099e-07
4.084549790000000e+04 -3.554372193139964e-07
4.084749790000000e+04 -2.322073630603476e-08
4.084949800000000e+04 3.322280473257352e-07
4.085149810000000e+04 3.692251986899503e-07
4.085349820000000e+04 5.381898608463867e-08
4.085549820000000e+04 -3.132780944941799e-07
4.085749830000000e+04 -3.809466230225895e-07
4.085949840000000e+04 -8.404411342102197e-08
4.086149850000000e+04 2.924964194724671e-07
4.086349850000000e+04 3.903437086070780e-07
4.086549860000000e+04 1.139057818561436e-07
4.086749870000000e+04 -2.701790219443215e-07
4.086949880000000e+04 -3.972161881899059e-07
4.087149880000000e+04 -1.433345779442925e-07
4.087349890000000e+04 2.465185681475697e-07
4.087549900000000e+04 4.015114113688160e-07
4.087749910000000e+04 1.721202887607815e-07
4.087949910000000e+04 -2.215713353915913e-07
4.088149920000000e+04 -4.033299733695303e-07
4.088349930000000e+04 -1.999337808214753e-07
4.088549940000000e+04 1.953017150780420e-07
4.088749940000000e+04 4.028537792768739e-07
4.088949950000000e+04 2.264237795786533e-07
4.089149960000000e+04 -1.676950984856429e-07
4.089349970000000e+04 -4.002273604042879e-07
4.089549970000000e+04 -2.513298062169871e-07
4.089749980000000e+04 1.388547307493499e-07
4.089949990000000e+04 3.954765495613032e-07
4.090150000000000e+04 2.745465772455553e-07
4.090350000000000e+04 -1.090404111550373e-07
4.090550010000000e+04 -3.884982265264664e-07
4.090750020000000e+04 -2.961003196195642e-07
4.090950030000000e+04 7.861101747388265e-08
4.091150030000000e+04 3.791427331875937e-07
4.091350040000000e+04 3.160517170157723e-07
4.091550050000000e+04 -4.791714832630929e-08
4.091750060000000e+04 -3.673238827138437e-07
4.091950060000000e+04 -3.343848159464209e-07
4.092150070000000e+04 1.719385687803371e-08
4.092350080000000e+04 3.531077919964447e-07
4.092550090000000e+04 3.509457078704781e-07
4.092750090000000e+04 1.346997004926868e-08
4.092950100000000e+04 -3.367114009298449e-07
4.093150110000000e+04 -3.654718964162009e-07
4.093350120000000e+04 -4.408049876707966e-08
4.093550120000000e+04 3.184267192861974e-07
4.093750130000000e+04 3.776896309119564e-07
4.093950140000000e+04 7.462541408222676e-08
4.094150150000000e+04 -2.984989105558218e-07
4.094350150000000e+04 -3.874294351083294e-07
4.094550160000000e+04 -1.049764436551657e-07
4.094750170000000e+04 2.770475858664880e-07
4.094950180000000e+04 3.946834546766731e-07
4.095150180000000e+04 1.348571886480085e-07
4.095350190000000e+04 -2.540603708799327e-07
4.095550200000000e+04 -3.995789914657656e-07
4.095750210000000e+04 -1.639035890640989e-07
4.095950210000000e+04 2.294795726391460e-07
4.096150220000000e+04 4.022744528781089e-07
4.096350230000000e+04 1.917763109245797e-07
4.096550240000000e+04 -2.033129792395688e-07
4.096750240000000e+04 -4.028502327791873e-07
4.096950250000000e+04 -2.182639499204451e-07
4.097150260000000e+04 1.757196069644043e-07
4.097350270000000e+04 4.012479092981288e-07
4.097550270000000e+04 2.433117991664903e-07
4.097750280000000e+04 -1.470027308083646e-07
4.097950290000000e+04 -3.973065066946191e-07
4.098150300000000e+04 -2.669629037395153e-07
4.098350300000000e+04 1.175287194020312e-07
4.098550310000000e+04 3.908607852042582e-07
4.098750320000000e+04 2.892445324314374e-07
4.098950330000000e+04 -8.760431975449559e-08
4.099150330000000e+04 -3.818582431590063e-07
4.099350340000000e+04 -3.100689576178854e-07
4.099550350000000e+04 5.739921436770055e-08
4.099750360000000e+04 3.704098089781167e-07
4.099950360000000e+04 3.292083445068131e-07
4.100150370000000e+04 -2.694534426335531e-08
4.100350380000000e+04 -3.567593112623109e-07
4.100550390000000e+04 -3.463572484431171e-07
4.100750390000000e+04 -3.773550113429852e-09
4.100950400000000e+04 3.411738428516320e-07
4.101150410000000e+04 3.612501301621309e-07
4.101350420000000e+04 3.470862072741737e-08
4.101550420000000e+04 -3.238354604700877e-07
4.101750430000000e+04 -3.737592708944743e-07
4.101950440000000e+04 -6.566463718611803e-08
4.102150450000000e+04 3.047822774931966e-07
4.102350450000000e+04 3.839215033908174e-07
4.102550460000000e+04 9.631081424219704e-08
4.102750470000000e+04 -2.839503577289893e-07
4.102950480000000e+04 -3.918710480812020e-07
4.103150480000000e+04 -1.262684947975801e-07
4.103350490000000e+04 2.612742960027058e-07
4.103550500000000e+04 3.977258408580799e-07
4.103750510000000e+04 1.552325449122390e-07
4.103950510000000e+04 -2.368040694514487e-07
4.104150520000000e+04 -4.014865245321453e-07
4.104350530000000e+04 -1.830483198107675e-07
4.104550540000000e+04 2.107504473588357e-07
4.104750540000000e+04 4.030181262873755e-07
4.104950550000000e+04 2.097048492988699e-07
4.105150560000000e+04 -1.834489038183945e-07
4.105350570000000e+04 -4.021146100742134e-07
4.105550570000000e+04 -2.352433353110409e-07
4.105750580000000e+04 1.552462571612644e-07
4.105950590000000e+04 3.986206519363942e-07
4.106150600000000e+04 2.596399381924566e-07
4.106350600000000e+04 -1.263919826594779e-07
4.106550610000000e+04 -3.925244485356094e-07
4.106750620000000e+04 -2.827300078866484e-07
4.106950630000000e+04 9.698325837011970e-08
4.107150630000000e+04 3.839813294056572e-07
4.107350640000000e+04 3.042213067559944e-07
4.107550650000000e+04 -6.701109063720072e-08
4.107750660000000e+04 -3.732390124308366e-07
4.107950660000000e+04 -3.237887542075758e-07
4.108150670000000e+04 3.646492804620526e-08
4.108350680000000e+04 3.605229442894211e-07
4.108550690000000e+04 3.411931279858528e-07
4.108750690000000e+04 -5.447712569923571e-09
4.108950700000000e+04 -3.459346773350590e-07
4.109150710000000e+04 -3.563576029169618e-07
4.109350720000000e+04 -2.578209360314189e-08
4.109550720000000e+04 3.294393789437038e-07
4.109750730000000e+04 3.693524064178565e-07
4.109950740000000e+04 5.685365435456335e-08
4.110150750000000e+04 -3.109333669574385e-07
4.110350750000000e+04 -3.803014173587475e-07
4.110550760000000e+04 -8.739873176676732e-08
4.110750770000000e+04 2.903687645289832e-07
4.110950780000000e+04 3.892608103294460e-07
4.111150780000000e+04 1.171618243917597e-07
4.111350790000000e+04 -2.678424502716123e-07
4.111550800000000e+04 -3.961488391450785e-07
4.111750810000000e+04 -1.460489847261296e-07
4.111950810000000e+04 2.436149039302430e-07
4.112150820000000e+04 4.007610458493707e-07
4.112350830000000e+04 1.740784291093099e-07
4.112550840000000e+04 -2.180295395654230e-07
4.112750840000000e+04 -4.028716150658686e-07
4.112950850000000e+04 -2.012704939243197e-07
4.113150860000000e+04 1.913955965301670e-07
4.113350870000000e+04 4.023492847810667e-07
4.113550870000000e+04 2.275355787738376e-07
4.113750880000000e+04 -1.638881561461000e-07
4.113950890000000e+04 -3.992325880798521e-07
4.114150900000000e+04 -2.526337774573223e-07
4.114350900000000e+04 1.355401536302131e-07
4.114550910000000e+04 3.937060686850199e-07
4.114750920000000e+04 2.762260129110368e-07
4.114950930000000e+04 -1.063145237184238e-07
4.115150930000000e+04 -3.860041376487838e-07
4.115350940000000e+04 -2.979890866109010e-07
4.115550950000000e+04 7.623000552769814e-08
4.115750960000000e+04 3.762866815819141e-07
4.115950960000000e+04 3.177276703251983e-07
4.116150970000000e+04 -4.544824154595800e-08
4.116350980000000e+04 -3.645735561537925e-07
4.116550990000000e+04 -3.354153317757839e-07
4.116750990000000e+04 1.428618531934477e-08
4.116951000000000e+04 3.507625458653199e-07
4.117151010000000e+04 3.511422381767847e-07
4.117351020000000e+04 1.686865485757037e-08
4.117551020000000e+04 -3.347360925857166e-07
4.117751030000000e+04 -3.649990007372050e-07
4.117951040000000e+04 -4.767886879006870e-08
4.118151050000000e+04 3.164754623107550e-07
4.118351050000000e+04 3.769680413965606e-07
4.118551060000000e+04 7.795317614110998e-08
4.118751070000000e+04 -2.961332124240640e-07
4.118951080000000e+04 -3.868841099325771e-07
4.119151080000000e+04 -1.076510268503853e-07
4.119351090000000e+04 2.740020052691742e-07
4.119551100000000e+04 3.944934161541467e-07
4.119751110000000e+04 1.368041152499609e-07
4.119951110000000e+04 -2.504146057690890e-07
4.120151120000000e+04 -3.995682645913532e-07
4.120351130000000e+04 -1.653907948175232e-07
4.120551140000000e+04 2.256181354768560e-07
4.120751140000000e+04 4.020203625459991e-07
4.120951150000000e+04 1.932490492542311e-07
4.121151160000000e+04 -1.997123097623443e-07
4.121351170000000e+04 -4.019335999510597e-07
4.121551170000000e+04 -2.200717744726737e-07
4.121751180000000e+04 1.726716279116417e-07
4.121951190000000e+04 3.995083787342308e-07
4.122151200000000e+04 2.454938638753410e-07
4.122351200000000e+04 -1.444559897854459e-07
4.122551210000000e+04 -3.949396515733306e-07
4.122751220000000e+04 -2.692170912969984e-07
4.122951230000000e+04 1.151248410805558e-07
4.123151230000000e+04 3.883113605745091e-07
4.123351240000000e+04 2.911003437548279e-07
4.123551250000000e+04 -8.490503110863093e-08
4.123751260000000e+04 -3.795583319144328e-07
4.123951260000000e+04 -3.111613648923291e-07
4.124151270000000e+04 5.415419303756858e-08
4.124351280000000e+04 3.685325611032954e-07
4.124551290000000e+04 3.294906300823344e-07
4.124751290000000e+04 -2.325542100925429e-08
4.124951300000000e+04 -3.551180561351428e-07
4.125151310000000e+04 -3.461267436394775e-07
4.125351320000000e+04 -7.507459653048333e-09
4.125551320000000e+04 3.393440446780107e-07
4.125751330000000e+04 3.609685243484611e-07
4.125951340000000e+04 3.800925633767701e-08
4.126151350000000e+04 -3.214105031402954e-07
4.126351350000000e+04 -3.737784371575201e-07
4.126551360000000e+04 -6.825473818406203e-08
4.126751370000000e+04 3.016277654658906e-07
4.126951380000000e+04 3.842709995188568e-07
4.127151380000000e+04 9.826571799472394e-08
4.127351390000000e+04 -2.802902502240741e-07
4.127551400000000e+04 -3.922417555677718e-07
4.127751410000000e+04 -1.279651132158845e-07
4.127951410000000e+04 2.575728523539047e-07
4.128151420000000e+04 3.976509615460905e-07
4.128351430000000e+04 1.571152865410044e-07
4.128551440000000e+04 -2.334959463515448e-07
4.128751440000000e+04 -4.006221550487145e-07
4.128951450000000e+04 -1.853580303162731e-07
4.129151460000000e+04 2.079974362623652e-07
4.129351470000000e+04 4.013481187444751e-07
4.129551470000000e+04 2.123262243385185e-07
4.129751480000000e+04 -1.810492228230039e-07
4.129951490000000e+04 -3.999670626263895e-07
4.130151500000000e+04 -2.377657049543098e-07
4.130351500000000e+04 1.527685055753396e-07
4.130551510000000e+04 3.964742010548252e-07
4.130751520000000e+04 2.615928209026107e-07
4.130951530000000e+04 -1.234379544798857e-07
4.131151530000000e+04 -3.907328850488524e-07
4.131351540000000e+04 -2.838575453697711e-07
4.131551550000000e+04 9.343906060254452e-08
4.131751560000000e+04 3.825644633170411e-07
4.131951560000000e+04 3.046291165740025e-07
4.132151570000000e+04 -6.312350170020335e-08
4.132351580000000e+04 -3.718802204306614e-07
4.132551590000000e+04 -3.238772594330256e-07
4.132751590000000e+04 3.271029936535604e-08
4.132951600000000e+04 3.587592340735749e-07
4.133151610000000e+04 3.414175069151259e-07
4.133351620000000e+04 -2.256297491790376e-09
4.133551620000000e+04 -3.434425483792819e-07
4.133751630000000e+04 -3.569532624243348e-07
4.133951640000000e+04 -2.826757076965681e-08
