# Time (a.u.)              Hy (a.u.),      x =    0.00000 nm,   y =    0.00000 nm,   z = -500.00000 nm
  0.31035647079022260        0.0000000000000000     
  0.65519699389047004        0.0000000000000000     
   1.0000375169907174        0.0000000000000000     
   1.3448780400909648        0.0000000000000000     
   1.6897185631912122        0.0000000000000000     
   2.0345590862914595        0.0000000000000000     
   2.3793996093917067        0.0000000000000000     
   2.7242401324919543        0.0000000000000000     
   3.0690806555922014        0.0000000000000000     
   3.4139211786924490        0.0000000000000000     
   3.7587617017926962        0.0000000000000000     
   4.1036022248929438        0.0000000000000000     
   4.4484427479931909        0.0000000000000000     
   4.7932832710934381        0.0000000000000000     
   5.1381237941936853        0.0000000000000000     
   5.4829643172939333        0.0000000000000000     
   5.8278048403941805        0.0000000000000000     
   6.1726453634944276        0.0000000000000000     
   6.5174858865946748        0.0000000000000000     
   6.8623264096949228        0.0000000000000000     
   7.2071669327951700        0.0000000000000000     
   7.5520074558954171        0.0000000000000000     
   7.8968479789956643        0.0000000000000000     
   8.2416885020959114        0.0000000000000000     
   8.5865290251961586        0.0000000000000000     
   8.9313695482964075        0.0000000000000000     
   9.2762100713966547        0.0000000000000000     
   9.6210505944969018        0.0000000000000000     
   9.9658911175971490        0.0000000000000000     
   10.310731640697396        0.0000000000000000     
   10.655572163797643        0.0000000000000000     
   11.000412686897890        0.0000000000000000     
   11.345253209998138        0.0000000000000000     
   11.690093733098385        0.0000000000000000     
   12.034934256198634        0.0000000000000000     
   12.379774779298881        0.0000000000000000     
   12.724615302399128        0.0000000000000000     
   13.069455825499375        0.0000000000000000     
   13.414296348599622        0.0000000000000000     
   13.759136871699869        0.0000000000000000     
   14.103977394800117        0.0000000000000000     
   14.448817917900364        0.0000000000000000     
   14.793658441000613        0.0000000000000000     
   15.138498964100860        0.0000000000000000     
   15.483339487201107        0.0000000000000000     
   15.828180010301354        0.0000000000000000     
   16.173020533401601        0.0000000000000000     
   16.517861056501850        0.0000000000000000     
   16.862701579602096        0.0000000000000000     
   17.207542102702345        0.0000000000000000     
   17.552382625802590        0.0000000000000000     
   17.897223148902839        0.0000000000000000     
   18.242063672003084        0.0000000000000000     
   18.586904195103333        0.0000000000000000     
   18.931744718203579        0.0000000000000000     
   19.276585241303827        0.0000000000000000     
   19.621425764404076        0.0000000000000000     
   19.966266287504322        0.0000000000000000     
   20.311106810604571        0.0000000000000000     
   20.655947333704816        0.0000000000000000     
   21.000787856805065        0.0000000000000000     
   21.345628379905310        0.0000000000000000     
   21.690468903005559        0.0000000000000000     
   22.035309426105805        0.0000000000000000     
   22.380149949206054        0.0000000000000000     
   22.724990472306303        0.0000000000000000     
   23.069830995406548        0.0000000000000000     
   23.414671518506797        0.0000000000000000     
   23.759512041607042        0.0000000000000000     
   24.104352564707291        0.0000000000000000     
   24.449193087807537        0.0000000000000000     
   24.794033610907785        0.0000000000000000     
   25.138874134008034        0.0000000000000000     
   25.483714657108280        0.0000000000000000     
   25.828555180208529        0.0000000000000000     
   26.173395703308774        0.0000000000000000     
   26.518236226409023        0.0000000000000000     
   26.863076749509268        0.0000000000000000     
   27.207917272609517        0.0000000000000000     
   27.552757795709763        0.0000000000000000     
   27.897598318810012        0.0000000000000000     
   28.242438841910261        0.0000000000000000     
   28.587279365010506        0.0000000000000000     
   28.932119888110755        0.0000000000000000     
   29.276960411211000        0.0000000000000000     
   29.621800934311249        0.0000000000000000     
   29.966641457411495        0.0000000000000000     
   30.311481980511743        0.0000000000000000     
   30.656322503611989        0.0000000000000000     
   31.001163026712238        0.0000000000000000     
   31.346003549812487        0.0000000000000000     
   31.690844072912732        0.0000000000000000     
   32.035684596012977        0.0000000000000000     
   32.380525119113230        0.0000000000000000     
   32.725365642213475        0.0000000000000000     
   33.070206165313721        0.0000000000000000     
   33.415046688413966        0.0000000000000000     
   33.759887211514219        0.0000000000000000     
   34.104727734614464        0.0000000000000000     
   34.449568257714709        0.0000000000000000     
   34.794408780814962        4.4251206958655417E-317
   35.139249303915207        1.4657752828340789E-305
   35.484089827015453        6.3572057220486168E-296
   35.828930350115698        2.9395545721075338E-287
   36.173770873215950        2.9403746903680888E-279
   36.518611396316196        9.1674463663554333E-272
   36.863451919416441        1.1146808281560298E-264
   37.208292442516694        6.1522578561854643E-258
   37.553132965616939        1.7200404640309629E-251
   37.897973488717184        2.6466956312667428E-245
   38.242814011817430        2.3919394846014240E-239
   38.587654534917682        1.3377355618315836E-233
   38.932495058017928        4.8328869608600762E-228
   39.277335581118173        1.1690787503333348E-222
   39.622176104218418        1.9520941470001773E-217
   39.967016627318671        2.3095597631933794E-212
   40.311857150418916        1.9805251103983155E-207
   40.656697673519162        1.2556883096099870E-202
   41.001538196619414        5.9903235831765920E-198
   41.346378719719660        2.1840225282672025E-193
   41.691219242819905        6.1710654139084167E-189
   42.036059765920150        1.3683872613446448E-184
   42.380900289020403        2.4084121897655162E-180
   42.725740812120648        3.3993845912210230E-176
   43.070581335220893        3.8841686124098249E-172
   43.415421858321146        3.6237573482522937E-168
   43.760262381421391        2.7823618307206236E-164
   44.105102904521637        1.7710124662215739E-160
   44.449943427621882        9.4081140342040616E-157
   44.794783950722135        4.1972092590219783E-153
   45.139624473822380        1.5816358781060520E-149
   45.484464996922625        5.0614683858276464E-146
   45.829305520022878        1.3824488420818788E-142
   46.174146043123123        3.2378674874187881E-139
   46.518986566223369        6.5314671859361219E-136
   46.863827089323614        1.1394330562933764E-132
   47.208667612423866        1.7257123556404494E-129
   47.553508135524112        2.2773193186893953E-126
   47.898348658624357        2.6274647815007221E-123
   48.243189181724603        2.6589061282221904E-120
   48.588029704824855        2.3672185975174296E-117
   48.932870227925100        1.8594530610376966E-114
   49.277710751025346        1.2921621437645979E-111
   49.622551274125598        7.9642151372153042E-109
   49.967391797225844        4.3642770691926137E-106
   50.312232320326089        2.1311690347609331E-103
   50.657072843426334        9.2939371844797673E-101
   51.001913366526587        3.6270038880300840E-098
   51.346753889626832        1.2691295857243479E-095
   51.691594412727078        3.9890762388969289E-093
   52.036434935827330        1.1282458912531885E-090
   52.381275458927576        2.8761852511688270E-088
   52.726115982027821        6.6189656404036192E-086
   53.070956505128066        1.3771007404404901E-083
   53.415797028228319        2.5938863778698094E-081
   53.760637551328564        4.4291439782059533E-079
   54.105478074428810        6.8645824741703848E-077
   54.450318597529062        9.6681828460268035E-075
   54.795159120629307        1.2387765613146571E-072
   55.139999643729553        1.4454746540240679E-070
   55.484840166829798        1.5375212110771754E-068
   55.829680689930051        1.4921796062811030E-066
   56.174521213030296        1.3224512892191057E-064
   56.519361736130541        1.0711236902226403E-062
   56.864202259230787        7.9344631958661979E-061
   57.209042782331039        5.3790331561137374E-059
   57.553883305431285        3.3393711133203908E-057
   57.898723828531530        1.8994957266129713E-055
   58.243564351631782        9.9046414450676048E-054
   58.588404874732028        4.7364580293103033E-052
   58.933245397832273        2.0779952815218090E-050
   59.278085920932519        8.3665430999239529E-049
   59.622926444032771        3.0921854655224052E-047
   59.967766967133016        1.0492578291066992E-045
   60.312607490233262        3.2692354593747475E-044
   60.657448013333514        9.3535670182723963E-043
   61.002288536433760        2.4573296788182979E-041
   61.347129059534005        5.9273317031646774E-040
   61.691969582634250        1.3124527639508089E-038
   62.036810105734503        2.6669679587660373E-037
   62.381650628834748        4.9716634332888904E-036
   62.726491151934994        8.4982842908454281E-035
   63.071331675035239        1.3312320251046643E-033
   63.416172198135492        1.9096914131856020E-032
   63.761012721235737        2.5066530050797643E-031
   64.105853244335989        3.0075645357779073E-030
   64.450693767436235        3.2947177633782130E-029
   64.795534290536480        3.2908695005871534E-028
   65.140374813636726        2.9922595441264177E-027
   65.485215336736971        2.4721467129456927E-026
   65.830055859837216        1.8517706138012726E-025
   66.174896382937462        1.2543609189241163E-024
   66.519736906037721        7.6605416950696661E-024
   66.864577429137967        4.2026228772546948E-023
   67.209417952238212        2.0620449170978977E-022
   67.554258475338457        9.0001632070203438E-022
   67.899098998438703        3.4708858569702706E-021
   68.243939521538948        1.1724152470644558E-020
   68.588780044639194        3.4284857515902782E-020
   68.933620567739453        8.5375806965301857E-020
   69.278461090839698        1.7652434741700884E-019
   69.623301613939944        2.9002504010607300E-019
   69.968142137040189        3.4406296806506424E-019
   70.312982660140435        2.0706389270463037E-019
   70.657823183240680       -1.6607011420803981E-019
   71.002663706340925       -5.4645812756605000E-019
   71.347504229441185       -5.0731151906649716E-019
   71.692344752541430        5.8763354549378559E-020
   72.037185275641676        5.7601382917138439E-019
   72.382025798741921        4.1616687802268902E-019
   72.726866321842166       -1.4824561959860046E-019
   73.071706844942412       -3.7087220141781843E-019
   73.416547368042657       -1.9022918703572886E-019
   73.761387891142917        8.0107307507333111E-020
   74.106228414243162        3.7312220072634384E-019
   74.451068937343408        2.6248634512339405E-019
   74.795909460443653       -3.4690478028736724E-019
   75.140749983543898       -3.7426814865019671E-019
   75.485590506644144        2.3548885141407935E-019
   75.830431029744389        4.7209080162116856E-019
   76.175271552844649        4.7692757521204385E-019
   76.520112075944894        1.2982133563446303E-019
   76.864952599045139       -5.2014530405791523E-019
   77.209793122145385       -3.8207918716362967E-019
   77.554633645245630        1.2501755672772909E-019
   77.899474168345876        6.1425638956071774E-019
   78.244314691446121        7.7127640886405672E-019
   78.589155214546381        7.4655659643990814E-020
   78.933995737646626       -2.7214707164157485E-019
   79.278836260746871       -3.6201035845071141E-019
   79.623676783847117       -3.6848840665604572E-019
   79.968517306947362        3.0695389817222690E-020
   80.313357830047607        3.9683381574427429E-019
   80.658198353147853        3.2141625507358033E-019
   81.003038876248112       -4.8208169081041639E-020
   81.347879399348358       -3.1163636740222245E-019
   81.692719922448603       -6.8104737937078569E-019
   82.037560445548849       -3.2429780217222647E-019
   82.382400968649094        8.0587471697689496E-020
   82.727241491749339        4.3958229110634332E-019
   83.072082014849585        1.5760089680030835E-019
   83.416922537949830       -1.6412226523441131E-019
   83.761763061050090       -3.9879191985205511E-019
   84.106603584150335       -7.0839768434455079E-020
   84.451444107250580        4.4904139016875742E-019
   84.796284630350826        2.2503105993584433E-019
   85.141125153451071       -1.2312863045237131E-019
   85.485965676551317       -3.9413228303275638E-019
   85.830806199651562       -4.1782973477571226E-019
   86.175646722751821        1.6375600660068842E-019
   86.520487245852067        8.0750308713629833E-019
   86.865327768952312        3.1969768908026774E-019
   87.210168292052558        6.4614342522488309E-022
   87.555008815152803       -6.6152341100995982E-019
   87.899849338253048       -5.4528834649427217E-019
   88.244689861353294        1.1797223167054525E-019
   88.589530384453553        5.4674785384316737E-019
   88.934370907553799        7.0747830139870579E-019
   89.279211430654044        3.1726717416501088E-019
   89.624051953754289       -6.1275649644221380E-019
   89.968892476854535       -5.9365267320085133E-019
   90.313732999954780       -5.6499846156753008E-019
   90.658573523055026        3.3130217782077083E-019
   91.003414046155285        8.5463113784277676E-019
   91.348254569255531        1.7263815407411765E-019
   91.693095092355776       -1.6255173972993711E-019
   92.037935615456021       -5.4464850171511870E-019
   92.382776138556267       -3.0963493112789039E-019
   92.727616661656512        1.6383553804033969E-019
   93.072457184756757        5.8908264949938371E-019
   93.417297707857017        1.7059357479173740E-019
   93.762138230957262       -2.4476165261605603E-019
   94.106978754057508       -4.6335066685740202E-019
   94.451819277157753       -7.5241438452044117E-020
   94.796659800257999        4.0154882234516917E-019
   95.141500323358244        5.5672799073426186E-019
   95.486340846458489        1.8436161273058081E-019
   95.831181369558749       -6.8415195376708710E-019
   96.176021892658994       -7.5209702224349915E-019
   96.520862415759240       -8.1447333817946540E-020
   96.865702938859485        4.2026325148249239E-019
   97.210543461959730        6.8509812810059571E-019
   97.555383985059976        1.6115325835153367E-019
   97.900224508160221       -3.6950524896433635E-019
   98.245065031260467       -6.8518101603910476E-019
   98.589905554360726       -5.2899236935957202E-019
   98.934746077460971        1.7483412467426966E-019
   99.279586600561217        5.1947817456077099E-019
   99.624427123661462        2.6343950297156406E-020
   99.969267646761708        1.9974864517012286E-020
   100.31410816986195       -2.2395898712211825E-019
   100.65894869296220       -2.0717697128716895E-019
   101.00378921606246        3.5529583907512145E-019
   101.34862973916270        2.7865456431924199E-019
   101.69347026226295        6.5984561198014604E-021
   102.03831078536319       -2.1438394722291837E-020
   102.38315130846344        3.7246345412142392E-020
   102.72799183156368        5.4036414182491762E-020
   103.07283235466393        8.4025436060824053E-020
   103.41767287776419        2.3634918071620502E-020
   103.76251340086444       -1.3627063253516296E-019
   104.10735392396468       -6.2568453215579857E-020
   104.45219444706493       -3.0065494626279387E-019
   104.79703497016517        4.7764244333081377E-020
   105.14187549326542       -3.0497783895488289E-019
   105.48671601636566        5.4470092791847792E-019
   105.83155653946592        2.2517653193273269E-019
   106.17639706256617       -1.5356739521540236E-020
   106.52123758566641        6.5910197744881911E-020
   106.86607810876666       -4.2707084075013772E-019
   107.21091863186690        4.0650529507706026E-020
   107.55575915496715        8.0027020227414757E-020
   107.90059967806739        2.1705550712207959E-019
   108.24544020116765        1.4065518627459281E-019
   108.59028072426790       -3.4364634477363624E-019
   108.93512124736814       -4.3301500828255862E-019
   109.27996177046839       -3.8236512348591426E-020
   109.62480229356864       -1.8702935653328465E-019
   109.96964281666888        1.5845213420772516E-019
   110.31448333976913        2.8680052997168968E-019
   110.65932386286939       -7.7925904033593888E-020
   111.00416438596963       -8.6681231407876664E-020
   111.34900490906988       -2.5005664479295076E-020
   111.69384543217012       -1.4925129958283818E-019
   112.03868595527037        4.5475402643894556E-019
   112.38352647837061       -2.9908355937247819E-020
   112.72836700147086        3.1274373120306627E-020
   113.07320752457110        7.6359427195146778E-020
   113.41804804767136       -4.8197394423573690E-020
   113.76288857077161       -1.7830239564690602E-020
   114.10772909387185       -9.4672037916997268E-021
   114.45256961697210       -4.2567187193088538E-020
   114.79741014007234       -2.6777412261498065E-020
   115.14225066317259       -3.2062773475321501E-019
   115.48709118627283       -2.7920765688077782E-019
   115.83193170937309        4.7928079233124459E-020
   116.17677223247334        2.6696912398622900E-019
   116.52161275557359        2.7977537036170880E-019
   116.86645327867383       -5.7431845320316981E-019
   117.21129380177408       -5.1440961541245983E-019
   117.55613432487432       -1.1883909792596140E-019
   117.90097484797457        8.7906215089601347E-020
   118.24581537107483        7.2582190006083333E-019
   118.59065589417507        2.2562949062595799E-019
   118.93549641727532       -1.3166007125617209E-019
   119.28033694037556       -2.4841598207444494E-019
   119.62517746347581        1.2621740739476496E-019
   119.97001798657605        2.1646395195723427E-019
   120.31485850967630       -1.3671241594004720E-019
   120.65969903277656       -1.1008655789972492E-019
   121.00453955587680       -1.7467481464129975E-019
   121.34938007897705        2.7081576034160993E-019
   121.69422060207729        1.8969697995450255E-019
   122.03906112517754        1.7763807251243685E-019
   122.38390164827779        1.9036168325908381E-019
   122.72874217137803       -1.5940653115133734E-019
   123.07358269447829       -1.9366639555077425E-020
   123.41842321757854        1.9817163528216997E-019
   123.76326374067878        6.7339534111385527E-020
   124.10810426377903        3.3285432126292134E-020
   124.45294478687927        1.0829253346430063E-019
   124.79778530997952       -1.6702114151706082E-019
   125.14262583307976       -2.7166765078253469E-019
   125.48746635618002       -2.5891925773950689E-019
   125.83230687928027       -2.5374482786471649E-019
   126.17714740238051       -6.5695951182457879E-020
   126.52198792548076        1.6625566385933947E-019
   126.86682844858100        2.0176648267218434E-019
   127.21166897168125        9.7258373677326884E-020
   127.55650949478149       -9.4072110028333380E-020
   127.90135001788174       -1.6053472081086616E-019
   128.24619054098198        1.0220312224876917E-019
   128.59103106408224        1.7822414990218748E-019
   128.93587158718248        1.0200166925925994E-019
   129.28071211028274        1.9122002320457758E-019
   129.62555263338299       -1.9769164673887937E-019
   129.97039315648323       -1.0441918082050930E-019
   130.31523367958349       -2.6699809895148469E-019
   130.66007420268372        1.0335108709863534E-019
   131.00491472578398       -1.7677223311511330E-019
   131.34975524888421       -2.9197096458363771E-019
   131.69459577198447       -1.1304754777396706E-019
   132.03943629508473        1.5858025837320551E-019
   132.38427681818496        3.2595809347063056E-019
   132.72911734128522        4.8277096858293955E-019
   133.07395786438545        1.3288183298000060E-019
   133.41879838748571       -2.1687595247214961E-019
   133.76363891058594       -4.3948501655145105E-019
   134.10847943368620        2.6638853798977110E-020
   134.45331995678646        5.5116731362417096E-019
   134.79816047988669        3.6515857706611039E-019
   135.14300100298695        3.0883136359870421E-019
   135.48784152608718       -6.0886336668496816E-019
   135.83268204918744       -3.1182500202170266E-019
   136.17752257228767       -1.1474601094792906E-020
   136.52236309538793        7.2881729764149328E-019
   136.86720361848819        3.4418330807675721E-019
   137.21204414158842        1.9248674600816815E-019
   137.55688466468868       -3.5081692828752077E-019
   137.90172518778891        1.4331394095232863E-019
   138.24656571088917        1.1278931199491111E-019
   138.59140623398940       -1.1537714778834037E-019
   138.93624675708966        7.1073562723446396E-021
   139.28108728018992       -1.9363259673180715E-019
   139.62592780329015       -3.1461195519474184E-019
   139.97076832639041       -8.3975707157258221E-020
   140.31560884949064        8.0275447365034998E-020
   140.66044937259090        4.0387162907081736E-020
   141.00528989569113        2.9824752126021961E-021
   141.35013041879139       -1.1858350206368912E-019
   141.69497094189165       -3.0276801563687454E-019
   142.03981146499189       -2.5704367541855423E-019
   142.38465198809214       -3.8187691285247619E-019
   142.72949251119238       -1.8842535433520263E-020
   143.07433303429264        2.9158186099072582E-019
   143.41917355739287        4.3094723134485491E-019
   143.76401408049313        6.7516779800936961E-020
   144.10885460359339       -2.9212158135460108E-019
   144.45369512669362       -4.4052412789964185E-019
   144.79853564979388       -2.0850285365279644E-019
   145.14337617289411        6.3316112886951288E-020
   145.48821669599437        6.3028005369840004E-019
   145.83305721909460        3.0228673826703673E-019
   146.17789774219486       -6.1640420114165387E-020
   146.52273826529512       -3.5889765209161816E-019
   146.86757878839535       -2.3510464768769622E-019
   147.21241931149561        3.4412033439737014E-020
   147.55725983459584        5.4354916437090005E-019
   147.90210035769610        5.6187050211508268E-019
   148.24694088079633       -3.8916121578762145E-019
   148.59178140389659       -8.3258254925342016E-020
   148.93662192699685        2.7503127220054864E-019
   149.28146245009708        3.6400523442860674E-019
   149.62630297319734        1.6460058219700987E-019
   149.97114349629757        3.3418625530104917E-019
   150.31598401939783       -6.8532692581120941E-019
   150.66082454249806       -4.4875883918780735E-019
   151.00566506559832       -2.8467575166929027E-020
   151.35050558869855        2.0546833565947008E-019
   151.69534611179881        8.8291494695725325E-019
   152.04018663489907        1.9358238637264301E-020
   152.38502715799930       -4.8989680122024384E-019
   152.72986768109956       -7.3388181512812499E-019
   153.07470820419979       -1.8987297863272948E-019
   153.41954872730005        6.1937925834921048E-019
   153.76438925040028        5.0603931116359395E-019
   154.10922977350054        2.5279326837211350E-019
   154.45407029660080       -4.0767303496476428E-019
   154.79891081970104       -1.1009522363581168E-018
   155.14375134280129       -3.9409703665776442E-019
   155.48859186590153        3.2040849309217476E-019
   155.83343238900179        3.2831296293319684E-019
   156.17827291210202        3.7961293272503946E-019
   156.52311343520228       -2.8018954798826361E-019
   156.86795395830254       -9.5784380756501590E-019
   157.21279448140277       -2.8217816184648626E-019
   157.55763500450303        9.9555930211510619E-020
   157.90247552760326        6.3583912036914351E-019
   158.24731605070352        2.5032416251768621E-019
   158.59215657380375       -8.9093121700961649E-020
   158.93699709690401       -4.5321753307529624E-019
   159.28183762000427       -3.3609333968348570E-019
   159.62667814310450       -5.6411976241961772E-020
   159.97151866620476        6.1145573960156855E-019
   160.31635918930499        4.5212760725372718E-019
   160.66119971240525       -2.2338289675129697E-019
   161.00604023550548       -4.8025539922295370E-019
   161.35088075860574       -2.2522828631615725E-019
   161.69572128170600        3.6026758823181642E-019
   162.04056180480623        1.0292434098821305E-018
   162.38540232790649        8.1964168676229268E-019
   162.73024285100672        4.8618882364988092E-020
   163.07508337410698       -8.6586265000463206E-019
   163.41992389720721       -6.9351864159083719E-019
   163.76476442030747        3.6511002320445108E-020
   164.10960494340773        5.6807892581362337E-019
   164.45444546650796        8.5422449867523833E-019
   164.79928598960822       -4.6035907465795610E-020
   165.14412651270845       -7.8907678058852715E-019
   165.48896703580871       -6.4437656083283039E-019
   165.83380755890894       -3.1383479668844658E-019
   166.17864808200920        3.1045771352966750E-019
   166.52348860510946        8.6141223069860674E-019
   166.86832912820969        1.9996818627020651E-019
   167.21316965130995       -6.7258416689654196E-019
   167.55801017441019       -8.5605502205024785E-019
   167.90285069751044       -7.3380067615416340E-019
   168.24769122061068        3.7156547959457589E-019
   168.59253174371094        4.5149484710658777E-019
   168.93737226681120        2.0952491745037085E-019
   169.28221278991143       -5.3785204004125661E-019
   169.62705331301169       -8.2411949679101305E-019
   169.97189383611192       -2.1995241659038454E-020
   170.31673435921218        1.0539703047784560E-018
   170.66157488231241        7.9409670228247967E-019
   171.00641540541267       -6.2359081452883369E-020
   171.35125592851293       -6.5101913705672026E-019
   171.69609645161316       -8.3157353062088221E-019
   172.04093697471342       -2.4707343529915096E-019
   172.38577749781365        7.7686703775636263E-019
   172.73061802091391        1.2452728830100923E-018
   173.07545854401414        3.9634351128313873E-019
   173.42029906711440       -8.1379641037823394E-019
   173.76513959021466       -6.6516790362719816E-019
   174.10998011331489       -3.2585650580103869E-019
   174.45482063641515        9.5167911040151467E-019
   174.79966115951538        1.3169796311582187E-018
   175.14450168261564        8.6387669459568424E-019
   175.48934220571587       -1.9125851646821912E-019
   175.83418272881613       -7.3190232792452232E-019
   176.17902325191639       -4.6290984238925415E-019
   176.52386377501662        2.3374403382390612E-019
   176.86870429811688        7.3146580982307096E-019
   177.21354482121711        5.3730197745200002E-019
   177.55838534431737       -4.2044648879054997E-019
   177.90322586741760       -6.8996005708349549E-019
   178.24806639051786       -2.7654529971599024E-019
   178.59290691361812        4.4312819311119418E-019
   178.93774743671835        6.6583752830906066E-019
   179.28258795981861        2.1672997765548538E-019
   179.62742848291884       -5.2353168784655625E-019
   179.97226900601910       -9.5389554490743455E-019
   180.31710952911934       -9.2402286538947540E-019
   180.66195005221959       -1.1093915192436459E-019
   181.00679057531985        8.3841493499201014E-019
   181.35163109842009       -5.5324710175544328E-020
   181.69647162152035       -9.3291337343396828E-019
   182.04131214462058       -1.3043696816545806E-018
   182.38615266772084       -7.0979222504345928E-019
   182.73099319082107        7.8709049366634312E-019
   183.07583371392133        1.1682713217630484E-018
   183.42067423702156        5.7530873499208431E-019
   183.76551476012182       -6.2489936968591243E-019
   184.11035528322208       -9.4408115202422837E-019
   184.45519580632231       -4.1206501146847766E-019
   184.80003632942257        3.7878987470168789E-019
   185.14487685252280        8.4306019604611215E-019
   185.48971737562306        8.1073077392261107E-019
   185.83455789872329       -9.7580387433661119E-020
   186.17939842182355       -5.2937063273839725E-019
   186.52423894492381       -3.3200732072016207E-019
   186.86907946802404        7.5629697313586100E-019
   187.21391999112430        1.0318639281017554E-018
   187.55876051422453        4.5090064294924311E-019
   187.90360103732479       -1.7799227073986894E-019
   188.24844156042502       -4.7921712480748013E-019
   188.59328208352528        4.7343595335198564E-021
   188.93812260662554        8.9619212369748442E-019
   189.28296312972577        6.9526206068381898E-019
   189.62780365282603        3.8602175638615391E-019
   189.97264417592626       -6.6382851427373525E-019
   190.31748469902652       -5.7313819953609437E-019
   190.66232522212675       -3.4006644773518553E-019
   191.00716574522701        4.2518693548956490E-019
   191.35200626832727        6.3453758115206281E-019
   191.69684679142750        1.5005258846501771E-019
   192.04168731452776       -4.3992452390423190E-019
   192.38652783762799       -9.7930514218449691E-019
   192.73136836072825       -9.6734179336990364E-019
   193.07620888382849       -2.5079089005799861E-019
   193.42104940692874        5.1037294120939636E-019
   193.76588993002900        2.8494208176789987E-019
   194.11073045312924       -3.7658356738021371E-019
   194.45557097622950       -6.1879835193153223E-019
   194.80041149932973       -6.9723505101732194E-019
   195.14525202242999       -1.8545584993995192E-019
   195.49009254553022        5.9920902717985341E-019
   195.83493306863048        5.5181268183153259E-019
   196.17977359173074        3.8369420667151178E-019
   196.52461411483097       -7.1041946845093560E-019
   196.86945463793123       -2.9211094134026114E-019
   197.21429516103146       -1.3248899755407975E-019
   197.55913568413172        9.3747453268984350E-019
   197.90397620723195        6.1749118114402448E-019
   198.24881673033221        1.4757419665587319E-019
   198.59365725343247       -4.0904672587370090E-019
   198.93849777653270       -3.3588843357828431E-019
   199.28333829963296        4.3063788018359417E-019
   199.62817882273319        8.3380070986927850E-019
   199.97301934583345        9.1750264516581926E-019
   200.31785986893368       -1.0650163194583955E-019
   200.66270039203394       -5.8572555944468734E-019
   201.00754091513420       -4.6287035920620742E-019
   201.35238143823443       -1.6653869610557374E-019
   201.69722196133469        5.9241835376744378E-019
   202.04206248443492        6.9311644022008462E-019
   202.38690300753518        5.8730979378514147E-020
   202.73174353063541       -6.8716462959924669E-019
   203.07658405373567       -1.0668349234533268E-018
   203.42142457683593       -5.8874415734477914E-019
   203.76626509993616        6.4652780055138723E-019
   204.11110562303642        4.4096818007594685E-019
   204.45594614613665       -2.6297835087251983E-020
   204.80078666923691       -7.2283116699875963E-019
   205.14562719233714       -8.8807557775558750E-019
   205.49046771543740       -4.7501242276119216E-019
   205.83530823853766        1.9562006338833995E-019
   206.18014876163789        7.5350966383576719E-019
   206.52498928473815        1.3459747760255095E-019
   206.86982980783839       -6.6251392476273248E-019
   207.21467033093865       -8.1384689240109202E-019
   207.55951085403888       -2.7340477248386047E-019
   207.90435137713914        5.1442771405579655E-019
   208.24919190023940        9.8318361686835553E-019
   208.59403242333963        5.3242338318114481E-019
   208.93887294643989       -4.5791117760689492E-019
   209.28371346954012       -6.6797854869372910E-019
   209.62855399264038       -2.7869446361324592E-020
   209.97339451574061        1.0600386964614349E-018
   210.31823503884087        1.3865967782758050E-018
   210.66307556194113        6.6618163657306960E-019
   211.00791608504136       -4.7198538242097495E-019
   211.35275660814162       -1.1439286968681318E-018
   211.69759713124185       -2.6840900298850333E-019
   212.04243765434211        6.2113626836931646E-019
   212.38727817744234        5.4581408334352164E-019
   212.73211870054260        6.6038344265671312E-019
   213.07695922364283       -4.4431655856378228E-019
   213.42179974674309       -1.1284367540941263E-018
   213.76664026984335       -7.3540193627198553E-019
   214.11148079294358        3.6730815646527581E-019
   214.45632131604384        6.4541382170386922E-019
   214.80116183914407        4.5696135965327099E-019
   215.14600236224433       -6.0472906922555393E-019
   215.49084288534456       -1.1837107518603869E-018
   215.83568340844482       -7.2433768934036585E-019
   216.18052393154508        7.0557287649452048E-020
   216.52536445464531        1.0098630690462497E-018
   216.87020497774557       -6.7299567885124223E-021
   217.21504550084580       -6.4745006655704561E-019
   217.55988602394606       -7.3533142410677705E-019
   217.90472654704629       -6.1241248630944242E-019
   218.24956707014655        5.9983628197056920E-019
   218.59440759324681        1.2409421898613120E-018
   218.93924811634704        7.9056998408870006E-019
   219.28408863944730       -2.4426734008672113E-019
   219.62892916254754       -8.5570986129940950E-019
   219.97376968564780       -1.0672420702114504E-018
   220.31861020874803        4.1432567898806031E-019
   220.66345073184829        1.2730621512531584E-018
   221.00829125494855        8.7620597746597404E-019
   221.35313177804878        3.4849110235094600E-019
   221.69797230114904       -1.0294540394086662E-018
   222.04281282424927       -7.2341978406355625E-019
   222.38765334734953        5.5853418877203072E-019
   222.73249387044976        9.2594011390633371E-019
   223.07733439355002        1.0565873034651943E-018
   223.42217491665028       -8.8497520557170796E-020
   223.76701543975051       -8.3914707468784270E-019
   224.11185596285077       -5.9656057424731597E-019
   224.45669648595100       -1.9567662104715530E-020
   224.80153700905126        3.8389160381201589E-019
   225.14637753215149        3.8709285071752841E-019
   225.49121805525175       -6.0494405191189123E-020
   225.83605857835201       -7.8129141793604798E-019
   226.18089910145224       -1.0031126280642821E-018
   226.52573962455250        9.4886170835468666E-020
   226.87058014765273        6.8152173864824416E-019
   227.21542067075299        4.6682413635873929E-019
   227.56026119385322       -5.1818118044971715E-019
   227.90510171695348       -1.2210622767246083E-018
   228.24994224005374       -1.1446811696230580E-018
   228.59478276315397       -4.8702483783637524E-020
   228.93962328625423        1.1428177768682750E-018
   229.28446380935446        7.9099930401354071E-019
   229.62930433245472        3.2526681148597279E-019
   229.97414485555495       -8.2776729891292247E-019
   230.31898537865521       -6.2833032493965633E-019
   230.66382590175547        1.0252799213731092E-019
   231.00866642485570        1.0204993254178338E-018
   231.35350694795596        1.1176574983017594E-018
   231.69834747105619        2.7125862983965884E-019
   232.04318799415645       -6.3082636633518087E-019
   232.38802851725669       -6.3366803810405130E-019
   232.73286904035695        2.4993410315698375E-020
   233.07770956345720        9.4384893210167078E-019
   233.42255008655744        8.4219500859323457E-019
   233.76739060965770        2.1303673918973648E-019
   234.11223113275793       -5.5479810168040726E-019
   234.45707165585819       -3.9387721931153890E-019
   234.80191217895842        1.7313045234370184E-019
   235.14675270205868        5.2034907259397878E-019
   235.49159322515894        7.5078480736642977E-019
   235.83643374825917       -2.2883617706728202E-019
   236.18127427135943       -1.1563474925799810E-018
   236.52611479445966       -1.0503380479773981E-018
   236.87095531755992       -9.9578093088115261E-020
   237.21579584066015        8.1779432308131197E-019
   237.56063636376041        9.0186333230589944E-019
   237.90547688686067        2.0269258842195344E-019
   238.25031740996090       -8.9764442241203613E-019
   238.59515793306116       -1.1419671777073976E-018
   238.93999845616139       -5.4336435548161887E-019
   239.28483897926165        3.7826954031854033E-019
   239.62967950236188        9.7028196993751631E-019
   239.97452002546214        3.6896224173444723E-019
   240.31936054856240       -7.1346063024689382E-019
   240.66420107166263       -1.3856252461499695E-018
   241.00904159476289       -4.9338045772717701E-019
   241.35388211786312        6.9291189830987232E-019
   241.69872264096338        1.0300162499999906E-018
   242.04356316406361        6.9226750499239218E-019
   242.38840368716387       -3.4038021311087675E-019
   242.73324421026410       -1.1710193600736694E-018
   243.07808473336436       -3.9049249840946263E-019
   243.42292525646462        8.1567326387943291E-019
   243.76776577956485        1.1670500359451334E-018
   244.11260630266511        5.8417684860660486E-019
   244.45744682576535       -6.3935273833440919E-019
   244.80228734886560       -1.0115903643825516E-018
   245.14712787196584       -2.1397839528322247E-019
   245.49196839506610        1.1088855475211312E-018
   245.83680891816635        1.6317398424428996E-018
   246.18164944126659        7.1420873008642873E-019
   246.52648996436685       -7.9206861499347671E-019
   246.87133048746708       -1.8970854422665597E-018
   247.21617101056734       -7.5105822342907581E-019
   247.56101153366757        8.1691440575228280E-019
   247.90585205676783        1.5133134116816797E-018
   248.25069257986809        7.4335218555777319E-019
   248.59553310296832       -9.4847338424410868E-019
   248.94037362606858       -1.5386986233477636E-018
   249.28521414916881       -1.1537002004056955E-018
   249.63005467226907        2.3776314449891618E-019
   249.97489519536930        1.4584278997207741E-018
   250.31973571846956        9.8852693800713108E-019
   250.66457624156982       -6.3483545666329291E-019
   251.00941676467005       -1.5035837966900197E-018
   251.35425728777031       -1.0453208686798729E-018
   251.69909781087054        4.0932512749098053E-019
   252.04393833397080        1.0834626931350702E-018
   252.38877885707103        1.6905383103762446E-019
   252.73361938017129       -7.7527027317319268E-019
   253.07845990327155       -1.2711848823464591E-018
   253.42330042637178       -5.5041245817944010E-019
   253.76814094947204        1.1683383704203009E-018
   254.11298147257227        1.3316434445240593E-018
   254.45782199567253        9.5078746463204177E-019
   254.80266251877276       -8.4090382052879697E-019
   255.14750304187302       -1.4328545627348693E-018
   255.49234356497328       -5.7177141052270799E-019
   255.83718408807351        7.4087980016865130E-019
   256.18202461117374        1.7989018705287843E-018
   256.52686513427403        1.3337144463236830E-018
   256.87170565737426       -7.5285634243262187E-019
   257.21654618047450       -1.2751009125514516E-018
   257.56138670357478       -8.4056361045219843E-019
   257.90622722667501        5.7372482864678663E-019
   258.25106774977525        1.9153411002068947E-018
   258.59590827287548        1.1018137849591595E-018
   258.94074879597576       -1.7986437104446067E-019
   259.28558931907600       -1.4185837507531025E-018
   259.63042984217623       -6.3365398984951360E-019
   259.97527036527646        3.0576838287580785E-019
   260.32011088837675        9.3974064571549671E-019
   260.66495141147698        6.1734621876192911E-019
   261.00979193457721       -5.4219406364028178E-019
   261.35463245767750       -9.9383532341305868E-019
   261.69947298077773       -6.7912611376361045E-019
   262.04431350387796        2.9499248995485412E-019
   262.38915402697819        9.2052568177551790E-019
   262.73399455007848        2.8381451519684295E-019
   263.07883507317871       -8.5858512933241700E-019
   263.42367559627894       -1.7440614414858003E-018
   263.76851611937923       -9.2004365654637523E-019
   264.11335664247946        5.7561056155009667E-019
   264.45819716557969        1.3585207929489644E-018
   264.80303768867992        5.0668007232657257E-019
   265.14787821178021       -5.5250634783456016E-019
   265.49271873488044       -1.5366271124781432E-018
   265.83755925798067       -1.2043516760546782E-018
   266.18239978108096        4.5047022177959246E-019
   266.52724030418119        1.2363484126636087E-018
   266.87208082728142        9.0837671641093773E-019
   267.21692135038165       -7.0421041864940823E-020
   267.56176187348194       -1.2186686778848813E-018
   267.90660239658217       -8.2759174458767763E-019
   268.25144291968240       -1.0465116187720664E-019
   268.59628344278269        1.3547085445636411E-018
   268.94112396588292        1.0204397033374055E-018
   269.28596448898315       -1.1638737482857843E-019
   269.63080501208339       -4.5944102229301885E-019
   269.97564553518367       -4.4534142432198232E-019
   270.32048605828390        1.5419821014318001E-019
   270.66532658138414        8.4223572456041728E-019
   271.01016710448442        8.9773548160140390E-019
   271.35500762758465        1.6212327208671767E-019
   271.69984815068489       -9.8397928271208597E-019
   272.04468867378512       -1.4235560679644947E-019
   272.38952919688541        2.1471841044412489E-019
   272.73436971998564        1.2111165595841307E-018
   273.07921024308587        9.2933634999976618E-019
   273.42405076618616       -1.4910194438820037E-019
   273.76889128928639       -7.7862580610094798E-019
   274.11373181238662       -6.3086627010438639E-019
   274.45857233548685        1.5369218463353828E-019
   274.80341285858714        8.5147112713196429E-019
   275.14825338168737        8.3139032262830348E-019
   275.49309390478760       -6.9000538899608377E-020
   275.83793442788789       -1.0336165417886319E-018
   276.18277495098812       -1.1538063959855283E-018
   276.52761547408835       -6.2576165128302606E-019
   276.87245599718858        3.5328236288129894E-019
   277.21729652028887        6.8943002797089328E-019
   277.56213704338910        1.8738909089120685E-019
   277.90697756648933       -6.1860086243544343E-019
   278.25181808958962       -6.2778301970612064E-019
   278.59665861268985       -9.3312991967164300E-019
   278.94149913579008        3.5569225362942893E-019
   279.28633965889031        5.8951751165234566E-019
   279.63118018199060        3.7090287991539907E-019
   279.97602070509083       -5.1969589876004346E-019
   280.32086122819106       -5.4173389093090674E-019
   280.66570175129135        3.1689633613021820E-019
   281.01054227439158        7.4678232386002056E-019
   281.35538279749181        6.9552711150220562E-019
   281.70022332059204        3.2450628080441377E-019
   282.04506384369233       -2.0367586310443588E-019
   282.38990436679256       -6.0939095236656515E-019
   282.73474488989280        6.8478839111524467E-020
   283.07958541299308        5.9594512971207608E-019
   283.42442593609331        1.2847924157919569E-018
   283.76926645919355        2.6728553893998578E-019
   284.11410698229378       -8.1182034148005826E-019
   284.45894750539406       -1.0916523418517372E-018
   284.80378802849430       -1.7022714359182624E-019
   285.14862855159453        7.7299038858315569E-019
   285.49346907469481        1.0730397967501812E-018
   285.83830959779505        6.3173248599313705E-019
   286.18315012089528       -3.7894624366678985E-019
   286.52799064399551       -1.1924082650968923E-018
   286.87283116709580       -6.2641732077168530E-019
   287.21767169019603       -5.1485274401782095E-020
   287.56251221329626        7.5952235199264814E-019
   287.90735273639655        4.8096362185025619E-019
   288.25219325949678       -5.5882606490708902E-019
   288.59703378259701       -5.9806960383473145E-019
   288.94187430569724       -7.7175480907004474E-019
   289.28671482879753        1.6705647571409068E-019
   289.63155535189776        7.2997161199294646E-019
   289.97639587499799        1.2256111058548864E-019
   290.32123639809828       -5.8093040992185570E-019
   290.66607692119851       -4.7856233536371846E-019
   291.01091744429874       -5.6919780674928213E-019
   291.35575796739897        3.1023966418581286E-019
   291.70059849049926        6.1960695624007831E-019
   292.04543901359949        3.2498485662431998E-019
   292.39027953669972       -7.2701886648494949E-019
   292.73512005980001       -9.4755802997393024E-019
   293.07996058290024       -5.9481815722833924E-019
   293.42480110600047        3.8997544464538354E-019
   293.76964162910070        9.7528187725403071E-019
   294.11448215220099        8.6477522203557228E-019
   294.45932267530122       -7.3668292905269263E-020
   294.80416319840145       -6.9936609370776575E-019
   295.14900372150174       -8.4167256080263011E-019
   295.49384424460197        3.2400506473229436E-019
   295.83868476770220        8.9921138362077042E-019
   296.18352529080244        9.5238651321272151E-019
   296.52836581390272        1.9145848816811159E-019
   296.87320633700296       -2.3359741880679199E-019
   297.21804686010319       -7.3235979845009793E-019
   297.56288738320347       -2.5883241193283137E-019
   297.90772790630371        3.4621175650657581E-019
   298.25256842940394        1.0417184739296842E-018
   298.59740895250417        4.7969461240834134E-020
   298.94224947560446       -1.2365603399271595E-019
   299.28708999870469       -9.3598503711632802E-019
   299.63193052180492       -3.1966995049365587E-019
   299.97677104490521        7.8347871366926108E-019
   300.32161156800544        4.8533567036146811E-019
   300.66645209110567        3.4905739115476450E-020
   301.01129261420590       -8.7039824604229764E-019
   301.35613313730619       -9.0881095238048537E-019
   301.70097366040642       -3.9268393918117740E-020
   302.04581418350665        1.3430491695480536E-018
   302.39065470660694        1.8061620157116746E-018
   302.73549522970717        7.8596419387283772E-019
   303.08033575280740        2.6257313974344928E-019
   303.42517627590763        6.0283663639115023E-019
   303.77001679900792        1.8876465791803991E-018
   304.11485732210815        2.7700012311452495E-018
   304.45969784520838        1.8557359078677549E-018
   304.80453836830867       -7.1885778861466254E-019
   305.14937889140890       -6.3816319710285083E-018
   305.49421941450913       -1.5368028489376471E-017
   305.83905993760936       -2.9305784803058043E-017
   306.18390046070965       -5.2854255592556982E-017
   306.52874098380988       -8.9730924708015017E-017
   306.87358150691011       -1.4709096890258504E-016
   307.21842203001040       -2.2922046469241112E-016
   307.56326255311063       -3.4449424385678852E-016
   307.90810307621086       -4.9877442609777076E-016
   308.25294359931110       -6.9846906075091853E-016
   308.59778412241138       -9.4386031363346440E-016
   308.94262464551161       -1.2252579200356460E-015
   309.28746516861185       -1.5139111595873735E-015
   309.63230569171213       -1.7525087204984914E-015
   309.97714621481236       -1.8384241199412165E-015
   310.32198673791260       -1.6040401125133395E-015
   310.66682726101283       -7.9155628018828085E-016
   311.01166778411311        9.8453176831928187E-016
   311.35650830721335        4.2691253703473142E-015
   311.70134883031358        9.8050161706605661E-015
   312.04618935341387        1.8563605251181585E-014
   312.39102987651410        3.1761429631574659E-014
   312.73587039961433        5.0848770664549364E-014
   313.08071092271456        7.7446439150274826E-014
   313.42555144581485        1.1320144393561333E-013
   313.77039196891508        1.5952912399216441E-013
   314.11523249201531        2.1719044174297081E-013
   314.46007301511560        2.8565969949011125E-013
   314.80491353821583        3.6222593507556517E-013
   315.14975406131606        4.4078024948497183E-013
   315.49459458441629        5.1024385360051552E-013
   315.83943510751658        5.5263601378436943E-013
   316.18427563061681        5.4081031116693208E-013
   316.52911615371704        4.3597458906067831E-013
   316.87395667681733        1.8519087959983892E-013
   317.21879719991756       -2.8079635806981794E-013
   317.56363772301779       -1.0489121743333080E-012
   317.90847824611802       -2.2236011812489572E-012
   318.25331876921831       -3.9242648713769102E-012
   318.59815929231854       -6.2792015809999031E-012
   318.94299981541877       -9.4147596456801098E-012
   319.28784033851906       -1.3438327617193416E-011
   319.63268086161929       -1.8413779327931190E-011
   319.97752138471952       -2.4328188082186487E-011
   320.32236190781975       -3.1049039595495446E-011
   320.66720243092004       -3.8271926735563149E-011
   321.01204295402027       -4.5459805467175617E-011
   321.35688347712050       -5.1776421908181508E-011
   321.70172400022074       -5.6018445842466488E-011
   322.04656452332102       -5.6553200333828395E-011
   322.39140504642126       -5.1271440992953913E-011
   322.73624556952149       -3.7567374346374678E-011
   323.08108609262177       -1.2360627538886313E-011
   323.42592661572201        2.7823137519089893E-011
   323.77076713882224        8.6695240617331031E-011
   324.11560766192247        1.6795341974592262E-010
   324.46044818502276        2.7492302631502573E-010
   324.80528870812299        4.1008045693766557E-010
   325.15012923122322        5.7445744037794076E-010
   325.49496975432351        7.6693623084792475E-010
   325.83981027742374        9.8346038399253433E-010
   326.18465080052397        1.2162033140221317E-009
   326.52949132362420        1.4527562992049305E-009
   326.87433184672449        1.6754177399314392E-009
   327.21917236982472        1.8606843276826455E-009
   327.56401289292495        1.9790600271377523E-009
   327.90885341602524        1.9953076250692552E-009
   328.25369393912547        1.8692671840754398E-009
   328.59853446222570        1.5573531336275302E-009
   328.94337498532593        1.0148146508366148E-009
   329.28821550842622        1.9880072039131196E-010
   329.63305603152645       -9.2778847959420237E-010
   329.97789655462668       -2.3917571705455604E-009
   330.32273707772697       -4.2045569288577074E-009
   330.66757760082720       -6.3569912839579388E-009
   331.01241812392743       -8.8140496808630339E-009
   331.35725864702766       -1.1510322446671122E-008
   331.70209917012795       -1.4346512394463226E-008
   332.04693969322818       -1.7187591893009955E-008
   332.39178021632841       -1.9863146308811448E-008
   332.73662073942870       -2.2170387047895862E-008
   333.08146126252893       -2.3880204349347322E-008
   333.42630178562916       -2.4746460160770969E-008
   333.77114230872940       -2.4518498588248316E-008
   334.11598283182968       -2.2956585430543279E-008
   334.46082335492991       -1.9849694890924405E-008
   334.80566387803015       -1.5034762208115915E-008
   335.15050440113043       -8.4162416191059547E-009
   335.49534492423066        1.5421596303108187E-011
   335.84018544733090        1.0167949260709878E-008
   336.18502597043113        2.1835611855343753E-008
   336.52986649353142        3.4693350641636223E-008
   336.87470701663165        4.8297944069436262E-008
   337.21954753973188        6.2097169808404666E-008
   337.56438806283217        7.5447433668498674E-008
   337.90922858593240        8.7639753323758611E-008
   338.25406910903263        9.7933335362956654E-008
   338.59890963213286        1.0559531656394079E-007
   338.94375015523315        1.0994460972711278E-007
   339.28859067833338        1.1039725903377706E-007
   339.63343120143361        1.0651032553242708E-007
   339.97827172453390        9.8021137995479596E-008
   340.32311224763413        8.4878792663487064E-008
   340.66795277073436        6.7265084365828157E-008
   341.01279329383459        4.5602597141511513E-008
   341.35763381693488        2.0548448674946587E-008
   341.70247434003511       -7.0268781665535366E-009
   342.04731486313534       -3.6075137944065499E-008
   342.39215538623563       -6.5418808700678972E-008
   342.73699590933586       -9.3809899351192746E-008
   343.08183643243609       -1.1999565192046659E-007
   343.42667695553632       -1.4278707263442730E-007
   343.77151747863661       -1.6112587292908341E-007
   344.11635800173684       -1.7414537421787435E-007
   344.46119852483707       -1.8122124109653490E-007
   344.80603904793736       -1.8200854003144268E-007
   345.15087957103759       -1.7646252988978005E-007
   345.49572009413782       -1.6484170777380037E-007
   345.84056061723805       -1.4769287078417069E-007
   346.18540114033834       -1.2581921260442002E-007
   346.53024166343857       -1.0023365257673770E-007
   346.87508218653880       -7.2100600115261566E-008
   347.21992270963909       -4.2670110582951010E-008
   347.56476323273932       -1.3208833802418803E-008
   347.90960375583956        1.5067735974394685E-008
   348.25444427893979        4.1057429789470219E-008
   348.59928480204007        6.3824253855411791E-008
   348.94412532514031        8.2638975447905614E-008
   349.28896584824054        9.7005479357237037E-008
   349.63380637134082        1.0667200624364287E-007
   349.97864689444106        1.1162746979005408E-007
   350.32348741754129        1.1208405824663880E-007
   350.66832794064152        1.0844818334510589E-007
   351.01316846374181        1.0128248825018869E-007
   351.35800898684204        9.1262029814810927E-008
   351.70284950994227        7.9127895407368461E-008
   352.04769003304256        6.5641409763288719E-008
   352.39253055614279        5.1541761508269498E-008
   352.73737107924302        3.7509376757499708E-008
   353.08221160234325        2.4136743695284322E-008
   353.42705212544354        1.1907707335889315E-008
   353.77189264854377        1.1855669988444400E-009
   354.11673317164400       -7.7903263192501178E-009
   354.46157369474429       -1.4900315969889586E-008
   354.80641421784452       -2.0133787199734970E-008
   355.15125474094475       -2.3573646471786786E-008
   355.49609526404498       -2.5377588946351198E-008
   355.84093578714527       -2.5757799711077036E-008
   356.18577631024550       -2.4960605693168748E-008
   356.53061683334573       -2.3247374816875573E-008
   356.87545735644602       -2.0877676900809848E-008
   357.22029787954625       -1.8095407869624151E-008
   357.56513840264648       -1.5118263796519146E-008
   357.90997892574671       -1.2130658765143155E-008
   358.25481944884700       -9.2799294846610804E-009
   358.59965997194723       -6.6754725236227069E-009
   358.94450049504746       -4.3903230395038601E-009
   359.28934101814775       -2.4646071639905472E-009
   359.63418154124798       -9.1027888254912390E-010
   359.97902206434821        2.8342202443357594E-010
   360.32386258744845        1.1442924821462904E-009
   360.66870311054873        1.7116840696507848E-009
   361.01354363364896        2.0315319285185100E-009
   361.35838415674920        2.1521078999683344E-009
   361.70322467984948        2.1206146770957560E-009
   362.04806520294972        1.9806533835492355E-009
   362.39290572604995        1.7705286221596531E-009
   362.73774624915018        1.5223046225692837E-009
   363.08258677225047        1.2614935552975933E-009
   363.42742729535070        1.0072408914225649E-009
   363.77226781845093        7.7287043826508279E-010
   364.11710834155122        5.6666015048323440E-010
   364.46194886465145        3.9273597655735345E-010
   364.80678938775168        2.5199147071598278E-010
   365.15162991085191        1.4296322232208847E-010
   365.49647043395220        6.2613942712797630E-011
   365.84131095705243        6.9947735987772826E-012
   366.18615148015266       -2.8224982859520448E-011
   366.53099200325295       -4.7359537350748248E-011
   366.87583252635318       -5.4429161546827894E-011
   367.22067304945341       -5.2987226277979089E-011
   367.56551357255364       -4.6032373342687223E-011
   367.91035409565393       -3.5985915371921209E-011
   368.25519461875416       -2.4715679957607369E-011
   368.60003514185439       -1.3589819959850528E-011
   368.94487566495468       -3.5470016316069636E-012
   369.28971618805491        4.8275341517764585E-012
   369.63455671115514        1.1227571281599774E-011
   369.97939723425537        1.5558074822462409E-011
   370.32423775735566        1.7876641426636515E-011
   370.66907828045589        1.8345265354440818E-011
   371.01391880355612        1.7192248525340164E-011
   371.35875932665641        1.4683295477734783E-011
   371.70359984975664        1.1100406912920569E-011
   372.04844037285687        6.7270162626707870E-012
   372.39328089595710        1.8378767766500072E-012
   372.73812141905739       -3.3076409340391122E-012
   373.08296194215762       -8.4699437246806419E-012
   373.42780246525786       -1.3432151878827245E-011
   373.77264298835814       -1.8002170120450779E-011
   374.11748351145837       -2.2014281193280650E-011
   374.46232403455861       -2.5330467814050138E-011
   374.80716455765884       -2.7841525502264293E-011
   375.15200508075912       -2.9467949094404108E-011
   375.49684560385936       -3.0160509208232243E-011
   375.84168612695959       -2.9900430437128930E-011
   376.18652665005988       -2.8699047086214432E-011
   376.53136717316011       -2.6596871977413182E-011
   376.87620769626034       -2.3662005597552932E-011
   377.22104821936057       -1.9987865981053159E-011
   377.56588874246086       -1.5690250530201462E-011
   377.91072926556109       -1.0903769681489862E-011
   378.25556978866132       -5.7777406604015373E-012
   378.60041031176161       -4.7164240803471363E-013
   378.94525083486184        4.8497460829708636E-012
   379.29009135796207        1.0021378714997213E-011
   379.63493188106230        1.4882989695740335E-011
   379.97977240416259        1.9284011710021761E-011
   380.32461292726282        2.3088195956186757E-011
   380.66945345036305        2.6177806491613585E-011
   381.01429397346328        2.8457242388855999E-011
   381.35913449656357        2.9855986803561120E-011
   381.70397501966380        3.0330778349398794E-011
   382.04881554276403        2.9866949623743198E-011
   382.39365606586432        2.8478875080593304E-011
   382.73849658896455        2.6209528136959352E-011
   383.08333711206478        2.3129147677862350E-011
   383.42817763516501        1.9333067498297907E-011
   383.77301815826530        1.4938762915898342E-011
   384.11785868136553        1.0082221304961354E-011
   384.46269920446576        4.9137293297278089E-012
   384.80753972756605       -4.0677468516831111E-013
   385.15238025066628       -5.7146499020707203E-012
   385.49722077376651       -1.0845649718811552E-011
   385.84206129686675       -1.5641001401439537E-011
   386.18690181996703       -1.9952318826525518E-011
   386.53174234306726       -2.3646196697321501E-011
   386.87658286616750       -2.6608334925529751E-011
   387.22142338926778       -2.8747079302980107E-011
   387.56626391236802       -2.9996254904453353E-011
   387.91110443546825       -3.0317213691597288E-011
   388.25594495856848       -2.9700032769328974E-011
   388.60078548166877       -2.8163816247718575E-011
   388.94562600476900       -2.5756108465177521E-011
   389.29046652786923       -2.2551419895869123E-011
   389.63530705096952       -1.8648922625986515E-011
   389.98014757406975       -1.4169381964529028E-011
   390.32498809716998       -9.2514180457611936E-012
   390.66982862027021       -4.0472174242686725E-012
   391.01466914337050        1.2821809329917183E-012
   391.35950966647073        6.5718621194620689E-012
   391.70435018957096        1.1658142121690629E-011
   392.04919071267125        1.6383631280626207E-011
   392.39403123577148        2.0602107393672346E-011
   392.73887175887171        2.4183036754679242E-011
   393.08371228197194        2.7015616840650322E-011
   393.42855280507223        2.9012201195166602E-011
   393.77339332817246        3.0111014248628252E-011
   394.11823385127269        3.0278060775182775E-011
   394.46307437437298        2.9508178949374284E-011
   394.80791489747321        2.7825199487684099E-011
   395.15275542057344        2.5281208058860471E-011
   395.49759594367367        2.1954933399513011E-011
   395.84243646677396        1.7949309826936215E-011
   396.18727698987419        1.3388291842170195E-011
   396.53211751297442        8.4130206008928110E-012
   396.87695803607471        3.1774548266017475E-012
   397.22179855917494       -2.1563930492335004E-012
   397.56663908227517       -7.4234713085640586E-012
   397.91147960537540       -1.2460795785762721E-011
   398.25632012847569       -1.7112492964945699E-011
   398.60116065157592       -2.1234623825161187E-011
   398.94600117467616       -2.4699636917405835E-011
   399.29084169777644       -2.7400315589614080E-011
   399.63568222087667       -2.9253095387349706E-011
   399.98052274397691       -3.0200649380535668E-011
   400.32536326707714       -3.0213665373486000E-011
   400.67020379017742       -2.9291746876166006E-011
   401.01504431327766       -2.7463429655291011E-011
   401.35988483637789       -2.4785296893965364E-011
   401.70472535947818       -2.1340225601950332E-011
   402.04956588257841       -1.7234827859453060E-011
   402.39440640567864       -1.2596145657259192E-011
   402.73924692877887       -7.5677247391486306E-012
   403.08408745187916       -2.3051661336362722E-012
   403.42892797497939        3.0286823171862642E-012
   403.77376849807962        8.2687698694985535E-012
   404.11860902117991        1.3252946998791073E-011
   404.46344954428014        1.7826985179959475E-011
   404.80829006738037        2.1849347108084116E-011
   405.15313059048060        2.5195569588595670E-011
   405.49797111358089        2.7762112437282311E-011
   405.84281163668112        2.9469562456594607E-011
   406.18765215978135        3.0265090624588647E-011
   406.53249268288164        3.0124087660830244E-011
   406.87733320598187        2.9050922740217375E-011
   407.22217372908210        2.7078811747679473E-011
   407.56701425218233        2.4268787177776754E-011
   407.91185477528262        2.0707809659673482E-011
   408.25669529838285        1.6506076098220363E-011
   408.60153582148308        1.1793609987099493E-011
   408.94637634458337        6.7162384227111052E-012
   409.29121686768360        1.4310775774833927E-012
   409.63605739078383       -3.8983251640909378E-012
   409.98089791388406       -9.1070557665856269E-012
   410.32573843698435       -1.4033936296911608E-011
   410.67057896008458       -1.8526510938215135E-011
   411.01541948318481       -2.2445764577674794E-011
   411.36026000628510       -2.5670424408765791E-011
   411.70510052938533       -2.8100711074608675E-011
   412.04994105248556       -2.9661428263751516E-011
   412.39478157558580       -3.0304287204377538E-011
   412.73962209868608       -3.0009403230775287E-011
   413.08446262178632       -2.8785907855288695E-011
   413.42930314488655       -2.6671669220338563E-011
   413.77414366798683       -2.3732116170143729E-011
   414.11898419108707       -2.0058217063095855E-011
   414.46382471418730       -1.5763663862232463E-011
   414.80866523728753       -1.0981351854549432E-011
   415.15350576038782       -5.8592703422530692E-012
   415.49834628348805       -5.5591875721452663E-013
   415.84318680658828        4.7645937583516223E-012
   416.18802732968857        9.9376297368472436E-012
   416.53286785278880        1.4803114134903139E-011
   416.87770837588903        1.9210491628524545E-011
   417.22254889898926        2.3023383191711453E-011
   417.56738942208955        2.6123808091935881E-011
   417.91222994518978        2.8415831100419760E-011
   418.25707046829001        2.9828534413982269E-011
   418.60191099139030        3.0318210696104518E-011
   418.94675151449053        2.9869713622675133E-011
   419.29159203759076        2.8496928691345545E-011
   419.63643256069099        2.6242343960896216E-011
   419.98127308379128        2.3175731217494604E-011
   420.32611360689151        1.9391991126707652E-011
   420.67095412999174        1.5008212606344230E-011
   421.01579465309203        1.0160052520437663E-011
   421.36063517619226        4.9975373745545760E-012
   421.70547569929249       -3.1958133053965148E-013
   422.05031622239272       -5.6267694144895082E-012
   422.39515674549301       -1.0759800931055522E-011
   422.73999726859324       -1.5559840520235175E-011
   423.08483779169347       -1.9878357139237996E-011
   423.42967831479376       -2.3581723607386042E-011
   423.77451883789399       -2.6555345942233281E-011
   424.11935936099422       -2.8707214156706386E-011
   424.46419988409446       -2.9970746162366687E-011
   424.80904040719474       -3.0306851400946160E-011
   425.15388093029497       -2.9705137677734070E-011
   425.49872145339521       -2.8184229683284517E-011
   425.84356197649549       -2.5791198065635420E-011
   426.18840249959572       -2.2600100452504531E-011
   426.53324302269596       -1.8709688758544797E-011
   426.87808354579619       -1.4240352621685576E-011
   427.22292406889648       -9.3303974189195093E-012
   427.56776459199671       -4.1317596156041281E-012
   427.91260511509694        1.1946910309230900E-012
   428.25744563819723        6.4841319773626497E-012
   428.60228616129746        1.1572885788330757E-011
   428.94712668439769        1.6303487212241851E-011
   429.29196720749792        2.0529554955514447E-011
   429.63680773059821        2.4120321907433366E-011
   429.98164825369844        2.6964679474498506E-011
   430.32648877679867        2.8974618527012715E-011
   430.67132929989896        3.0087948412217446E-011
   431.01616982299919        3.0270225445317151E-011
   431.36101034609942        2.9515816145687716E-011
   431.70585086919965        2.7848073314147214E-011
   432.05069139229994        2.5318610133764106E-011
   432.39553191540017        2.2005705828122525E-011
   432.74037243850040        1.8011882173336743E-011
   433.08521296160069        1.3460727930983174E-011
   433.43005348470092        8.4930790323515134E-012
   433.77489400780115        3.2626572218401690E-012
   434.11973453090138       -2.0686825234817636E-012
   434.46457505400167       -7.3359677382517907E-012
   434.80941557710190       -1.2376205587328065E-011
   435.15425610020213       -1.7033434511120015E-011
   435.49909662330242       -2.1163543221506012E-011
   435.84393714640265       -2.4638733844190238E-011
   436.18877766950288       -2.7351473520703415E-011
   436.53361819260311       -2.9217826258083843E-011
   436.87845871570340       -3.0180045439028727E-011
   437.22329923880363       -3.0208363002449214E-011
   437.56813976190386       -2.9301910513407033E-011
   437.91298028500415       -2.7488744693224366E-011
   438.25782080810438       -2.4824979100834728E-011
   438.60266133120462       -2.1393047913849939E-011
   438.94750185430485       -1.7299154240783213E-011
   439.29234237740513       -1.2669986705699168E-011
   439.63718290050537       -7.6487950646133991E-012
   439.98202342360560       -2.3909579753064504E-012
   440.32686394670588        2.9408243902092941E-012
   440.67170446980612        8.1815651437163417E-012
   441.01654499290635        1.3169094050964558E-011
   441.36138551600658        1.7749078319596653E-011
   441.70622603910687        2.1779797129338937E-011
   442.05106656220710        2.5136527850134330E-011
   442.39590708530733        2.7715405864223291E-011
   442.74074760840756        2.9436637085719629E-011
   443.08558813150785        3.0246965152295426E-011
   443.43042865460808        3.0121322923438117E-011
   443.77526917770831        2.9063603749381142E-011
   444.12010970080860        2.7106545933232030E-011
   444.46495022390883        2.4310716365016924E-011
   444.80979074700906        2.0762635960146727E-011
   445.15463127010929        1.6572103762970604E-011
   445.49947179320958        1.1868795333809542E-011
   445.84431231630981        6.7982536681665537E-012
   446.18915283941004        1.5173861663839341E-012
   446.53399336251033       -3.8103941905784636E-012
   446.87883388561056       -9.0202233980859328E-012
   447.22367440871079       -1.3950888920765429E-011
   447.56851493181102       -1.8449819069281634E-011
   447.91335545491131       -2.2377801917228375E-011
   448.25819597801154       -2.5613293553890614E-011
   448.60303650111177       -2.8056180411520471E-011
   448.94787702421206       -2.9630874410750149E-011
   449.29271754731229       -3.0288656327291321E-011
   449.63755807041252       -3.0009177932701935E-011
   449.98239859351276       -2.8801096897825177E-011
   450.32723911661304       -2.6701803077770309E-011
   450.67207963971327       -2.3776262862489749E-011
   451.01692016281351       -2.0115010655570368E-011
   451.36176068591379       -1.5831346627900214E-011
   451.70660120901402       -1.1057830097259570E-011
   452.05144173211426       -5.9421775994144719E-012
   452.39628225521449       -6.4269169029259611E-013
   452.74112277831478        4.6766406739078128E-012
   453.08596330141501        9.8512180727595973E-012
   453.43080382451524        1.4720919721910544E-011
   453.77564434761553        1.9135059556015607E-011
   454.12048487071576        2.2957051049250471E-011
   454.46532539381599        2.6068632361753113E-011
   454.81016591691622        2.8373526158752091E-011
   455.15500644001651        2.9800418361231692E-011
   455.49984696311674        3.0305165213002721E-011
   455.84468748621697        2.9872155633344936E-011
   456.18952800931726        2.8514798642028573E-011
   456.53436853241749        2.6275107382471195E-011
   456.87920905551772        2.3222393070562426E-011
   457.22404957861795        1.9451127426308589E-011
   457.56889010171824        1.5078011996857383E-011
   457.91373062481847        1.0238370123937296E-011
   458.25857114791870        5.0819559213185220E-012
   458.60341167101899       -2.3167636923211776E-013
   458.94825219411922       -5.5381138337173967E-012
   459.29309271721945       -1.0673168640702075E-011
   459.63793324031968       -1.5477963043596165E-011
   459.98277376341997       -1.9803844911174427E-011
   460.32761428652020       -2.3516984227073063E-011
   460.67245480962043       -2.6502512661348143E-011
   461.01729533272072       -2.8668078765623814E-011
   461.36213585582095       -2.9946701267264517E-011
   461.70697637892118       -3.0298840909254543E-011
   462.05181690202141       -2.9713619406310466E-011
   462.39665742512170       -2.8209154956804304E-011
   462.74149794822193       -2.5831995222898512E-011
   463.08633847132216       -2.2655677232539413E-011
   463.43117899442245       -1.8778446949432433E-011
   463.77601951752268       -1.4320219290797231E-011
   464.12086004062292       -9.4188680316791489E-012
   464.46570056372315       -4.2259617833262988E-012
   464.81054108682343        1.0979269442906110E-012
   465.15538160992367        6.3881805404661253E-012
   465.50022213302390        1.1481229754581124E-011
   465.84506265612418        1.6219600685984622E-011
   466.18990317922442        2.0456783112816770E-011
   466.53474370232465        2.4061750324271429E-011
   466.87958422542488        2.6923010118151605E-011
   467.22442474852517        2.8952040219285479E-011
   467.56926527162540        3.0086024791943263E-011
   467.91410579472563        3.0289789372845219E-011
   468.25894631782592        2.9556893128065326E-011
   468.60378684092615        2.7909824476353662E-011
   468.94862736402638        2.5399316958961037E-011
   469.29346788712661        2.2102787735302640E-011
   469.63830841022690        1.8121955452073083E-011
   469.98314893332713        1.3579709457307587E-011
   470.32798945642736        8.6163264814665926E-012
   470.67282997952765        3.3851479701310602E-012
   471.01767050262788       -1.9521437450147367E-012
   471.36251102572811       -7.2305174639853869E-012
   471.70735154882834       -1.2286678762308671E-011
   472.05219207192863       -1.6964127004984833E-011
   472.39703259502886       -2.1117987173138320E-011
   472.74187311812909       -2.4619505718817380E-011
   473.08671364122938       -2.7360042133973094E-011
   473.43155416432961       -2.9254452810099656E-011
   473.77639468742984       -3.0243743116970434E-011
   474.12123521053007       -3.0296923966944929E-011
   474.46607573363036       -2.9411994979551177E-011
   474.81091625673059       -2.7616035266890616E-011
   475.15575677983082       -2.4964386938529607E-011
   475.50059730293111       -2.1538961493515019E-011
   475.84543782603134       -1.7445715851211305E-011
   476.19027834913157       -1.2811377985807655E-011
   476.53511887223181       -7.7795209384285956E-012
   476.87995939533209       -2.5061068711548113E-012
   477.22479991843232        2.8453589392272195E-012
   477.56964044153256        8.1089148446734662E-012
   477.91448096463284        1.3121304971124271E-011
   478.25932148773308        1.7727063210636377E-011
   478.60416201083331        2.1783353462748143E-011
   478.94900253393354        2.5164412774396270E-011
   479.29384305703383        2.7765465504414987E-011
   479.63868358013406        2.9505975674612790E-011
   479.98352410323429        3.0332146724276609E-011
   480.32836462633458        3.0218577631880419E-011
   480.67320514943481        2.9169039495362734E-011
   481.01804567253504        2.7216338073581428E-011
   481.36288619563527        2.4421275136537777E-011
   481.70772671873556        2.0870738636603228E-011
   482.05256724183579        1.6674986393761493E-011
   482.39740776493602        1.1964207252742527E-011
   482.74224828803631        6.8844691356505808E-012
   483.08708881113654        1.5931785018746056E-012
   483.43192933423677       -3.7458021598861211E-012
   483.77676985733700       -8.9672267494852926E-012
   484.12161038043729       -1.3909582256723117E-011
   484.46645090353752       -1.8420075454581013E-011
   484.81129142663775       -2.2359349319148969E-011
   485.15613194973804       -2.5605777863578926E-011
   485.50097247283827       -2.8059207629513086E-011
   485.84581299593850       -2.9644038852406098E-011
   486.19065351903873       -3.0311543647867755E-011
   486.53549404213902       -3.0041355207315005E-011
   486.88033456523925       -2.8842083858397389E-011
   487.22517508833948       -2.6751042249165701E-011
   487.57001561143977       -2.3833079332932329E-011
   487.91485613454000       -2.0178575154899625E-011
   488.25969665764023       -1.5900644375028133E-011
   488.60453718074046       -1.1131640280278940E-011
   488.94937770384075       -6.0190714215791462E-012
   489.29421822694098       -7.2103989677392429E-013
   489.63905875004122        4.5986351476253554E-012
   489.98389927314150        9.7754793268715748E-012
   490.32873979624173        1.4649442973626526E-011
   490.67358031934197        1.9069842336845951E-011
   491.01842084244220        2.2900019916151647E-011
   491.36326136554248        2.6021563296568130E-011
   491.70810188864272        2.8337971258322793E-011
   492.05294241174295        2.9777634971537443E-011
   492.39778293484324        3.0296053809349924E-011
   492.74262345794347        2.9877215924278717E-011
   493.08746398104370        2.8534096367876044E-011
   493.43230450414393        2.6308255723297851E-011
   493.77714502724422        2.3268558540954687E-011
   494.12198555034445        1.9509047122332437E-011
   494.46682607344468        1.5146030178487805E-011
   494.81166659654497        1.0314491604651362E-011
   495.15650711964520        5.1639115005767186E-012
   495.50134764274543       -1.4635494053864929E-013
   495.84618816584566       -5.4520102612375863E-012
   496.19102868894595       -1.0588897777941128E-011
   496.53586921204618       -1.5398077854959097E-011
   496.88070973514641       -1.9730749658246355E-011
   497.22555025824670       -2.3452853552833450E-011
   497.57039078134693       -2.6449222271854782E-011
   497.91523130444716       -2.8627144755532730E-011
   498.26007182754739       -2.9919233561225374E-011
   498.60491235064768       -3.0285512022642506E-011
   498.94975287374791       -2.9714649778417445E-011
   499.29459339684814       -2.8224315637463353E-011
   499.63943391994843       -2.5860630681941595E-011
   499.98427444304866       -2.2696741781747274E-011
   500.32911496614889       -1.8830556285959849E-011
   500.67395548924912       -1.4381712695287771E-011
   501.01879601234941       -9.4878783432506158E-012
   501.36363653544964       -4.3004896859677434E-012
   501.70847705854987        1.0199322840118365E-012
   502.05331758165016        6.3087516689368415E-012
   502.39815810475039        1.1402311039087780E-011
   502.74299862785062        1.6142997212145138E-011
   503.08783915095086        2.0384117658541030E-011
   503.43267967405114        2.3994438490637617E-011
   503.77752019715138        2.6862245627999481E-011
   504.12236072025161        2.8898803477787175E-011
   504.46720124335184        3.0041099462756450E-011
   504.81204176645213        3.0253792329455198E-011
   505.15688228955236        2.9530308065575632E-011
   505.50172281265259        2.7893041818313609E-011
   505.84656333575288        2.5392664026799342E-011
   506.19140385885311        2.2106553580836128E-011
   506.53624438195334        1.8136401654557614E-011
   506.88108490505357        1.3605065476197154E-011
   507.22592542815386        8.6527687482273303E-012
   507.57076595125409        3.4327590554744290E-012
   507.91560647435432       -1.8934326915070316E-012
   508.26044699745461       -7.1609929062504932E-012
   508.60528752055484       -1.2206921539938156E-011
   508.95012804365507       -1.6875079441119698E-011
   509.29496856675530       -2.1021017238091668E-011
   509.63980908985559       -2.4516446196687575E-011
   509.98464961295582       -2.7253208087329280E-011
   510.32949013605605       -2.9146623718426169E-011
   510.67433065915634       -3.0138108920126412E-011
   511.01917118225657       -3.0196991026559863E-011
   511.36401170535680       -2.9321454148394607E-011
   511.70885222845703       -2.7538598357187294E-011
   512.05369275155726       -2.4903599842040404E-011
   512.39853327465755       -2.1498002930813315E-011
   512.74337379775784       -1.7427196066192985E-011
   513.08821432085801       -1.2817153782988225E-011
   513.43305484395830       -7.8105319823102420E-012
   513.77789536705859       -2.5622593356770858E-012
   514.12273589015876        2.7652599477741449E-012
   514.46757641325905        8.0071686539758522E-012
   514.81241693635934        1.3001261752551943E-011
   515.15725745945952        1.7593003362114749E-011
   515.50209798255980        2.1640309883931778E-011
   515.84693850565998        2.5017945427075797E-011
   516.19177902876027        2.7621397470138670E-011
   516.53661955186055        2.9370110900007128E-011
   516.88146007496073        3.0209979209105326E-011
   517.22630059806102        3.0115020333337931E-011
   517.57114112116130        2.9088180684271593E-011
   517.91598164426148        2.7161241710252783E-011
   518.26082216736177        2.4393838544116109E-011
   518.60566269046205        2.0871612441480938E-011
   518.95050321356223        1.6703560809846155E-011
   519.29534373666252        1.2018665701202559E-011
   519.64018425976280        6.9618994432656130E-012
   519.98502478286298        1.6897431652318565E-012
   520.32986530596327       -3.6346592147389418E-012
   520.67470582906344       -8.8465482403105193E-012
   521.01954635216373       -1.3784647972827664E-011
   521.36438687526402       -1.8296156519864159E-011
   521.70922739836419       -2.2241472901389288E-011
   522.05406792146448       -2.5498515813349543E-011
   522.39890844456477       -2.7966504974829922E-011
   522.74374896766494       -2.9569076653908560E-011
   523.08858949076523       -3.0256647873271883E-011
   523.43343001386552       -3.0007950475658812E-011
   523.77827053696569       -2.8830686472267162E-011
   524.12311106006598       -2.6761292400288030E-011
   524.46795158316627       -2.3863810416702713E-011
   524.81279210626644       -2.0227906839441772E-011
   525.15763262936673       -1.5966098146576444E-011
   525.50247315246691       -1.1210266884634220E-011
   525.84731367556719       -6.1075815760567461E-012
   526.19215419866748       -8.1594241789046022E-013
   526.53699472176766        4.5009044686902260E-012
   526.88183524486794        9.6784337222398846E-012
   527.22667576796823        1.4556431911042374E-011
   527.57151629106841        1.8983956496468176E-011
   527.91635681416869        2.2824005578411527E-011
   528.26119733726898        2.5957756156647994E-011
   528.60603786036916        2.8288243792910013E-011
   528.95087838346944        2.9743360028492501E-011
   529.29571890656973        3.0278083249926311E-011
   529.64055942966991        2.9875875420856740E-011
   529.98539995277019        2.8549188279293279E-011
   530.33024047587037        2.6339083417227656E-011
   530.67508099897066        2.3313957293250650E-011
   531.01992152207094        1.9567426153415066E-011
   531.36476204517112        1.5215428247997540E-011
   531.70960256827141        1.0392635430252003E-011
   532.05444309137170        5.2482905931424837E-012
   532.39928361447187       -5.8417470541553775E-014
   532.74412413757216       -5.3632762120916591E-012
   533.08896466067245       -1.0502132229052796E-011
   533.43380518377262       -1.5315968476024998E-011
   533.77864570687291       -1.9655829946949085E-011
   534.12348622997320       -2.3387425696381211E-011
   534.46832675307337       -2.6395289103793652E-011
   534.81316727617366       -2.8586351946853842E-011
   535.15800779927383       -2.9892817859157079E-011
   535.50284832237412       -3.0274268479367086E-011
   535.84768884547441       -2.9718906859279683E-011
   536.19252936857458       -2.8243925597038825E-011
   536.53736989167487       -2.5894973380375168E-011
   536.88221041477516       -2.2744743160073583E-011
   537.22705093787533       -1.8890721667839249E-011
   537.57189146097562       -1.4452174822042390E-011
   537.91673198407591       -9.5664533498651358E-012
   538.26157250717608       -4.3847450863245762E-012
   538.60641303027637        9.3260438509778793E-013
   538.95125355337655        6.2210548364343450E-012
   539.29609407647683        1.1316958361105639E-011
   539.64093459957712        1.6062629016576841E-011
   539.98577512267730        2.0311220210518518E-011
   540.33061564577758        2.3931265425790117E-011
   540.67545616887787        2.6810751312293552E-011
   541.02029669197805        2.8860580463878351E-011
   541.36513721507833        3.0017330288546305E-011
   541.70997773817862        3.0245212268535198E-011
   542.05481826127880        2.9537181730737237E-011
   542.39965878437908        2.7915155441417658E-011
   542.74449930747937        2.5429333055082467E-011
   543.08933983057955        2.2156642834437789E-011
   543.43418035367984        1.8198361453969522E-011
   543.77902087678001        1.3676979938984461E-011
   544.12386139988030        8.7324115843615766E-012
   544.46870192298059        3.5176647949037331E-012
   544.81354244608076       -1.8058920188818087E-012
   545.15838296918105       -7.0735259413071833E-012
   545.50322349228134       -1.2122233586166745E-011
   545.84806401538151       -1.6795791059906769E-011
   546.19290453848180       -2.0949581434492546E-011
   546.53774506158209       -2.4455074220503337E-011
   546.88258558468226       -2.7203800546199944E-011
   547.22742610778255       -2.9110708260667603E-011
   547.57226663088284       -3.0116796369595808E-011
   547.91710715398301       -3.0190939706349998E-011
   548.26194767708330       -2.9330852219038820E-011
   548.60678820018347       -2.7563155230232138E-011
   548.95162872328376       -2.4942556074219868E-011
   549.29646924638405       -2.1550152238131970E-011
   549.64130976948422       -1.7490924503437717E-011
   549.98615029258451       -1.2890488408457839E-011
   550.33099081568480       -7.8912037063910913E-012
   550.67583133878497       -2.6477726990140844E-012
   551.02067186188526        2.6775500445074271E-012
   551.36551238498555        7.9199773220447107E-012
   551.71035290808572        1.2917287817087723E-011
   552.05519343118601        1.7514846039272544E-011
   552.40003395428630        2.1570387174703188E-011
   552.74487447738647        2.4958419820311985E-011
   553.08971500048676        2.7574110202534762E-011
   553.43455552358694        2.9336525813995072E-011
   553.77939604668722        3.0191135948586639E-011
   554.12423656978751        3.0111503018234539E-011
   554.46907709288769        2.9100097191764347E-011
   554.81391761598798        2.7188222803451024E-011
   555.15875813908826        2.4435048650989739E-011
   555.50359866218844        2.0925776012949135E-011
   555.84843918528873        1.6769002662084587E-011
   556.19327970838901        1.2093360973724403E-011
   556.53812023148919        7.0435364743716167E-012
   556.88296075458948        1.7757959364536493E-012
   557.22780127768976       -3.5468543688026094E-012
   557.57264180078994       -8.7597086712434122E-012
   557.91748232389023       -1.3701460544259344E-011
   558.26232284699040       -1.8219194435794874E-011
   558.60716337009069       -2.2173116930840459E-011
   558.95200389319098       -2.5440882793182918E-011
   559.29684441629115       -2.7921378797607887E-011
   559.64168493939144       -2.9537853150510259E-011
   559.98652546249173       -3.0240292196513044E-011
   560.33136598559190       -3.0006968234268822E-011
   560.67620650869219       -2.8845107802752084E-011
   561.02104703179248       -2.6790672322181164E-011
   561.36588755489265       -2.3907239867322153E-011
   561.71072807799294       -2.0284042530677803E-011
   562.05556860109323       -1.6033200725410741E-011
   562.40040912419340       -1.1286259787836609E-011
   562.74524964729369       -6.1901132260291985E-012
   563.09009017039386       -9.0245981272493251E-013
   563.43493069349415        4.4130772502274755E-012
   563.77977121659444        9.5920153679063223E-012
   564.12461173969461        1.4474097178217751E-011
   564.46945226279490        1.8908253816788118E-011
   564.81429278589519        2.2757277026243894E-011
   565.15913330899537        2.5902066019243830E-011
   565.50397383209565        2.8245315082340204E-011
   565.84881435519594        2.9714519755501888E-011
   566.19365487829612        3.0264226243054929E-011
   566.53849540139640        2.9877429409474281E-011
   566.88333592449669        2.8566105644034119E-011
   567.22817644759687        2.6370840401963399E-011
   567.57301697069715        2.3359569767283386E-011
   567.91785749379733        1.9625482236323837E-011
   568.26269801689762        1.5284132437549320E-011
   568.60753853999790        1.0469863260992816E-011
   568.95237906309808        5.3316514662157646E-012
   569.29721958619837        2.8495523069421511E-014
   569.64206010929865       -5.2755011355425317E-012
   569.98690063239883       -1.0416209822145119E-011
   570.33174115549912       -1.5234558419516729E-011
   570.67658167859940       -1.9581449500657626E-011
   571.02142220169958       -2.3322376204873963E-011
   571.36626272479987       -2.6341585671851739E-011
   571.71110324790016       -2.8545655733438638E-011
   572.05594377100033       -2.9866389060938576E-011
   572.40078429410062       -3.0262923418033980E-011
   572.74562481720079       -2.9722995501044835E-011
   573.09046534030108       -2.8263321611717446E-011
   573.43530586340137       -2.5929076958092708E-011
   573.78014638650154       -2.2792499792671136E-011
   574.12498690960183       -1.8950654393332533E-011
   574.46982743270212       -1.4522426804087796E-011
   574.81466795580229       -9.6448510114656351E-012
   575.15950847890258       -4.4688615764649430E-012
   575.50434900200287        8.4537159796269987E-013
   575.84918952510304        6.1334026557130178E-012
   576.19403004820333        1.1231601038261607E-011
   576.53887057130362        1.5982208230230360E-011
   576.88371109440379        2.0238223675363063E-011
   577.22855161750408        2.3867952925084499E-011
   577.57339214060426        2.6759081410449136E-011
   577.91823266370454        2.8822151531470605E-011
   578.26307318680483        2.9993330455428676E-011
   578.60791370990501        3.0236385086605478E-011
   578.95275423300529        2.9543800914580011E-011
   579.29759475610558        2.7937016707802778E-011
   579.64243527920576        2.5465758646525159E-011
   579.98727580230604        2.2206504269812278E-011
   580.33211632540633        1.8260116367165711E-011
   580.67695684850651        1.3748717302612902E-011
   581.02179737160679        8.8119121965625252E-012
   581.36663789470708        3.6024699022498489E-012
   581.71147841780726       -1.7184081628900293E-012
   582.05631894090754       -6.9860708052339029E-012
   582.40115946400772       -1.2037514705630666E-011
   582.74599998710801       -1.6716428765659786E-011
   583.09084051020830       -2.0878030880474002E-011
   583.43568103330847       -2.4393548928149263E-011
   583.78052155640876       -2.7154204006370917E-011
   584.12536207950905       -2.9074576354249792E-011
   584.47020260260922       -3.0095247824302148E-011
   584.81504312570951       -3.0184641372699049E-011
   585.15988364880980       -2.9339997448842744E-011
   585.50472417190997       -2.7587459854038730E-011
   585.84956469501026       -2.4981268506665605E-011
   586.19440521811055       -2.1602075426363737E-011
   586.53924574121072       -1.7554453045975951E-011
   586.88408626431101       -1.2963655048863331E-011
   587.22892678741118       -7.9717433909483815E-012
   587.57376731051147       -2.7331928676114556E-012
   587.91860783361176        2.5898927207121707E-012
   588.26344835671193        7.8327937787347640E-012
   588.60828887981222        1.2833275740928344E-011
   588.95312940291251        1.7436604778184392E-011
   589.29796992601268        2.1500339136269293E-011
   589.64281044911297        2.4898733616657106E-011
   589.98765097221326        2.7526632851653464E-011
   590.33249149531343        2.9302724279663820E-011
   590.67733201841372        3.0172054970086914E-011
   591.02217254151401        3.0107733173082040E-011
   591.36701306461418        2.9111757271742651E-011
   591.71185358771447        2.7214952290382540E-011
   592.05669411081465        2.4476020203770346E-011
   592.40153463391493        2.0979720369678433E-011
   592.74637515701522        1.6834249415766565E-011
   593.09121568011540        1.2167890759851134E-011
   593.43605620321568        7.1250453552556309E-012
   593.78089672631597        1.8617611739480684E-012
   594.12573724941615       -3.4590920352553371E-012
   594.47057777251644       -8.6728661739074222E-012
   594.81541829561672       -1.3618226226633066E-011
   595.16025881871690       -1.8142143689921122E-011
   595.50509934181719       -2.2104633350378707E-011
   595.84993986491736       -2.5383084367190974E-011
   596.19478038801765       -2.7876053604906979E-011
   596.53962091111794       -2.9506404410908498E-011
   596.88446143421811       -3.0223694998494551E-011
   597.22930195731840       -3.0005734349103326E-011
   597.57414248041869       -2.8859276442386719E-011
   597.91898300351886       -2.6819802126386192E-011
   598.26382352661915       -2.3950429627653392E-011
   598.60866404971944       -2.0339956621737814E-011
   598.95350457281961       -1.6100111285007378E-011
   599.29834509591990       -1.1362095315827309E-011
   599.64318561902019       -6.2725259112730636E-012
   599.98802614212036       -9.8889856525306987E-013
   600.33286666522065        4.3252877655950897E-012
   600.67770718832082        9.5055896991746336E-012
   601.02254771142111        1.4391708856068151E-011
   601.36738823452140        1.8832451477033079E-011
   601.71222875762157        2.2690406754316214E-011
   602.05706928072186        2.5846198414402106E-011
   602.40190980382215        2.8202179026196200E-011
   602.74675032692232        2.9685449714359154E-011
   603.09159085002261        3.0250118738115054E-011
   603.43643137312290        2.9878720921241073E-011
   603.78127189622307        2.8582756873624094E-011
   604.12611241932336        2.6402336944264363E-011
   604.47095294242365        2.3404938014585881E-011
   604.81579346552383        1.9683317947151185E-011
   605.16063398862411        1.5352644231670350E-011
   605.50547451172429        1.0546931385049345E-011
   605.85031503482458        5.4148916939574750E-012
   606.19515555792486        1.1533474910594912E-013
   606.53999608102504       -5.1877493608332129E-012
   606.88483660412533       -1.0330260870119522E-011
   607.22967712722561       -1.5153071525220688E-011
   607.57451765032579       -1.9506946368758959E-011
   607.91935817342608       -2.3257161314392440E-011
   608.26419869652636       -2.6287674269272016E-011
   608.60903921962654       -2.8504714458041331E-011
   608.95387974272683       -2.9839684795354808E-011
   609.29872026582711       -3.0251283798462042E-011
   609.64356078892729       -2.9726781544691189E-011
   609.98840131202758       -2.8282415100787489E-011
   610.33324183512775       -2.5962885716749256E-011
   610.67808235822804       -2.2839977369283606E-011
   611.02292288132833       -1.9010332959929800E-011
   611.36776340442850       -1.4592462741099724E-011
   611.71260392752879       -9.7230781147630861E-012
   612.05744445062908       -4.5528609889652808E-012
   612.40228497372925        7.5819835044654242E-013
   612.74712549682954        6.0457538874085186E-012
   613.09196601992983        1.1146185644773543E-011
   613.43680654303000        1.5901666940297351E-011
   613.78164706613029        2.0165045761901802E-011
   614.12648758923058        2.3804402476177570E-011
   614.47132811233075        2.6707123386390964E-011
   614.81616863543104        2.8783395247344899E-011
   615.16100915853121        2.9968973260868547E-011
   615.50584968163150        3.0227179723920996E-011
   615.85069020473179        2.9550031094943315E-011
   616.19553072783197        2.7958489985484619E-011
   616.54037125093225        2.5501812361547832E-011
   616.88521177403254        2.2256025010541679E-011
   617.23005229713272        1.8321572411333089E-011
   617.57489282023300        1.3820207199884037E-011
   617.91973334333329        8.8912247527259661E-012
   618.26457386643347        3.6871519093156333E-012
   618.60941438953375       -1.6309736449539272E-012
   618.95425491263404       -6.8985869145638009E-012
   619.29909543573422       -1.1952686830023006E-011
   619.64393595883450       -1.6636881048609207E-011
   619.98877648193468       -2.0806225117792079E-011
   620.33361700503497       -2.4331707064747115E-011
   620.67845752813525       -2.7104236812779474E-011
   621.02329805123543       -2.9038028182214848E-011
   621.36813857433572       -3.0073249034564815E-011
   621.71297909743600       -3.0177873398114739E-011
   622.05781962053618       -2.9348671432394140E-011
   622.40266014363647       -2.7611308362437193E-011
   622.74750066673676       -2.5019553361335454E-011
   623.09234118983693       -2.1653610912632154E-011
   623.43718171293722       -1.7617643818684633E-011
   623.78202223603751       -1.3036547851098425E-011
   624.12686275913768       -8.0520853826639124E-012
   624.47170328223797       -2.8184989360772873E-012
   624.81654380533814        2.5022621665709132E-012
   625.16138432843843        7.7455522672920430E-012
   625.50622485153872        1.2749121407933917E-011
   625.85106537463889        1.7358140859531134E-011
   626.19590589773918        2.1429991945294002E-011
   626.54074642083947        2.4838678849025604E-011
   626.88558694393964        2.7478729429005739E-011
   627.23042746703993        2.9268455916645856E-011
   627.57526799014022        3.0152483313765283E-011
   627.92010851324039        3.0103462091331015E-011
   628.26494903634068        2.9122917067141303E-011
   628.60978955944097        2.7241197609570726E-011
   628.95463008254114        2.4516539230924657E-011
   629.29947060564143        2.1033262255147046E-011
   629.64431112874161        1.6899157449785674E-011
   629.98915165184189        1.2242155431090002E-011
   630.33399217494218        7.2063668563036598E-012
   630.67883269804236        1.9476231254844822E-012
   631.02367322114264       -3.3713459773653458E-012
   631.36851374424293       -8.5859498031980298E-012
   631.71335426734311       -1.3534827853261438E-011
   632.05819479044339       -1.8064845535060014E-011
   632.40303531354368       -2.2035827288048650E-011
   632.74787583664386       -2.5324900640474078E-011
   633.09271635974414       -2.7830292497034813E-011
   633.43755688284443       -2.9474481237562767E-011
   633.78239740594461       -3.0206595472206771E-011
   634.12723792904490       -3.0003988965274701E-011
   634.47207845214507       -2.8872938890605739E-011
   634.81691897524536       -2.6848451738900205E-011
   635.16175949834565       -2.3993179007790418E-011
   635.50660002144582       -2.0395481224982797E-011
   635.85144054454611       -1.6166692278157114E-011
   636.19628106764640       -1.1437672814254318E-011
   636.54112159074657       -6.3547626941204978E-012
   636.88596211384686       -1.0752496586992700E-012
   637.23080263694715        4.2374946938714328E-012
   637.57564316004732        9.4190727067926062E-012
   637.92048368314761        1.4309145682590664E-011
   638.26532420624790        1.8756397038724579E-011
   638.61016472934807        2.2623213661241101E-011
   638.95500525244836        2.5789945338190437E-011
   639.29984577554853        2.8158605922949909E-011
   639.64468629864882        2.9655907003306189E-011
   639.98952682174911        3.0235521585230784E-011
   640.33436734484928        2.9879520954950134E-011
   640.67920786794957        2.8598928229456798E-011
   641.02404839104986        2.6433377538651559E-011
   641.36888891415003        2.3449887432226388E-011
   641.71372943725032        1.9740785540766368E-011
   642.05856996035061        1.5420852475461520E-011
   642.40341048345078        1.0623769688416658E-011
   642.74825100655107        5.4979807831855827E-012
   643.09309152965136        2.0210151754877137E-013
   643.43793205275153       -5.0999906653766364E-012
   643.78277257585182       -1.0244226437758761E-011
   644.12761309895200       -1.5071423210739044E-011
   644.47245362205229       -1.9432210724952715E-011
   644.81729414515257       -2.3191652814307821E-011
   645.16213466825275       -2.6233421568850531E-011
   645.50697519135304       -2.8463397527395638E-011
   645.85181571445332       -2.9812581984626903E-011
   646.19665623755350       -3.0239232426804051E-011
   646.54149676065379       -2.9730154237243157E-011
   646.88633728375407       -2.8301108164456290E-011
   647.23117780685425       -2.5996322222577737E-011
   647.57601832995454       -2.2887121387155220E-011
   647.92085885305482       -1.9069723383818971E-011
   648.26569937615500       -1.4662259947242343E-011
   648.61053989925529       -9.8011205043423315E-012
   648.95538042235546       -4.6367330398272035E-012
   649.30022094545575        6.7109295461099191E-013
   649.64506146855604        5.9581111783555468E-012
   649.98990199165621        1.1060720478887035E-011
   650.33474251475650        1.5821026501974220E-011
   650.67958303785679        2.0091728555590128E-011
   651.02442356095696        2.3740676604664171E-011
   651.36926408405725        2.6654962333776258E-011
   651.71410460715754        2.8744411488867131E-011
   652.05894513025771        2.9944374704531286E-011
   652.40378565335800        3.0217729014202724E-011
   652.74862617645829        2.9556021211955018E-011
   653.09346669955846        2.7979733998489638E-011
   653.43830722265875        2.5537651788500604E-011
   653.78314774575892        2.2305348996449633E-011
   654.12798826885921        1.8382852924310836E-011
   654.47282879195950        1.3891547870388160E-011
   654.81766931505967        8.9704169111264313E-012
   655.16250983815996        3.7717425792886711E-012
   655.50735036126025       -1.5436050564679157E-012
   655.85219088436043       -6.8111458184325997E-012
   656.19703140746071       -1.1867879599073951E-011
   656.54187193056100       -1.6557333422282421E-011
   656.88671245366118       -2.0734399092552704E-011
   657.23155297676146       -2.4269825653295447E-011
   657.57639349986164       -2.7054217279895331E-011
   657.92123402296193       -2.9001419836982013E-011
   658.26607454606221       -3.0051184046942326E-011
   658.61091506916239       -3.0171033469193406E-011
   658.95575559226268       -2.9357266988576515E-011
   659.30059611536296       -2.7635073062727685E-011
   659.64543663846314       -2.5057751332040873E-011
   659.99027716156343       -2.1705060934386690E-011
   660.33511768466371       -1.7680753856594308E-011
   660.67995820776389       -1.3109362513892066E-011
   661.02479873086418       -8.1323485718175080E-012
   661.36963925396446       -2.9037264193191220E-012
   661.71447977706464        2.4147078832482100E-012
   662.05932030016493        7.6583787275955760E-012
   662.40416082326510        1.2665027698211450E-011
   662.74900134636539        1.7279730143344161E-011
   663.09384186946568        2.1359692370212374E-011
   663.43868239256585        2.4778665804998623E-011
   663.78352291566614        2.7430859412015833E-011
   664.12836343876643        2.9234208711332900E-011
   664.47320396186660        3.0132918594894462E-011
   664.81804448496689        3.0099186294221714E-011
   665.16288500806718        2.9134063608518003E-011
   665.50772553116735        2.7267420247982001E-011
   665.85256605426764        2.4557026245976488E-011
   666.19740657736793        2.1086758549730765E-011
   666.54224710046810        1.6964007764264275E-011
   666.88708762356839        1.2316353844140439E-011
   667.23192814666857        7.2876189956723932E-012
   667.57676866976885        2.0334138983761929E-012
   667.92160919286914       -3.2836734003209548E-012
   668.26644971596932       -8.4991086978002931E-012
   668.61129023906960       -1.3451505808759926E-011
   668.95613076216989       -1.7987619425924961E-011
   669.30097128527007       -2.1967086575113788E-011
   669.64581180837035       -2.5266771608050992E-011
   669.99065233147064       -2.7784574347532558E-011
   670.33549285457082       -2.9442589780152014E-011
   670.68033337767110       -3.0189518823954829E-011
   671.02517390077139       -3.0002253991720396E-011
   671.37001442387157       -2.8886598053510634E-011
   671.71485494697185       -2.6877081333288831E-011
   672.05969547007203       -2.4035894226265657E-011
   672.40453599317232       -2.0450961203607228E-011
   672.74937651627260       -1.6233220375812621E-011
   673.09421703937278       -1.1513189176976374E-011
   673.43905756247307       -6.4369296215376771E-012
   673.78389808557336       -1.1615255471018189E-012
   674.12873860867353        4.1497799081939498E-012
   674.47357913177382        9.3326325139742530E-012
   674.81841965487411        1.4226655134362159E-011
   675.16326017797428        1.8680408977884328E-011
   675.50810070107457        2.2556079979895717E-011
   675.85294122417486        2.5733743242469948E-011
   676.19778174727503        2.8115074865481775E-011
   676.54262227037532        2.9626391958840498E-011
   676.88746279347549        3.0220936080740619E-011
   677.23230331657578        2.9880316811744821E-011
   677.57714383967607        2.8615081359693141E-011
   677.92198436277624        2.6464388921676913E-011
   678.26682488587653        2.3494795959854292E-011
   678.61166540897682        1.9798201106796101E-011
   678.95650593207699        1.5488998024328060E-011
   679.30134645517728        1.0700535768750294E-011
   679.64618697827757        5.5809940235074935E-012
   679.99102750137774        2.8879276606939683E-013
   680.33586802447803       -5.0123034922315340E-012
   680.68070854757832       -1.0158258222699235E-011
   681.02554907067849       -1.4989834736152801E-011
   681.37038959377878       -1.9357525639618337E-011
   681.71523011687896       -2.3126182176510589E-011
   682.06007063997924       -2.6179190506348338E-011
   682.40491116307953       -2.8422084575744155E-011
   682.74975168617971       -2.9785465896604861E-011
   683.09459220927999       -3.0227152235216684E-011
   683.43943273238028       -2.9733483601123187E-011
   683.78427325548046       -2.8319742785508874E-011
   684.12911377858075       -2.6029685702674565E-011
   684.47395430168103       -2.2934182058175318E-011
   684.81879482478121       -1.9129025260368858E-011
   685.16363534788150       -1.4731967277474843E-011
   685.50847587098178       -9.8790761342896096E-012
   685.85331639408196       -4.7205241590654113E-012
   686.19815691718225        5.8405950029562372E-013
   686.54299744028242        5.8705282105763307E-012
   686.88783796338271        1.0975297668774481E-011
   687.23267848648300        1.5740406322177000E-011
   687.57751900958317        2.0018406483907941E-011
   687.92235953268346        2.3676922066327765E-011
   688.26720005578375        2.6602747828640748E-011
   688.61204057888392        2.8705353508306008E-011
   688.95688110198421        2.9919681709249371E-011
   689.30172162508450        3.0208162865055523E-011
   689.64656214818467        2.9561878065128348E-011
   689.99140267128496        2.8000833312779585E-011
   690.33624319438525        2.5573341466359878E-011
   690.68108371748542        2.2354524325480459E-011
   691.02592424058571        1.8443992322108596E-011
   691.37076476368588        1.3962757942998370E-011
   691.71560528678617        9.0494939765613841E-012
   692.06044580988646        3.8562400213776680E-012
   692.40528633298663       -1.4563007906325467E-012
   692.75012685608692       -6.7237363696100230E-012
   693.09496737918721       -1.1783071046604883E-011
   693.43980790228738       -1.6477750103549446E-011
   693.78464842538767       -2.0662503743687234E-011
   694.12948894848796       -2.4207841728099436E-011
   694.47432947158813       -2.7004062878157785E-011
   694.81916999468842       -2.8964646212109426E-011
   695.16401051778871       -3.0028930709582925E-011
   695.50885104088889       -3.0163989060859695E-011
   695.85369156398917       -2.9365649307749703E-011
   696.19853208708935       -2.7658621636778664E-011
   696.54337261018964       -2.5095736645198270E-011
   696.88821313328992       -2.1756307770225122E-011
   697.23305365639010       -1.7743676464208329E-011
   697.57789417949039       -1.3182014688959510E-011
   697.92273470259067       -8.2124834763239653E-012
   698.26757522569085       -2.9888626097786652E-012
   698.61241574879114        2.3272059207706346E-012
   698.95725627189142        7.5712188871991800E-012
   699.30209679499160        1.2580906487679368E-011
   699.64693731809189        1.7201250062494989E-011
   699.99177784119217        2.1289280513851327E-011
   700.33661836429235        2.4718502248137454E-011
   700.68145888739264        2.7382805680738108E-011
   701.02629941049281        2.9199752795672371E-011
   701.37113993359310        3.0113126249790542E-011
   701.71598045669339        3.0094669167487850E-011
   702.06082097979356        2.9144960194876588E-011
   702.40566150289385        2.7293395283005434E-011
   702.75050202599414        2.4597275266968027E-011
   703.09534254909431        2.1140036105964084E-011
   703.44018307219460        1.7028665112680466E-011
   703.78502359529489        1.2390389529727447E-011
   704.12986411839506        7.3687408745659455E-012
   704.47470464149535        2.1191128986533131E-012
   704.81954516459564       -3.1960473627810027E-012
   705.16438568769581       -8.4122678930797590E-012
   705.50922621079610       -1.3368138384202273E-011
   705.85406673389627       -1.7910305715375793E-011
   706.19890725699656       -2.1898219437108181E-011
   706.54374778009685       -2.5208481427705017E-011
   706.88858830319703       -2.7738663357876041E-011
   707.23342882629731       -2.9410478658300675E-011
   707.57826934939760       -3.0172200096279378E-011
   707.92310987249778       -3.0000266094772834E-011
   708.26795039559806       -2.8900002609272087E-011
   708.61279091869835       -2.6905463052187748E-011
   708.95763144179853       -2.4078373687344638E-011
   709.30247196489881       -2.0506223577260456E-011
   709.64731248799910       -1.6299554724970366E-011
   709.99215301109928       -1.1588544419728768E-011
   710.33699353419956       -6.5189747729684444E-012
   710.68183405729974       -1.2477202436001638E-012
   711.02667458040003        4.0621023976059200E-012
   711.37151510350031        9.2461863358396754E-012
   711.71635562660049        1.4144114757613685E-011
   712.06119614970078        1.8604327417176689E-011
   712.40603667280106        2.2488812106547497E-011
   712.75087719590124        2.5677370232577729E-011
   713.09571771900153        2.8071341896712231E-011
   713.44055824210182        2.9596653154283576E-011
   713.78539876520199        3.0206110498356333E-011
   714.13023928830228        2.9880861953228350E-011
   714.47507981140257        2.8630980038003346E-011
   714.81992033450274        2.6495149307112025E-011
   715.16476085760303        2.3539467965565667E-011
   715.50960138070320        1.9855402397671805E-011
   715.85444190380349        1.5556958060129501E-011
   716.19928242690378        1.0777150543559522E-011
   716.54412295000395        5.6638909027290871E-012
   716.88896347310424        3.7540786404564977E-013
   717.23380399620453       -4.9246497435422364E-012
   717.57864451930470       -1.0072276818291651E-011
   717.92348504240499       -1.4908186375719706E-011
   718.26832556550528       -1.9282738970059013E-011
   718.61316608860545       -2.3060571421568285E-011
   718.95800661170574       -2.6124785601716005E-011
   719.30284713480592       -2.8380568162483464E-011
   719.64768765790620       -2.9758121785163725E-011
   719.99252818100649       -3.0214826884891297E-011
   720.33736870410667       -2.9736559198957200E-011
   720.68220922720695       -2.8338124631750054E-011
   721.02704975030724       -2.6062803693777861E-011
   721.37189027340742       -2.2981010936632889E-011
   721.71673079650770       -1.9188115596361845E-011
   722.06157131960799       -1.4801490949910674E-011
   722.40641184270817       -9.9568831139994560E-012
   722.75125236580845       -4.8042060733301723E-012
   723.09609288890874        4.9709215907034994E-013
   723.44093341200892        5.7829675601254748E-012
   723.78577393510921        1.0889853689349009E-011
   724.13061445820938        1.5659723106635577E-011
   724.47545498130967        1.9944978657391758E-011
   724.82029550440996        2.3613021521531876E-011
   725.16513602751013        2.6550352612121768E-011
   725.50997655061042        2.8666084950800336E-011
   725.85481707371071        2.9894755293100540E-011
   726.19965759681088        3.0198351244105136E-011
   726.54449811991117        2.9567483778839159E-011
   726.88933864301146        2.8021681427407811E-011
   727.23417916611163        2.5608785651153236E-011
   727.57901968921192        2.2403469389959973E-011
   727.92386021231221        1.8504923424629018E-011
   728.26870073541238        1.4033791117034219E-011
   728.61354125851267        9.1284304027201353E-012
   728.95838178161284        3.9406359330412337E-012
   729.30322230471313       -1.3690577020174888E-012
   729.64806282781342       -6.6363449231517812E-012
   729.99290335091359       -1.1698235064888816E-011
   730.33774387401388       -1.6398093733707718E-011
   730.68258439711417       -2.0590493134166553E-011
   731.02742492021434       -2.4145705225554760E-011
   731.37226544331463       -2.6953723858414767E-011
   731.71710596641492       -2.8927662065890072E-011
   732.06194648951509       -3.0006443592292328E-011
   732.40678701261538       -3.0156695270007818E-011
   732.75162753571567       -2.9373775278374322E-011
   733.09646805881584       -2.7681916727924137E-011
   733.44130858191613       -2.5133480597213410E-011
   733.78614910501631       -2.1807330980422901E-011
   734.13098962811659       -1.7806399101740097E-011
   734.47583015121688       -1.3254495252411650E-011
   734.82067067431706       -8.2924797023818129E-012
   735.16551119741735       -3.0739002963722179E-012
   735.51035172051763        2.2397571816757811E-012
   735.85519224361781        7.4840663055883558E-012
   736.20003276671810        1.2496747575347881E-011
   736.54487328981838        1.7122690061177596E-011
   736.88971381291856        2.1218750025337603E-011
   737.23455433601885        2.4658182206118415E-011
   737.57939485911913        2.7334563062552324E-011
   737.92423538221931        2.9165079439241853E-011
   738.26907590531960        3.0093095740673307E-011
   738.61391642841977        3.0089902022110051E-011
   738.95875695152006        2.9155604090006584E-011
   739.30359747462035        2.7319119384868945E-011
   739.64843799772052        2.4637284201447754E-011
   739.99327852082081        2.1193090669259717E-011
   740.33811904392110        1.7093124296669163E-011
   740.68295956702127        1.2464259076193271E-011
   741.02780009012156        7.4497354355294428E-012
   741.37264061322185        2.2047247483451798E-012
   741.71748113632202       -3.1084683540180139E-012
   742.06232165942231       -8.3254316734266610E-012
   742.40716218252260       -1.3284730019028435E-011
   742.75200270562277       -1.7832905297925565E-011
   743.09684322872306       -2.1829222986250434E-011
   743.44168375182323       -2.5150025555718612E-011
   743.78652427492352       -2.7692557253607265E-011
   744.13136479802381       -2.9378148372610968E-011
   744.47620532112398       -3.0154645742088097E-011
   744.82104584422427       -2.9998028072786561E-011
   745.16588636732456       -2.8913150766900167E-011
   745.51072689042473       -2.6933592286389383E-011
   745.85556741352502       -2.4120614804897461E-011
   746.20040793662531       -2.0561268167052475E-011
   746.54524845972549       -1.6365699299612007E-011
   746.89008898282577       -1.1663740284012711E-011
   747.23492950592606       -6.6008955043776750E-012
   747.57977002902624       -1.3338314437043748E-012
   747.92461055212652        3.9744649274609472E-012
   748.26945107522670        9.1597333727265855E-012
   748.61429159832699        1.4061522772652467E-011
   748.95913212142727        1.8528153376008699E-011
   749.30397264452745        2.2421412028445177E-011
   749.64881316762774        2.5620830193093761E-011
   749.99365369072802        2.8027409566477979E-011
   750.33849421382820        2.9566688181932387E-011
   750.68333473692849        3.0191041375290695E-011
   751.02817526002877        2.9881155315012387E-011
   751.37301578312895        2.8646626930744604E-011
   751.71785630622924        2.6525663972569808E-011
   752.06269682932952        2.3583905240472160E-011
   752.40753735242970        1.9912386751258318E-011
   752.75237787552999        1.5624727313369884E-011
   753.09721839863016        1.0853609158075846E-011
   753.44205892173045        5.7466735228362274E-012
   753.78689944483074        4.6195123211329299E-013
   754.13173996793091       -4.8370262453625608E-012
   754.47658049103120       -9.9862838633793083E-012
   754.82142101413149       -1.4826483829937632E-011
   755.16626153723166       -1.9207854327115856E-011
   755.51110206033195       -2.2994820093295045E-011
   755.85594258343224       -2.6070204014379994E-011
   756.20078310653241       -2.8338846111192612E-011
   756.54562362963270       -2.9730551262415435E-011
   756.89046415273299       -3.0202259711045775E-011
   757.23530467583316       -2.9739382850921779E-011
   757.58014519893345       -2.8356252129140475E-011
   757.92498572203363       -2.6095673962560891E-011
   758.26982624513391       -2.3027607167731192E-011
   758.61466676823420       -1.9246996603661828E-011
   758.95950729133438       -1.4870833946633311E-011
   759.30434781443466       -1.0034541240102835E-011
   759.64918833753495       -4.8877769814366008E-012
   759.99402886063513        4.1019510469844516E-013
   760.33886938373541        5.6954318868701750E-012
   760.68370990683570        1.0804388151896285E-011
   761.02855042993588        1.5578972729673668E-011
   761.37339095303616        1.9871443671761144E-011
   761.71823147613645        2.3548976972976510E-011
   762.06307199923663        2.6497779930014359E-011
   762.40791252233691        2.8626609816061809E-011
   762.75275304543709        2.9869598475628009E-011
   763.09759356853738        3.0188290943125430E-011
   763.44243409163767        2.9572833489714492E-011
   763.78727461473784        2.8042276132367752E-011
   764.13211513783813        2.5643987042160403E-011
   764.47695566093842        2.2452187049050091E-011
   764.82179618403859        1.8565649484151536E-011
   765.16663670713888        1.4104645431292040E-011
   765.51147723023917        9.2072215163736913E-012
   765.85631775333934        4.0249271739407915E-012
   766.20115827643963       -1.2818744024221409E-012
   766.54599879953992       -6.5489686763317650E-012
   766.89083932264009       -1.1613370425983504E-011
   767.23567984574038       -1.6318367621212429E-011
   767.58052036884055       -2.0518370373726789E-011
   767.92536089194084       -2.4083418144907320E-011
   768.27020141504113       -2.6903199042772408E-011
   768.61504193814130       -2.8890463695725288E-011
   768.95988246124159       -2.9983723324164534E-011
   769.30472298434188       -3.0149156089187452E-011
   769.64956350744205       -2.9381648914783797E-011
   769.99440403054234       -2.7704959747851218E-011
   770.33924455364263       -2.5170978847984998E-011
   770.68408507674280       -2.1858126352531763E-011
   771.02892559984309       -1.7868919697606038E-011
   771.37376612294338       -1.3326806044360073E-011
   771.71860664604355       -8.3723418761828228E-012
   772.06344716914384       -3.1588417956050615E-012
   772.40828769224402        2.1523647033921104E-012
   772.75312821534430        7.3969261316470379E-012
   773.09796873844459        1.2412555278330067E-011
   773.44280926154477        1.7044050265959652E-011
   773.78764978464505        2.1148097571389070E-011
   774.13249030774534        2.4597703805591050E-011
   774.47733083084552        2.7286130912868539E-011
   774.82217135394581        2.9130191613512152E-011
   775.16701187704609        3.0072830486902353E-011
   775.51185240014627        3.0084886062100925E-011
   775.85669292324656        2.9165992213899563E-011
   776.20153344634684        2.7344591511819584E-011
   776.54637396944702        2.4677051501865816E-011
   776.89121449254731        2.1245923884053386E-011
   777.23605501564748        1.7157386803426798E-011
   777.58089553874777        1.2537962120719300E-011
   777.92573606184806        7.5305980048553110E-012
   778.27057658494823        2.2902455811534072E-012
   778.61541710804852       -3.0209357113805942E-012
   778.96025763114881       -8.2385952584020844E-012
   779.30509815424898       -1.3201279012137307E-011
   779.64993867734927       -1.7755421289453992E-011
   779.99477920044956       -2.1760103518222010E-011
   780.33961972354973       -2.5091407385677331E-011
   780.68446024665002       -2.7646255083708403E-011
   781.02930076975019       -2.9345595350379908E-011
   781.37414129285048       -3.0136850281567346E-011
   781.71898181595077       -2.9995541182464544E-011
   782.06382233905094       -2.8926048169645441E-011
   782.40866286215123       -2.6961473899070896E-011
   782.75350338525152       -2.4162615846785602E-011
   783.09834390835169       -2.0616090742232802E-011
   783.44318443145198       -1.6431648401546815E-011
   783.78802495455227       -1.1738775978633722E-011
   784.13286547765244       -6.6826938607734724E-012
   784.47770600075273       -1.4198610124384063E-012
   784.82254652385302        3.8868669176504807E-012
   785.16738704695319        9.0732774970431274E-012
   785.51222757005348        1.3978882957268140E-011
   785.85706809315366        1.8451886948822725E-011
   786.20190861625395        2.2353878990134129E-011
   786.54674913935423        2.5564120560443565E-011
   786.89158966245441        2.7983279185417390E-011
   787.23643018555470        2.9536501100238075E-011
   787.58127070865498        3.0175730997729193E-011
   787.92611123175516        2.9881196210142388E-011
   788.27095175485545        2.8662018144273863E-011
   788.61579227795573        2.6555929700122225E-011
   788.96063280105591        2.3628107470141949E-011
   789.30547332415620        1.9969158214916346E-011
   789.65031384725648        1.5692310466319912E-011
   789.99515437035666        1.0929912087513113E-011
   790.33999489345695        5.8293352875712833E-012
   790.68483541655712        5.4841541396511718E-013
   791.02967593965741       -4.7494339367874466E-012
   791.37451646275770       -9.9002759347488433E-012
   791.71935698585787       -1.4744722933144586E-011
   792.06419750895816       -1.9132870333573189E-011
   792.40903803205845       -2.2928932856702866E-011
   792.75387855515862       -2.6015451084361148E-011
   793.09871907825891       -2.8296921304978753E-011
   793.44355960135920       -2.9702751898620534E-011
   793.78840012445937       -3.0189446780917452E-011
   794.13324064755966       -2.9741953834544196E-011
   794.47808117065995       -2.8374126457386707E-011
   794.82292169376012       -2.6128298173250735E-011
   795.16776221686041       -2.3073971363856698E-011
   795.51260273996058       -1.9305665470568866E-011
   795.85744326306087       -1.4939993217323771E-011
   796.20228378616116       -1.0112050550529538E-011
   796.54712430926133       -4.9712372545159822E-012
   796.89196483236162        3.2336613846715655E-013
   797.23680535546191        5.6079221831299186E-012
   797.58164587856209        1.0718904497120804E-011
   797.92648640166237        1.5498159777339835E-011
   798.27132692476266        1.9797801871675542E-011
   798.61616744786284        2.3484786017722651E-011
   798.96100797096312        2.6445026600778424E-011
   799.30584849406341        2.8586927033463322E-011
   799.65068901716359        2.9844213792774610E-011
   799.99552954026387        3.0177988118095731E-011
   800.34037006336405        2.9577929704902163E-011
   800.68521058646434        2.8062615068473935E-011
   801.03005110956462        2.5678941540874246E-011
   801.37489163266480        2.2500674749690664E-011
   801.71973215576509        1.8626169679530902E-011
   802.06457267886537        1.4175323894522295E-011
   802.40941320196555        9.2858709014012524E-012
   802.75425372506584        4.1091136391089181E-012
   803.09909424816612       -1.1947550260884344E-012
   803.44393477126630       -6.4616117733218931E-012
   803.78877529436659       -1.1528479190651026E-011
   804.13361581746688       -1.6238569459459831E-011
   804.47845634056705       -2.0446134791694495E-011
   804.82329686366734       -2.4020980544764299E-011
   805.16813738676751       -2.6852491132176211E-011
   805.51297790986780       -2.8853053821451043E-011
   805.85781843296809       -2.9960769555877324E-011
   806.20265895606826       -3.0141367999072724E-011
   806.54749947916855       -2.9389269237106062E-011
   806.89234000226884       -2.7727751345054307E-011
   807.23718052536901       -2.5208236260162738E-011
   807.58202104846930       -2.1908695195353498E-011
   807.92686157156959       -1.7931235784752378E-011
   808.27170209466976       -1.3398942596804986E-011
   808.61654261777005       -8.4520667575072518E-012
   808.96138314087034       -3.2436875889214482E-012
   809.30622366397051        2.0650248392033414E-012
   809.65106418707080        7.3097953143781212E-012
   809.99590471017098        1.2328329915689755E-011
   810.34074523327126        1.6965335383771921E-011
   810.68558575637155        2.1077327032187260E-011
   811.03042627947173        2.4537068979000574E-011
   811.37526680257201        2.7237507737268965E-011
   811.72010732567230        2.9095086260502784E-011
   812.06494784877248        3.0052329174736543E-011
   812.40978837187276        3.0079621851094154E-011
   812.75462889497305        2.9176127932933247E-011
   813.09946941807323        2.7369812767255865E-011
   813.44430994117351        2.4716577602712824E-011
   813.78915046427380        2.1298533023981265E-011
   814.13399098737398        1.7221451054744015E-011
   814.47883151047427        1.2611498607693660E-011
   814.82367203357444        7.6113304527863376E-012
   815.16851255667473        2.3756752451078676E-012
   815.51335307977502       -2.9334513542769997E-012
   815.85819360287519       -8.1517626827447139E-012
   816.20303412597548       -1.3117785149968898E-011
   816.54787464907577       -1.7677851555924054E-011
   816.89271517217594       -2.1690857642620813E-011
   817.23755569527623       -2.5032628518853868E-011
   817.58239621837652       -2.7599761352928106E-011
   817.92723674147669       -2.9312823635565220E-011
   818.27207726457698       -3.0118814942480564E-011
   818.61691778767727       -2.9992801232978327E-011
   818.96175831077744       -2.8938689649525651E-011
   819.30659883387773       -2.6989105208931146E-011
   819.65143935697790       -2.4204382257047210E-011
   819.99627988007819       -2.0670697188822379E-011
   820.34112040317848       -1.6497403733404324E-011
   820.68596092627865       -1.1813647481695552E-011
   821.03080144937894       -6.7643657177619977E-012
   821.37564197247923       -1.5058069407689118E-012
   821.72048249557940        3.7993073186872798E-012
   822.06532301867969        8.9868158238083226E-012
   822.41016354177998        1.3896195188248055E-011
   822.75500406488015        1.8375529833571358E-011
   823.09984458798044        2.2286215110820156E-011
   823.44468511108073        2.5507243055237670E-011
   823.78952563418090        2.7938948368792172E-011
   824.13436615728119        2.9506090320983516E-011
   824.47920668038137        3.0160181657737831E-011
   824.82404720348165        2.9880987261460830E-011
   825.16888772658194        2.8677155338689177E-011
   825.51372824968212        2.6585944353402228E-011
   825.85856877278241        2.3672072723371405E-011
   826.20340929588269        2.0025714020683307E-011
   826.54824981898287        1.5759706612980678E-011
