# time(fs)  total O H
0.000000000000000000e+00 2.341411810922122000e-02 7.015151130283249752e-04 2.271260299619289741e-02
2.000000000000000000e+00 1.743895122114141188e-02 6.771893423234857717e-04 1.676176187881792817e-02
4.000000000000000000e+00 7.135844058382202412e-03 6.336310156261429089e-04 6.502213042756057985e-03
6.000000000000000000e+00 4.058501597937026230e-03 6.154412048345511135e-04 3.443060393102474574e-03
8.000000000000000000e+00 7.722059676031916946e-03 6.209013482871608139e-04 7.101158327744755590e-03
1.000000000000000000e+01 7.733376452831504204e-03 6.103352503118760885e-04 7.123041202519627899e-03
1.200000000000000000e+01 1.400500744656098012e-04 5.689436410782797941e-04 -4.288935666126701554e-04
1.400000000000000000e+01 -6.436835535596837840e-03 5.299240128545629853e-04 -6.966759548451400934e-03
1.600000000000000000e+01 -4.183289735241656378e-03 5.227570512153996473e-04 -4.706046786457055917e-03
1.800000000000000000e+01 2.407354649755379279e-03 5.294652399014626414e-04 1.877889409853916421e-03
2.000000000000000000e+01 3.052065652195245799e-03 5.104820113860320191e-04 2.541583640809213455e-03
2.200000000000000000e+01 -3.721453531526799138e-03 4.609081868739713745e-04 -4.182361718400770187e-03
2.400000000000000000e+01 -9.267154584809006446e-03 4.146026990571650452e-04 -9.681757283866171057e-03
2.600000000000000000e+01 -7.844607446915990295e-03 3.934794267194250588e-04 -8.238086873635416113e-03
2.800000000000000000e+01 -3.874621477442592807e-03 3.803975633356061737e-04 -4.255019040778198168e-03
3.000000000000000000e+01 -4.154482667692024206e-03 3.500978727783554526e-04 -4.504580540470379604e-03
3.200000000000000000e+01 -7.489617715536423144e-03 3.085432922457215362e-04 -7.798161007782142620e-03
3.400000000000000000e+01 -7.058482336480468092e-03 2.823479840205277798e-04 -7.340830320500995113e-03
3.600000000000000000e+01 -1.009885297425660352e-03 2.778293548227787424e-04 -1.287714652248439203e-03
3.800000000000000000e+01 4.766744083604529392e-03 2.717851475997382321e-04 4.494958936004792190e-03
4.000000000000000000e+01 4.979406135283160131e-03 2.445466334247523195e-04 4.734859501858408246e-03
4.200000000000000000e+01 1.725728755048332608e-03 2.051822723692585100e-04 1.520546482679073583e-03
4.400000000000000000e+01 3.800112570373561662e-04 1.742522930580435556e-04 2.057589639793126648e-04
4.600000000000000000e+01 1.763530134286100167e-03 1.540539000315326165e-04 1.609476234254567442e-03
4.800000000000000000e+01 2.122831865778979695e-03 1.301765729226916240e-04 1.992655292856288125e-03
5.000000000000000000e+01 -2.420318636074601760e-04 9.733266020835461578e-05 -3.393645238158147647e-04
5.200000000000000000e+01 -2.257594548702460992e-03 6.825698246938898418e-05 -2.325851531171850301e-03
5.400000000000000000e+01 -8.397987835963705147e-04 5.425413184944417660e-05 -8.940529154458146371e-04
5.600000000000000000e+01 2.598268773736402571e-03 4.878983656286215191e-05 2.549478937173540148e-03
5.800000000000000000e+01 4.362485996613931286e-03 3.753284186240801794e-05 4.324953154751522665e-03
6.000000000000000000e+01 3.439107157839639637e-03 1.733626406993123685e-05 3.421770893769709478e-03
6.200000000000000000e+01 1.970787631634869728e-03 -3.320891734397308133e-06 1.974108523369266788e-03
6.400000000000000000e+01 1.501465629146734064e-03 -1.920605627993970187e-05 1.520671685426673667e-03
6.600000000000000000e+01 1.115974932225404555e-03 -3.430709183887931758e-05 1.150282024064283853e-03
6.800000000000000000e+01 -3.083503404732143333e-04 -5.228365839331441001e-05 -2.560666820798999368e-04
7.000000000000000000e+01 -1.903643572830055527e-03 -6.881496067216816715e-05 -1.834828612157887685e-03
7.200000000000000000e+01 -1.972278331025691719e-03 -7.731314457272986927e-05 -1.894965186452961334e-03
7.400000000000000000e+01 -3.830776951371492366e-04 -7.801181493044863911e-05 -3.050658802067005839e-04
7.600000000000000000e+01 1.379553663823473563e-03 -7.702059853673900211e-05 1.456574262360212308e-03
7.800000000000000000e+01 2.148924044319930077e-03 -7.854397405469616428e-05 2.227468018374626282e-03
8.000000000000000000e+01 2.044713593804322205e-03 -8.198411954420544670e-05 2.126697713348527259e-03
8.200000000000000000e+01 1.572188145283752447e-03 -8.593877658397032352e-05 1.658126921867722568e-03
8.400000000000000000e+01 7.145569224824303758e-04 -9.104467149443861676e-05 8.056015939768691823e-04
8.600000000000000000e+01 -6.841190905799623273e-04 -9.773683645813431131e-05 -5.863822541218278398e-04
8.800000000000000000e+01 -2.215806885516096499e-03 -1.038768503441087727e-04 -2.111930035171987428e-03
9.000000000000000000e+01 -3.091172503560694982e-03 -1.063211950429691487e-04 -2.984851308517725427e-03
9.200000000000000000e+01 -2.902445439735688859e-03 -1.039306443040093585e-04 -2.798514795431679934e-03
9.400000000000000000e+01 -1.907046466820633279e-03 -9.796846672901126860e-05 -1.809078000091622011e-03
9.600000000000000000e+01 -6.724610478288800281e-04 -9.046307680312713566e-05 -5.819979710257527569e-04
9.800000000000000000e+01 3.251517298674426655e-04 -8.320308461827412142e-05 4.083548144857168140e-04
1.000000000000000000e+02 8.121963706482920615e-04 -7.770098842167917185e-05 8.898973590699710843e-04
1.020000000000000000e+02 6.976115802914112764e-04 -7.482609428462382798e-05 7.724376745760351722e-04
1.040000000000000000e+02 6.680299316700995184e-05 -7.421711421238387865e-05 1.410201073793937898e-04
1.060000000000000000e+02 -8.566900096228728233e-04 -7.458745193079519139e-05 -7.821025576920777539e-04
1.080000000000000000e+02 -1.747108556052307318e-03 -7.450414422866349397e-05 -1.672604411823644041e-03
1.100000000000000000e+02 -2.205507050027363108e-03 -7.264636895565692882e-05 -2.132860681071705854e-03
1.120000000000000000e+02 -1.909239162512599590e-03 -6.791117489991858446e-05 -1.841327987612680680e-03
1.140000000000000000e+02 -9.022283094608929280e-04 -6.026919655306595954e-05 -8.419591129078269481e-04
1.160000000000000000e+02 3.266211629670438062e-04 -5.144295864314910179e-05 3.780641216101929486e-04
1.180000000000000000e+02 1.206829980672703174e-03 -4.391389977631787690e-05 1.250743880449021106e-03
1.200000000000000000e+02 1.521797162395062105e-03 -3.902771183609543695e-05 1.560824874231157454e-03
1.220000000000000000e+02 1.380505823151703670e-03 -3.655744343970147853e-05 1.417063266591405291e-03
1.240000000000000000e+02 8.586801239485440402e-04 -3.598254565940715302e-05 8.946626696079510712e-04
1.260000000000000000e+02 -4.563702554681208564e-05 -3.707968713397867192e-05 -8.557338412833410333e-06
1.280000000000000000e+02 -1.069640316851836175e-03 -3.888466409426886365e-05 -1.030755652757567569e-03
1.300000000000000000e+02 -1.619280748904800655e-03 -3.922364367732017839e-05 -1.580057105227480104e-03
1.320000000000000000e+02 -1.302044631816404998e-03 -3.647276855983377518e-05 -1.265571863256571318e-03
1.340000000000000000e+02 -3.824139636943846678e-04 -3.142060727912137237e-05 -3.509933564152633158e-04
1.360000000000000000e+02 5.230609117771506302e-04 -2.643914586140469632e-05 5.495000576385553536e-04
1.380000000000000000e+02 1.099185876926197158e-03 -2.303702017121519576e-05 1.122222897097412391e-03
1.400000000000000000e+02 1.419522149404931453e-03 -2.121876869810815656e-05 1.440740918103039590e-03
1.420000000000000000e+02 1.470630962527646243e-03 -2.105687502844588363e-05 1.491687837556091977e-03
1.440000000000000000e+02 9.979329891261256094e-04 -2.336515597277145250e-05 1.021298145098897218e-03
1.460000000000000000e+02 -1.182934882919141459e-05 -2.806985369386673579e-05 1.624050486467533137e-05
1.480000000000000000e+02 -1.010566973923516122e-03 -3.303906747303564254e-05 -9.775279064504806010e-04
1.500000000000000000e+02 -1.366698096040878333e-03 -3.580487032276038459e-05 -1.330893225718117901e-03
1.520000000000000000e+02 -1.028500459798118967e-03 -3.604154054117544170e-05 -9.924589192569434511e-04
1.540000000000000000e+02 -4.493852994581370064e-04 -3.536155487037909081e-05 -4.140237445877579495e-04
1.560000000000000000e+02 5.353181922194415356e-05 -3.498704316385798144e-05 8.851886238580212822e-05
1.580000000000000000e+02 5.241928380699325011e-04 -3.491150954400204910e-05 5.591043476139347535e-04
1.600000000000000000e+02 9.377052240553123297e-04 -3.542696468161288074e-05 9.731321887369252105e-04
1.620000000000000000e+02 9.467064483079263302e-04 -3.793548673593667979e-05 9.846419350438631590e-04
1.640000000000000000e+02 3.057687470861953608e-04 -4.326936423425165512e-05 3.490381113204469752e-04
1.660000000000000000e+02 -6.643517454949041806e-04 -5.002518739038361556e-05 -6.143265581045206057e-04
1.680000000000000000e+02 -1.341474865703821181e-03 -5.572672721487000221e-05 -1.285748138488951179e-03
1.700000000000000000e+02 -1.454042554101817606e-03 -5.931864983184008888e-05 -1.394723904269977530e-03
1.720000000000000000e+02 -1.212392032501070699e-03 -6.153278154704048381e-05 -1.150859250954030513e-03
1.740000000000000000e+02 -8.416922277121533912e-04 -6.306832326819735346e-05 -7.786239044439559158e-04
1.760000000000000000e+02 -3.116657610463135120e-04 -6.373332614505533371e-05 -2.479324349012581512e-04
1.780000000000000000e+02 3.633446754417234224e-04 -6.373244145258345143e-05 4.270771168943069416e-04
1.800000000000000000e+02 8.453407950896888378e-04 -6.459523769871918820e-05 9.099360327884081345e-04
1.820000000000000000e+02 7.619072718059667669e-04 -6.779715520866990612e-05 8.297044270146366595e-04
1.840000000000000000e+02 1.727465355330158711e-04 -7.293482966518991960e-05 2.456813651982057501e-04
1.860000000000000000e+02 -4.831168038166733930e-04 -7.816994460805151755e-05 -4.049468592086218890e-04
1.880000000000000000e+02 -8.723645155646223915e-04 -8.223964261567635284e-05 -7.901248729489459980e-04
1.900000000000000000e+02 -9.953762893900675382e-04 -8.517785457527024995e-05 -9.101984348147974238e-04
1.920000000000000000e+02 -9.317868843519048431e-04 -8.715297750206917851e-05 -8.446339068498353664e-04
1.940000000000000000e+02 -6.210933085198259767e-04 -8.773965225109389623e-05 -5.333536562687321483e-04
1.960000000000000000e+02 -3.844819378863666268e-05 -8.686208293313752631e-05 4.841388914450087718e-05
1.980000000000000000e+02 5.714739172825924075e-04 -8.570357016816662989e-05 6.571774874507590103e-04
2.000000000000000000e+02 8.426043660620117018e-04 -8.585642337152056644e-05 9.284607894335323089e-04
2.020000000000000000e+02 6.507628454064274138e-04 -8.774614657146564078e-05 7.385089919778930817e-04
2.040000000000000000e+02 1.898929805105896223e-04 -9.049570494710360079e-05 2.803886854576932231e-04
2.060000000000000000e+02 -2.896669073828809647e-04 -9.315088905951338810e-05 -1.965160183233675224e-04
2.080000000000000000e+02 -6.764621377163442580e-04 -9.537070812096758740e-05 -5.810914295953766842e-04
2.100000000000000000e+02 -9.153560456571939365e-04 -9.689308711956629006e-05 -8.184629585376273619e-04
2.120000000000000000e+02 -8.999621507937485007e-04 -9.711838269327118423e-05 -8.028437681004774520e-04
2.140000000000000000e+02 -5.735475342014690735e-04 -9.574224760699044548e-05 -4.778052865944786010e-04
2.160000000000000000e+02 -7.186346833765167291e-05 -9.343722490292071588e-05 2.157375656526902265e-05
2.180000000000000000e+02 3.417988403583322745e-04 -9.143043955249844073e-05 4.332292799108306068e-04
2.200000000000000000e+02 4.855522255432833116e-04 -9.048006069275454769e-05 5.760322862360378864e-04
2.220000000000000000e+02 3.482251323860315203e-04 -9.056388949901085863e-05 4.387890218850424196e-04
2.240000000000000000e+02 1.094379838335716743e-05 -9.136995918283599412e-05 1.023137575661931615e-04
2.260000000000000000e+02 -4.223556574850549162e-04 -9.259369582700312576e-05 -3.297619616580517226e-04
2.280000000000000000e+02 -8.134020834304281095e-04 -9.372754516230666084e-05 -7.196745382681213809e-04
2.300000000000000000e+02 -1.005008851861486892e-03 -9.403831715052446698e-05 -9.109705347109624523e-04
2.320000000000000000e+02 -9.184773850974987117e-04 -9.308534282974425557e-05 -8.253920422677547136e-04
2.340000000000000000e+02 -6.132976310407365446e-04 -9.112025893869804723e-05 -5.221773721020384973e-04
2.360000000000000000e+02 -2.273556608827420264e-04 -8.882019515900093211e-05 -1.385354657237410536e-04
2.380000000000000000e+02 1.099344519093977556e-04 -8.678310094141218319e-05 1.967175528508099524e-04
2.400000000000000000e+02 2.942983036806206014e-04 -8.540578579657116310e-05 3.797040894771917916e-04
2.420000000000000000e+02 2.448614355185510451e-04 -8.498889973749706496e-05 3.298503352560482049e-04
2.440000000000000000e+02 -3.604983062768666105e-05 -8.558005127964111406e-05 4.953022065195440557e-05
2.460000000000000000e+02 -4.145633441770499869e-04 -8.671416177625718212e-05 -3.278491824007927777e-04
2.480000000000000000e+02 -7.009941651579566779e-04 -8.760604678550805891e-05 -6.133881183724486461e-04
2.500000000000000000e+02 -7.887389447530010738e-04 -8.771917897823660096e-05 -7.010197657747645542e-04
2.520000000000000000e+02 -6.916253733821487327e-04 -8.703365139471818605e-05 -6.045917219874304789e-04
2.540000000000000000e+02 -4.618181560768910105e-04 -8.578704633367142084e-05 -3.760311097432196981e-04
2.560000000000000000e+02 -1.430599064550202432e-04 -8.422464197362702085e-05 -5.883526448139323589e-05
2.580000000000000000e+02 1.782176760488205403e-04 -8.271689232983243305e-05 2.609345683786528920e-04
2.600000000000000000e+02 3.541348725288909162e-04 -8.183984015431632964e-05 4.359747126832073136e-04
2.620000000000000000e+02 2.815255323738351462e-04 -8.201546730242127985e-05 3.635409996762562499e-04
2.640000000000000000e+02 1.333605523233070487e-05 -8.308086157168877313e-05 9.641691680401945428e-05
2.660000000000000000e+02 -2.882200204325964261e-04 -8.441079466047353257e-05 -2.038092257721228935e-04
2.680000000000000000e+02 -4.985569890011427429e-04 -8.545692269924013665e-05 -4.131000663019026740e-04
2.700000000000000000e+02 -5.871363244328667861e-04 -8.600864935402489030e-05 -5.011276750788418687e-04
2.720000000000000000e+02 -5.503239151806371340e-04 -8.600060750108271315e-05 -4.643233076795542989e-04
2.740000000000000000e+02 -3.716033885976002512e-04 -8.538084023663515087e-05 -2.862225483609651274e-04
2.760000000000000000e+02 -8.660451866129384468e-05 -8.432644704630769250e-05 -2.278071614986138622e-06
2.780000000000000000e+02 1.729515349042704182e-04 -8.337260921384813807e-05 2.563241441181185833e-04
2.800000000000000000e+02 2.660746332520218249e-04 -8.307335092186012894e-05 3.491479841738818861e-04
2.820000000000000000e+02 1.640355690830287857e-04 -8.355494766308200637e-05 2.475905167461107514e-04
2.840000000000000000e+02 -4.984311745855124411e-05 -8.452019316964744342e-05 3.467707571109619931e-05
2.860000000000000000e+02 -2.824983646122950051e-04 -8.560776972861942077e-05 -1.968905948836755979e-04
2.880000000000000000e+02 -4.825654151370084403e-04 -8.656023245961778283e-05 -3.960051826773907388e-04
2.900000000000000000e+02 -6.011266339969946644e-04 -8.710224696703556093e-05 -5.140243870299591577e-04
2.920000000000000000e+02 -5.764159803033850607e-04 -8.695126529580874666e-05 -4.894647150075764766e-04
2.940000000000000000e+02 -3.997049348537967716e-04 -8.609698722466582320e-05 -3.136079476291309077e-04
2.960000000000000000e+02 -1.614266283268841703e-04 -8.492966000514753943e-05 -7.649696832173660376e-05
2.980000000000000000e+02 1.246213691796887743e-05 -8.394713053003510534e-05 9.640926744800397429e-05
3.000000000000000000e+02 6.061898318918503611e-05 -8.338687415444013564e-05 1.440058573436251582e-04
3.020000000000000000e+02 -1.642234282743710575e-06 -8.322122943036006754e-05 8.157899514761636777e-05
3.040000000000000000e+02 -1.429966607272538316e-04 -8.337261653306386039e-05 -5.962404419418997124e-05
3.060000000000000000e+02 -3.363286803089616129e-04 -8.372599589968833435e-05 -2.526026844092732785e-04
3.080000000000000000e+02 -5.208137719319384708e-04 -8.397293026221254615e-05 -4.368408416697260738e-04
3.100000000000000000e+02 -6.031841877667907127e-04 -8.368498784247216306e-05 -5.194991999243186174e-04
3.120000000000000000e+02 -5.341374552539569949e-04 -8.266690025118162311e-05 -4.514705550027754396e-04
3.140000000000000000e+02 -3.610253666329030263e-04 -8.113073736417876654e-05 -2.798946292687243004e-04
3.160000000000000000e+02 -1.790420253174909129e-04 -7.945006513804256311e-05 -9.959196017944834983e-05
3.180000000000000000e+02 -4.829800460538478290e-05 -7.784894922736149852e-05 2.955094462197669191e-05
3.200000000000000000e+02 1.616916704795653623e-05 -7.641402128999837335e-05 9.258318833795489602e-05
3.220000000000000000e+02 -8.774101561270916325e-08 -7.526563333075556126e-05 7.517789231514286565e-05
3.240000000000000000e+02 -1.120070882488985860e-04 -7.449081582366448334e-05 -3.751627242523410940e-05
3.260000000000000000e+02 -2.846788181142570723e-04 -7.391060692864816976e-05 -2.107682111856089161e-04
3.280000000000000000e+02 -4.252642809030414547e-04 -7.310247835010226459e-05 -3.521618025529392850e-04
3.300000000000000000e+02 -4.562601152495042206e-04 -7.175530646980312808e-05 -3.845048087797010654e-04
3.320000000000000000e+02 -3.792841398786631459e-04 -6.990474591251941388e-05 -3.093793939661437049e-04
3.340000000000000000e+02 -2.506131062998853513e-04 -6.777153059419641307e-05 -1.828415757056889247e-04
3.360000000000000000e+02 -1.158299924974082114e-04 -6.550440381538647232e-05 -5.032558868202172554e-05
3.380000000000000000e+02 2.907715534426074876e-06 -6.319700223287994900e-05 6.610471776730602938e-05
3.400000000000000000e+02 7.263037007247520149e-05 -6.105193781893995971e-05 1.336823078914151476e-04
3.420000000000000000e+02 5.160294613515725205e-05 -5.930195783216186571e-05 1.109049039673191381e-04
3.440000000000000000e+02 -6.073600385596641818e-05 -5.793941705710390803e-05 -2.796586798862504648e-06
3.460000000000000000e+02 -2.014935543238284468e-04 -5.665933056132830403e-05 -1.448342237625001631e-04
3.480000000000000000e+02 -2.949258147505081891e-04 -5.514310254492071943e-05 -2.397827122055874900e-04
3.500000000000000000e+02 -3.117354974453359498e-04 -5.330836329015923187e-05 -2.584271341551766976e-04
3.520000000000000000e+02 -2.661965308684452426e-04 -5.122499939764590775e-05 -2.149715314707993077e-04
3.540000000000000000e+02 -1.778334505276720162e-04 -4.892894604007353961e-05 -1.289045044875984495e-04
3.560000000000000000e+02 -6.340156600936120476e-05 -4.645345532861216655e-05 -1.694811068074904498e-05
3.580000000000000000e+02 3.952804040838816136e-05 -4.398793705910579709e-05 8.351597746749395168e-05
3.600000000000000000e+02 7.889639545562141302e-05 -4.181955517310444946e-05 1.207159506287258557e-04
3.620000000000000000e+02 3.336519258038285728e-05 -4.006255248682734848e-05 7.342774506721019899e-05
3.640000000000000000e+02 -6.497657534822261942e-05 -3.855175792893068061e-05 -2.642481741929193203e-05
3.660000000000000000e+02 -1.639908253306451695e-04 -3.704632268418184889e-05 -1.269445026464633883e-04
3.680000000000000000e+02 -2.330243202478346227e-04 -3.544290989905970010e-05 -1.975814103487749294e-04
3.700000000000000000e+02 -2.613910984633000998e-04 -3.372830297590947003e-05 -2.276627954873906433e-04
3.720000000000000000e+02 -2.371605037480084620e-04 -3.183596350539358896e-05 -2.053245402426148866e-04
3.740000000000000000e+02 -1.557011381066553222e-04 -2.970035258926654023e-05 -1.260007855173887379e-04
3.760000000000000000e+02 -4.707850111166672109e-05 -2.743481755857900446e-05 -1.964368355308772002e-05
3.780000000000000000e+02 3.305625243628097483e-05 -2.531283873880763559e-05 5.836909117508861381e-05
3.800000000000000000e+02 4.930136959292415796e-05 -2.352566482983686953e-05 7.282703442276100038e-05
3.820000000000000000e+02 1.213205039511678553e-05 -2.202834850571840395e-05 3.416039890083516576e-05
3.840000000000000000e+02 -4.762761845570174059e-05 -2.066473990105028698e-05 -2.696287855465145022e-05
3.860000000000000000e+02 -1.113688415078154648e-04 -1.935044750318172023e-05 -9.201839400463376830e-05
3.880000000000000000e+02 -1.673816720542951105e-04 -1.805582514182866295e-05 -1.493258469124664374e-04
3.900000000000000000e+02 -1.920684023567304443e-04 -1.668722319614245734e-05 -1.753811791605880378e-04
3.920000000000000000e+02 -1.610661911116857952e-04 -1.511223712440996004e-05 -1.459539539872758572e-04
3.940000000000000000e+02 -8.212268197564922211e-05 -1.332854570299978299e-05 -6.879413627264947470e-05
3.960000000000000000e+02 3.214917939083652848e-06 -1.151139466216222113e-05 1.472631260124588118e-05
3.980000000000000000e+02 5.580584518320122912e-05 -9.856592848401226901e-06 6.566243803160246788e-05
4.000000000000000000e+02 6.669399974218972918e-05 -8.423317134827190350e-06 7.511731687701692800e-05
4.020000000000000000e+02 4.657461093733792186e-05 -7.158125857845670291e-06 5.373273679518358707e-05
4.040000000000000000e+02 3.755072708336266519e-06 -6.011555322930786397e-06 9.766628031267064774e-06
4.060000000000000000e+02 -5.230608991712963358e-05 -4.948271965329580062e-06 -4.735781795180006283e-05
4.080000000000000000e+02 -9.788311555810041281e-05 -3.880041799876468846e-06 -9.400307375822393550e-05
4.100000000000000000e+02 -1.048200221704166283e-04 -2.677551063676816630e-06 -1.021424711067398265e-04
4.120000000000000000e+02 -6.770036688830068398e-05 -1.286188681159282625e-06 -6.641417820714139056e-05
4.140000000000000000e+02 -8.986101837870035845e-06 2.172327880891334316e-07 -9.203334625959174359e-06
4.160000000000000000e+02 4.519971090676870676e-05 1.709795654363736523e-06 4.348991525240496219e-05
4.180000000000000000e+02 8.341563272109642300e-05 3.121663239802844362e-06 8.029396948129355577e-05
4.200000000000000000e+02 1.006671230246587148e-04 4.431555716529632691e-06 9.623556730812909228e-05
4.220000000000000000e+02 8.772293254088298596e-05 5.613132942958487186e-06 8.210979959792448946e-05
4.240000000000000000e+02 4.363207665279927281e-05 6.657637903087623402e-06 3.697443874971165364e-05
4.260000000000000000e+02 -9.235981604195366387e-06 7.638366672063008045e-06 -1.687434827625837613e-05
4.280000000000000000e+02 -3.799744470544731434e-05 8.688712162601631614e-06 -4.668615686804893241e-05
4.300000000000000000e+02 -3.118625616277226440e-05 9.885541898339839564e-06 -4.107179806111213615e-05
4.320000000000000000e+02 -5.115808064094903934e-06 1.119001857857651250e-05 -1.630582664267142236e-05
4.340000000000000000e+02 2.287285398098231124e-05 1.252489977130848119e-05 1.034795420967383343e-05
4.360000000000000000e+02 5.248440278726998264e-05 1.386109701595170760e-05 3.862330577131829876e-05
4.380000000000000000e+02 8.498630426491376305e-05 1.519096024990169370e-05 6.979534401501207952e-05
4.400000000000000000e+02 1.021938400132809955e-04 1.645329057022293904e-05 8.574054944305804294e-05
4.420000000000000000e+02 8.274028243074100944e-05 1.756804664024992551e-05 6.517223579049107377e-05
4.440000000000000000e+02 3.451534840310525236e-05 1.854803300385153629e-05 1.596731539925372285e-05
4.460000000000000000e+02 -5.863405798699875918e-06 1.951822046514261724e-05 -2.538162626384250163e-05
4.480000000000000000e+02 -1.214953092337299259e-05 2.059213934545637252e-05 -3.274167026882936172e-05
4.500000000000000000e+02 4.875186362732561321e-06 2.176015285909964394e-05 -1.688496649636708600e-05
4.520000000000000000e+02 2.169876932519363945e-05 2.294579337115076970e-05 -1.247024045957113946e-06
4.540000000000000000e+02 3.650420775785081443e-05 2.412472009884807171e-05 1.237948765900273934e-05
4.560000000000000000e+02 6.403067793306886244e-05 2.532682431402456504e-05 3.870385361904429741e-05
4.580000000000000000e+02 1.001286485496355054e-04 2.652730867723450799e-05 7.360133987240097709e-05
4.600000000000000000e+02 1.141331234826908556e-04 2.761438711160999987e-05 8.651873637108085230e-05
4.620000000000000000e+02 8.828115835453261570e-05 2.851784304421183428e-05 5.976331531032079159e-05
4.640000000000000000e+02 4.525044682282648929e-05 2.930836769990464080e-05 1.594207912292184510e-05
4.660000000000000000e+02 2.378645890761162061e-05 3.012187448088599068e-05 -6.335415573274357356e-06
4.680000000000000000e+02 3.308278298145607839e-05 3.100307348301660200e-05 2.079709498439461562e-06
4.700000000000000000e+02 4.848695140639920262e-05 3.187997865790133167e-05 1.660697274849788112e-05
4.720000000000000000e+02 5.368291018217208202e-05 3.270350605714154662e-05 2.097940412503051507e-05
4.740000000000000000e+02 6.239836262251420465e-05 3.351888004059627713e-05 2.887948258191795124e-05
4.760000000000000000e+02 9.077067581536009476e-05 3.436824457627957825e-05 5.640243123908055038e-05
4.780000000000000000e+02 1.237997286612114859e-04 3.518170248113383777e-05 8.861802618007766168e-05
4.800000000000000000e+02 1.294892381795824138e-04 3.583986498885200942e-05 9.364937319073041795e-05
4.820000000000000000e+02 1.040153742325892799e-04 3.633739012159595847e-05 6.767798411099333502e-05
4.840000000000000000e+02 7.849564730913333719e-05 3.678928110281163769e-05 4.170636620632168595e-05
4.860000000000000000e+02 7.935061079141521171e-05 3.727966873147169405e-05 4.207094205994350411e-05
4.880000000000000000e+02 9.776381800636097679e-05 3.776959973631240769e-05 5.999421827004856232e-05
4.900000000000000000e+02 1.092711668778448942e-04 3.818732739740951547e-05 7.108383948043538549e-05
4.920000000000000000e+02 1.119096239069525657e-04 3.855370594611020495e-05 7.335591796084238111e-05
4.940000000000000000e+02 1.233451790677247788e-04 3.893281196013219256e-05 8.441236710759262012e-05
4.960000000000000000e+02 1.471372021314860663e-04 3.930430400564153762e-05 1.078328981258445490e-04
4.980000000000000000e+02 1.613495370343177621e-04 3.956351325944891967e-05 1.217860237748688492e-04
5.000000000000000000e+02 1.478852141606915656e-04 3.965911272803681280e-05 1.082261014326547460e-04
5.020000000000000000e+02 1.189957200683176435e-04 3.966301205467511181e-05 7.933270801364252487e-05
5.040000000000000000e+02 1.002876890870726511e-04 3.966102467287085486e-05 6.062666441420180982e-05
5.060000000000000000e+02 9.838245961085324951e-05 3.964406013552182858e-05 5.873839947533143448e-05
5.080000000000000000e+02 9.897505456705900817e-05 3.955487803739854039e-05 5.942017652966048811e-05
5.100000000000000000e+02 9.341258760554288347e-05 3.940148227758684857e-05 5.401110532795603490e-05
5.120000000000000000e+02 9.057832232650343200e-05 3.925010182003186275e-05 5.132822050647158280e-05
5.140000000000000000e+02 9.740166060105989547e-05 3.910823990302211584e-05 5.829342069803781351e-05
5.160000000000000000e+02 1.028775743800200253e-04 3.889468655912093991e-05 6.398288782089909892e-05
5.180000000000000000e+02 9.230894662630587729e-05 3.855094461403993074e-05 5.375800201226596010e-05
5.200000000000000000e+02 6.963134091439779740e-05 3.812451902304932769e-05 3.150682189134846971e-05
5.220000000000000000e+02 5.255223864086337829e-05 3.769532126387819561e-05 1.485691737698517929e-05
5.240000000000000000e+02 4.859958538395276438e-05 3.726175525708501606e-05 1.133783012686774323e-05
5.260000000000000000e+02 4.952542950932864072e-05 3.676592276995095004e-05 1.275950673937769069e-05
5.280000000000000000e+02 5.049586985610959037e-05 3.621193105112859207e-05 1.428393880498099152e-05
5.300000000000000000e+02 5.968243214462870452e-05 3.567479963179684394e-05 2.400763251283186058e-05
5.320000000000000000e+02 8.199381004207657332e-05 3.517913447196668674e-05 4.681467557010989336e-05
5.340000000000000000e+02 1.043210841558118421e-04 3.464057444951084807e-05 6.968050970630099400e-05
5.360000000000000000e+02 1.092986796030184017e-04 3.397655912725004810e-05 7.532212047576838075e-05
5.380000000000000000e+02 9.879427472743762030e-05 3.322345906930366567e-05 6.557081565813395463e-05
5.400000000000000000e+02 9.036532431702049765e-05 3.247608166710428448e-05 5.788924264991621995e-05
5.420000000000000000e+02 9.234239259111173749e-05 3.174705111607738727e-05 6.059534147503435700e-05
5.440000000000000000e+02 9.481441114412460908e-05 3.096071443402887910e-05 6.385369671009572998e-05
5.460000000000000000e+02 8.968714076317175913e-05 3.009252441739879098e-05 5.959461634577297492e-05
5.480000000000000000e+02 8.624097508398901701e-05 2.922620895481902145e-05 5.701476612916999217e-05
5.500000000000000000e+02 9.708803447637767464e-05 2.843338972687200068e-05 6.865464474950568074e-05
5.520000000000000000e+02 1.158299699875267743e-04 2.766002349133442985e-05 8.816994649619232412e-05
5.540000000000000000e+02 1.217072189940097537e-04 2.679729291588673750e-05 9.490992607812302295e-05
5.560000000000000000e+02 1.063216814640920795e-04 2.583625895656128390e-05 8.048542250753080573e-05
5.580000000000000000e+02 8.353002861793639810e-05 2.487225081509258055e-05 5.865777780284382433e-05
5.600000000000000000e+02 7.062096099515816343e-05 2.396610045093598465e-05 4.665486054422216184e-05
5.620000000000000000e+02 6.677564012554920302e-05 2.306666531997841012e-05 4.370897480557079290e-05
5.640000000000000000e+02 5.986451742544037245e-05 2.210900445389475685e-05 3.775551297154561899e-05
5.660000000000000000e+02 4.791956582098134986e-05 2.112794809458783319e-05 2.679161772639351667e-05
5.680000000000000000e+02 4.315288321551318635e-05 2.021372007503619985e-05 2.293916314047698651e-05
5.700000000000000000e+02 5.367528563745973343e-05 1.938166199628912884e-05 3.429362364117061136e-05
5.720000000000000000e+02 6.805665441253518880e-05 1.854223952041153382e-05 4.951441489212364143e-05
5.740000000000000000e+02 6.781251374078201921e-05 1.762315470424809013e-05 5.018935903653393247e-05
5.760000000000000000e+02 4.906903483577785158e-05 1.665975930250488511e-05 3.240927553327296309e-05
5.780000000000000000e+02 2.664821438701701930e-05 1.573771439516118012e-05 1.091049999185583918e-05
5.800000000000000000e+02 1.525991281708469357e-05 1.487652280762035934e-05 3.833900094643420060e-07
5.820000000000000000e+02 1.314014984574150033e-05 1.401791423774369487e-05 -8.777643920021972995e-07
5.840000000000000000e+02 9.741965204533359338e-06 1.312860084654129372e-05 -3.386635642007928457e-06
5.860000000000000000e+02 2.633313264588425842e-06 1.225495435310734056e-05 -9.621641088518908787e-06
5.880000000000000000e+02 1.533985816656169375e-06 1.145895267208526334e-05 -9.924966855429096296e-06
5.900000000000000000e+02 1.290898852842807551e-05 1.072692132946330534e-05 2.182067198964768890e-06
5.920000000000000000e+02 2.865585528325112244e-05 9.987750958258172768e-06 1.866810432499295137e-05
5.940000000000000000e+02 3.419895160553447733e-05 9.207231108447597087e-06 2.499172049708688363e-05
5.960000000000000000e+02 2.568056819627835923e-05 8.427239126341394321e-06 1.725332906993695814e-05
5.980000000000000000e+02 1.481547363173312017e-05 7.704173335305214995e-06 7.111300296427913647e-06
6.000000000000000000e+02 1.426350479383591799e-05 7.037798088010426586e-06 7.225706705825484628e-06
6.020000000000000000e+02 2.367711690740798982e-05 6.389754065935795993e-06 1.728736284147219891e-05
6.040000000000000000e+02 3.213733940862131941e-05 5.744783596207688915e-06 2.639255581241362541e-05
6.060000000000000000e+02 3.417280721613081570e-05 5.131875826154513340e-06 2.904093138997629981e-05
6.080000000000000000e+02 3.667700117095984197e-05 4.577641411767320785e-06 3.209935975919252118e-05
6.100000000000000000e+02 4.672947035539746569e-05 4.063592964686333683e-06 4.266587739071113624e-05
6.120000000000000000e+02 5.746120907341937520e-05 3.542229924086126592e-06 5.391897914933324945e-05
6.140000000000000000e+02 5.316989749181042174e-05 2.987555443511135506e-06 5.018234204829927946e-05
6.160000000000000000e+02 3.059392380092498137e-05 2.425829346765080466e-06 2.816809445415989201e-05
6.180000000000000000e+02 5.689344285851760578e-06 1.903355039695965596e-06 3.785989246155799005e-06
6.200000000000000000e+02 -5.473858838490635564e-06 1.436213907267408148e-06 -6.910072745758037572e-06
6.220000000000000000e+02 -6.427622722528312377e-06 9.997689438361869440e-07 -7.427391666364503979e-06
6.240000000000000000e+02 -1.268018916495172731e-05 5.688299540531691951e-07 -1.324901911900490360e-05
6.260000000000000000e+02 -2.655903331561019999e-05 1.575485260669826818e-07 -2.671658184167717724e-05
6.280000000000000000e+02 -3.268198943112008483e-05 -2.007681045297667727e-07 -3.248122132659031806e-05
6.300000000000000000e+02 -2.240514268555602435e-05 -5.086311020668060672e-07 -2.189651158348921288e-05
6.320000000000000000e+02 -1.031522565184875065e-05 -8.138169473464221888e-07 -9.501408704502324010e-06
6.340000000000000000e+02 -1.659302950384545087e-05 -1.152666265559063465e-06 -1.544036323828638466e-05
6.360000000000000000e+02 -3.776038780866132098e-05 -1.499294325800327173e-06 -3.626109348286098258e-05
6.380000000000000000e+02 -4.907149571452017108e-05 -1.793277972662125632e-06 -4.727821774185804248e-05
6.400000000000000000e+02 -3.747013615176803371e-05 -2.012371819003087376e-06 -3.545776433276494972e-05
6.420000000000000000e+02 -1.799039383445264173e-05 -2.192712158830923696e-06 -1.579768167562171634e-05
6.440000000000000000e+02 -1.181072875850331860e-05 -2.379237975933792231e-06 -9.431490782569527221e-06
6.460000000000000000e+02 -1.585480406887451255e-05 -2.568824407403648040e-06 -1.328597966147086493e-05
6.480000000000000000e+02 -8.655208048513042903e-06 -2.723459303284867896e-06 -5.931748745228175007e-06
6.500000000000000000e+02 1.498510528029646703e-05 -2.835798957629544053e-06 1.782090423792601023e-05
6.520000000000000000e+02 3.205872312819471788e-05 -2.954831511092418625e-06 3.501355463928714667e-05
6.540000000000000000e+02 2.073602838498182703e-05 -3.133463776229399856e-06 2.386949216121122096e-05
6.560000000000000000e+02 -7.566632388062201726e-06 -3.353325823559388512e-06 -4.213306564502809401e-06
6.580000000000000000e+02 -2.028922691997064596e-05 -3.531829332546504705e-06 -1.675739758742414041e-05
6.600000000000000000e+02 -6.055665336556695395e-06 -3.618036780934068478e-06 -2.437628555622625223e-06
6.620000000000000000e+02 1.148049285896025643e-05 -3.660034617242576052e-06 1.514052747620284180e-05
6.640000000000000000e+02 7.843384273281322686e-06 -3.745686334831775093e-06 1.158907060811309990e-05
6.660000000000000000e+02 -7.489542523159676956e-06 -3.883640248242185208e-06 -3.605902274917490054e-06
6.680000000000000000e+02 -5.374298572995954736e-06 -3.992783979505017697e-06 -1.381514593490940851e-06
6.700000000000000000e+02 1.811619541166921771e-05 -4.029769164171328822e-06 2.214596457584054229e-05
6.720000000000000000e+02 3.212376875319786294e-05 -4.071903974050031003e-06 3.619567272724789225e-05
6.740000000000000000e+02 1.308755843862543903e-05 -4.216874160735873097e-06 1.730443259936131382e-05
6.760000000000000000e+02 -2.011000603302918782e-05 -4.429620177871439079e-06 -1.568038585515774705e-05
6.780000000000000000e+02 -2.874328313012998329e-05 -4.566560731853298868e-06 -2.417672239827667934e-05
6.800000000000000000e+02 -6.454974880340261993e-06 -4.566536620540196627e-06 -1.888438259800066213e-06
6.820000000000000000e+02 1.346728930536946758e-05 -4.536272329428338612e-06 1.800356163479780534e-05
6.840000000000000000e+02 5.436988389926366810e-06 -4.599784140276045551e-06 1.003677253020242507e-05
6.860000000000000000e+02 -1.339582282372515171e-05 -4.721949581217367947e-06 -8.673873242507785454e-06
6.880000000000000000e+02 -1.017737048454002695e-05 -4.767775924923032792e-06 -5.409594559616979761e-06
6.900000000000000000e+02 1.277103799878182346e-05 -4.715131237968564907e-06 1.748616923675038837e-05
6.920000000000000000e+02 1.896337089424342295e-05 -4.700365120100673705e-06 2.366373601434408649e-05
6.940000000000000000e+02 -1.064690603143481678e-05 -4.822986625023439417e-06 -5.823919406411379057e-06
6.960000000000000000e+02 -4.823223795145262449e-05 -4.987532101254539732e-06 -4.324470585019807544e-05
6.980000000000000000e+02 -5.517580235874397932e-05 -5.023702775938949866e-06 -5.015209958280503200e-05
7.000000000000000000e+02 -3.313457132074345234e-05 -4.916756191717205762e-06 -2.821781512902624573e-05
7.020000000000000000e+02 -1.818257031375232575e-05 -4.818512085253672192e-06 -1.336405822849865355e-05
7.040000000000000000e+02 -2.892527096134917141e-05 -4.827974350421767883e-06 -2.409729661092740522e-05
7.060000000000000000e+02 -4.208537563288388225e-05 -4.857532533676200627e-06 -3.722784309920768416e-05
7.080000000000000000e+02 -2.990089173868394753e-05 -4.780145709526349540e-06 -2.512074602915759884e-05
7.100000000000000000e+02 -2.801583762552877634e-06 -4.631368589837616180e-06 1.829784827284746382e-06
7.120000000000000000e+02 4.468223492214064640e-06 -4.565218868949290340e-06 9.033442361163351593e-06
7.140000000000000000e+02 -1.726562827025870565e-05 -4.627191070268674127e-06 -1.263843719999003406e-05
7.160000000000000000e+02 -3.718657002394901493e-05 -4.677382901175419690e-06 -3.250918712277359862e-05
7.180000000000000000e+02 -2.728577504417701742e-05 -4.583403440952586605e-06 -2.270237160322443590e-05
7.200000000000000000e+02 6.078056009565710509e-07 -4.397307408024757080e-06 5.005113008981328660e-06
7.220000000000000000e+02 1.475891484427897910e-05 -4.263192362675307326e-06 1.902210720695428049e-05
7.240000000000000000e+02 8.897347248600060801e-06 -4.204014906185631901e-06 1.310136215478569185e-05
7.260000000000000000e+02 7.435778905719379207e-06 -4.102103107947240776e-06 1.153788201366661998e-05
7.280000000000000000e+02 2.384730378037528228e-05 -3.900082863274445798e-06 2.774738664364971791e-05
7.300000000000000000e+02 3.799986840913007402e-05 -3.703092289122708438e-06 4.170296069825279008e-05
7.320000000000000000e+02 2.599243322193318177e-05 -3.623443392856937908e-06 2.961587661479013323e-05
7.340000000000000000e+02 -3.229009182912154089e-06 -3.608559100880128992e-06 3.795499179679708265e-07
7.360000000000000000e+02 -1.865270743234988984e-05 -3.508635071015912378e-06 -1.514407236133397365e-05
7.380000000000000000e+02 -1.061543795229327210e-05 -3.290998337188873231e-06 -7.324439615104400986e-06
7.400000000000000000e+02 -2.524878748967301408e-07 -3.071614074905617527e-06 2.819126200008890456e-06
7.420000000000000000e+02 -4.882790271126513728e-06 -2.931642150294131584e-06 -1.951148120832386379e-06
7.440000000000000000e+02 -1.325349272884608016e-05 -2.804322784617916935e-06 -1.044916994422816873e-05
7.460000000000000000e+02 -6.066892654787555271e-06 -2.593795370127964217e-06 -3.473097284659595288e-06
7.480000000000000000e+02 1.013222870702512406e-05 -2.345169442721809624e-06 1.247739814974692903e-05
7.500000000000000000e+02 1.138771173235756060e-05 -2.188551557229257120e-06 1.357626328958681348e-05
7.520000000000000000e+02 -8.049789304065683749e-06 -2.150010127330908407e-06 -5.899779176734777883e-06
7.540000000000000000e+02 -2.614574094175947642e-05 -2.110519403880906357e-06 -2.403522153787857006e-05
7.560000000000000000e+02 -2.314153318158377112e-05 -1.970972073743790724e-06 -2.117056110783998633e-05
7.580000000000000000e+02 -7.945500144040329869e-06 -1.783478913725753506e-06 -6.162021230314570857e-06
7.600000000000000000e+02 -1.236539260172191894e-06 -1.654058422842129178e-06 4.175191626699391897e-07
7.620000000000000000e+02 -5.600368890634524455e-06 -1.585775351963837282e-06 -4.014593538670679550e-06
7.640000000000000000e+02 -4.951132430741325802e-06 -1.486885826552201684e-06 -3.464246604189125388e-06
7.660000000000000000e+02 8.232030540001710533e-06 -1.321724426314157606e-06 9.553754966315863056e-06
7.680000000000000000e+02 1.868980040860287821e-05 -1.176125765100962331e-06 1.986592617370384182e-05
7.700000000000000000e+02 9.513184423596174571e-06 -1.136049754570492644e-06 1.064923417816667124e-05
7.720000000000000000e+02 -1.486418361339314831e-05 -1.169934350674639824e-06 -1.369424926271850616e-05
7.740000000000000000e+02 -3.355829654731473931e-05 -1.172471446758819304e-06 -3.238582510055591535e-05
7.760000000000000000e+02 -3.475015859679057135e-05 -1.100414194482605610e-06 -3.364974440230796574e-05
7.780000000000000000e+02 -2.684500902012015898e-05 -1.008262031884111986e-06 -2.583674698823605886e-05
7.800000000000000000e+02 -2.252486612146955815e-05 -9.498840450254544405e-07 -2.157498207644409672e-05
7.820000000000000000e+02 -2.187625541030471408e-05 -9.058293681865411024e-07 -2.097042604211817065e-05
7.840000000000000000e+02 -1.469679110633800360e-05 -8.259560798870415260e-07 -1.387083502645096377e-05
7.860000000000000000e+02 1.976063016164060656e-06 -7.163075045179468151e-07 2.692370520682005142e-06
7.880000000000000000e+02 1.707877363274371772e-05 -6.407996184463691691e-07 1.771957325119009218e-05
7.900000000000000000e+02 1.804812727478926666e-05 -6.415782941987689441e-07 1.868970556898804514e-05
7.920000000000000000e+02 6.202787846648910557e-06 -6.902424310782995629e-07 6.893030277727218802e-06
7.940000000000000000e+02 -3.350974841030895401e-06 -7.243904570914406016e-07 -2.626584383939454164e-06
7.960000000000000000e+02 1.045815867871024169e-06 -7.177509333265810979e-07 1.763566801197607385e-06
7.980000000000000000e+02 1.522583759358567191e-05 -6.952735956179580442e-07 1.592111118920362561e-05
8.000000000000000000e+02 2.544069287889937704e-05 -6.887953025838431660e-07 2.612948818148322095e-05
8.020000000000000000e+02 2.631356657366357548e-05 -6.947894205691166232e-07 2.700835599423268829e-05
8.040000000000000000e+02 2.659239614357997427e-05 -6.870252901975038295e-07 2.727942143377748752e-05
8.060000000000000000e+02 3.386431190816305460e-05 -6.661120344220760877e-07 3.453042394258512825e-05
8.080000000000000000e+02 3.951733038987951185e-05 -6.772934050626403781e-07 4.019462379494214143e-05
8.100000000000000000e+02 2.708955633364297646e-05 -7.632117333281907004e-07 2.785276806697117277e-05
8.120000000000000000e+02 -3.046352661393677914e-06 -9.020138844325642371e-07 -2.144338776961110501e-06
8.140000000000000000e+02 -2.873479641652624660e-05 -1.019730934803658441e-06 -2.771506548172259155e-05
8.160000000000000000e+02 -3.173415980673915596e-05 -1.074546847396492570e-06 -3.065961295934265831e-05
8.180000000000000000e+02 -2.131333686347382613e-05 -1.107520173346447486e-06 -2.020581669012738097e-05
8.200000000000000000e+02 -2.005651271138204341e-05 -1.179728473842322342e-06 -1.887678423753971896e-05
8.220000000000000000e+02 -2.975273002870151083e-05 -1.277032319440477715e-06 -2.847569770926103693e-05
8.240000000000000000e+02 -2.857606552718154613e-05 -1.328846896362695016e-06 -2.724721863081886128e-05
8.260000000000000000e+02 -6.548567604822417407e-06 -1.326486953448656967e-06 -5.222080651373757264e-06
8.280000000000000000e+02 1.311135729122768132e-05 -1.364648238204798691e-06 1.447600552943248064e-05
8.300000000000000000e+02 4.002895163043078151e-06 -1.518514527606303028e-06 5.521409690649374825e-06
8.320000000000000000e+02 -2.304408019793904381e-05 -1.722870836811276864e-06 -2.132120936112776694e-05
8.340000000000000000e+02 -3.119147149917612813e-05 -1.845623243129789684e-06 -2.934584825604632765e-05
8.360000000000000000e+02 -9.365937191541758353e-06 -1.869877439530852793e-06 -7.496059752010901960e-06
8.380000000000000000e+02 1.205730890043303400e-05 -1.914252143434374348e-06 1.397156104386740623e-05
8.400000000000000000e+02 6.366973269243526740e-06 -2.052065664750432412e-06 8.419038933993956610e-06
8.420000000000000000e+02 -9.917882602281929559e-06 -2.196598424467131540e-06 -7.721284177814803949e-06
8.440000000000000000e+02 -3.527463773193382583e-06 -2.233485065588436133e-06 -1.293978707604942214e-06
8.460000000000000000e+02 2.125770519744826751e-05 -2.207028511421601315e-06 2.346473370886986205e-05
8.480000000000000000e+02 2.551101458119901086e-05 -2.267918665730333165e-06 2.777893324692934826e-05
8.500000000000000000e+02 -7.631619354814902050e-06 -2.454184424837429265e-06 -5.177434929977463891e-06
8.520000000000000000e+02 -4.606411681700454719e-05 -2.627668126053473668e-06 -4.343644869095107479e-05
8.540000000000000000e+02 -5.302090221679204316e-05 -2.665765018706558364e-06 -5.035513719808547463e-05
8.560000000000000000e+02 -3.697524303784899193e-05 -2.623465536867287072e-06 -3.435177750098171841e-05
8.580000000000000000e+02 -3.323707717850496105e-05 -2.628692737485565175e-06 -3.060838444101939248e-05
8.600000000000000000e+02 -4.876566884194645897e-05 -2.682317137553923063e-06 -4.608335170439253718e-05
8.620000000000000000e+02 -5.338356513435603325e-05 -2.663542842023316037e-06 -5.072002229233272272e-05
8.640000000000000000e+02 -2.871380479299808674e-05 -2.523384296278644247e-06 -2.619042049671943317e-05
8.660000000000000000e+02 1.615974830754986970e-06 -2.364060822820040891e-06 3.980035653575021508e-06
8.680000000000000000e+02 5.849981554441620641e-06 -2.289770362676041915e-06 8.139751917117660015e-06
8.700000000000000000e+02 -1.070314562964310076e-05 -2.259581442036159153e-06 -8.443564187606930168e-06
8.720000000000000000e+02 -1.627162164630306516e-05 -2.158896955493780670e-06 -1.411272469080927729e-05
8.740000000000000000e+02 1.011708224799815057e-06 -1.963633818663092749e-06 2.975342043462907171e-06
8.760000000000000000e+02 2.038436238098920947e-05 -1.752059143404967559e-06 2.213642152439416856e-05
8.780000000000000000e+02 2.418075682701398111e-05 -1.568439943891476593e-06 2.574919677090545771e-05
8.800000000000000000e+02 2.355409169675514754e-05 -1.360775597620006997e-06 2.491486729437516470e-05
8.820000000000000000e+02 3.588078706795939292e-05 -1.083704526792118745e-06 3.696449159475149917e-05
8.840000000000000000e+02 5.464192448461199965e-05 -7.812865810215690211e-07 5.542321106563357269e-05
8.860000000000000000e+02 5.745187978399976449e-05 -5.260049478409352336e-07 5.797788473184070385e-05
8.880000000000000000e+02 3.886960502797952267e-05 -3.149440991215703834e-07 3.918454912710108643e-05
8.900000000000000000e+02 1.648935162517374531e-05 -8.648942249516596819e-08 1.657584104766890372e-05
8.920000000000000000e+02 3.862877106102571099e-06 1.795990352947722967e-07 3.683278070807796923e-06
8.940000000000000000e+02 -4.140098855621825677e-06 4.521553338952604670e-07 -4.592254189517082915e-06
8.960000000000000000e+02 -1.608761412631662063e-05 7.217455707548542013e-07 -1.680935969707147282e-05
8.980000000000000000e+02 -2.614770399710792255e-05 1.029237976798970961e-06 -2.717694197390690155e-05
9.000000000000000000e+02 -2.358972091585675627e-05 1.395817796925981725e-06 -2.498553871278275557e-05
9.020000000000000000e+02 -1.212321620584451689e-05 1.774269349021094706e-06 -1.389748555486562472e-05
9.040000000000000000e+02 -5.987577837432383248e-06 2.111566009188709706e-06 -8.099143846621093801e-06
9.060000000000000000e+02 -1.085678300995049003e-05 2.415275620414878914e-06 -1.327205863036537488e-05
9.080000000000000000e+02 -1.837666824545687566e-05 2.727300328958354724e-06 -2.110396857441523293e-05
9.100000000000000000e+02 -2.129251787652259890e-05 3.049357525931561705e-06 -2.434187540245416230e-05
9.120000000000000000e+02 -2.311623481030633764e-05 3.345379590304874320e-06 -2.646161440061120773e-05
9.140000000000000000e+02 -2.760851716408101365e-05 3.614159162616596300e-06 -3.122267632669760190e-05
9.160000000000000000e+02 -2.888813741858849691e-05 3.901081776338577465e-06 -3.278921919492707522e-05
9.180000000000000000e+02 -1.908464775293007584e-05 4.230910071710421162e-06 -2.331555782464049954e-05
9.200000000000000000e+02 -1.339415713004651030e-06 4.565323134515348821e-06 -5.904738847520009169e-06
9.220000000000000000e+02 1.345896737952977734e-05 4.856723207538176388e-06 8.602244171991599260e-06
9.240000000000000000e+02 2.096350460294073309e-05 5.109250884750011747e-06 1.585425371819073828e-05
9.260000000000000000e+02 2.531004496298269816e-05 5.349017092811653767e-06 1.996102787017104270e-05
9.280000000000000000e+02 2.807460376480826276e-05 5.565435052793934777e-06 2.250916871201432036e-05
9.300000000000000000e+02 2.461830183213463771e-05 5.725717568047366367e-06 1.889258426408727050e-05
9.320000000000000000e+02 1.488887983125714149e-05 5.842323109766120788e-06 9.046556721491018165e-06
9.340000000000000000e+02 8.663580524383196455e-06 5.970539205861770124e-06 2.693041318521433108e-06
9.360000000000000000e+02 1.364664526858234216e-05 6.130131832012444856e-06 7.516513436569904078e-06
9.380000000000000000e+02 2.441011414454388910e-05 6.278337158391448650e-06 1.813177698615244299e-05
9.400000000000000000e+02 3.109181931667245392e-05 6.381291286941781359e-06 2.471052802973067002e-05
9.420000000000000000e+02 3.478393720334966487e-05 6.469532012368451850e-06 2.831440519098119777e-05
9.440000000000000000e+02 4.293695220342906479e-05 6.576800668312948774e-06 3.636015153511612449e-05
9.460000000000000000e+02 5.273705646151206764e-05 6.665003568926004322e-06 4.607205289258607179e-05
9.480000000000000000e+02 5.065343218257441400e-05 6.668378222104995196e-06 4.398505396046942727e-05
9.500000000000000000e+02 3.298443763516096074e-05 6.600105349881561770e-06 2.638433228527939728e-05
9.520000000000000000e+02 1.583727544371565807e-05 6.550961578990149121e-06 9.286313864725502173e-06
9.540000000000000000e+02 1.497094600290353079e-05 6.563727595714600812e-06 8.407218407188931668e-06
9.560000000000000000e+02 2.488814243730162111e-05 6.576965711107060422e-06 1.831117672619456577e-05
9.580000000000000000e+02 2.805989617038217950e-05 6.525067817338249946e-06 2.153482835304394480e-05
9.600000000000000000e+02 2.174381032493690299e-05 6.442241413583671033e-06 1.530156891135323619e-05
9.620000000000000000e+02 2.131819190231254408e-05 6.406595276858788081e-06 1.491159662545375685e-05
9.640000000000000000e+02 3.355696801162920320e-05 6.405183695137174374e-06 2.715178431649202374e-05
9.660000000000000000e+02 4.219124388107113003e-05 6.337259609905839687e-06 3.585398427116528102e-05
9.680000000000000000e+02 2.909868797869631866e-05 6.156884414512967259e-06 2.294180356418335648e-05
9.700000000000000000e+02 1.322283735786349815e-06 5.944235563832121912e-06 -4.621951828045776333e-06
9.720000000000000000e+02 -1.630776440237688413e-05 5.797022886892488069e-06 -2.210478728926937813e-05
9.740000000000000000e+02 -1.412279124061448101e-05 5.699805991396190627e-06 -1.982259723201068688e-05
9.760000000000000000e+02 -7.522184124228979436e-06 5.564706619846035813e-06 -1.308689074407502457e-05
9.780000000000000000e+02 -1.166062024948572583e-05 5.370495931781235677e-06 -1.703111618126696236e-05
9.800000000000000000e+02 -1.951484158822282006e-05 5.188887940398255698e-06 -2.470372952862108338e-05
9.820000000000000000e+02 -1.493836752201327355e-05 5.064366290225152012e-06 -2.000273381223842726e-05
9.840000000000000000e+02 4.779011464463252040e-07 4.938604494625458473e-06 -4.460703348179135811e-06
9.860000000000000000e+02 8.228604487156000760e-06 4.733075490759773598e-06 3.495528996396230550e-06
9.880000000000000000e+02 -1.413684292597272890e-06 4.458372477848724006e-06 -5.872056770445995626e-06
9.900000000000000000e+02 -1.583463577110207619e-05 4.193644634655007916e-06 -2.002828040575708749e-05
9.920000000000000000e+02 -1.824790111483766883e-05 3.972939365622105967e-06 -2.222084048045977649e-05
9.940000000000000000e+02 -8.797418156721744962e-06 3.754989823632806115e-06 -1.255240798035454515e-05
9.960000000000000000e+02 -6.563851556792398140e-08 3.502466152083170125e-06 -3.568104667651094186e-06
9.980000000000000000e+02 2.444275908985735757e-06 3.237873552981131963e-06 -7.935976439953962064e-07
1.000000000000000000e+03 6.680893128972956586e-06 2.999437111407308577e-06 3.681456017565643351e-06
1.002000000000000000e+03 1.797942039587017955e-05 2.770874371144261473e-06 1.520854602472591595e-05
1.004000000000000000e+03 2.918257713159575138e-05 2.503904160694012763e-06 2.667867297090174708e-05
1.006000000000000000e+03 2.996856593000123112e-05 2.187283073677024236e-06 2.778128285632420943e-05
1.008000000000000000e+03 2.096555619766221363e-05 1.857560619144389459e-06 1.910799557851781803e-05
1.010000000000000000e+03 1.288295974407825380e-05 1.542847380542487122e-06 1.134011236353577811e-05
1.012000000000000000e+03 1.123535759484090821e-05 1.226549836456049496e-06 1.000880775838485808e-05
1.014000000000000000e+03 1.228904318829898819e-05 8.889760332420671598e-07 1.140006715505692727e-05
1.016000000000000000e+03 1.243941128962293984e-05 5.498308846486346679e-07 1.188958040497429638e-05
1.018000000000000000e+03 1.498484774456374749e-05 2.410371542944135043e-07 1.474381059026932753e-05
1.020000000000000000e+03 2.378400570194298132e-05 -4.752845890376262907e-08 2.383153416084673209e-05
1.022000000000000000e+03 3.356256009118067094e-05 -3.645843910533304051e-07 3.392714448223399981e-05
1.024000000000000000e+03 3.517285600599054526e-05 -7.334597859442945300e-07 3.590631579193484296e-05
1.026000000000000000e+03 2.749690099304096061e-05 -1.121513865087156282e-06 2.861841485812811520e-05
1.028000000000000000e+03 1.778087350439611317e-05 -1.491221220008759499e-06 1.927209472440487880e-05
1.030000000000000000e+03 1.104521112111505136e-05 -1.850745803816164255e-06 1.289595692493122112e-05
1.032000000000000000e+03 3.692855704490770971e-06 -2.233433940638894884e-06 5.926289645129666278e-06
1.034000000000000000e+03 -7.911885609106185111e-06 -2.636525353050312529e-06 -5.275360256055866230e-06
1.036000000000000000e+03 -1.879354170758100142e-05 -3.013818531242667570e-06 -1.577972317633833470e-05
1.038000000000000000e+03 -2.191607453383132467e-05 -3.342340373021152934e-06 -1.857373416081017513e-05
1.040000000000000000e+03 -1.857972294448575600e-05 -3.655244026038439625e-06 -1.492447891844731214e-05
1.042000000000000000e+03 -1.843891485613186214e-05 -4.000522148066262059e-06 -1.443839270806560008e-05
1.044000000000000000e+03 -2.660812753903962874e-05 -4.378595671125061833e-06 -2.222953186791457199e-05
1.046000000000000000e+03 -3.717886436798228201e-05 -4.747015315908359196e-06 -3.243184905207391604e-05
1.048000000000000000e+03 -4.293228309975938913e-05 -5.086075370730197152e-06 -3.784620772902918520e-05
1.050000000000000000e+03 -4.473412738069156155e-05 -5.419875523940328355e-06 -3.931425185675123743e-05
1.052000000000000000e+03 -4.825851459119148766e-05 -5.772574320944847069e-06 -4.248594027024662958e-05
1.054000000000000000e+03 -5.257971155981902751e-05 -6.122902812495369324e-06 -4.645680874732365819e-05
1.056000000000000000e+03 -4.989419932924048489e-05 -6.430345920843337132e-06 -4.346385340839715284e-05
1.058000000000000000e+03 -3.756499105960779461e-05 -6.697130096178734666e-06 -3.086786096342905062e-05
1.060000000000000000e+03 -2.303905203551393635e-05 -6.967079922184598525e-06 -1.607197211332932343e-05
1.062000000000000000e+03 -1.455390889109623635e-05 -7.266768586609661075e-06 -7.287140304486577819e-06
1.064000000000000000e+03 -1.161598894429009434e-05 -7.575340549522585179e-06 -4.040648394767500695e-06
1.066000000000000000e+03 -8.751561918154279765e-06 -7.864191089184319655e-06 -8.873708289699590507e-07
1.068000000000000000e+03 -5.999081382423999593e-06 -8.144677062168541068e-06 2.145595679744541052e-06
1.070000000000000000e+03 -8.151752288514628594e-06 -8.443809066986629916e-06 2.920567784720010048e-07
1.072000000000000000e+03 -1.509183800666941954e-05 -8.750778534763264341e-06 -6.341059471906156897e-06
1.074000000000000000e+03 -2.019544965393815021e-05 -9.023623712805417296e-06 -1.117182594113273461e-05
1.076000000000000000e+03 -1.860799093763402536e-05 -9.244148119632873261e-06 -9.363842818001157182e-06
1.078000000000000000e+03 -1.402744079912777410e-05 -9.444284093055369848e-06 -4.583156706072396629e-06
1.080000000000000000e+03 -1.233389036724509669e-05 -9.656959865579604771e-06 -2.676930501665498693e-06
1.082000000000000000e+03 -1.345647068889901474e-05 -9.870867802249799015e-06 -3.585602886649218262e-06
1.084000000000000000e+03 -1.373938619934488527e-05 -1.005649600341486423e-05 -3.682890195930014262e-06
1.086000000000000000e+03 -1.311140602817911846e-05 -1.021576072727683412e-05 -2.895645300902285610e-06
1.088000000000000000e+03 -1.652184567038497627e-05 -1.038312948728754448e-05 -6.138716183097430949e-06
1.090000000000000000e+03 -2.577190505768435998e-05 -1.056842584940206490e-05 -1.520347920828228830e-05
1.092000000000000000e+03 -3.546798564597192227e-05 -1.073394652859632650e-05 -2.473403911737558899e-05
1.094000000000000000e+03 -3.892278068683478981e-05 -1.084152454742717701e-05 -2.808125613940760433e-05
1.096000000000000000e+03 -3.631088404916726865e-05 -1.090190239049237364e-05 -2.540898165867489501e-05
1.098000000000000000e+03 -3.376303863547937300e-05 -1.095701165036658992e-05 -2.280602698511278477e-05
1.100000000000000000e+03 -3.441726357986130553e-05 -1.101737548459888127e-05 -2.339988809526242765e-05
1.102000000000000000e+03 -3.480298884279013806e-05 -1.105073302063962407e-05 -2.375225582215051060e-05
1.104000000000000000e+03 -3.135952380209440006e-05 -1.103785861283511013e-05 -2.032166518925929670e-05
1.106000000000000000e+03 -2.792559878665178716e-05 -1.100977714975082360e-05 -1.691582163690096526e-05
1.108000000000000000e+03 -3.127854262038655159e-05 -1.100424881683752889e-05 -2.027429380354902100e-05
1.110000000000000000e+03 -4.157953106861702307e-05 -1.100694805254999443e-05 -3.057258301606700831e-05
1.112000000000000000e+03 -5.077271226799588694e-05 -1.096686335281665498e-05 -3.980584891517922349e-05
1.114000000000000000e+03 -5.234759553558077539e-05 -1.086621131177258160e-05 -4.148138422380819718e-05
1.116000000000000000e+03 -4.892404541771361786e-05 -1.074022690335930711e-05 -3.818381851435431414e-05
1.118000000000000000e+03 -4.620890004617685224e-05 -1.061780031026958673e-05 -3.559109973590727567e-05
1.120000000000000000e+03 -4.487448873218786234e-05 -1.048068074760132142e-05 -3.439380798458653246e-05
1.122000000000000000e+03 -4.075355952011576683e-05 -1.029975822743186423e-05 -3.045380129268390599e-05
1.124000000000000000e+03 -3.286821381809405346e-05 -1.008961229515165633e-05 -2.277860152294240899e-05
1.126000000000000000e+03 -2.589259254112545830e-05 -9.891826843943745434e-06 -1.600076569718171456e-05
1.128000000000000000e+03 -2.393417981991309481e-05 -9.716334509613364692e-06 -1.421784531029973012e-05
1.130000000000000000e+03 -2.640996855460520212e-05 -9.533941748046844872e-06 -1.687602680655835556e-05
1.132000000000000000e+03 -2.920757833026731899e-05 -9.321115637615456123e-06 -1.988646269265186456e-05
1.134000000000000000e+03 -2.925238358900540507e-05 -9.088046423621032284e-06 -2.016433716538436940e-05
1.136000000000000000e+03 -2.587818623862952769e-05 -8.851945472008556406e-06 -1.702624076662098484e-05
1.138000000000000000e+03 -1.992865370129725177e-05 -8.607783749080689427e-06 -1.132086995221656065e-05
1.140000000000000000e+03 -1.364150725786439895e-05 -8.344198882992287717e-06 -5.297308374872106151e-06
1.142000000000000000e+03 -8.914428100681194499e-06 -8.069148469237531670e-06 -8.452796314436583819e-07
1.144000000000000000e+03 -6.019577116980770484e-06 -7.803430458633367890e-06 1.783853341652595712e-06
1.146000000000000000e+03 -3.928982183404739711e-06 -7.553699594864400721e-06 3.624717411459659317e-06
1.148000000000000000e+03 -2.664522520057118842e-06 -7.308521988491756120e-06 4.643999468434634737e-06
1.150000000000000000e+03 -4.547587522466114327e-06 -7.061895542892268127e-06 2.514308020426162271e-06
1.152000000000000000e+03 -1.009529179462729335e-05 -6.817447093942564487e-06 -3.277844700684732677e-06
1.154000000000000000e+03 -1.550651502852623911e-05 -6.572997365487493798e-06 -8.933517663038756322e-06
1.156000000000000000e+03 -1.545805731923259200e-05 -6.315228046474482019e-06 -9.142829272758099820e-06
1.158000000000000000e+03 -8.743552548766140293e-06 -6.036649696267889207e-06 -2.706902852498250662e-06
1.160000000000000000e+03 -4.341624752870264806e-07 -5.753409374249049033e-06 5.319246898962029858e-06
1.162000000000000000e+03 4.504487886470830171e-06 -5.486747844446846978e-06 9.991235730917678843e-06
1.164000000000000000e+03 5.922141780879959614e-06 -5.242319849799517875e-06 1.116446163067947664e-05
1.166000000000000000e+03 6.715990186338704256e-06 -5.013465987013186517e-06 1.172945617335189247e-05
1.168000000000000000e+03 7.227113899802094815e-06 -4.800154075487999998e-06 1.202726797529009566e-05
1.170000000000000000e+03 3.195130109057832414e-06 -4.614682286806827212e-06 7.809812395864656662e-06
1.172000000000000000e+03 -7.397524208821199760e-06 -4.456890174893877877e-06 -2.940634033927318495e-06
1.174000000000000000e+03 -2.009010830786605551e-05 -4.307343554028459940e-06 -1.578276475383759387e-05
1.176000000000000000e+03 -2.709809183175754087e-05 -4.144811714087873354e-06 -2.295328011766966582e-05
1.178000000000000000e+03 -2.575420602109837904e-05 -3.969488893495084099e-06 -2.178471712760329918e-05
1.180000000000000000e+03 -2.210606512726938296e-05 -3.802701213002060074e-06 -1.830336391426731950e-05
1.182000000000000000e+03 -2.299830080408575070e-05 -3.660153549215185410e-06 -1.933814725487056953e-05
1.184000000000000000e+03 -2.863033655750845405e-05 -3.542498093220995695e-06 -2.508783846428746386e-05
1.186000000000000000e+03 -3.332309565463497574e-05 -3.441924833824923489e-06 -2.988117082081005309e-05
1.188000000000000000e+03 -3.409346143855609393e-05 -3.355304092354192653e-06 -3.073815734620190043e-05
1.190000000000000000e+03 -3.521527657008693534e-05 -3.286319757705756508e-06 -3.192895681238118010e-05
1.192000000000000000e+03 -4.142230432325967777e-05 -3.236691986213930676e-06 -3.818561233704575515e-05
1.194000000000000000e+03 -4.965416209048912515e-05 -3.199517075252071317e-06 -4.645464501523706273e-05
1.196000000000000000e+03 -5.021924848188093991e-05 -3.156463478142570944e-06 -4.706278500373836811e-05
1.198000000000000000e+03 -3.808323577427991585e-05 -3.092185904029901449e-06 -3.499104987025001016e-05
1.200000000000000000e+03 -1.999159492307062439e-05 -3.016121782531299554e-06 -1.697547314053934051e-05
1.202000000000000000e+03 -7.612835475583352674e-06 -2.964261712445021117e-06 -4.648573763138341298e-06
1.204000000000000000e+03 -4.556652728056998937e-06 -2.964559736951537768e-06 -1.592092991105462228e-06
1.206000000000000000e+03 -3.441648125564736968e-06 -3.002709472273370688e-06 -4.389386532913682918e-07
1.208000000000000000e+03 2.434684561217399439e-06 -3.041390072282434873e-06 5.476074633499837276e-06
1.210000000000000000e+03 8.552060052078526062e-06 -3.075928438430822650e-06 1.162798849050934786e-05
1.212000000000000000e+03 5.176413644507213545e-06 -3.141827367518055086e-06 8.318241012025258890e-06
1.214000000000000000e+03 -6.636643179061961465e-06 -3.250589503462471932e-06 -3.386053675599491227e-06
1.216000000000000000e+03 -1.237680606685252554e-05 -3.350416071677652717e-06 -9.026389995174874940e-06
1.218000000000000000e+03 -1.719380151507985458e-06 -3.384433123296215182e-06 1.665052971788233536e-06
1.220000000000000000e+03 1.627976882116486125e-05 -3.375687181634797526e-06 1.965545600279966216e-05
1.222000000000000000e+03 2.322308191135337936e-05 -3.405445155442991076e-06 2.662852706679637256e-05
1.224000000000000000e+03 1.568729632738757564e-05 -3.501751179668802936e-06 1.918904750705638620e-05
1.226000000000000000e+03 8.884215820553870396e-06 -3.601505810608925483e-06 1.248572163116279800e-05
1.228000000000000000e+03 1.301341652347623295e-05 -3.648292785143254716e-06 1.666170930861949148e-05
1.230000000000000000e+03 1.683171528006935133e-05 -3.681244849738876119e-06 2.051296012980822152e-05
1.232000000000000000e+03 4.780334619398955170e-06 -3.769514329366265374e-06 8.549848948765218003e-06
1.234000000000000000e+03 -1.589913919759394008e-05 -3.888134800570985880e-06 -1.201100439702295505e-05
1.236000000000000000e+03 -2.133352379767527139e-05 -3.936515263074971220e-06 -1.739700853460030271e-05
1.238000000000000000e+03 -4.055249430376480413e-06 -3.882225391373205429e-06 -1.730240390032687107e-07
1.240000000000000000e+03 1.496946977905683015e-05 -3.815117869247966809e-06 1.878458764830479526e-05
1.242000000000000000e+03 1.510513229540977036e-05 -3.821054135856531467e-06 1.892618643126630352e-05
1.244000000000000000e+03 4.434029059590908695e-06 -3.862668234802197857e-06 8.296697294393105704e-06
1.246000000000000000e+03 4.319019071230038799e-06 -3.853450648035477287e-06 8.172469719265516933e-06
1.248000000000000000e+03 1.428048100616444280e-05 -3.806270542836055781e-06 1.808675154900049858e-05
1.250000000000000000e+03 1.096980884341195912e-05 -3.819972125004947789e-06 1.478978096841689928e-05
1.252000000000000000e+03 -1.494576615926316199e-05 -3.916342429069522511e-06 -1.102942373019364202e-05
1.254000000000000000e+03 -4.017715465445360955e-05 -3.985651072253800064e-06 -3.619150358219981118e-05
1.256000000000000000e+03 -3.962449802183938357e-05 -3.939084148758209470e-06 -3.568541387308118003e-05
1.258000000000000000e+03 -2.200213161377546461e-05 -3.837422938998906673e-06 -1.816470867477655709e-05
1.260000000000000000e+03 -1.718969306510701464e-05 -3.797479975045521195e-06 -1.339221309006150234e-05
1.262000000000000000e+03 -3.249266326889720943e-05 -3.816071017320303796e-06 -2.867659225157690394e-05
1.264000000000000000e+03 -4.330997794505351162e-05 -3.784758062275097536e-06 -3.952521988277840604e-05
1.266000000000000000e+03 -3.268854281468355153e-05 -3.672180520819919242e-06 -2.901636229386364584e-05
1.268000000000000000e+03 -1.991062469593293639e-05 -3.585836213902065109e-06 -1.632478848203087552e-05
1.270000000000000000e+03 -3.240927491074260873e-05 -3.606487613109447211e-06 -2.880278729763315347e-05
1.272000000000000000e+03 -6.208700504000059291e-05 -3.649414504868824398e-06 -5.843759053513177063e-05
1.274000000000000000e+03 -7.290086900519128922e-05 -3.575306709321524367e-06 -6.932556229586976908e-05
1.276000000000000000e+03 -5.100222304906867345e-05 -3.388790537649750862e-06 -4.761343251141892513e-05
1.278000000000000000e+03 -2.451114963102277839e-05 -3.225684343258448752e-06 -2.128546528776433175e-05
1.280000000000000000e+03 -2.190486454984916340e-05 -3.144884932508349501e-06 -1.875997961734081305e-05
1.282000000000000000e+03 -3.164529797656224049e-05 -3.046577981813109532e-06 -2.859871999474913689e-05
1.284000000000000000e+03 -2.218462512071899610e-05 -2.839634697927528886e-06 -1.934499042279146214e-05
1.286000000000000000e+03 7.792884375137606570e-06 -2.596760392505219749e-06 1.038964476764282928e-05
1.288000000000000000e+03 2.430000850182662420e-05 -2.455378059024773127e-06 2.675538656085139352e-05
1.290000000000000000e+03 7.514020536349779218e-06 -2.410507252487267231e-06 9.924527788837045602e-06
1.292000000000000000e+03 -1.840999669324476848e-05 -2.318575482038473000e-06 -1.609142121120629379e-05
1.294000000000000000e+03 -1.768011140471624916e-05 -2.099880582864217632e-06 -1.558023082185202898e-05
1.296000000000000000e+03 8.911192516348462444e-06 -1.837257450999900150e-06 1.074844996734836429e-05
1.298000000000000000e+03 2.810489842446254208e-05 -1.635819510392772899e-06 2.974071793485531668e-05
1.300000000000000000e+03 2.274264306808820038e-05 -1.466815830289217404e-06 2.420945889837740889e-05
1.302000000000000000e+03 1.344896008217321077e-05 -1.228754260162964569e-06 1.467771434233617872e-05
1.304000000000000000e+03 2.524073769545831053e-05 -9.143719579024632132e-07 2.615510965336077237e-05
1.306000000000000000e+03 4.907419139531288591e-05 -6.280540991125278063e-07 4.970224549442539943e-05
1.308000000000000000e+03 5.343720022278705022e-05 -4.377373366059794659e-07 5.387493755939303620e-05
1.310000000000000000e+03 2.849098672450757534e-05 -2.866526781151314868e-07 2.877763940262270217e-05
1.312000000000000000e+03 3.414582995673287570e-07 -8.123641769791240403e-08 4.226947172652447079e-07
1.314000000000000000e+03 -3.336172596220287477e-06 1.903870988981579047e-07 -3.526559695118445117e-06
1.316000000000000000e+03 1.226086627852960700e-05 4.712427148680655972e-07 1.178962356366154860e-05
1.318000000000000000e+03 2.009260029254386664e-05 7.324319144300411777e-07 1.936016837811381752e-05
1.320000000000000000e+03 9.882729840982406688e-06 1.005774205684515164e-06 8.876955635297893854e-06
1.322000000000000000e+03 -2.157920082696100910e-07 1.320046239924197206e-06 -1.535838248193808779e-06
1.324000000000000000e+03 6.688058281286669976e-06 1.650040713165610045e-06 5.038017568121066495e-06
1.326000000000000000e+03 2.010220314260356705e-05 1.948258596024558231e-06 1.815394454657901348e-05
1.328000000000000000e+03 1.561276245452705800e-05 2.199035607625376842e-06 1.341372684690167353e-05
1.330000000000000000e+03 -1.075791143631613507e-05 2.428697962820746711e-06 -1.318660939913688983e-05
1.332000000000000000e+03 -3.547293616715724497e-05 2.673428817850078376e-06 -3.814636498500731572e-05
1.334000000000000000e+03 -3.754297884673236170e-05 2.951193609586574777e-06 -4.049417245631893521e-05
1.336000000000000000e+03 -2.350332769277453540e-05 3.257280885279528644e-06 -2.676060857805406489e-05
1.338000000000000000e+03 -1.521358736901874372e-05 3.574246945049437875e-06 -1.878783431406818837e-05
1.340000000000000000e+03 -1.875979524214530241e-05 3.889713748801246268e-06 -2.264950899094654444e-05
1.342000000000000000e+03 -1.863430011904186010e-05 4.204932121447207262e-06 -2.283923224048905974e-05
1.344000000000000000e+03 -3.613598491067154616e-06 4.522729592767443723e-06 -8.136328083834596644e-06
1.346000000000000000e+03 1.402603014794819688e-05 4.825729638557184583e-06 9.200300509391013990e-06
1.348000000000000000e+03 1.364930298366333970e-05 5.082258149952605590e-06 8.567044833710729879e-06
1.350000000000000000e+03 -4.823150467338027807e-06 5.286593106928572260e-06 -1.010974357426659498e-05
1.352000000000000000e+03 -1.925789234723202114e-05 5.481039955331939406e-06 -2.473893230256396901e-05
1.354000000000000000e+03 -1.368167909159143004e-05 5.714869846923726914e-06 -1.939654893851515950e-05
1.356000000000000000e+03 2.443916646026967457e-06 5.984673055010207427e-06 -3.540756408983231500e-06
1.358000000000000000e+03 1.069671194975191840e-05 6.244484766897330716e-06 4.452227182854589374e-06
1.360000000000000000e+03 1.022376613152354632e-05 6.471986010532094985e-06 3.751780120991447520e-06
1.362000000000000000e+03 1.638221495375284285e-05 6.696358138039032481e-06 9.685856815713810367e-06
1.364000000000000000e+03 3.444621264840901521e-05 6.940400564205335614e-06 2.750581208420368044e-05
1.366000000000000000e+03 4.817995640961948440e-05 7.164249254023224902e-06 4.101570715559625950e-05
1.368000000000000000e+03 4.193034774376787002e-05 7.309972517638194051e-06 3.462037522612967851e-05
1.370000000000000000e+03 2.316152257587442633e-05 7.385493435595332726e-06 1.577602914027908344e-05
1.372000000000000000e+03 1.347357889854132473e-05 7.464952706002570600e-06 6.008626192538750742e-06
1.374000000000000000e+03 2.022015409202464176e-05 7.593030028559821075e-06 1.262712406346482831e-05
1.376000000000000000e+03 3.009672666839677220e-05 7.732775996944336343e-06 2.236395067145243755e-05
1.378000000000000000e+03 3.249981918825675415e-05 7.834432912154906938e-06 2.466538627610184890e-05
1.380000000000000000e+03 3.494495238781488908e-05 7.909430433373451527e-06 2.703552195444143416e-05
1.382000000000000000e+03 4.833033034970130205e-05 7.998714799592337941e-06 4.033161555010896242e-05
1.384000000000000000e+03 6.523252886224485182e-05 8.088536348744920445e-06 5.714399251349992629e-05
1.386000000000000000e+03 6.698702794222985673e-05 8.114324753687312893e-06 5.887270318854253198e-05
1.388000000000000000e+03 5.009238753310304114e-05 8.053569266060282874e-06 4.203881826704275319e-05
1.390000000000000000e+03 3.163221616045741081e-05 7.959488109797375371e-06 2.367272805066002867e-05
1.392000000000000000e+03 2.531055029575438891e-05 7.886143366228374219e-06 1.742440692952601299e-05
1.394000000000000000e+03 2.434441898623889829e-05 7.823985983781834753e-06 1.652043300245706862e-05
1.396000000000000000e+03 1.688557995883812734e-05 7.740943966313615964e-06 9.144635992524511374e-06
1.398000000000000000e+03 8.366018433406294897e-06 7.654521043641346600e-06 7.114973897649522154e-07
1.400000000000000000e+03 1.386891853083650135e-05 7.606926258234192038e-06 6.261992272602309308e-06
1.402000000000000000e+03 3.155942343963697870e-05 7.584595570661218488e-06 2.397482786897575598e-05
1.404000000000000000e+03 4.047032657743058879e-05 7.520687577536390375e-06 3.294963899989419588e-05
1.406000000000000000e+03 2.841665879338123015e-05 7.385071849827604213e-06 2.103158694355361408e-05
1.408000000000000000e+03 9.339429635458635232e-06 7.228970472665652049e-06 2.110459162792981489e-06
1.410000000000000000e+03 2.116607372391689894e-06 7.105287325536742806e-06 -4.988679953145049947e-06
1.412000000000000000e+03 3.305599379371762897e-06 6.991469801358190682e-06 -3.685870421986428632e-06
1.414000000000000000e+03 -3.625734216941597290e-06 6.840417962401851399e-06 -1.046615217934344826e-05
1.416000000000000000e+03 -1.802968399798268338e-05 6.677127821310724725e-06 -2.470681181929340302e-05
1.418000000000000000e+03 -1.863560098817454016e-05 6.582843348059974179e-06 -2.521844433623451179e-05
1.420000000000000000e+03 3.760853766804940134e-06 6.569689462081090767e-06 -2.808835695276151903e-06
1.422000000000000000e+03 2.814158804293038319e-05 6.542345523648625738e-06 2.159924251928175068e-05
1.424000000000000000e+03 2.996987032380221051e-05 6.420251956808042289e-06 2.354961836699416314e-05
1.426000000000000000e+03 1.473591663897845797e-05 6.247306887542018486e-06 8.488609751436442869e-06
1.428000000000000000e+03 8.128251429631288207e-06 6.121344106425617815e-06 2.006907323205672933e-06
1.430000000000000000e+03 1.627352823321795465e-05 6.041521348829797127e-06 1.023200688438816515e-05
1.432000000000000000e+03 1.797423131281911292e-05 5.913491848306240820e-06 1.206073946451286956e-05
1.434000000000000000e+03 9.450615725720910338e-07 5.709960532427338229e-06 -4.764898959855250901e-06
1.436000000000000000e+03 -1.359559149296427581e-05 5.541861492469864324e-06 -1.913745298543414607e-05
1.438000000000000000e+03 5.362194844160195977e-07 5.509433368604183575e-06 -4.973213884188164189e-06
1.440000000000000000e+03 3.372513841064832604e-05 5.547861833721428762e-06 2.817727657692690321e-05
1.442000000000000000e+03 5.136211815873276473e-05 5.510062206435835188e-06 4.585205595229692108e-05
1.444000000000000000e+03 4.144628642693979281e-05 5.370320423075464847e-06 3.607596600386431864e-05
1.446000000000000000e+03 2.903195036397646008e-05 5.249841274154518841e-06 2.378210908982194378e-05
1.448000000000000000e+03 3.508544828575373999e-05 5.219280575168987833e-06 2.986616771058475046e-05
1.450000000000000000e+03 4.357246664962571554e-05 5.185486597762710107e-06 3.838698005186300290e-05
1.452000000000000000e+03 2.850818729063147865e-05 5.040443425982674612e-06 2.346774386464879641e-05
1.454000000000000000e+03 -1.892652809122952678e-06 4.842518693049500345e-06 -6.735171502172451329e-06
1.456000000000000000e+03 -1.296999547398225192e-05 4.747567521984675273e-06 -1.771756299596692380e-05
1.458000000000000000e+03 6.248656474374403245e-06 4.782331413325051712e-06 1.466325061049354921e-06
1.460000000000000000e+03 2.687436130133233152e-05 4.806712065404576929e-06 2.206764923592775205e-05
1.462000000000000000e+03 2.321789706241264545e-05 4.722124373281372773e-06 1.849577268913127776e-05
1.464000000000000000e+03 7.973728103936778179e-06 4.604438795581831728e-06 3.369289308354944333e-06
1.466000000000000000e+03 7.952076044287618067e-06 4.566908214232140175e-06 3.385167830055477469e-06
1.468000000000000000e+03 2.068563287302729894e-05 4.574977786164110011e-06 1.611065508686318639e-05
1.470000000000000000e+03 1.913402421856768621e-05 4.501169089547093699e-06 1.463285512902059421e-05
1.472000000000000000e+03 -3.273112311842375037e-06 4.332326649254687147e-06 -7.605438961097068537e-06
1.474000000000000000e+03 -1.960731700580857007e-05 4.201502604624912161e-06 -2.380881961043348393e-05
1.476000000000000000e+03 -7.976856143838470780e-06 4.196862246794916760e-06 -1.217371839063338839e-05
1.478000000000000000e+03 1.779475548218913266e-05 4.239173585668349867e-06 1.355558189652078703e-05
1.480000000000000000e+03 3.009675272100932700e-05 4.208054252803678476e-06 2.588869846820565022e-05
1.482000000000000000e+03 2.746619338025578939e-05 4.118846753046060739e-06 2.334734662720973542e-05
1.484000000000000000e+03 3.098615558911188420e-05 4.078079069223590609e-06 2.690807651988829275e-05
1.486000000000000000e+03 4.669296885440611916e-05 4.100766693279204050e-06 4.259220216112692442e-05
1.488000000000000000e+03 5.404446085118712675e-05 4.078040320308037404e-06 4.996642053087909697e-05
1.490000000000000000e+03 3.770278776557151057e-05 3.944132456566981895e-06 3.375865530900452698e-05
1.492000000000000000e+03 1.276315317062789049e-05 3.781634903227610895e-06 8.981518267400279593e-06
1.494000000000000000e+03 4.559077502931484696e-06 3.706030081146304112e-06 8.530474217851823836e-07
1.496000000000000000e+03 1.395068714680169028e-05 3.705643290095746332e-06 1.024504385670594353e-05
1.498000000000000000e+03 1.910383121393939045e-05 3.671743847209291102e-06 1.543208736673009934e-05
1.500000000000000000e+03 9.797294701540729247e-06 3.568262120191612847e-06 6.229032581349115130e-06
1.502000000000000000e+03 5.379932327900284636e-07 3.475069729016258557e-06 -2.937076496226231576e-06
1.504000000000000000e+03 5.486175545872119312e-06 3.453921401995367158e-06 2.032254143876755966e-06
1.506000000000000000e+03 1.469426769873230360e-05 3.444898420708914513e-06 1.124936927802338909e-05
1.508000000000000000e+03 7.966506176189426468e-06 3.350055281322725698e-06 4.616450894866702464e-06
1.510000000000000000e+03 -1.392615967371605572e-05 3.180337908702965921e-06 -1.710649758241902248e-05
1.512000000000000000e+03 -2.946949831986457163e-05 3.039508789960221840e-06 -3.250900710982477653e-05
1.514000000000000000e+03 -2.485108571427705561e-05 2.985408309411628581e-06 -2.783649402368868969e-05
1.516000000000000000e+03 -1.071352214462402174e-05 2.962162197419082017e-06 -1.367568434204310672e-05
1.518000000000000000e+03 -4.466814553389809551e-06 2.892435551132177731e-06 -7.359250104521986011e-06
1.520000000000000000e+03 -5.266924017495820592e-06 2.788112192362308821e-06 -8.055036209858130260e-06
1.522000000000000000e+03 4.596374524685890292e-07 2.714911692160831757e-06 -2.255274239692253845e-06
1.524000000000000000e+03 1.606699371710526718e-05 2.685909282923070655e-06 1.338108443418219822e-05
1.526000000000000000e+03 2.757513657549055390e-05 2.635378027257910330e-06 2.493975854823264569e-05
1.528000000000000000e+03 2.276132191829792793e-05 2.507881349657752587e-06 2.025344056864017788e-05
1.530000000000000000e+03 8.228252381656182460e-06 2.331659692186318823e-06 5.896592689469857285e-06
1.532000000000000000e+03 3.248770998702740951e-07 2.178627258942849076e-06 -1.853750159072571752e-06
1.534000000000000000e+03 4.832447117129747893e-06 2.076669886906414387e-06 2.755777230223330965e-06
1.536000000000000000e+03 1.211898558752001539e-05 1.986030827137692656e-06 1.013295476038231215e-05
1.538000000000000000e+03 1.274451551274337566e-05 1.862798382982703099e-06 1.088171712976066790e-05
1.540000000000000000e+03 1.011288136739721615e-05 1.717092098786874939e-06 8.395789268610337822e-06
1.542000000000000000e+03 1.361861900782164351e-05 1.593872097647886609e-06 1.202474691017375055e-05
1.544000000000000000e+03 2.291395571932022113e-05 1.503821937987754515e-06 2.141013378133247127e-05
1.546000000000000000e+03 2.641786593461535867e-05 1.400529069686869677e-06 2.501733686492849047e-05
1.548000000000000000e+03 1.664143975468723979e-05 1.238515791721611383e-06 1.540292396296563264e-05
1.550000000000000000e+03 1.482072949283148913e-06 1.038000017390834990e-06 4.440729318923129694e-07
1.552000000000000000e+03 -4.493308315561974618e-06 8.680044174609321676e-07 -5.361312733022904774e-06
1.554000000000000000e+03 1.285863403313379914e-06 7.577124334184541396e-07 5.281509698949188918e-07
1.556000000000000000e+03 7.462566102362129866e-06 6.594597628418720158e-07 6.803106339520255627e-06
1.558000000000000000e+03 6.044537297986081435e-06 5.202474030350595598e-07 5.524289894951026322e-06
1.560000000000000000e+03 3.783411086682238708e-06 3.601488475094607828e-07 3.423262239172770831e-06
1.562000000000000000e+03 1.058843096815275712e-05 2.420702532499984005e-07 1.034636071490275856e-05
1.564000000000000000e+03 2.114775977591414218e-05 1.678842492643735144e-07 2.097987552664977255e-05
1.566000000000000000e+03 1.959478043682233745e-05 6.185673445680740677e-08 1.953292370236553411e-05
1.568000000000000000e+03 2.352110230029198864e-06 -1.216020965993091456e-07 2.473712326628508354e-06
1.570000000000000000e+03 -1.508142229617935893e-05 -3.255781172729812816e-07 -1.475584417890637797e-05
1.572000000000000000e+03 -1.860481041231312375e-05 -4.624136840997550098e-07 -1.814239672821337451e-05
1.574000000000000000e+03 -1.433491214098427871e-05 -5.340031127067841468e-07 -1.380090902827749689e-05
1.576000000000000000e+03 -1.706536436325245364e-05 -6.205228906412759937e-07 -1.644484147261117171e-05
1.578000000000000000e+03 -2.622642784409576973e-05 -7.538689293629577930e-07 -2.547255891473281024e-05
1.580000000000000000e+03 -2.671103530303623987e-05 -8.688843669326527227e-07 -2.584215093610358916e-05
1.582000000000000000e+03 -1.360173140943284532e-05 -9.044586012483339082e-07 -1.269727280818451597e-05
1.584000000000000000e+03 -2.807845202032163428e-06 -9.056219069601204329e-07 -1.902223295072041936e-06
1.586000000000000000e+03 -8.907025595013589168e-06 -9.639970739036078392e-07 -7.943028521109973282e-06
1.588000000000000000e+03 -2.329926393523215139e-05 -1.083864037128872885e-06 -2.221539989810328232e-05
1.590000000000000000e+03 -2.595914197702423309e-05 -1.173540321999060232e-06 -2.478560165502517561e-05
1.592000000000000000e+03 -1.407590797866761456e-05 -1.175129778279662542e-06 -1.290077820038795286e-05
1.594000000000000000e+03 -4.557159641579523630e-06 -1.142527607432294225e-06 -3.414632034147228134e-06
1.596000000000000000e+03 -6.782042764720829426e-06 -1.153426207161100086e-06 -5.628616557559726588e-06
1.598000000000000000e+03 -8.554494929540364383e-06 -1.194675301726576871e-06 -7.359819627813786454e-06
1.600000000000000000e+03 3.511679821415374524e-06 -1.189707004459049521e-06 4.701386825874422139e-06
1.602000000000000000e+03 2.016103170653303465e-05 -1.123953574911959396e-06 2.128498528144499532e-05
1.604000000000000000e+03 2.080410372900091975e-05 -1.072622701580535401e-06 2.187672643058144456e-05
1.606000000000000000e+03 4.183482144603626461e-06 -1.088512498120681502e-06 5.271994642724307540e-06
1.608000000000000000e+03 -9.267907823063807762e-06 -1.124918568569358008e-06 -8.142989254494450388e-06
1.610000000000000000e+03 -6.949837550359027607e-06 -1.103834535664992588e-06 -5.846003014694037348e-06
1.612000000000000000e+03 -7.236206439838615580e-07 -1.022367819283772546e-06 2.987471752999136353e-07
1.614000000000000000e+03 -5.596545738741098151e-06 -9.404650213279398114e-07 -4.656080717413156010e-06
1.616000000000000000e+03 -1.456086592025347105e-05 -8.819130534771908315e-07 -1.367895286677628340e-05
1.618000000000000000e+03 -9.802114300020888174e-06 -8.064755854605574145e-07 -8.995638714560329595e-06
1.620000000000000000e+03 7.971887368199487891e-06 -6.845826227540425353e-07 8.656469990953529368e-06
1.622000000000000000e+03 1.884686041740000603e-05 -5.487338386553468138e-07 1.939559425605534744e-05
1.624000000000000000e+03 1.269838564934586491e-05 -4.459759377027887478e-07 1.314436158704864636e-05
1.626000000000000000e+03 3.618316521690991105e-06 -3.716800151557391885e-07 3.989996536846731458e-06
1.628000000000000000e+03 7.223081451677695053e-06 -2.874295228149408145e-07 7.510510974492636609e-06
1.630000000000000000e+03 1.753895179692128065e-05 -1.832524840288206542e-07 1.772220428095010053e-05
1.632000000000000000e+03 1.910502039127645715e-05 -8.251996007027082035e-08 1.918754035134673721e-05
1.634000000000000000e+03 1.247647752755233346e-05 4.118105443724964608e-09 1.247235942210860718e-05
1.636000000000000000e+03 1.291394004298129055e-05 9.407946267386611378e-08 1.281986058030742511e-05
1.638000000000000000e+03 2.423064648956848289e-05 1.945974953186796038e-07 2.403604899424980059e-05
1.640000000000000000e+03 3.085743696509775152e-05 2.820216746404034596e-07 3.057541529045734838e-05
1.642000000000000000e+03 2.052189965971724348e-05 3.346611301695194333e-07 2.018723852954772531e-05
1.644000000000000000e+03 1.341080973053458444e-06 3.628517952151543060e-07 9.782291778383011735e-07
1.646000000000000000e+03 -1.180724364659611250e-05 3.880555705054755067e-07 -1.219529921710158716e-05
1.648000000000000000e+03 -1.915640100964333576e-05 4.112111872802355091e-07 -1.956761219692357449e-05
1.650000000000000000e+03 -3.115623787484162794e-05 4.247033794206137047e-07 -3.158094125426225520e-05
1.652000000000000000e+03 -4.724679348439024182e-05 4.415871204068368140e-07 -4.768838060479707684e-05
1.654000000000000000e+03 -5.422641774766991059e-05 4.848667066335948742e-07 -5.471128445430350768e-05
1.656000000000000000e+03 -4.624142303498666578e-05 5.515365993700333561e-07 -4.679295963435671502e-05
1.658000000000000000e+03 -3.435236559585343543e-05 6.142823316298435921e-07 -3.496664792748327617e-05
1.660000000000000000e+03 -3.015936405980300904e-05 6.589998827874676386e-07 -3.081836394259046948e-05
1.662000000000000000e+03 -2.997573967030936026e-05 6.989011888675738797e-07 -3.067464085917694208e-05
1.664000000000000000e+03 -2.402506220909087327e-05 7.422577844053929719e-07 -2.476731999349626476e-05
1.666000000000000000e+03 -1.305676130918087141e-05 7.742422486459327987e-07 -1.383100355782680357e-05
1.668000000000000000e+03 -6.180459974759476231e-06 7.850841639672492099e-07 -6.965544138726719829e-06
1.670000000000000000e+03 -3.812248516466088691e-06 7.961007395974562997e-07 -4.608349256063543932e-06
1.672000000000000000e+03 4.796657601769941936e-06 8.350842674975918914e-07 3.961573334272351104e-06
1.674000000000000000e+03 2.465159234637394852e-05 8.940998178655884914e-07 2.375749252850835102e-05
1.676000000000000000e+03 4.662228552556005892e-05 9.408874846588354432e-07 4.568139804090122941e-05
1.678000000000000000e+03 5.857877367066189207e-05 9.586840494934120204e-07 5.762008962116847179e-05
1.680000000000000000e+03 6.021673129914396336e-05 9.564775975193428106e-07 5.926025370162461440e-05
1.682000000000000000e+03 5.844250438782556050e-05 9.370308995139748798e-07 5.750547348831161389e-05
1.684000000000000000e+03 5.437169869562242088e-05 8.854984460156705421e-07 5.348620024960676865e-05
1.686000000000000000e+03 4.334754755257007449e-05 8.008153178200356776e-07 4.254673223475002929e-05
1.688000000000000000e+03 2.489094923819529709e-05 7.081201154045858804e-07 2.418282912279071152e-05
1.690000000000000000e+03 7.328470503801913674e-06 6.336159485582093209e-07 6.694854555243704565e-06
1.692000000000000000e+03 -2.522781403882307842e-06 5.740997797047515073e-07 -3.096881183587061573e-06
1.694000000000000000e+03 -5.436136604083136007e-06 5.174900911846695635e-07 -5.953626695267803877e-06
1.696000000000000000e+03 -5.676884432757377983e-06 4.687239187173317180e-07 -6.145608351474708166e-06
1.698000000000000000e+03 -5.743834948296639513e-06 4.319404346057709924e-07 -6.175775382902406111e-06
1.700000000000000000e+03 -6.962236002203941779e-06 3.840458319720150069e-07 -7.346281834175956097e-06
1.702000000000000000e+03 -1.293695641486421125e-05 2.897562108213443287e-07 -1.322671262568555997e-05
1.704000000000000000e+03 -2.385517166011974759e-05 1.562856984858402483e-07 -2.401145735860558546e-05
1.706000000000000000e+03 -3.380459877037158601e-05 2.986574468258191944e-08 -3.383446451505417658e-05
1.708000000000000000e+03 -3.724927543173900960e-05 -6.597029041987496740e-08 -3.718330514131914014e-05
1.710000000000000000e+03 -3.639899211183753416e-05 -1.587812923158209440e-07 -3.624021081952170990e-05
1.712000000000000000e+03 -3.674883886715105737e-05 -2.747854628420689010e-07 -3.647405340430899366e-05
1.714000000000000000e+03 -3.510797694775384946e-05 -3.832502930541099451e-07 -3.472472665469972469e-05
1.716000000000000000e+03 -2.293579270381336695e-05 -4.382777595629661561e-07 -2.249751494425041275e-05
1.718000000000000000e+03 -1.955406411846731419e-06 -4.592578618722634324e-07 -1.496148549974459516e-06
1.720000000000000000e+03 1.175010102225065828e-05 -5.245779137062404570e-07 1.227467893595689980e-05
1.722000000000000000e+03 6.315605902978919956e-06 -6.711346606100156237e-07 6.986740563588929545e-06
1.724000000000000000e+03 -9.199370241543648941e-06 -8.439424084936425152e-07 -8.355427833050008967e-06
1.726000000000000000e+03 -1.622063745760593095e-05 -9.716164700839093808e-07 -1.524902098752202559e-05
1.728000000000000000e+03 -1.187769580537979659e-05 -1.063995847879238802e-06 -1.081369995750055673e-05
1.730000000000000000e+03 -1.096399142171125238e-05 -1.184260254764665412e-06 -9.779731166946590995e-06
1.732000000000000000e+03 -2.089699602711354739e-05 -1.338977738051333734e-06 -1.955801828906221493e-05
1.734000000000000000e+03 -2.736188899537709369e-05 -1.458119329802998442e-06 -2.590376966557409483e-05
1.736000000000000000e+03 -1.373497777046398288e-05 -1.495843371877094602e-06 -1.223913439858689717e-05
1.738000000000000000e+03 1.182127203174415538e-05 -1.510337561794911149e-06 1.333160959353906695e-05
1.740000000000000000e+03 2.348711239053048343e-05 -1.595332978547734261e-06 2.508244536907821366e-05
1.742000000000000000e+03 1.076885367167157315e-05 -1.761239966694555472e-06 1.253009363836612629e-05
1.744000000000000000e+03 -7.814785234029074964e-06 -1.930887952985686665e-06 -5.883897281043379405e-06
1.746000000000000000e+03 -1.031181083012228255e-05 -2.049992244949461348e-06 -8.261818585172820353e-06
1.748000000000000000e+03 -3.761553177458314698e-07 -2.151937504108679604e-06 1.775782186362844958e-06
1.750000000000000000e+03 1.883839546541396732e-06 -2.287107058407181938e-06 4.170946604948574647e-06
1.752000000000000000e+03 -8.526141671165649635e-06 -2.436127014046869521e-06 -6.090014657118782231e-06
1.754000000000000000e+03 -1.253043953988801397e-05 -2.531997751276974754e-06 -9.998441788611044727e-06
1.756000000000000000e+03 4.896818810132459550e-06 -2.559370528996698835e-06 7.456189339129160080e-06
1.758000000000000000e+03 3.041640710521113959e-05 -2.583369984503416323e-06 3.299977708971454406e-05
1.760000000000000000e+03 3.716173462113907901e-05 -2.670957323364768611e-06 3.983269194450384507e-05
1.762000000000000000e+03 1.819948200535721395e-05 -2.818110908439185245e-06 2.101759291379639411e-05
1.764000000000000000e+03 -5.633963253587864768e-06 -2.969056677422043856e-06 -2.664906576165818371e-06
1.766000000000000000e+03 -1.428357099377903997e-05 -3.091153008315926291e-06 -1.119241798546311452e-05
1.768000000000000000e+03 -1.240835910913356383e-05 -3.198308363416165810e-06 -9.210050745717401831e-06
1.770000000000000000e+03 -1.752227862074959270e-05 -3.309434398561071317e-06 -1.421284422218852350e-05
1.772000000000000000e+03 -3.145059995122298437e-05 -3.413071984523293990e-06 -2.803752796669967937e-05
1.774000000000000000e+03 -3.590729769431164585e-05 -3.482006227580938084e-06 -3.242529146673071031e-05
1.776000000000000000e+03 -1.924963246125088037e-05 -3.514197921071281354e-06 -1.573543454017960368e-05
1.778000000000000000e+03 4.470587784516103706e-06 -3.544698698485699980e-06 8.015286483001792675e-06
1.780000000000000000e+03 1.115844199019197984e-05 -3.619587755710198782e-06 1.477802974590217947e-05
1.782000000000000000e+03 -3.801273929123244680e-06 -3.759639107241838128e-06 -4.163482188140782175e-08
1.784000000000000000e+03 -2.166090933150305675e-05 -3.944299217211698621e-06 -1.771661011429135813e-05
1.786000000000000000e+03 -2.649593258436726365e-05 -4.133427882739055962e-06 -2.236250470162821108e-05
1.788000000000000000e+03 -2.380587804522668220e-05 -4.302817648920913044e-06 -1.950306039630577424e-05
1.790000000000000000e+03 -2.711675682428295412e-05 -4.456228099827156651e-06 -2.266052872445578815e-05
1.792000000000000000e+03 -3.470981053721705189e-05 -4.603553421899885872e-06 -3.010625711531716178e-05
1.794000000000000000e+03 -3.087003372896550364e-05 -4.735546352982377190e-06 -2.613448737598312899e-05
1.796000000000000000e+03 -9.951419204340973874e-06 -4.836964518780218836e-06 -5.114454685560763507e-06
1.798000000000000000e+03 1.233454685300999906e-05 -4.919896820268309553e-06 1.725444367327829336e-05
1.800000000000000000e+03 1.725138815293013103e-05 -5.026634510579099811e-06 2.227802266350922830e-05
1.802000000000000000e+03 4.905749633211189286e-06 -5.191611793183845415e-06 1.009736142639503640e-05
1.804000000000000000e+03 -9.199906789561163308e-06 -5.404065863513082589e-06 -3.795840926048084107e-06
1.806000000000000000e+03 -1.565635684643335739e-05 -5.619144156062242308e-06 -1.003721269037110916e-05
1.808000000000000000e+03 -1.968871117092663427e-05 -5.802050600343229877e-06 -1.388666057058340694e-05
1.810000000000000000e+03 -2.733097272277769279e-05 -5.951855183467648885e-06 -2.137911753931005492e-05
1.812000000000000000e+03 -3.293515752657323598e-05 -6.085329207006854785e-06 -2.684982831956638627e-05
1.814000000000000000e+03 -2.646093634309965809e-05 -6.206916281478863199e-06 -2.025402006162079743e-05
1.816000000000000000e+03 -8.913656608027756452e-06 -6.305907407605197763e-06 -2.607749200422558689e-06
1.818000000000000000e+03 6.910098817627935560e-06 -6.383463802289483398e-06 1.329356261991742065e-05
1.820000000000000000e+03 1.065199895595219247e-05 -6.471630634382708926e-06 1.712362959033490224e-05
1.822000000000000000e+03 2.980418177678431523e-06 -6.615976960938859912e-06 9.596395138617299058e-06
1.824000000000000000e+03 -9.610679894744124653e-06 -6.827603579679993846e-06 -2.783076315064140548e-06
1.826000000000000000e+03 -2.317017921342262918e-05 -7.061339441263559255e-06 -1.610883977215906739e-05
1.828000000000000000e+03 -3.655697735456945495e-05 -7.257114545762826094e-06 -2.929986280880663479e-05
1.830000000000000000e+03 -4.733025229948544443e-05 -7.401680509230032260e-06 -3.992857179025541048e-05
1.832000000000000000e+03 -5.211628032635190770e-05 -7.531818480435361964e-06 -4.458446184591655082e-05
1.834000000000000000e+03 -4.923651126292527324e-05 -7.668293236925186504e-06 -4.156821802600010538e-05
1.836000000000000000e+03 -3.994266303202163848e-05 -7.778839750125943157e-06 -3.216382328189569024e-05
1.838000000000000000e+03 -2.749840516237352702e-05 -7.828881296180384598e-06 -1.966952386619314242e-05
1.840000000000000000e+03 -1.744306659082012361e-05 -7.854118090563296480e-06 -9.588948500256825436e-06
1.842000000000000000e+03 -1.654482067539789130e-05 -7.938338416884251888e-06 -8.606482258513639412e-06
1.844000000000000000e+03 -2.615093352994868851e-05 -8.106291829799739399e-06 -1.804464170014894912e-05
1.846000000000000000e+03 -3.877540070825866885e-05 -8.282254333884339382e-06 -3.049314637437433625e-05
1.848000000000000000e+03 -4.435810514846088605e-05 -8.379217133172448670e-06 -3.597888801528844585e-05
1.850000000000000000e+03 -4.117406869539042951e-05 -8.405050000259451379e-06 -3.276901869513096458e-05
1.852000000000000000e+03 -3.532518601104012602e-05 -8.432269593929584626e-06 -2.689291641711055156e-05
1.854000000000000000e+03 -2.905763896369037530e-05 -8.479777629807749845e-06 -2.057786133388263223e-05
1.856000000000000000e+03 -1.734458883863975243e-05 -8.486267222867263763e-06 -8.858321615772486970e-06
1.858000000000000000e+03 1.730633959726958874e-06 -8.413278857383367374e-06 1.014391281711033006e-05
1.860000000000000000e+03 1.758072245446038910e-05 -8.327045678118485464e-06 2.590776813257887287e-05
1.862000000000000000e+03 1.723615954855542708e-05 -8.324842826811396185e-06 2.556100237536682834e-05
1.864000000000000000e+03 1.777010564883158991e-06 -8.407746623154402482e-06 1.018475718803755872e-05
1.866000000000000000e+03 -1.493995259982883593e-05 -8.480322637263942872e-06 -6.459629962564894751e-06
1.868000000000000000e+03 -2.333577630735398435e-05 -8.473771995812077836e-06 -1.486200431154190821e-05
1.870000000000000000e+03 -2.748210819451835254e-05 -8.419235373616124242e-06 -1.906287282090222152e-05
1.872000000000000000e+03 -3.277317709930473698e-05 -8.371832013956986314e-06 -2.440134508534775066e-05
1.874000000000000000e+03 -3.470447208007625486e-05 -8.316272440421850656e-06 -2.638819963965440251e-05
1.876000000000000000e+03 -2.585726556702290789e-05 -8.193297599710304305e-06 -1.766396796731260020e-05
1.878000000000000000e+03 -9.449325212660722835e-06 -7.996617026932939398e-06 -1.452708185727781743e-06
1.880000000000000000e+03 1.334628144344115312e-06 -7.797079283853726819e-06 9.131707428197840225e-06
1.882000000000000000e+03 -5.305068279231087165e-07 -7.654518136799288959e-06 7.124011308876180030e-06
1.884000000000000000e+03 -9.483128914901691513e-06 -7.550729620426176853e-06 -1.932399294475516355e-06
1.886000000000000000e+03 -1.697886012728299209e-05 -7.426907916398967249e-06 -9.551952210884034154e-06
1.888000000000000000e+03 -2.163017203229353609e-05 -7.256990102735967473e-06 -1.437318192955756946e-05
1.890000000000000000e+03 -2.657780721547920583e-05 -7.062045314838635621e-06 -1.951576190064057190e-05
1.892000000000000000e+03 -2.969987334767462363e-05 -6.856530028231700353e-06 -2.284334331944292074e-05
1.894000000000000000e+03 -2.492899339813709533e-05 -6.623625311393630197e-06 -1.830536808674346005e-05
1.896000000000000000e+03 -1.124057439855979231e-05 -6.345667216785771028e-06 -4.894907181774023823e-06
1.898000000000000000e+03 3.877874666912778765e-06 -6.038256226181355353e-06 9.916130893094124801e-06
1.900000000000000000e+03 1.080724831460796740e-05 -5.747984251945601753e-06 1.655523256655355984e-05
1.902000000000000000e+03 6.871324595385229031e-06 -5.510342263825935148e-06 1.238166685921115910e-05
1.904000000000000000e+03 -3.948298209539610518e-06 -5.323294650602753089e-06 1.374996441063139819e-06
1.906000000000000000e+03 -1.664489354602389709e-05 -5.153449174083660962e-06 -1.149144437194023952e-05
1.908000000000000000e+03 -2.906094213857614509e-05 -4.968326787941216458e-06 -2.409261535063493117e-05
1.910000000000000000e+03 -4.125559464365447730e-05 -4.765855722719329682e-06 -3.648973892093515016e-05
1.912000000000000000e+03 -5.100887874951432046e-05 -4.559871593836861705e-06 -4.644900715567744012e-05
1.914000000000000000e+03 -5.323271387407309003e-05 -4.346877276196152491e-06 -4.888583659787692907e-05
1.916000000000000000e+03 -4.424911781512784134e-05 -4.100044690637475975e-06 -4.014907312449036113e-05
1.918000000000000000e+03 -2.800564056371676169e-05 -3.813609026532412010e-06 -2.419203153718435095e-05
1.920000000000000000e+03 -1.616611440381068501e-05 -3.538544024031477133e-06 -1.262757037977920449e-05
1.922000000000000000e+03 -1.669818656391982539e-05 -3.335752229394873771e-06 -1.336243433452495162e-05
1.924000000000000000e+03 -2.409223672651033814e-05 -3.198425847000380745e-06 -2.089381087950995273e-05
1.926000000000000000e+03 -2.526819980150133866e-05 -3.055634253290585315e-06 -2.221256554821075420e-05
1.928000000000000000e+03 -1.684368182986526049e-05 -2.868693725574445205e-06 -1.397498810429080597e-05
1.930000000000000000e+03 -1.020705667883552330e-05 -2.685185597405373334e-06 -7.521871081430156741e-06
1.932000000000000000e+03 -1.336119226328183292e-05 -2.557625464973651161e-06 -1.080356679830817456e-05
1.934000000000000000e+03 -1.462542088284026931e-05 -2.443139232147153729e-06 -1.218228165069310711e-05
1.936000000000000000e+03 3.709425657423927932e-06 -2.251255783702020648e-06 5.960681441125948156e-06
1.938000000000000000e+03 3.650633525061037317e-05 -1.988962032456877134e-06 3.849529728306725284e-05
1.940000000000000000e+03 5.496581195549534495e-05 -1.784245105839325620e-06 5.675005706133467184e-05
1.942000000000000000e+03 4.268217695555825460e-05 -1.721007515007734008e-06 4.440318447056599432e-05
1.944000000000000000e+03 2.025421485787707465e-05 -1.713017982812587460e-06 2.196723284068966613e-05
1.946000000000000000e+03 1.765947823464471034e-05 -1.622079038630040558e-06 1.928155727327475090e-05
1.948000000000000000e+03 3.073850937799017574e-05 -1.460135687077754629e-06 3.219864506506792931e-05
1.950000000000000000e+03 2.615925858370723672e-05 -1.373877990626710657e-06 2.753313657433395013e-05
1.952000000000000000e+03 -7.192556525785411426e-06 -1.414268793252599982e-06 -5.778287732532816950e-06
1.954000000000000000e+03 -3.532444987511774509e-05 -1.433698939658026859e-06 -3.389075093545970468e-05
1.956000000000000000e+03 -2.528033896798711740e-05 -1.290543548221965163e-06 -2.398979541976514927e-05
1.958000000000000000e+03 4.853317514016512464e-06 -1.068088260394922936e-06 5.921405774411435823e-06
1.960000000000000000e+03 7.449474704098984408e-06 -9.740299019802704414e-07 8.423504606079259296e-06
1.962000000000000000e+03 -2.691195914002478547e-05 -1.044601768750814006e-06 -2.586735737127397654e-05
1.964000000000000000e+03 -5.411854106185803599e-05 -1.088418965042594857e-06 -5.303012209681545172e-05
1.966000000000000000e+03 -4.003600996870781948e-05 -9.665606373858843105e-07 -3.906944933132194131e-05
1.968000000000000000e+03 -1.025531725786318005e-05 -7.956127924211478306e-07 -9.459704465442022271e-06
1.970000000000000000e+03 -1.199319437674717595e-05 -7.683307157934340240e-07 -1.122486366095374447e-05
1.972000000000000000e+03 -4.184011213320181844e-05 -8.521200346323993518e-07 -4.098799209856943349e-05
1.974000000000000000e+03 -4.820454002063430377e-05 -8.230682338548737925e-07 -4.738147178677942892e-05
1.976000000000000000e+03 -7.733587270956499823e-06 -5.967831196282231736e-07 -7.136804151328275591e-06
1.978000000000000000e+03 3.724424421666099765e-05 -3.631314784353105714e-07 3.760737569509630399e-05
1.980000000000000000e+03 3.736616605739854574e-05 -3.182429732656628388e-07 3.768440903066421139e-05
1.982000000000000000e+03 6.297613436887110833e-06 -3.856907176582326533e-07 6.683304154545338934e-06
1.984000000000000000e+03 -1.832406951829071123e-06 -3.408946882826746833e-07 -1.491512263546387864e-06
1.986000000000000000e+03 2.632403972963741039e-05 -1.488964698564324910e-07 2.647293619949384389e-05
1.988000000000000000e+03 4.495277530463775685e-05 -6.277432109322865809e-09 4.495905273674707887e-05
1.990000000000000000e+03 2.012840272088126152e-05 -3.222281892546635684e-08 2.016062553980671771e-05
1.992000000000000000e+03 -1.704656455508409072e-05 -7.863711856849623022e-08 -1.696792743651559128e-05
1.994000000000000000e+03 -1.538510683623919205e-05 5.520947556004717077e-08 -1.544031631179924397e-05
1.996000000000000000e+03 2.088845569426874449e-05 3.290511175785064304e-07 2.055940457669023838e-05
1.998000000000000000e+03 3.898122225762209504e-05 5.263527909981516794e-07 3.845486946662394400e-05
